	sgRNA	gene	d0_rep1	d0_rep2	d0_rep3	d5_rep1	d5_rep2	d5_rep3	d15_rep1	d15_rep2	d15_rep3
0	gRNA_1	ABL1	208.61604675651776	242.60447264951236	272.98497917955433	396.72610292491925	235.59652287688633	225.75016453175732	213.08432618864904	253.44252594037957	224.48498280305455
1	gRNA_2	ABL1	61.462673922152554	75.2722345817373	69.63095121101675	242.0913620640692	148.88761699236457	135.26352833514383	75.628485533168	97.6328035479567	75.33007194945537
2	gRNA_3	ABL1	122.09649435780304	127.45371121207206	144.7216020056246	303.99885797196583	183.06991014856285	180.0404204736742	166.63903592053967	152.37877589646718	156.81791544791253
3	gRNA_67	AGO2	136.9520991543399	117.51438233010353	173.28611721832578	218.32888888730076	124.99734034029458	145.33832906631318	58.024566866690485	67.87307198521053	57.60937382510574
4	gRNA_84	AKT1	1827.558179776536	1678.6556791022215	580.5480557218522	1184.8183524190956	1172.8632693875595	1076.1379743960133	938.5195958960651	963.4246932230378	894.7926257538395
5	gRNA_85	AKT1	310.18247783326984	330.1796570058814	198.44821095139775	242.18069466999685	249.56806859751654	246.83261791364868	253.16315072543526	246.8789761220295	326.6355708326066
6	gRNA_95	AKT1	561.5163581248936	482.54229608678924	177.55892558809273	299.8002254933639	326.1449375090622	315.5838043846839	171.46729516644248	338.61950199214925	302.4150027398662
7	gRNA_120	AKT3	1171.4250082694075	974.9633153916326	467.0812556802635	1058.5913802432544	806.1368574762088	883.1309122405564	695.7820669051456	579.1586856759998	667.2971768601619
8	gRNA_121	AKT3	664.2941904511488	559.1478552746443	379.3304319381981	587.7192143983436	465.2204765907551	508.77743692405136	445.56714527676604	448.4097898627316	583.6199034776151
9	gRNA_122	AKT3	476.27196493618214	486.23924158557026	305.4266723574144	439.9630841939264	459.3012339381217	462.0415557544603	291.40467307130274	505.02040704600057	446.3700176187528
10	gRNA_196	ALK	389.81617049796756	354.8461622190594	537.8990981051045	632.7428477859048	613.094889885822	566.0545447845882	482.6122848006399	576.1006681469958	531.6209437304889
11	gRNA_197	ALK	763.5653349498951	818.7219138202004	816.6602811919363	762.4537915929263	806.2435104969769	751.5055063916682	771.4105524383136	956.1152854707843	824.6624497790967
12	gRNA_198	ALK	520.1374417602909	563.1478290929974	547.1568495729327	962.8268266887592	792.6985768594194	737.2328720225116	725.2643578757027	875.7118001959965	736.4694772606155
13	gRNA_235	AMER1	1530.9561475297999	1608.0500806418963	2042.4024007485962	1637.1986688369727	1545.0289853580866	1709.8242833481734	1892.7203523518322	1805.572886393381	1786.4379460493003
14	gRNA_283	ANKRD11	1158.2908684063748	992.841986246393	1464.3072535353137	1200.9875540920095	1428.2439276169412	1466.9096434966461	1171.258782731752	1288.917095578487	1498.7331753431606
15	gRNA_284	ANKRD11	1097.2745002077233	1142.2955534594075	1384.4690378854093	1079.4952100303365	1154.2523172635138	1308.6046727485502	1257.7828975366476	1040.9193325556023	1313.0421532988173
16	gRNA_285	ANKRD11	1221.0924594990308	1236.355543854622	1799.7227105620182	1211.618134197406	1492.6090256505313	1486.6861041911638	1140.3664691495599	1455.2434148389482	1477.3862339732877
17	gRNA_292	APC	931.1850131048112	894.6002050410822	1235.4746275100179	1317.298607009876	1104.8186421374674	1083.6940749443904	1149.3820682724402	1271.6877773053184	1365.314791781455
18	gRNA_293	APC	473.3390987531748	384.17930355364945	604.9188886457081	612.1070158166059	555.768891222931	720.4415374705627	561.1462714729353	604.5178554287157	711.9752304323638
19	gRNA_299	APC	1338.9809284638234	1286.5370335757802	1783.7392422158532	1598.6963156821337	1524.9782174536708	1439.2972266778859	1448.3495898970598	1576.3707433048621	1569.5475481566814
20	gRNA_300	APC	281.4913956081987	230.66515685836723	347.917377812319	476.85745044206686	348.64872489114595	436.38812796676063	374.46782328400246	487.26898821909936	478.45884935744
21	gRNA_497	ARAF	159.96872289489704	183.08971068553006	120.82552556729838	151.06143662374205	176.56407588170453	160.17067458720138	82.8922383809864	116.20466610215165	126.57641517392591
22	gRNA_498	ARAF	987.7383240684514	1119.0835841801763	1142.4223563462044	1152.1226186495571	1129.9887550387552	1057.3876508130038	1012.3107792383142	968.9440419339231	996.1905972607358
23	gRNA_528	ARID1A	1266.1693375726427	1521.2021642525006	1236.8988969666068	1265.2176977540264	1373.0509893694134	1397.3188902980135	1283.2060325040122	1286.1574212230446	1448.513127376857
24	gRNA_594	ARID1A	861.4338043176381	880.7215080046749	999.2041498780904	1117.81889797332	977.9015474233456	949.2701133368439	809.6093468262527	1067.3972892091736	1014.9375906432524
25	gRNA_671	ARID1A	250.31375292362128	216.1197975189011	322.12227543187413	212.1649390782894	299.42835580663575	416.8915228481088	231.41462013990844	244.34305914675792	233.92689917819064
26	gRNA_736	ARID1B	211.4851549790249	230.7863681861961	210.47537525148246	369.03299508733204	468.0467816411116	496.277221202045	352.5056529088339	305.4288239334474	349.21406651227994
27	gRNA_740	ARID1B	637.3245731595819	564.9659990104308	792.7642047536101	738.7806510220856	701.8835296753232	770.7222559344541	882.2468753044367	734.7446506882516	724.085514478734
28	gRNA_741	ARID1B	1184.0490844484389	1183.143770937742	1493.7421556381528	1204.5608583291175	1601.821718917137	1234.722800719975	1276.3695592354773	1297.1215328514245	1398.08782035892
29	gRNA_767	ARID1B	1126.2843722352955	1160.3560413059113	1340.6331890548374	1208.6701582017918	963.5033896196428	1078.5633893868505	1154.2530554762714	1113.4913095244044	1293.1320252903784
30	gRNA_768	ARID1B	571.9726636469196	549.511554712248	636.7275731761952	397.79809419605164	529.4789216035772	539.6548354612463	461.97468112125	465.0424217887777	355.5770971129151
31	gRNA_769	ARID1B	1110.2811241497557	1140.3561722141453	1143.530121479107	964.970809231024	1196.2202809357884	1146.0085831705119	961.5499652194422	1167.4914239390116	1031.974091928824
32	gRNA_806	ARID1B	132.6803158008293	129.27188112950532	56.4960217780295	60.92483724269194	78.81658234767723	71.73631261360387	45.41981927782914	22.82325277744442	24.8363452476406
33	gRNA_807	ARID1B	246.23324345161114	208.90772351308246	158.88517049059277	103.62582287613293	156.72661401882502	115.86020840844735	36.575131986662036	152.8262906568092	153.67060998953383
34	gRNA_828	ARID2	476.14444901518175	493.8149495748755	735.0021656808349	571.1033496957912	633.5722698733107	709.7137403957065	542.2605140686074	502.2607326905579	446.3700176187528
35	gRNA_829	ARID2	460.523748692643	487.26953787211573	656.9838498921275	716.0901691164496	608.028871399334	545.065376594652	492.567898997944	491.2220352687874	412.3654347314873
36	gRNA_830	ARID2	845.5580721530987	868.9640092052731	1169.6417281832382	1368.2181923886653	868.8488336878925	909.437336371943	1086.3583303281337	1088.281311358469	833.2833299476994
37	gRNA_831	ARID2	456.6982710626335	444.23951649286175	680.3260437640024	652.5746863018544	605.7891579632025	549.8229213843708	444.4134904127008	517.1033055752359	505.6214638569257
38	gRNA_871	ARID2	1069.1572396271538	1022.9630012118708	1011.8643228255481	1234.3979487089696	1451.2809801028657	1328.3811334430677	1077.086363457683	1076.6459275895759	1221.838714689713
39	gRNA_895	ARID5B	235.58566404808474	181.75638607941232	91.07411914077305	267.5511547534639	217.62548887744978	252.3364442390097	290.9773934920193	318.8542667437088	304.0570751529334
40	gRNA_896	ARID5B	809.4073085495089	805.5704847507665	306.930067894925	701.2609565324514	614.4280526454243	590.2154095010035	789.612662515788	598.8493351310499	636.5083191151529
41	gRNA_901	ARID5B	1311.3099736067547	1133.8713661753002	406.94543417983994	494.723971627607	482.97820454865536	386.8536910385114	458.9409961083376	600.415636792247	591.9671049107066
42	gRNA_974	ASXL2	1183.8578105669385	1302.6581401770218	1416.356848496818	961.2188397820606	1137.7744255548316	1133.5083674485054	1226.2496645855304	1220.969437799886	1035.6003351743473
43	gRNA_978	ASXL2	928.9534844873057	943.2665531643793	1204.8528341933547	999.8105255428275	1113.8841489027618	1032.667074944857	817.471291085068	774.4242927719132	913.5396191363561
44	gRNA_979	ASXL2	600.34495606949	528.0571496865354	685.3901129429854	530.4570139986873	497.05640329005377	600.4767806160834	424.9722695553045	565.8078286591287	658.3341982721704
45	gRNA_992	ATM	576.3082049609304	508.4209145782561	711.6599718089599	762.8111220166371	730.1999066892721	746.8412467939046	626.178223439874	687.9047724391172	635.2083451214747
46	gRNA_993	ATM	556.4794792453812	463.2090892980822	615.1261530845958	584.6819057968017	635.0120856536809	548.0505027372208	635.3647343944679	738.6231119445494	713.3436241099197
47	gRNA_999	ATM	1850.3197716750926	1890.7755028027696	2374.494562376593	1810.4145917307844	2271.97597491393	2175.8771023567106	2003.770315007597	1764.6252858220837	1749.7649954908006
48	gRNA_1000	ATM	1582.4088216534276	1502.9598594142537	655.4804543546168	1043.6728350533283	943.7192542671473	1088.5449049260644	987.3149238502333	1061.2812541511655	1218.8282485990899
49	gRNA_1008	ATM	1709.3509210092425	2066.22889983508	1917.620571135217	1999.263720661944	2063.149360249854	1927.085495412001	2526.0341447657397	2037.5347038373422	2198.392862677521
50	gRNA_1009	ATM	2314.605240037245	2049.8047649142663	1349.8909405226657	1271.1136497452546	1493.9421884101334	1355.0606983422754	1281.2405464393084	1321.4365014966759	1133.7825815389872
51	gRNA_1010	ATM	782.5014492184422	812.2977134452696	390.09157894353706	889.6634224339723	709.5625471706313	746.0949652582624	525.0838749814134	722.9600953325777	808.3785650161809
52	gRNA_1011	ATM	1238.5621406760743	1196.052777351518	1096.7666076544356	1395.821967620325	1168.7038015776009	1124.5529890207993	1006.3715930862746	1033.83368218352	747.416626681063
53	gRNA_1014	ATM	1804.8603458384798	1762.1702839763232	2207.775909874761	1586.1897508522554	2042.0320621377564	2150.1303893770555	2150.3272107018156	1895.225010048571	2096.7212124351136
54	gRNA_1017	ATM	634.0091592135735	701.0257144983536	778.1258797831122	566.9047172171893	624.400110087248	762.6064442343454	678.7336116917365	739.1452124982817	727.5749183565017
55	gRNA_1018	ATM	321.6589107232984	280.78604091561095	386.2144009783782	671.4238661525992	412.6405373520476	414.65267824118234	468.7684264318566	372.55603798475454	357.4244285776157
56	gRNA_1035	ATM	357.9371902478884	335.5735610942668	397.1338001455604	473.820141840525	460.4210906561875	502.1541882952271	312.8113799934028	483.83804172314365	547.9732481772826
57	gRNA_1036	ATM	513.4428559077744	494.845245861421	131.58667257263733	206.17965448113344	207.3867988837055	190.0219360128883	142.45501173309725	171.09981003744284	178.985893024319
58	gRNA_1045	ATM	854.8029764256216	958.4179691429898	1079.3588698516812	873.4048881551307	943.8259072879155	964.6621700094638	1063.028865299258	1153.7676379551888	1067.8944259646678
59	gRNA_1046	ATM	800.0986463164859	971.0845529011083	1055.1462890896687	994.4505691871653	1210.5651122291074	1099.5525575767865	878.6149988805275	929.1898140568712	1130.9089548161198
60	gRNA_1047	ATM	267.59216021916416	285.1496487174508	291.0257256296814	386.4528532432337	312.01341225727975	313.8113857375337	377.3305964652015	239.86791154333744	211.0063050791284
61	gRNA_1048	ATM	604.6167394230007	683.692494618823	673.916831209352	1019.8210292706324	950.0117824924694	919.7919926789782	874.9403944986899	782.927073218412	646.0870748580445
62	gRNA_1049	ATM	2301.9811638582137	2097.319605423189	1377.5059427643075	1397.2512893151682	1239.308101326129	1319.9854661670934	768.718691088828	962.8280068759151	1027.1847140573784
63	gRNA_1056	ATM	365.65190346840757	396.60346465611013	414.14590754370647	489.27468266601727	652.6098340804289	603.088765990831	533.2449149457269	440.0561810030133	527.9262808010877
64	gRNA_1065	ATM	866.5981991181509	786.7827289372894	1044.6225203270947	878.407514087082	853.3841456765078	985.8379085833104	743.210100205607	935.0075059413178	857.6407374081953
65	gRNA_1066	ATM	1573.4827071834054	1515.626443172372	2158.242983217833	1593.6043571442544	1553.6145535299245	1718.0333802402374	1502.6995523819128	1419.6659913917551	1657.1247435202627
66	gRNA_1069	ATP6V1B2	458.8022837591388	525.0268664908133	565.6723525085895	754.5925222712887	705.7230384229773	676.0377860998534	807.3447650560505	677.1644181909082	651.013292097246
67	gRNA_1082	ATR	809.2160346680084	868.0549242465564	1157.2189334785455	978.9066957557454	1095.9664414137092	1178.751685546812	782.8189172051814	866.6123334023749	810.9785130035372
68	gRNA_1083	ATR	995.0067315654695	1051.629480243402	1434.0019645423372	1093.6097617669132	1387.8224327458051	1164.8521919454768	764.744991001492	837.8222171537033	768.8319877348138
69	gRNA_1095	ATR	705.7368647762517	662.4199065848538	992.2410547569887	719.9314711713407	761.2359357328095	908.5977696443456	484.0223074122752	588.1835666762311	759.1848123080442
70	gRNA_1109	ATR	378.65852741043983	363.149138175338	439.30800127677844	547.5195417308781	527.1858816570616	536.2965685508565	443.5589312541339	473.2468590617152	476.9536163121284
71	gRNA_1121	ATRX	1480.268568932174	1400.536287398846	1785.5591420770502	1807.1092853114594	1675.0390176744852	1848.4460785937072	2246.42238808266	2135.0929215919086	2008.0493021294872
72	gRNA_1122	ATRX	840.7762251155867	852.6004799483737	961.4610092784825	1181.6023786056985	1153.7723786700572	1226.420418635956	998.0396412902475	1139.1488224506818	1038.2687028455814
73	gRNA_1127	ATRX	620.4287136270399	683.9955229383953	885.0252151082072	806.1374358915721	875.0880354028303	835.0890383835915	730.2635289533189	634.5759301650234	801.8102753639124
74	gRNA_1145	ATRX	763.9478827128961	745.8739057950409	845.541300728324	657.3986470219502	794.5650047228625	824.7343820765564	893.2706884499494	874.8913564687028	945.2179327717765
75	gRNA_1146	ATRX	1110.791187833757	1072.7808569495423	1815.0731702608107	1222.3380469087301	1215.471151184443	1496.014623386691	1258.6374566952145	1536.6911012212006	1551.6215909806983
76	gRNA_1148	ATRX	453.00030935362435	569.1477898205272	395.31390028436334	543.4995744641317	537.8511837338784	546.1847988981153	623.315450258675	559.6917936011207	563.0939983142758
77	gRNA_1149	ATRX	637.9621527645834	585.8143473969989	254.78598056758403	622.7375959220022	653.7830173088787	741.7105612363646	536.8767913696361	564.0177696177605	651.4922298843906
78	gRNA_1150	ATRX	1139.737301900829	1156.2954618236438	1639.2550184529932	1625.0494344308054	1451.2276535924816	1502.171446055739	1745.778905036259	1361.936587307631	1489.2912589680245
79	gRNA_1151	ATRX	482.07393934169653	397.1489156313401	612.5941184951042	668.9225531866235	508.89488859532054	622.7719414933932	564.0090446541343	541.6420316006581	602.2300574923761
80	gRNA_1281	B2M	1252.142586262608	1109.9927345930098	831.3777322433557	900.0260047215857	1017.3098385971842	1062.3317659866332	800.1664681240889	620.1808720406874	730.8590631826361
81	gRNA_1282	B2M	1230.2098478505534	1309.264157543696	1462.1708493504302	1607.8975740926867	1357.7462808891812	1586.0348336235281	1367.764661244204	1311.889519942712	1314.4789666602512
82	gRNA_1283	B2M	400.91005562499504	414.96698082218614	578.2533993751256	510.1785124530993	434.1844475472178	443.19794697949544	420.058554393545	243.14968645251247	342.7141965438891
83	gRNA_1284	B2M	710.0086481297623	708.7832394794021	578.1742732942039	836.9571849366288	954.2245768128121	1036.0253418552466	724.067975053709	859.8250262038539	1004.606218377705
84	gRNA_1285	B2M	552.2076958918706	564.178125379543	236.74523411745696	342.59054373273256	409.76090579130704	427.43274953905456	204.5814625609087	395.00636179524724	506.44250006345925
85	gRNA_1313	BAP1	1021.8488329360363	1281.3855521430526	1258.500317058206	934.6870558215335	1144.386912842458	1110.1870694596876	1192.622761695924	838.7172466743873	933.3813274609175
86	gRNA_1314	BAP1	846.9607472841021	810.9037831752374	473.56959431583556	449.1643426044796	441.75681202175787	419.5035082228565	329.5180115433851	361.29358318281294	445.4121420444636
87	gRNA_1317	BAP1	1143.1802317678373	1055.3870314060973	514.0821477476999	723.2367775906657	768.9149532281176	740.2179981650803	706.6776961768733	757.4933176723057	766.6425578507243
88	gRNA_1318	BAP1	603.0865483709969	639.1473316417081	625.8081740090131	558.0607892303468	712.4955052417561	631.6340347291441	862.4211028256852	861.9134284187834	809.4048602743478
89	gRNA_1321	BAP1	813.87036578452	898.3577562037775	967.0789610239168	1303.005390061444	1250.9332805898594	1302.0747093116813	1345.6315790373221	1100.3642098877044	1178.6658941628225
90	gRNA_1322	BAP1	1125.0092130252922	1147.386429228221	575.8796169474772	1043.8515002651839	993.8461740281871	978.6549488027545	1058.670613590567	969.2423851074844	1020.2743259857207
91	gRNA_1337	BAP1	1096.2543728397209	984.9632499375155	739.1958479696801	673.299850877081	662.5285650118685	721.4676745820707	797.1327831111764	744.7391470025573	627.2716617916501
92	gRNA_1338	BAP1	1001.7650753784864	1162.234816887259	780.7370404535254	832.3118894283883	943.5592747359951	1043.7680127875342	990.9040723162142	1116.4747412600182	998.6537058803366
93	gRNA_1339	BAP1	909.6348224557577	934.2363092411274	802.3384605451249	664.2772576783832	650.79673272737	847.5892541055979	569.691863058604	785.6867475738546	714.1646603164533
94	gRNA_1340	BAP1	2001.9999597049691	1939.5630622538954	1179.611614379361	1179.8157264871443	1132.5484275371914	1135.4673564795662	1466.5516999745341	1357.4614397042108	1595.752287081878
95	gRNA_1341	BAP1	581.9189054849444	607.8142033979415	683.2537087581019	774.9603564228045	752.4903880298195	848.7086764090611	992.7841024650614	940.8997836191548	782.4475048264956
96	gRNA_1342	BAP1	1375.5779977909142	1278.3552689473304	1118.2097755841917	850.7144062494947	920.6822017812227	871.3769780541923	680.1009063454436	906.5157328662075	875.2245961647894
97	gRNA_1343	BAP1	732.5789661468183	788.9039271742948	360.57755075977656	683.126437529128	690.1516973908246	565.0284076730802	732.6562945973061	743.3966027215312	823.6361545209298
98	gRNA_1361	BAP1	1467.5807347926425	1796.1094557684107	1428.2257606350597	1665.695770127909	2160.043629617736	1645.2709305151257	2040.9436384052556	2013.9655931259945	1740.8020169028093
99	gRNA_1362	BAP1	1072.4088956126616	1232.113147380611	1279.9434849879626	1431.7336752032606	1301.7001184755081	1209.1626581242306	1435.1466508972017	1174.8754174846554	1288.4794867866879
100	gRNA_1373	BCL2	3112.854905499226	3335.735741850902	2720.196409923107	2409.6577122938015	2443.580685329914	2168.507572192244	2784.196466568791	2485.571564733122	2249.5023665342355
101	gRNA_1374	BCL2	1271.3974903336557	1182.5377142985972	862.3951559646268	729.3113947937493	619.33409160076	574.3569268686073	673.8198965299771	475.0369181030834	617.4192273132472
102	gRNA_1375	BCL2	2232.740018755042	1859.9878255342328	1354.717631458884	1366.4315402701113	1262.611786363974	1094.1420164433807	1253.08282216453	1021.3778546873331	992.5643540152125
103	gRNA_1376	BCL2	223.4078935925545	190.9078413304931	210.7127534942473	265.0498417874883	306.41412866695083	328.36387568255606	269.4425026961341	255.82927132887045	298.1729823394428
104	gRNA_1377	BCL2	318.15222289578963	341.8765501413688	285.72427820793354	425.5805346395666	414.7202712570269	430.32459048966797	391.98628603462333	415.44286918420073	397.3131042783718
105	gRNA_1378	BCL2	176.3545187434377	159.99895273412756	143.69296295364367	281.3083760663298	318.51924652413805	329.1101572181983	183.13202768088027	191.5363174263963	249.04764931518395
106	gRNA_1379	BCL2	1213.6965360810125	1213.3253915671341	250.11754179320903	300.068223311147	424.5323491676985	376.12589396365513	274.86895335303376	368.5284051416761	411.7496575765871
107	gRNA_1380	BCL2	176.3545187434377	169.51404196869498	162.44584413206525	147.84546281034483	155.55343079037513	156.34598171703522	58.96458194111404	90.32339579570323	108.78729736569848
108	gRNA_1381	BCL2	1255.0754524456152	951.0846838093423	280.1854525434208	465.4228768833212	477.11228840640604	524.1694935966713	374.63873511571586	571.4017631634042	603.7352905376878
109	gRNA_1382	BCL2	1161.6062823523832	1098.4776584492658	337.3144829688232	741.6392944117721	611.2817885327631	514.4678336333229	549.3960830426407	570.879662609672	600.3827260276756
110	gRNA_1383	BCL2	371.19884603192133	333.39175719334685	292.4499950862704	344.9131914868528	389.28352580381846	402.99202924677337	313.06774774097283	390.00911363809433	407.9865749633082
111	gRNA_1384	BCL2	343.2091013723518	333.08872887377464	295.61503832313474	369.1223276932597	412.74719037281574	406.81672211693956	243.16480857020287	473.7689596154476	511.2318779349051
112	gRNA_1385	BCL2	560.3049568753906	512.6633110522671	326.7907142062491	514.0198145079903	449.64913555860244	506.25873674125904	517.3501145963832	543.2829190552457	685.0178749845115
113	gRNA_1406	BCL2	227.29712918306416	196.1805340910496	246.63599423265822	187.06247681260547	261.29990088201515	191.79435466003844	135.27671480113554	173.33738383915306	178.64379460493004
114	gRNA_1407	BCL2	590.4624721919656	553.2691058749434	421.02987658388656	843.1211347456401	623.1736003484141	624.8242157164093	812.25848021781	743.3966027215312	720.4592712332108
115	gRNA_1459	BCOR	1708.33079364124	1655.9285551343057	1915.642419112177	1406.89921075536	1690.0237670924132	1779.6948921226717	1450.9132673727604	1413.1024415734053	1603.894229463336
116	gRNA_1460	BCOR	1560.7311150833737	1408.4756293716382	1898.0764291475796	1614.0615239016981	1714.8205944210126	1930.816903090212	1448.6914135604866	1266.0938428010425	949.8704712754668
117	gRNA_1461	BCOR	681.9551455096927	622.6019853930653	812.6248510649342	830.6145699157621	887.7264183638584	977.2556709234256	693.2611173873734	737.877254010646	828.7676308117647
118	gRNA_1463	BCOR	574.0129183829247	685.6924815279997	739.6706044552099	657.2199818100949	556.8887479409967	620.9995228462432	575.7165051265004	580.2774725768548	422.4231282615236
119	gRNA_1491	BCOR	1156.5056455123704	1134.1743944948726	1497.698459684233	1362.5902382152203	1224.7499639912737	1414.669936001694	1609.6903590344848	1184.869913798961	1421.4189325612492
120	gRNA_1492	BCOR	890.3161604242098	882.660889249937	1153.5791337561514	807.4774249804875	965.7964295661585	916.7135813444542	1007.3116081606981	906.4411470728171	722.9907995366893
121	gRNA_1545	BRAF	678.0021519586827	636.8443164129592	891.0387972582497	994.8078996108761	831.3602968878808	953.3746617828759	1035.6829722251182	1022.7949847617494	810.0890571131258
122	gRNA_1548	BRAF	665.8243815031526	691.8136535833584	886.2912324029531	858.7543407829877	795.3649023786237	894.8848464269206	816.4458200947877	687.9793582325076	760.3479469339669
123	gRNA_1549	BRAF	383.7591642504525	483.4513810455059	543.4379237696171	547.5195417308781	428.3185314049685	411.9474076744795	487.6114558782561	462.058990053164	442.2648365860849
124	gRNA_1550	BRAF	491.19132769321914	506.7845616525662	451.41429165778476	897.9713547852484	814.2958135649737	895.5378427706075	585.7575752396612	586.1697502546918	774.6476608644266
125	gRNA_1551	BRAF	952.9264776353651	952.8422480628611	1310.1696479000177	1422.085753763069	1534.4703363020378	1441.442786092857	1275.0877204976268	1510.735245121362	1465.139110559162
126	gRNA_1552	BRAF	648.67349012861	664.6017104857738	922.6892296268936	1082.4431860259506	1060.504312008293	1018.7675813435213	846.1844788129148	914.4218269655837	903.2766665546865
127	gRNA_1558	BRAF	1430.1548119790496	1651.3225246768084	1826.4673259135225	1098.7910529107198	1399.5542650303037	1413.5505136982308	1448.135950107418	1342.1713520591907	1594.999670559222
128	gRNA_1559	BRAF	901.7288353537381	888.9638782970391	1185.704322610325	1204.4715257231899	1114.8973526000593	1056.2682285095404	1175.4888505666584	931.8749026189234	1117.8407951954605
129	gRNA_1569	BRAF	915.1817650192716	858.1155953645879	1173.3606539865539	1216.5314275234296	1073.4626540316256	1075.4849780523264	956.678978015611	990.350164636951	879.740295300724
130	gRNA_1570	BRAF	1064.6941823921425	1098.2352357936081	1347.2797798522527	1143.814686298281	1415.1256060624562	1211.5880731150678	1117.9342912371794	1416.9063170363127	1301.616066091225
131	gRNA_1573	BRAF	130.83133494632472	138.8475760279872	129.8458987923619	221.72352791255338	184.93633801200582	207.46626690852406	179.58560717282776	170.57770948371044	152.3022163119779
132	gRNA_1583	BRCA1	1108.1133534927503	1165.083283091238	1398.3161020466912	927.6297799532451	911.2967359536239	1173.9941407570932	1181.428036718698	1372.826113142621	1149.7243678825141
133	gRNA_1588	BRCA2	701.8476291857419	627.8746781536217	982.9833032891605	1093.6097617669132	927.82795417269	982.0132157131443	965.6518491805632	919.1207319491751	824.594030095219
134	gRNA_1590	BRCA2	2229.0420570460324	2276.8335819377667	2778.4332054814117	1974.16125839626	2166.0695252911373	2288.1924734708577	2116.2303002749973	2373.4691172674393	2438.545953088591
135	gRNA_1591	BRCA2	1339.0446864243236	1361.2638171822875	1322.6715686856319	1434.1456555633088	1547.8552904084434	1398.5315977934322	1542.4792812132005	1399.9007561433148	1251.6012771765552
136	gRNA_1592	BRCA2	522.177696496296	634.4200898563815	645.3523159966508	766.8310892833837	857.1170014033938	854.3057879263774	614.3425790937229	681.3412226207672	712.7278469550196
137	gRNA_1696	BTK	1166.9619510343964	1081.508072553222	1794.1047588165839	1172.0437897714344	1046.1594807149743	1177.1658372835725	1469.2862892819483	1188.6737892618685	1286.153217534843
138	gRNA_1725	CARD11	335.4943881518327	352.5431469903106	336.0484656740775	668.5652227629128	585.3651044860981	562.6029926822431	538.7568215184833	570.7304910228912	579.4463027610695
139	gRNA_1726	CARD11	246.16948549111098	297.57380981991145	223.76855684631292	522.506412071122	518.5469869748399	443.94422851513764	393.9090441413988	447.2910029618765	485.43765711297533
140	gRNA_1733	CARD11	881.0074981911868	816.5401099192806	1065.9074360950076	1064.9339952641212	998.4322539212183	1039.7567495334574	1136.8627765994356	864.673102774226	1294.63725833569
141	gRNA_1738	CARD11	329.05483414131675	288.24053757708737	359.469785626874	423.7938825210126	342.56950270736024	405.604014621521	403.99284221248786	343.0200638021794	350.6508798737137
142	gRNA_1817	CARD11	984.5504260434436	982.9026573644245	1348.2292928233119	937.5456992112199	1094.7399316748752	1069.514725767189	875.5813138676151	682.0124947612803	1011.1060883460957
143	gRNA_1848	CARM1	1148.2171106473497	960.4785617160809	315.4756846344589	480.4307546791749	464.1006198726894	323.7929012767478	527.9039202046839	443.8600564659207	472.43791717619376
144	gRNA_1855	CASP8	920.2824018592842	1045.9931534993589	957.1882009087155	848.3917584953745	972.7822024264735	824.5478116926458	1014.9599126298716	1163.240033715762	987.9118155115224
145	gRNA_1857	CASP8	708.0959093147575	769.0858750742723	1010.7565576926455	987.7506237425877	880.9539515450797	782.1963345449525	651.04589495417	716.3219597208373	624.9453925398051
146	gRNA_1858	CASP8	336.8970632828362	349.3916524667596	402.276995405465	360.0997344945619	315.9062475153179	308.96055575585956	287.51642889982344	379.64168835683694	418.5232062804891
147	gRNA_1871	CBFB	1393.238952849458	1310.5974821498137	2207.696783793839	1817.2038697812895	1736.6844636784872	1974.1945173494132	1865.6735549831908	1373.944900043476	1411.8401768183573
148	gRNA_1875	CBFB	783.9041243494456	899.5698694820665	1070.9715052739907	1013.2104164319825	1238.2415711184472	999.2709762248696	918.5229115856004	1065.2343012008537	973.6121015810626
149	gRNA_1876	CBFB	374.0679542544284	305.0283064813879	453.4715697617466	604.0670812831129	395.09611543568377	453.08617732675424	406.8128874357585	317.21337928912135	409.1497095892308
150	gRNA_1882	CBL	565.8518994389044	515.5117772562459	853.21653057772	618.8069612611835	513.9075805714244	633.8728793360706	440.6534301150066	497.2634845334051	345.7930823183901
151	gRNA_1898	CBL	694.7067376097243	629.7534537349694	881.3854153858133	838.2078414196166	784.1663351979659	763.2594405780324	717.103317911389	858.7808250963891	866.3984569445535
152	gRNA_1901	CBL	1338.5983807008222	1271.2644062693407	2120.2624643754602	1917.5243862380976	1781.9586709945752	1849.5655008971703	1878.6628541934074	1776.2606695909767	1669.0297685149992
153	gRNA_1904	CBL	370.05120274291846	365.93699871540235	305.34754627649284	304.26685578974894	240.60921485299028	263.437382081687	292.43014406158295	267.091726130812	433.3018579980934
154	gRNA_1905	CBL	584.9792875889519	666.3592747392926	418.4187159134734	615.2336570240755	684.2324547381911	669.9742486227608	564.5645081072028	455.42085444142367	583.8935822131264
155	gRNA_1906	CBL	728.1159089118071	638.2988523469058	943.9741453948068	997.219879970924	821.6548719979775	749.6398025525626	811.7884726805983	785.761333367245	784.7737740783407
156	gRNA_1925	CCND1	2226.6192545470267	2111.5619364430827	2587.1854678938803	2138.5332533032292	2539.2484449589624	2554.0552705433815	1932.6709930148334	1885.1559279408748	2203.455919284478
157	gRNA_1928	CCND1	135.80445586533708	98.90844350836977	142.18956741613306	133.0162502263465	124.30409570530148	111.1026636187285	106.2644313677903	144.17433862352962	150.11278642788835
158	gRNA_1929	CCND1	201.47515518050008	191.69571496138087	189.66521596909905	158.0293798861027	147.927739805451	144.03233637893936	277.30444695494936	222.56400747677827	355.9191955323041
159	gRNA_1930	CCND1	997.3020181434753	867.2670506156687	226.6962218404125	269.8738025075841	274.8981610299568	284.0534095038021	274.3134898999653	381.4317473982051	382.5344525607675
160	gRNA_1953	CCND3	684.4417059691988	761.3283500932237	605.8684016167674	668.1185597332743	629.1461695114316	785.9277422231634	709.1559177367171	566.4045150062514	702.1912156378388
161	gRNA_1961	CCND3	892.1013833182142	1047.7507177528778	821.0913417235464	628.7228805191583	812.7493447638353	720.534822662518	821.3595352565472	900.6234551883705	996.122177576858
162	gRNA_1962	CCND3	791.4275636884644	1005.2055416849392	706.8332808727416	1048.3181305615688	948.6252932224832	937.7960347263456	1183.17988299376	1026.3005170510955	1078.8415753851154
163	gRNA_1963	CCND3	1512.4025810242538	1693.5646724251744	1347.7545363377822	1497.6611383779039	1732.3650163373763	1576.7063144280007	2451.858409802135	2048.3496438789416	2098.158025796547
164	gRNA_1972	CD79A	1012.6039286635132	981.4481214304778	1489.4693472683857	1123.536184752693	1073.4626540316256	1000.9501096800645	952.7907338441319	1070.604478324958	1086.9150980826957
165	gRNA_1973	CD79A	861.3062883966378	786.2372779620594	972.4595345265863	822.6639679881968	845.0118835462066	954.9605100461155	1030.4701613578604	704.5374043651634	729.6275088728356
166	gRNA_1977	CD79A	378.21222168693873	337.93718198693006	315.9504411199885	729.4900600056047	656.7693018903874	666.8958372882369	533.501282693297	694.617493844248	652.3132660909241
167	gRNA_1978	CD79A	400.3362339804936	395.93680235305123	453.78807408543304	465.60154209517657	519.8268232240579	473.42234917300345	402.0700841057124	421.70807582898937	440.55434448913996
168	gRNA_1980	CD79B	315.9844522387843	300.4222760238903	233.10543439506293	314.4507728655068	288.6564007090506	262.41124497017904	268.07520804242716	199.06948255882077	186.23837951536558
169	gRNA_1981	CD79B	2481.7786124686595	2250.3489068071553	2322.1922228874087	1890.0099436123658	2300.9322700524876	2644.9150475078163	2136.397896417175	1797.5922065006143	2024.5384459440368
170	gRNA_1983	CD79B	1314.4341136712624	1304.4157044305407	1532.6721874515847	1015.3543989742473	959.7172073823727	933.8780566642241	1099.9030929914186	1146.4582302029353	1166.9661282197192
171	gRNA_1984	CD79B	1893.9302166572006	1881.1998079042876	2473.2439113667624	1526.0689070629128	1811.0749456642855	1923.260802541835	1816.9636829448793	1564.7353595359689	1779.0486201904982
172	gRNA_1985	CD79B	2303.447596949717	2488.2261376713413	2877.340806633424	1771.2869103344515	1737.6443408654009	2018.2251279523014	2380.03271252459	2096.5320664091023	1924.3720287469407
173	gRNA_1989	CDC73	732.2601763443175	676.2986036212611	1101.118542105124	1118.2655610029585	997.632356265457	952.0686690955022	1107.8504931660905	801.7972789461684	925.7183228666041
174	gRNA_1994	CDC73	807.5583276950043	690.6015403050695	865.3228209587264	829.2745808268465	988.193563927474	1062.2384807946778	804.5247198327799	784.7171322597802	744.1324818549288
175	gRNA_1995	CDC73	734.5554629223232	705.0862939806212	907.3387699281012	705.1022585873424	745.5579416798886	771.8416782379173	505.2581025026619	640.7665510164215	827.8781749213533
176	gRNA_1996	CDC73	363.802922613903	380.96720336618404	388.9838138106345	476.41078741242836	410.400823915916	355.50986654154013	448.7290141634635	636.8880897601239	531.0051665755886
177	gRNA_2011	CDH1	930.4199175788093	903.3274206447619	398.71632176399254	544.571565735264	547.3433025822457	604.0216179103837	622.0336115208248	598.1780629905368	510.8213598316383
178	gRNA_2012	CDH1	686.2269288632032	703.0863070714447	656.9047238112058	769.9577304908531	908.3637778824992	825.5739488041537	585.7148472817328	637.2610187270757	828.0834339729867
179	gRNA_2043	CDK12	932.7789621173151	952.539219743289	1322.829820847475	1027.056970350776	1010.9106573510942	985.2781974315787	896.218917547005	976.775550239909	696.3071228243481
180	gRNA_2044	CDK12	290.03496231521984	438.5425840849042	419.2891028036111	495.7066302928117	373.6588582612817	343.5693619712654	369.0841005850312	326.16367449596225	378.90820931524416
181	gRNA_2105	CDK8	173.0391047974295	200.05929658157388	212.3744011936011	305.6961774845921	244.76868266294886	250.7505959757701	220.8608145316076	311.32110161128435	267.65780332994495
182	gRNA_2133	CHEK2	1029.4997881960553	1014.7812365834212	1296.7182141433439	1030.3622767701008	995.6059488708618	1043.394872019713	949.201585378151	1094.3227606230867	1112.0251220658474
183	gRNA_2134	CHEK2	446.815787185109	391.02774357598145	548.9767494341298	489.81067830158344	540.3575297219305	487.41512796629416	404.1210260862729	581.3216736843196	566.5834021920435
184	gRNA_2135	CHEK2	595.6906249529785	478.8453505880083	812.0709684984829	618.8962938671111	595.7104475006104	605.9806069414444	581.4847794468268	640.39362204947	675.5075389254977
185	gRNA_2154	CIC	1674.6665904971567	1671.6254220881463	1840.7100204794122	1120.5882087570787	1512.8730995964836	1544.429638011477	1098.83489404321	1390.6521177629124	1476.8388765022653
186	gRNA_2202	CIC	1398.6583794919713	1292.5975999672246	1575.9541537157054	1297.556101099854	1266.1313360493236	1377.6357147954511	1532.6518508896816	1303.6850826697746	1369.2831334463672
187	gRNA_2203	CIC	861.4975622781383	934.7817602163574	1174.15191479577	1332.7531478353683	1231.4157777892844	1210.1887952357386	1169.5923923725468	953.0572679417804	953.0177767338455
188	gRNA_2215	CREBBP	647.3983309186068	552.117598260569	479.66230254679954	487.66669575931866	473.21945314836785	553.5543290625818	388.9098730637826	581.2470878909294	594.5670528980628
189	gRNA_2234	CREBBP	2335.199061278796	2311.3788103689985	1225.3464891520518	1611.8282087535056	1599.262046418701	1615.5129542813938	1981.1672252635035	2253.684333082551	1530.069390559192
190	gRNA_2240	CREBBP	1456.1680598631142	1218.3556616720327	1134.430622173122	1054.3034151587249	1062.0507808094314	1145.1690164429144	900.6626251715528	929.3389856436519	1131.114213867753
191	gRNA_2265	CREBBP	373.876680372928	369.45212722243997	374.97849748750957	448.89634478669655	465.6470886738278	517.0798190080706	381.81703204767757	321.091840545419	415.7864189253772
192	gRNA_2268	CREBBP	290.09872027572	279.149687989921	343.4863172807088	239.23271867438274	239.0627460518518	236.19810603074774	183.81567500773374	175.27661446730193	182.1331984826977
193	gRNA_2269	CREBBP	613.8616436955236	492.9664702800733	437.4881014155814	670.887870517033	457.0081939916061	596.8386581298278	749.5765659369301	633.8300722311199	626.0401074818499
194	gRNA_2270	CREBBP	564.0666765449	613.5717414698134	661.8896669092672	860.0049972659756	693.5112675450218	651.5970658075722	621.3926921518996	630.6974689087256	651.0817117811238
195	gRNA_2281	CREBBP	1584.959140073434	1673.625408997323	2123.7440119360112	1652.2958792387542	1628.858259681868	1838.5578482464484	1612.9804117949673	1588.8265708010492	1685.9978501166931
196	gRNA_2284	CREBBP	1059.5297875916297	1236.2949381907076	1192.034409084054	1018.0343771520784	1242.8809775218626	1297.876875673694	1131.0090463632525	1451.3649535826503	1585.557754184086
197	gRNA_2285	CREBBP	1115.5730348712689	1278.5976916029883	1397.2874629947103	1173.2944462544224	1132.3351214956551	1335.7506636075343	1456.211534155875	1563.2436436681621	1397.6773022556533
198	gRNA_2292	CREBBP	1480.3323268926742	1525.8081947099984	1862.2323144900902	1715.9900272652046	1339.0286757443675	1283.137815344761	1990.2682803022406	1598.5227239417934	1619.083399284207
199	gRNA_2293	CREBBP	1867.5344210101352	1824.2910894886263	2412.158576895279	1723.315300951276	1679.6784240779007	1674.8423363649467	1993.344693273081	1457.9285034010004	1845.2104545003285
200	gRNA_2294	CREBBP	1462.54385591313	1355.8699130939021	2010.1980858135007	1463.8040807313052	1577.1848711196897	1736.13070747956	1368.8755881503407	1123.5603916321004	1204.1180165653634
201	gRNA_2297	CREBBP	2118.358237617758	2282.9547539931255	2183.800707355513	2660.2356719210024	2457.285598498624	2113.6558793225445	3022.874839556518	2756.9146810871835	2939.583298125704
202	gRNA_2298	CREBBP	821.4575630840388	739.5709167479389	894.1247144141925	856.3423604229398	764.3288733350863	781.9164789690867	804.4392639169231	1007.5794829101199	1052.4999970921635
203	gRNA_2316	CREBBP	467.98343007116154	542.117663714686	611.4863533622016	619.6109547145327	567.6607030385819	610.644866539208	563.111757537639	582.8133895521265	595.6617678401076
204	gRNA_2326	CREBBP	768.8572456714084	671.4501505081057	814.7612552498177	823.0212984119074	875.3546679547507	880.3323564818982	757.9512456908855	887.6455271384511	1019.1111913597981
205	gRNA_2384	CSF3R	305.2093569142575	301.0889383269492	290.9465995487598	725.2020949210751	551.982708985661	688.0715758620835	719.8806351767314	694.4683222574673	687.1388851847232
206	gRNA_2385	CSF3R	825.0280088720477	880.6609023407603	772.507928037678	1466.4840589091364	1288.7417764521756	1125.765696516218	975.5220074620105	1089.9221988130566	998.9958042997255
207	gRNA_2386	CSF3R	681.9551455096927	719.8740759757451	786.7506226035678	781.0349736258881	769.5015448423426	699.8255100484477	692.2783743550215	788.371836135907	720.3224318654552
208	gRNA_2387	CSF3R	953.9466050033677	1001.2661735305005	1147.6446776870307	1360.6249208848108	1404.5669570064076	1316.720484448659	1392.034141347503	1452.4837404835052	1407.871835153445
209	gRNA_2388	CSF3R	559.4123454283884	597.4506348685718	570.419917363886	1111.2082851346702	978.168179975266	943.9528573953935	754.6184649724747	1210.8257698987998	1197.9602450163613
210	gRNA_2398	CTCF	28.05350262006963	33.51493214468657	34.26159303905711	30.37308601541827	33.32906899005295	59.329382083552744	32.25960823589935	34.309464959556976	20.73116421497273
211	gRNA_2399	CTCF	1768.6458242743897	1622.0499890061326	1176.6839493852615	1247.2618439625587	1373.0509893694134	1307.8583912129081	1225.2669215531785	1001.4634478521119	1175.8606871238328
212	gRNA_2401	CTCF	132.36152599832852	119.93860888668124	148.28227564709704	118.72303327791437	178.21719770361116	152.24143327100327	125.87656405689995	210.77945212110436	200.67493281358094
213	gRNA_2415	CTCF	926.7857138303003	968.2360866971295	1460.430075570155	1522.138272402094	1349.8539573523365	1582.956422289004	1480.694654048816	1104.3172569373924	1240.2436096528406
214	gRNA_2416	CTCF	3945.3425957497925	4046.8826022229678	3286.106140674461	2709.3686051812374	2910.7209162944964	2682.882120633612	3695.5838091803585	3364.1176250779513	3026.339457282752
215	gRNA_2417	CTCF	2284.2564508391697	2264.2276038435625	1278.440089450452	1324.5345480900198	1606.7810843828568	1689.6746818858348	1642.548158681381	1688.473190770545	1687.7083422136382
216	gRNA_2440	CTCF	923.2152680422914	971.0239472371939	1233.2590972442126	708.1395671888843	905.8041053840631	780.2373455138918	503.6344401013849	914.0488979986319	736.8115756800044
217	gRNA_2441	CTCF	955.2217642133709	1090.9019504599605	833.9888929137688	1219.1220730953328	1437.576066934156	1551.332742216167	1505.562325563112	1032.1927947289325	1374.5514491049576
218	gRNA_2445	CTNNB1	1039.3185141130796	850.7823100309404	1217.2756288980474	1406.273882513866	1384.9961276954484	1449.0921718331892	1118.874306311603	1170.9223704349672	1220.6755800637904
219	gRNA_2446	CTNNB1	480.67126421069304	501.7542915476675	736.6638133801887	697.4196544775601	727.640234190836	870.5374113265948	677.3663170380296	710.4296820430004	655.4605715493028
220	gRNA_2457	CTNNB1	1108.8784490187522	1156.053039167986	1271.6352464911934	995.9692234879362	1043.0132166023132	887.1421754946331	882.5032430520067	866.836090782546	930.9866385251946
221	gRNA_2458	CTNNB1	315.0280828312819	294.05868131287383	399.6658347350519	292.5642844132201	322.73204084448076	297.11333637754007	272.2625479194048	353.1637317032658	296.94142802964245
222	gRNA_2466	CTNNB1	1358.682138258372	1373.384949965176	1556.726516051754	1349.4583451438482	1578.0380952858352	1507.1155612293683	1365.03007193679	1264.5275411398454	1438.729112582332
223	gRNA_2472	CTNNB1	265.6794214041594	253.21046383453975	351.4780514537914	290.68829968873837	348.70205140153	395.3426435064411	228.68003083249445	368.37923355489545	251.5791776186625
224	gRNA_2473	CTNNB1	386.1182087889584	364.240040125798	496.75353602586733	451.21899254081677	408.4277430317049	374.35347531650496	458.1718928656274	302.9674927515661	341.1405438146998
225	gRNA_2474	CTNNB1	91.81146312022788	87.09033904505353	104.44642681652513	269.24847426609017	216.82559122168848	226.1233052995784	215.30618000092292	174.75451391356953	162.49674920976975
226	gRNA_2494	CTNNB1	590.0799244289645	637.6927957077614	717.3570496353158	331.8706310214085	571.8734973589245	451.5936142554699	402.32645185328244	414.4732538701263	529.9104516335439
227	gRNA_2521	CUL3	438.3997363990881	377.6338918508897	562.6655614335683	463.6362247647671	408.534396052473	456.5377294290993	472.5712146874792	512.7027437652058	521.1527320971858
228	gRNA_2526	CUL3	638.599732369585	585.6325304052555	718.7813190919047	778.8016584776955	771.1546666642492	712.2324405784988	931.298571006175	951.7147236607542	725.8644262595567
229	gRNA_2527	CUL3	400.01744417799284	344.0583540422887	439.3871273577	443.71505364288987	455.08843961777904	397.76805849727816	562.0008306315021	427.2274245398746	485.16397837746416
230	gRNA_2568	DAXX	1053.536539304615	1267.9917004179608	1258.500317058206	2026.956828499531	1831.4989991413897	1735.2911407519625	1713.5192968003596	1792.072857789729	1441.055381834177
231	gRNA_2569	DAXX	946.8694713878501	1040.5992494109735	331.4591529806241	1156.4999163400146	998.6988864731387	1020.4467147987162	1300.2972156753494	1110.134948821839	1062.9682087254664
232	gRNA_2620	DICER1	2143.797663857321	2005.0777849454078	2883.5917670262315	2019.4528896016043	2097.9182450202775	2189.683310766091	2440.9200525724796	2421.80071138438	1846.5788481778848
233	gRNA_2645	DIS3	141.67018823135163	154.0595976705122	218.30885726272183	121.84967448538389	102.81351202051535	124.2558756844218	107.67445397942564	96.06650188675953	161.40203426772499
234	gRNA_2648	DIS3	690.562470177214	668.4804729762981	720.6803450340234	784.0722822274299	626.1065584195388	784.9948903036106	685.5700849602715	802.9906516404138	826.7150402954308
235	gRNA_2649	DIS3	1534.8453831203096	1647.9892131615138	1686.3350366013512	1510.6143662374207	1651.6820061262563	1727.0820438598987	1510.817864388298	1530.2767229896315	1717.6761637521136
236	gRNA_2657	DIS3	936.4769238263243	964.0542958870329	977.1279733009612	834.813202394364	1034.2676688993233	1100.1122687285183	852.8500402497364	1129.3780835165471	1146.9191608435244
237	gRNA_2658	DIS3	876.4806829956755	851.3883666700848	335.73196135039103	463.81488997662257	424.1057370846258	451.5936142554699	405.95832827719164	643.8245685454257	691.4493252690245
238	gRNA_2671	DNMT1	131.9789782353276	152.42324474482228	189.42783772633422	265.85383524083755	212.82610294288213	250.00431444012793	210.30700892330674	174.9036855003502	330.7407518652745
239	gRNA_2679	DNMT3A	847.3432950471032	992.5995635907353	601.5164671660788	866.0796144690593	884.366848209661	779.7709195541154	1185.2308249743205	980.728597289597	973.0647441100402
240	gRNA_2683	DNMT3A	829.2997922255583	892.3577954762478	736.189056894659	907.6192762254401	993.3129089243463	913.7284552018855	725.7343654129145	823.0542300624156	1271.306146133361
241	gRNA_2684	DNMT3A	472.70151914817325	532.3601518244608	457.42787380782715	561.2767630437442	534.2783075381448	523.7963528288501	602.0796551682884	520.832595244753	579.4463027610695
242	gRNA_2691	DNMT3A	2753.451282159834	2927.253567067561	1833.1139167109377	1493.0158428696634	1493.3555967959085	1191.345186460774	1800.4706911845385	1846.6696585514587	1723.286577830093
243	gRNA_2692	DNMT3A	1905.7891973102303	2159.622227927235	2299.403911581985	1873.840741939452	1991.6918363351801	1636.6886928552406	2099.694580556728	1968.0953301909344	2079.479452097908
244	gRNA_2693	DNMT3A	1427.1581878355423	1578.2926996599053	2335.5645305631606	1517.4036442879258	1828.7260206014173	1703.2010347193493	1616.9968398402316	1467.1771417814027	1733.0021729407404
245	gRNA_2694	DNMT3A	1338.2795908983214	1599.7471046856178	1930.2807440826748	1494.5344971704344	1611.26051125512	1711.5967019953234	1581.0198992645664	1786.2551659052824	1605.6731412441586
246	gRNA_2696	DNMT3A	1035.49303648307	890.1759915753279	760.7972680612796	668.9225531866235	637.0384930482761	744.4158318030675	688.2619463097571	653.6698932729507	695.349247250059
247	gRNA_2697	DNMT3A	1008.0771134680019	1055.8112710534986	1547.3105124220824	1123.8935151764038	1267.7311313608461	1417.9349177201286	1277.822309805041	1466.2075264673283	1443.3816510860222
248	gRNA_2698	DNMT3A	2495.996637660195	2534.9531045493763	2209.595809735958	2133.262629553495	2096.265123198371	2153.2088007115794	1619.1332377366487	1886.2747148417302	1994.9811425088278
249	gRNA_2702	DNMT3A	262.23649153715087	258.96800190641176	290.3135909013869	334.01461356367327	304.97431288658055	277.71001645084357	287.7727966473935	434.76058967229915	449.7225821287649
250	gRNA_2703	DNMT3A	608.0596692900092	563.5720687403985	256.0519978623298	598.34979450374	583.445350112271	560.9238592270482	562.0008306315021	489.8794909877613	481.1956367125519
251	gRNA_2723	DNMT3A	1034.4091511545673	1117.3866255905718	1023.8914871256327	1149.6213056835816	1035.974117231614	1085.7463491674064	1372.5074645742502	1577.862459172669	1424.155719916361
252	gRNA_2724	DNMT3A	600.2174401484897	748.1163153598752	542.3301586367146	843.0318021397125	767.9550760412042	696.840383905879	757.4385101957453	720.3495925639157	839.1674227611899
253	gRNA_2739	DNMT3A	1820.6085620820188	1646.1710432440805	2270.0481355600677	1606.1109219741327	2207.87750943226	2016.5459944971064	2288.338514810365	1612.7686104793488	1924.645707482452
254	gRNA_2747	DNMT3A	384.58801773695455	432.42141202954554	284.22088267042295	715.9115039045943	620.4006218084417	524.1694935966713	832.3406204441314	704.9103333321151	613.6561446999684
255	gRNA_2748	DNMT3A	206.83082386251337	251.45289958102094	195.12491555269014	204.8396653922179	272.1785090003684	223.32474954092024	185.26842557729742	184.82359602126562	276.2786834985475
256	gRNA_2775	DNMT3A	1566.0230258048869	1587.2017322553284	709.9191980286844	1823.01048916659	1617.9263250531305	1651.8941791439497	1746.7616480686108	1556.5309222630312	1644.6723610545034
257	gRNA_2776	DNMT3A	940.4936753378342	1148.113697195194	1200.342647580823	1144.5293471457026	1187.6880392743349	1105.3362394780133	1163.9950298839337	1058.8199229692843	977.1015054588304
258	gRNA_2777	DNMT3A	614.7542551425258	537.9358729045895	621.8518699629326	809.1747444931138	813.3892628884443	821.842541125943	695.5256991575756	699.6893277947912	808.7206634355699
259	gRNA_2778	DNMT3A	581.9826634454445	671.6925731637635	606.2640320213754	954.9655573671215	861.5431017652728	816.5252851844924	922.0266041357245	758.1645898128188	982.301401433543
260	gRNA_2784	DNMT3A	526.194448007806	491.9361739935278	441.2861532998187	582.1805928308262	599.4966297378804	534.5241499037064	473.5112297619027	590.9432410316737	578.3515878190248
261	gRNA_2785	DNMT3A	428.4534945610634	508.4815202421705	383.9988707125731	530.3676813927597	520.4134148382828	620.253241310601	532.2194439554468	676.1948028768337	837.0464125609782
262	gRNA_2794	DNMT3A	1334.2628393868117	1453.142003676582	1408.206862161892	1218.5860774597668	1410.592852679809	1100.2055539204734	1190.0590842202232	1325.3895485463638	1383.514427692949
263	gRNA_2802	DNMT3A	2119.7609127487613	2105.0771304042373	1990.337439502177	1519.726292042046	1582.6241751788664	1580.4377221062116	1597.4274351090503	1466.2075264673283	1649.0512208226824
264	gRNA_2803	DNMT3A	1493.0839189927058	1618.0500151877793	2184.5919681647288	1796.9253682357014	1641.9232547259687	1610.009127956033	1788.1650393011757	1656.6996427862598	1371.1304649110677
265	gRNA_2810	DNMT3A	693.2403045182207	761.9950123962825	607.8465536398076	1201.9702127572143	1177.129390218286	793.8569835393614	1308.1164319762365	847.1454413274959	818.3678388623393
266	gRNA_2842	DOT1L	1072.9827172571631	1205.0224156108554	898.1601445411945	1344.3663866059692	1356.7330771918835	1288.7349268620774	1057.431502810645	1417.9505181437773	1467.3969601271292
267	gRNA_2891	DROSHA	679.2135532081858	707.0256752258833	698.3667902141294	698.4023131427648	714.5219126363512	760.9273107791506	557.8562187124528	670.6754541659485	792.5736180404097
268	gRNA_2892	DROSHA	406.83954595150976	338.6038442899889	454.0254523281979	521.3450881940619	503.93552312960065	495.1577988985817	436.20972249045883	394.9317760018569	473.05369433109394
269	gRNA_2914	DROSHA	425.96693410155723	438.30016142924643	461.70068217759405	425.1338716099281	460.101131593883	537.0428500864987	432.36420627690796	553.2774153695514	574.1779871024792
270	gRNA_2917	DTX1	580.0061666699396	470.11813498432855	165.05700480247836	267.3724895416085	253.94084244901146	314.37109688926535	219.1089682565455	193.1026190875935	222.02187418345383
271	gRNA_2918	DTX1	1450.5573593391002	1306.4156913397173	1275.2750462135875	1109.3323004101885	1027.121916507856	1120.0752998069463	1276.7541108568323	1139.820094591195	905.6713554904094
272	gRNA_2947	EED	760.5049528458875	694.1166688121072	955.6056792902834	578.339290775935	834.3999079797737	798.0548171773487	788.3308237779377	606.6808434370357	691.7230040045356
273	gRNA_2949	EED	1097.465774089224	1125.083544907706	1618.2866070087666	1121.3922022104282	1308.8991973773595	1264.0143509939305	1135.1109303243734	1199.7124866836389	1244.2803710016306
274	gRNA_2950	EED	303.3603760597529	296.7253305251093	458.2191346170432	430.4938279655901	372.7523075847522	484.8031425915466	466.5893005775111	386.652752935529	441.51222006342914
275	gRNA_2951	EED	566.4894790439059	473.87568614702406	603.8111235128056	496.9572867757995	616.2944805088672	622.8652266853486	524.5711394862733	572.5951358576498	513.626566870628
276	gRNA_2952	EED	267.4008863376637	195.69568877973407	271.6398358038869	379.57424258680066	332.6507717759205	382.65585740052416	293.1992473042932	303.48959330529857	304.80969167558914
277	gRNA_2956	EED	507.258333739259	488.1786228308324	831.4568583242774	607.7297181261484	591.6043062010359	625.1973564842303	516.6664672695297	598.4018203707078	490.1586153005434
278	gRNA_2957	EED	890.7624661477108	1000.5389055635272	1233.4173494060558	930.3990907370038	827.0941760571541	1025.0176892045245	1022.095481603905	1092.2343584081573	781.626468619962
279	gRNA_2963	EGFR	807.9408754580053	785.8736439785727	1126.2015097572744	705.2809237991978	1209.3919290006575	1078.1902486190293	748.8929186100765	994.2286258932487	958.901869547336
280	gRNA_2971	EGFR	2326.3367047692736	2087.9257275164505	1895.0696380725583	1520.4409528894678	1404.3003244544873	1637.1551188150167	1636.0535090762728	1475.8290938146822	1455.628774500148
281	gRNA_2975	EGFR	455.16808001062975	448.42130730295827	446.58760072156656	478.018774319127	602.9095264024619	612.2307148024477	475.39125991074985	502.93200483107097	619.3349784618256
282	gRNA_2981	EGFR	1094.724181787717	1121.8108390563261	1268.3119510924857	834.4558719706531	951.611577803992	1042.8351608679814	867.0357222819464	907.6345197670626	1016.3744040046863
283	gRNA_3011	EGFR	869.9773710246593	858.7216520037324	676.3697397179218	1072.3486015561202	1247.520383925278	1436.6852413031381	1305.2963867529656	1038.5325871671116	966.9069725610384
284	gRNA_3012	EGFR	877.9471160871791	813.0855870761573	402.91000405283785	1246.3685179032816	986.7004216367197	953.3746617828759	660.6596854880472	846.1012402200311	798.7998092732893
285	gRNA_3021	EGFR	1066.861953049148	1074.4172098752322	1468.4218097432374	1505.2544098817584	1311.138910813491	1301.5149981599495	1442.2394919133067	1224.0274553288903	1394.05105901013
286	gRNA_3025	EIF1AX	920.6649496222851	773.8737225235132	1252.5658609890856	1070.2939516197835	1031.2813843178146	1035.465630703515	1290.5552412676873	1015.3364054227153	1429.6977143104627
287	gRNA_3026	EIF1AX	1886.5980511996825	1915.1995853602898	2751.7677162108293	2253.9509801618187	1883.4923467658723	2179.7017952268766	2154.8136462842913	2025.6755626882778	1655.2089923716842
288	gRNA_3030	EIF1AX	1442.1413085530794	1593.5047213024302	1750.9019186333849	1529.1062156644546	1358.38619901379	1356.5532614135598	1841.19043509025	1731.06167879643	1841.7894703064387
289	gRNA_3031	EIF1AX	730.6024693713133	826.6612557929924	797.9865260944364	923.6991452924262	1023.1757547394336	1027.256533811451	1114.6015105187687	1408.925637143546	1140.6245499267668
290	gRNA_3032	EIF1AX	572.9927910149222	656.7835798408107	693.381847116068	723.6834406203042	619.0141325384554	558.3118738523007	712.745066202698	578.4128277420964	769.1740861542028
291	gRNA_3033	EIF1AX	571.8451477259193	585.8143473969989	712.5303586990976	599.7791161985831	569.4204778812566	577.4353382031313	824.7777718908146	651.6560768514114	667.0919178085285
292	gRNA_3034	EIF1AX	722.5689663482934	676.2379979573467	915.9635127485568	775.8536824820815	836.3196623536007	846.3765466101794	902.1153757411164	1084.2536785153907	769.7214436252251
293	gRNA_3046	ELF3	475.06056368667913	585.2082907578545	637.9144643900195	651.8600254544327	584.4585538095686	646.6529506339429	782.0070860045428	471.9043147806891	479.27988556397355
294	gRNA_3047	ELF3	70.13375655017407	106.05991185027395	63.45911689913118	163.83599927140327	131.71648064868927	106.90482998074127	142.96774722823739	96.81235982066293	108.1715202107983
295	gRNA_3048	ELF3	348.56477005436517	398.2398175818	493.6676188699244	563.3314129800813	404.53490777366676	429.0185978022942	689.6719689213926	369.57260624914085	340.45634697592186
296	gRNA_3056	EP300	662.6364834781447	569.3296068122706	799.4107955510253	695.1863393293677	683.7525161447343	749.5465173606074	818.4967620753482	661.7997447524979	716.9014476715653
297	gRNA_3060	EP300	538.244702542336	558.3599816437566	709.9191980286844	871.0822404010105	714.2552800844309	698.7993729369397	922.1547880095095	800.2309772849712	621.2507296104039
298	gRNA_3061	EP300	583.1940646949475	521.3299209920323	570.6572956066509	606.6577268550161	573.1533336081426	623.4249378370802	582.6811622688203	510.8380989304472	511.98449445756086
299	gRNA_3084	EP300	311.9677007272743	267.0285552070326	115.12844774094248	511.42916893608714	406.0813765748052	387.5999725741536	264.6569714081597	352.119530595801	244.39511081149374
300	gRNA_3085	EP300	540.0299254363404	586.5416153639721	233.50106479967098	645.785408251349	517.2671507256218	464.000544785521	476.20309111138835	521.2801100050949	623.7138382300046
301	gRNA_3086	EP300	680.9350181416901	657.9956931190997	272.74760093678947	710.5515475489321	640.8780017959302	663.2577148019811	494.8752087260745	716.471131307618	758.1585170498773
302	gRNA_3089	EP300	1561.1136628463746	1708.6554827398706	2340.865977984909	1813.6305655441818	1803.769213741666	1892.756544772461	1663.3566741924844	2229.220192850519	1914.2459155330266
303	gRNA_3106	EP300	448.53725211861325	380.72478071052626	491.2147103613546	414.23529368674866	491.7770787620293	507.0983034688565	498.50708514998365	505.1695786327812	513.1476290834835
304	gRNA_3107	EP300	740.3574373278375	616.66263032945	284.7747652368742	709.3008910659444	668.8744197475746	762.5131590423902	646.4740034558373	690.3661036209986	710.1963186515411
305	gRNA_3114	EP300	2069.1370921116354	2055.683514313967	3043.426450487884	2050.6299690703718	1978.1469026976229	2010.1093162521927	2109.2656431326773	1793.4899878641456	1900.4935590735893
306	gRNA_3115	EP300	896.436924632225	918.842470606859	927.3576684012686	804.8867794085842	931.9340954722646	947.0312687299174	1076.060892467403	799.3359477642872	825.8255844050194
307	gRNA_3142	EPHA3	948.463420400354	849.3883797609083	1416.7524789014262	1109.153635198333	912.3099396509215	1083.4142193685245	1599.6920168792526	1208.5881960970896	1201.3128095263737
308	gRNA_3143	EPHA3	693.2403045182207	720.2983156231462	667.6658708165447	879.5688379641421	1006.5912100099832	981.0803637935917	778.1188418330636	917.554430287978	1120.1670644473054
309	gRNA_3220	EPHA3	707.0120239862548	616.5414190016211	817.1350376774659	722.1647863195332	620.1339892565212	630.0481864659045	616.3080651584268	704.9103333321151	673.8654665124304
310	gRNA_3221	EPHA3	837.5245691300787	731.6315747751469	1106.7364938505584	882.1594835360454	700.9236524884096	760.3675996274189	886.6051270131277	762.0430510691165	717.9961626136101
311	gRNA_3224	EPHA5	866.4706831971506	1026.962975030224	1030.2215735993616	928.1657755888112	969.955897376117	859.1566179080515	1054.6969135032311	1097.1570207719196	1503.3172941629732
312	gRNA_3225	EPHA5	327.2696112473123	309.63433693888544	312.07326315482965	345.00252409278045	321.71883714718314	330.41614990557207	269.3997747382058	245.16350287405166	301.04660906231027
313	gRNA_3249	EPHA5	810.0448881545105	876.1154775471773	908.6839133037686	937.9923622408584	984.7806672628925	1057.2010804290933	1193.9046004337742	962.7534210825247	988.4591729825446
314	gRNA_3250	EPHA5	872.0176257606643	1030.781131856834	947.0600625507495	1229.5739879888738	1395.8747358138016	1351.3292906640647	1220.4386623072755	958.2782734791043	1205.623249610675
315	gRNA_3251	EPHA5	1531.8487589768022	1459.1419644041118	1571.364841022252	1851.2395926397437	1818.4340040972893	2363.007197418985	2163.1455980803185	1803.1115552114995	2001.6862715288523
316	gRNA_3283	EPHA5	982.9564770309396	1126.9623204890538	1159.8300941489588	974.9760610949265	1034.214342388939	1093.4890200996938	860.2419769713398	1278.848013470791	1385.3617591576497
317	gRNA_3313	EPHA7	966.7619550638994	941.448383246946	1355.4297661871783	980.514682662444	1041.5734008219429	1152.7251169912913	830.8878698745677	935.2312633214889	1037.7897650584368
318	gRNA_3314	EPHA7	697.7033617532317	599.8748614251494	1041.2200988474654	946.9256228336285	901.911270126025	1122.7805703736492	822.6413739943976	635.0980307187557	970.4647961226839
319	gRNA_3340	EPHA7	1066.479405286147	1325.2034471531942	1909.7870891239777	1347.2250299956559	1172.8632693875595	1394.706904923266	1731.7641348357624	1349.6299313982247	1015.6902071659082
320	gRNA_3341	EPHA7	1520.8186318102746	1464.7176854842405	2311.4310758820698	1475.1493216841234	1572.9720767993472	1860.2000127800713	1454.2033201332429	1784.6142784506949	1822.768798188411
321	gRNA_3383	EPHA7	946.4869236248492	872.4791377123107	1106.024359122264	828.2919221616419	822.561422674507	1031.2677970655277	772.5214793444507	844.2365953852725	1000.0220995578925
322	gRNA_3415	EPHB1	1444.8829008545863	1305.6278177088298	1826.388199832601	1670.519730848005	1594.0360484010605	1697.2307824342117	2026.9288682047593	1721.9622120028084	1578.7157857963064
323	gRNA_3416	EPHB1	820.0548879530354	766.2374088702934	962.173144006777	874.0302163966246	910.3901852770944	859.7163290597832	771.1114567328152	859.8250262038539	919.0816135304577
324	gRNA_3469	ERBB2	952.7352037538648	880.8427193325037	1077.6972221523274	782.0176322910928	1085.9410574615013	900.3886727522816	750.9438605906371	807.2420418636633	856.1355043628838
325	gRNA_3470	ERBB2	603.5966120549981	627.9352838175363	634.9076733149983	670.4412074873945	563.5012352286233	627.0630603233358	527.3057287936872	546.2663507908593	559.8782731720194
326	gRNA_3471	ERBB2	1079.5497871886794	992.3571409350775	912.9567216735356	1034.6502418546308	1123.1629617095923	968.0204369198536	1174.5061075343062	1003.2535068934801	1210.5494668498764
327	gRNA_3502	ERBB2	1358.682138258372	1494.4750664662317	1399.977749746045	1942.6268485037815	1911.6487442486691	1681.2790146098603	1676.7732529819841	1716.5920348787038	1643.9197445318475
328	gRNA_3503	ERBB2	495.2080792047291	485.6331849464258	431.23714102277427	697.2409892657047	556.6221153890764	600.3834954241281	503.2926164379581	482.34632585533683	606.9510156799442
329	gRNA_3510	ERBB2	178.90483716344403	184.90788060296333	141.16092836415214	187.50913984224397	143.0750273604993	212.97009323388508	129.3375286490958	216.67172979894133	213.94835148587367
330	gRNA_3511	ERBB2	605.1268031070019	620.7232098117175	621.9309960438542	561.7234260733826	576.4062507415719	724.8259414924605	576.4856083692106	825.8139044178582	841.493692013035
331	gRNA_3515	ERBB2	1472.4900977511547	1600.3531613247621	1733.652432992474	1210.367477714418	1513.832976783397	1126.791833627726	1224.4550903525399	1196.7290549480251	1429.2871962071958
332	gRNA_3516	ERBB3	782.7564810604428	777.4494566944653	821.0913417235464	936.5630405460151	843.7320472969885	948.6171169931571	951.0388875690697	921.4328915442757	1084.520409146973
333	gRNA_3517	ERBB3	768.5384558689076	803.3280751859321	786.1176139561949	906.7259501661631	875.1413619132144	1012.2376179066523	895.7489100097932	923.8942227261571	1010.9692489783401
334	gRNA_3518	ERBB3	1438.5071048045702	1472.8994501126901	934.3207635223703	859.5583342363371	905.9640849152154	850.8542358240325	885.5369280649192	876.7560013034614	692.7492992627026
335	gRNA_3522	ERBB3	1151.9150723563591	1119.5078238275773	322.6761579983254	759.4164829913844	892.3124982568896	794.5099798830483	875.2394902041883	868.3278066503527	793.6683329824544
336	gRNA_3523	ERBB3	755.4680739663751	693.2075838533905	319.2737365186961	615.3229896300031	651.5433038727472	604.6746142540705	497.22524641213334	576.6973544941185	663.4656745630052
337	gRNA_3524	ERBB3	512.869034263273	492.9664702800733	412.64251200619594	657.2199818100949	667.6479100087407	716.057133448665	442.7471000534954	572.0730353039173	690.901967798002
338	gRNA_3525	ERBB3	511.5938750532698	505.6330540381918	433.0570408839713	599.7791161985831	613.3081959273585	676.597497251585	481.5013578945029	761.7447078955552	841.3568526452794
339	gRNA_3543	ERBB3	1677.1531509566628	1588.7168738531893	1619.3943721416692	1619.3321476514323	1911.2221321655966	1878.2973400193941	1578.6698615785076	1888.0647738830983	1668.0718929407103
340	gRNA_3544	ERBB3	1553.0164018628545	1633.9286991333631	1669.56030744597	1396.447295861819	1542.735945411571	1763.6498391063653	1199.202867216889	1437.7903391856082	1465.412789294673
341	gRNA_3545	ERBB3	875.8431033906738	955.6301086029256	660.5445235335998	823.0212984119074	605.3092193697457	657.6606032846648	920.6593094820175	781.8828721109472	674.002305880186
342	gRNA_3569	ERBB3	840.2024034710854	786.3584892898882	1045.8094115409187	765.4017675885405	842.8788231308431	900.5752431361922	812.4721200074517	660.6063720582524	766.2320397474574
343	gRNA_3570	ERBB3	620.3649556665397	579.6325696777258	599.3009369002737	819.0906637510886	937.0534404691367	854.492358310288	845.7571992336314	629.9516109748222	757.8164186304883
344	gRNA_3571	ERBB3	586.3819627199554	504.6027577516462	501.26372263839903	808.7280814634754	744.3314319410547	634.339305295847	882.7168828416485	538.5094282782638	642.9397693996659
345	gRNA_3572	ERBB3	781.1625320479388	810.3583322000073	854.245169629701	1134.613427887728	1117.6703311400317	980.52065264186	1099.219445664565	922.1041636847888	1001.3220735515707
346	gRNA_3577	ERBB3	794.1691559899712	763.6313653219725	694.8852426535785	766.9204218893113	844.6385979735179	978.6549488027545	971.8474030801731	754.06237117635	1076.9258242365372
347	gRNA_3578	ERBB3	943.2990255998412	985.448095248831	681.4338088969049	1621.2974649818418	1394.5948995645838	1308.2315319807292	1620.030524853144	1476.7987091287566	1597.9417169659673
348	gRNA_3579	ERBB3	176.864582427439	210.6652877666013	135.0682201331882	259.86855064368166	181.896726920113	216.70150091209595	271.8352683401214	297.7464872142422	314.66212615399206
349	gRNA_3580	ERBB3	951.5875604648619	1000.1146659161261	361.7644419736007	836.3318566951349	865.0626514506224	592.1743985320642	1224.7969140159666	1141.833911012734	999.4747420868703
350	gRNA_3626	ERBB4	1001.7650753784864	1118.8411615245186	1512.2576585738093	1778.5228514145952	1316.4182353415156	1257.2978171731509	1586.6599897111078	1389.0112303083251	1363.0569422134877
351	gRNA_3666	ERCC2	3.7617196695093367	8.302975956278589	15.825216184321988	9.469256228336285	3.466223174965507	2.89184095061342	5.72554636239803	0.07458579339034124	6.089351865124004
352	gRNA_3676	ERCC2	1200.3711223364792	1191.8709865414214	1391.8277634111191	1426.1057210298154	1307.4060550866052	1297.1305941380517	1320.5929956913128	1480.378827211493	1522.7484843842676
353	gRNA_3677	ERCC2	1357.3432210878689	1470.6570405478558	1539.081400006235	1809.0746026418688	1768.680369908938	1725.7760511725248	1890.3703146657733	2254.131847842893	1558.6688184201114
354	gRNA_3679	ERCC2	1931.6749292732943	1740.7158789506104	605.7892755358458	1076.1899036110115	1117.7236576504158	1097.0338573939941	1159.7649620490279	984.3833011657238	1096.0149160384428
355	gRNA_3680	ERCC2	1779.229645717416	1921.0783347599906	2106.96928278063	1126.3948281423793	1406.5933644010026	1230.151826314167	1177.5397925472187	1411.0140393584757	1581.5894125191737
356	gRNA_3681	ERCC2	1309.6522666337505	1417.9907186062055	1609.10798162186	1505.701072911397	1608.0075941216908	1866.9165466008508	1401.4770200496669	1248.5661813543124	1810.5216747742852
357	gRNA_3682	ERCC2	870.2961608271601	897.1456429254887	655.4804543546168	1272.810969257881	1235.575245599243	1190.412334541221	1057.3887748527168	1432.569333648284	1574.9527031830273
358	gRNA_3685	ERCC2	672.3914514346689	493.2694985996456	688.0803996943201	692.5956937574643	871.1952001447922	714.2847148015147	731.1180881118858	685.443441257236	493.78485854606663
359	gRNA_3686	ERCC2	389.178590892966	361.2703625939903	349.8955298353592	406.9993526066048	577.6860869907898	601.5029177275914	355.1547863003912	390.3074568116557	463.06442048493545
360	gRNA_3692	ERCC2	1340.5111195158272	1473.687323743578	732.6283832531865	1029.9156137404625	1225.4965351366511	944.792424122991	1006.2006812545613	1319.5718566619173	1029.1688848898343
361	gRNA_3693	ERCC2	2435.426575185045	2354.8936770595683	2448.0026915527687	2027.1354937113867	2391.000746091207	2148.3579707299054	2115.5039249902156	2361.5353903249847	2375.941942340406
362	gRNA_3694	ERCC2	561.7076320063942	697.934825638717	569.7869087165133	912.0859065218251	771.3146461954015	734.9007422236298	723.3843277268555	861.6150852452221	742.2167307063504
363	gRNA_3698	ERCC2	1309.014687028749	1376.5364444887268	1342.9278454015641	2045.5380105324928	2003.9036072131357	1785.1054332560777	2199.20799457184	1737.177713854438	1924.5088681146963
364	gRNA_3699	ERCC2	2295.5416098476976	2039.0169567374955	1489.390221187464	1376.3474595280861	1643.6297030582593	1699.5629122330936	1324.6521516945054	1319.497270868527	1425.0451758067722
365	gRNA_3703	ERCC2	211.35763905802457	179.81700483415017	186.42104665131302	298.63890161630377	272.0718559796003	319.8749232146264	173.98824468421475	223.384451204072	231.80588897797892
366	gRNA_3704	ERCC2	1898.1382420502111	1876.169537799389	1515.0270714060657	1695.7115257196167	1627.685076453418	1415.7893583051573	1333.4541110277441	1141.0134672854404	1627.5674400850537
367	gRNA_3705	ERCC2	590.7812619944664	498.542191360202	544.9413193071276	478.4654373487655	511.13460203145206	552.3416215671632	416.9821414227043	529.9320620383745	524.5737162910757
368	gRNA_3711	ERCC2	1395.4704814669635	1439.7481519514902	1904.090011297622	1397.6979523448067	1754.4421916363874	1507.3954168052342	1287.051548717563	1456.4367875331936	1198.3707631196282
369	gRNA_3712	ERCC2	2005.9529532559786	1824.654723472113	1681.7457239078979	950.677592282592	1166.357435120701	982.6662120568312	798.0727981856	1087.0879386642237	1062.2155922028107
370	gRNA_3754	ERCC4	574.0129183829247	726.7831216619915	764.5161938645953	903.5099763527659	824.5878300691021	857.570769644812	620.7517727829744	935.3058491148792	941.3864304746198
371	gRNA_3755	ERCC4	717.3408135872804	727.2073613093927	1012.259953230156	1159.4478923356287	1025.895406769022	983.0393528246523	1073.7535827392721	928.071027156016	995.7116594735912
372	gRNA_3804	ERG	297.4946436937384	269.8164157470969	331.7756573043105	350.6304782662257	282.52385201488084	325.7518903078085	332.1671449349424	372.8543811583159	317.67259224461515
373	gRNA_3805	ERG	397.65839963948696	359.33098134872813	423.00802860692676	639.7107910482655	542.7038961788302	513.7215520976808	489.2351182795332	567.4487161137162	555.3625740360848
374	gRNA_3806	ERG	855.6318299121236	818.2370685088849	976.178460329902	1386.7100418156995	1108.2315388020486	1025.204259588435	1083.922836726218	1357.31226811743	1150.4769844051698
375	gRNA_3838	ESR1	787.4745701374545	835.509682724501	394.28526123238237	484.27205673406604	385.55067007693253	325.00560877216634	374.9805587791426	295.95642817287404	400.59724910450603
376	gRNA_3842	ESR1	1645.465444588084	1721.5038834897323	1419.7592699764473	1434.1456555633088	1632.4311358776017	1664.4876800579116	1909.4697118597428	1643.4979573561693	1792.1167798111576
377	gRNA_3843	ESR1	2256.7130119031012	1972.7143604150954	1513.4445497876334	1182.2277068471924	1582.7841547100188	1570.4562065669977	1235.9916389931927	1173.7566305838002	1032.5214493998465
378	gRNA_3861	ESR1	2314.158934313744	1935.502482771628	1425.29809564096	890.8247463110324	991.9797461647439	940.6878756769589	1182.6244195406916	999.8971461909147	958.6966104957027
379	gRNA_3868	ESR1	1821.3736576080205	1681.5647509701148	1899.5006986041683	1930.924277127253	2166.3894843534417	1883.428025576934	2035.0471802111445	2117.6398459385687	1924.2351893791852
380	gRNA_3905	ETV6	405.7556606230071	333.93720816857683	215.77682267323033	331.9599636273362	333.4506694316818	336.10654661484364	196.7195183020935	260.975691072804	325.1303377872951
381	gRNA_3906	ETV6	119.99248166129783	82.60551991538479	114.02068260803993	118.99103109569747	74.92374708963904	112.87508226587866	61.91281103816974	58.400676224637195	100.09799751321817
382	gRNA_3907	ETV6	172.97534683692933	151.63537111393455	154.37498387806102	140.96685215391184	167.97850770986688	209.33197074762953	82.97769429684308	111.05824635821811	154.6969052477008
383	gRNA_3908	ETV6	723.3340618742953	792.8432953287336	637.7562122281762	699.1169739901865	687.1654128093159	753.8376361905499	759.5321801342342	930.1594293709456	988.4591729825446
384	gRNA_3909	ETV6	1480.9699064976758	1627.989344069748	688.1595257752417	1514.2770030804563	1555.6409609245195	1483.6076928566397	1441.8122123340231	1593.6746473714215	1901.6566936995118
385	gRNA_3923	ETV6	1823.2863964230255	1805.4427280112347	2620.2601697191135	1666.9464266108969	1566.4662425324886	1681.9320109535472	2035.8162834538548	1887.0951585690239	1488.128124342102
386	gRNA_3924	ETV6	1878.6283061371628	2046.0472137515708	2054.350438967759	1517.939639923492	1860.7752533422524	1827.2703400198604	1916.9898324551314	1456.6605449133644	1837.9579680092822
387	gRNA_3925	ETV6	817.9508752565301	823.7521839250992	1170.5912411542977	1402.968576094541	1283.7824109864557	1234.3496599521538	987.8703873033019	901.369313122274	941.660109210131
388	gRNA_3926	ETV6	1072.6001694941622	1112.2351441578444	1565.5095110340528	1762.5323149535368	1411.4460768459546	1529.037581338857	1290.1706896463322	1564.2132589822365	1246.1277024663314
389	gRNA_3964	EZH2	1331.7125209668054	1412.172574870419	1524.2056967929725	1340.7930823688614	1232.3756549761981	1215.785906753055	1470.1408484405151	1493.0584120878511	1393.9142196423743
390	gRNA_3975	EZH2	978.1108720329278	1034.8417113391015	1292.0497753689688	1123.0895217230543	1035.5475051485412	1105.6160950538792	855.4564456833654	1006.1623528357035	913.3343600847227
391	gRNA_3976	EZH2	16.322037888040512	20.787742722653693	17.32861172183258	74.41406073777476	31.569294147378155	21.3623089577572	52.51266029393417	13.425442810261424	29.96782153847543
392	gRNA_3985	EZH2	568.2747019379104	565.3902386578318	734.4482831143836	769.9577304908531	656.0760572553943	685.9260164471123	512.0091198553401	608.4709024784039	661.6183430983046
393	gRNA_3995	FAS	3534.8688460497738	3588.218937718468	3977.826340091175	2354.807492254193	2440.9676863210943	2387.447917711266	3212.7578845900766	2863.646951428762	2797.612454079274
394	gRNA_3996	FAS	1100.8449459957324	1077.689915726612	1432.1820646811402	1127.7348172312948	1167.3173123076147	1063.2646179061858	1335.4623250503762	1008.3999266374136	1103.6095009488786
395	gRNA_4012	FAT1	837.9708748535799	948.842274244508	1235.0789971054096	879.2115075404313	795.8448409720804	896.6572650740708	1138.400983084856	1106.4056591523222	1123.656468325073
396	gRNA_4021	FAT1	2.9328661830072797	1.7575642535188254	5.301447421747866	0.0893326059277008	0.10665302076816945	0.09328519195527162	0.0427279579283435	0.07458579339034124	0.06841968387779779
397	gRNA_4032	FAT1	890.9537400292113	1044.902251548899	1057.9948280028466	1010.4411056482238	979.7679752867887	868.4851371035787	769.0605147522547	1071.872436812594	932.1497731511171
398	gRNA_4033	FAT1	2534.5064458022907	2596.2254307668773	912.1654608643195	1526.2475722747683	1577.984768775451	1374.7438738448377	1720.3557700688946	1794.012088417878	1583.9156817710189
399	gRNA_4104	FBXW7	1280.9611844086792	1158.7196883802214	1714.583047490366	1710.9874013332535	1549.4550857199658	1548.534186457509	1799.5734040680434	1920.7333513880678	1565.1002687046246
400	gRNA_4105	FBXW7	804.3704296699964	772.1767639339088	1006.5628754038001	1253.5151263774976	1281.3827180191718	1535.567544775726	1082.5555420725111	1034.5795401174232	1216.6388187150005
401	gRNA_4106	FBXW7	737.7433609473311	616.0565736903055	956.3178140185778	969.4374395274091	742.7849631399162	840.8727202848183	949.6288649574344	821.4879284012185	856.8881208855395
402	gRNA_4111	FBXW7	1190.998702142956	1238.1737137720554	1592.6497567901652	1241.8125550009688	1013.8436154222188	959.4381992599687	1615.7150011023814	1342.8426241997038	1569.2054497372924
403	gRNA_4116	FBXW7	980.597432492434	1075.871745809179	1164.8150372470202	903.1526459290551	828.960603920597	844.883983538895	1277.4377581836857	1227.3838160314556	1298.5371803167243
404	gRNA_4117	FBXW7	1329.991056033301	1411.0210672560447	1470.7955921708856	1099.2377159403584	1225.3365556054987	1241.4393345407548	1792.309651220225	998.181672942937	1221.0860981670573
405	gRNA_4118	FBXW7	1057.4257748951245	1009.4479381589501	1382.4117597814475	1125.4121694771745	1242.5076919491742	1258.3239542846588	1371.0974419626148	1545.1192958743093	1365.8621492524774
406	gRNA_4119	FBXW7	1025.1642468820444	866.479176984781	1334.8569851475597	1478.0079650738096	1324.9504770029691	1564.392669089905	1006.4997769600595	1336.279074381354	1307.0212211175713
407	gRNA_4141	FBXW7	812.212658811516	808.6613736104031	1074.4530528345415	1159.626557547484	1322.390804504533	1674.282625213215	957.7044490058913	900.6980409817609	998.174768093192
408	gRNA_4142	FBXW7	536.6507535298321	610.7232752658347	537.2660894577316	1026.3423095033545	1021.2026738552224	1116.530462512646	1043.7158283156468	924.6400806600604	957.3282168181466
409	gRNA_4143	FBXW7	528.4897345858117	554.17819083366	534.9714331110048	644.0880887387227	689.9917178596722	691.709698348339	661.5142446466142	645.9129707603552	656.076348704203
410	gRNA_4144	FBXW7	258.72980370964217	252.422590203652	292.37086900534877	375.28627750227105	449.8624416001387	491.61296160428145	418.0930683288412	354.28251860412087	347.0930563120682
411	gRNA_4191	FGF4	1383.1014371299327	1514.8385695414843	1669.0855509604403	1019.4636988469215	1543.1092309842597	1524.8397477008698	1231.804299116215	1335.1602874804985	1411.7033374506018
412	gRNA_4192	FGF4	734.0453992383219	818.1158571810561	576.9873820803798	815.0706964843421	796.9113711797621	832.8501937766649	489.7905817326016	514.4928028065739	845.188354942436
413	gRNA_4193	FGF4	749.6023416003605	785.085770347685	709.0488111385467	972.3854155230232	996.1392139747026	1012.8906142503392	1041.8357981667996	738.9214551181108	984.6276706853879
414	gRNA_4194	FGF4	1236.6494018610695	1410.6574332725581	1198.9975042051556	1311.8493180482862	1192.3807721881344	921.0047001743967	1225.352377469035	1309.5027745542213	1314.7526453957623
415	gRNA_4195	FGF4	2495.8691217391947	2508.7108520744227	2400.447916918881	2157.0251027302634	2483.0423030141374	2206.1947897421737	2772.061726517142	2561.57448819788	1990.8075417922823
416	gRNA_4213	FGFR1	519.4998621552894	539.511620166365	821.4869721281545	749.7685615511929	687.1654128093159	875.5748116921793	804.6101757486365	631.1449836690675	727.9170167758907
417	gRNA_4225	FGFR1	1198.7771733239754	1427.8694418242594	1465.7315229919027	1366.8782032997499	1426.4308262638822	1313.9219286900009	1269.7467257565838	1115.355954359163	1250.6434016022658
418	gRNA_4226	FGFR1	949.1647579658559	1041.2053060501178	1283.504158629435	1191.9649608933119	1093.5134219360414	1068.2087330798154	1341.914246697556	926.1317965278673	905.7397751742872
419	gRNA_4246	FGFR2	347.99094840986373	385.14899417628055	473.56959431583556	415.66461538159183	567.6607030385819	467.3588116959108	424.2458942705227	486.0010297314636	554.6099575134289
420	gRNA_4247	FGFR2	2469.282052210629	2515.6198977606696	3762.919904308083	2550.088568812147	2827.7448661368608	2404.2392522632153	3483.7813217295593	2952.3294597698778	2752.3186233521715
421	gRNA_4248	FGFR2	892.4839310812151	882.5396779221081	1106.973872093323	1065.7379887174704	977.2616292987367	990.4088829891188	1184.6326335633237	1058.2978224155518	1105.8673505168458
422	gRNA_4261	FGFR2	1234.035325480563	1099.023109424496	1739.2703847379082	1752.884393513345	1646.029396025543	1820.8336617749467	1834.0548661162165	1561.6027562135746	1476.633617450632
423	gRNA_4262	FGFR2	351.05133051387133	354.3613169077439	417.5483290233357	476.232122200573	416.00010750624494	387.50668738219827	352.4629249509056	493.83253803744935	457.31716703920046
424	gRNA_4263	FGFR2	619.7273760615382	519.9965963859146	699.7119335897968	876.3528641507448	741.0251882972414	656.1680402133806	800.2519240399456	727.2860713492175	930.1656023186611
425	gRNA_4302	FGFR3	175.46190729643547	121.75677880411449	116.8692215212179	164.72932533068027	136.19590752095237	160.26395977915664	125.15018877211811	209.13856466651686	165.09669719712605
426	gRNA_4303	FGFR3	1120.7374296717815	1353.9911375125544	1539.0022739253134	1251.281811229305	1341.5883482428035	1245.5438829867865	1015.1308244615851	1254.0109442718074	1104.772635574801
427	gRNA_4304	FGFR3	1115.700550792269	1098.4170527853514	1801.7799886659802	1219.747401336827	1261.8118887082128	1493.4959232038987	1164.764133126644	1000.7921757115988	985.9276446790661
428	gRNA_4329	FGFR3	953.9466050033677	1101.8715756284748	1028.480799819086	963.2734897183977	1281.542697550324	1524.1867513571829	839.3052775864514	1125.201279086688	1210.0705290627318
429	gRNA_4330	FGFR3	1107.156984085248	1259.4463018060246	1086.321964972783	1051.802102192749	1371.0245819748184	1274.1824369170552	1364.3464246099363	1358.1327118447236	1276.1639436886844
430	gRNA_4331	FGFR3	703.2503043167455	746.7829907537574	595.819389339723	962.6481614769037	982.2209947644566	955.2403656219814	715.8214791735388	1065.1597154074632	964.1017655220487
431	gRNA_4357	FGFR4	623.8716434940484	677.6925338912932	709.7609458668412	771.208386973841	919.562345063157	909.437336371943	676.8535815428895	792.4740547723757	877.2087669972456
432	gRNA_4419	FLT1	958.91972592238	973.5693851216004	1420.0757743001338	1051.2661065571829	987.4469927820969	956.4530731173999	1128.8726484668355	940.7506120323741	1063.447146512611
433	gRNA_4421	FLT1	761.1425324508891	767.5707334764112	336.9979786451368	501.8705801018231	491.4037931893408	538.2555575819173	428.81778576885546	335.2631412895839	534.4261507694786
434	gRNA_4422	FLT1	640.1299234215887	688.9651873793795	548.739371191365	757.6298308728306	919.1890594904684	849.7348135205691	820.2486083504103	712.4434984645396	830.8886410119763
435	gRNA_4440	FLT3	2202.9650512014678	2008.1080681411297	783.3482011239385	1174.5451027374102	1255.3060544413545	1148.2474277774384	1260.6883986757753	1495.221400096171	1202.818042571685
436	gRNA_4447	FLT3	927.7420832378027	869.2064318609309	741.6487564782501	1229.5739879888738	1025.2021621340289	1060.186206571662	1014.0626255133764	1219.9252366924215	928.2498511700827
437	gRNA_4459	FLT3	1405.9905449494895	1394.4151153434873	1237.2945273712148	1320.6932460351286	968.1427960230582	1088.8247605019303	1062.0033943089777	1081.717761540119	1161.629392877251
438	gRNA_4460	FLT3	518.926040510788	502.96640482595626	716.5657888260997	867.4196035579748	702.6834273310844	773.054385733336	784.3571236906017	732.880005853493	679.8179790097989
439	gRNA_4461	FLT3	436.16820778158257	399.9973818353189	235.00446033718154	432.36981269007185	359.36735347834696	364.0921042014251	315.0332338056767	460.9402031523089	457.86452451022285
440	gRNA_4547	FOXA1	1510.87238997225	1371.0213290725128	1712.763147629169	1276.5629387068445	1337.7488394951492	1280.2459743941477	1365.5000794740017	1353.1354636875708	1090.9518594314857
441	gRNA_4548	FOXA1	1425.436722902038	1503.6265217173125	1889.451686327124	1398.1446153744453	1590.9431107987837	1608.5165648847485	1362.680034250731	1431.8980615077712	1354.9834195159074
442	gRNA_4549	FOXA1	1082.8014431741874	1253.9917920537248	1144.7170126929311	1394.571311137337	1363.1855849483577	1335.4708080316686	1499.0249480000753	1832.2000146337325	1750.2439332779452
443	gRNA_4550	FOXA1	829.172276304558	829.5097219969712	570.5781695257293	876.0848663329617	1014.2702275052914	981.3602193694574	872.1630772333476	927.399755015503	1088.0098130247404
444	gRNA_4562	FOXA1	1082.4826533716866	1012.4782213546722	1258.8168213818926	911.9965739158974	1143.3203826347765	1146.3817239383327	901.9871918673314	1247.6711518336283	1179.144831949967
445	gRNA_4567	FOXA1	702.8039985932444	798.782650392349	561.320418057901	1008.2971231059588	730.3598862204244	751.5055063916682	1218.6013601163568	1552.055774659611	966.5648741416494
446	gRNA_4577	FOXA1	296.9845800097371	397.63376094265567	209.3676101185799	493.20531732683605	457.91474466813554	315.7703747685944	381.2615685946091	357.0421929595635	442.2648365860849
447	gRNA_4578	FOXA1	147.72719447886666	126.18099226986877	123.12018191402508	242.53802509370766	191.70880483078457	175.5627312598212	187.70391917921302	204.8871744432674	206.42218625931594
448	gRNA_4586	FOXA1	1928.8695790112874	1908.0481170183855	1945.077321215016	1522.2276050080218	1803.82254025205	1703.0144643354388	1727.3204272112146	1950.5676687442042	1703.9238072926762
449	gRNA_4587	FOXA1	712.6864824707689	793.1463236483058	571.4485564158671	539.8369376210959	708.8693025356382	723.6132339970419	499.66074001404894	693.4987069433929	683.5126419392
450	gRNA_4589	FOXA1	1144.20035913584	1188.8407033456992	1269.0240858207803	1114.3349263421399	1243.0942835633991	1294.1454679954832	868.7875685570085	928.8914708833098	1099.8464183355995
451	gRNA_4590	FOXA1	2040.7010417285649	2156.7131560593425	2521.9064511335523	1697.2301800203875	2178.867887783318	1907.7754606772598	1662.9721225711291	2099.440912351325	1693.86611376264
452	gRNA_4591	FOXA1	1735.1091370513066	1789.9276780491377	1995.6388869239247	1529.8208765118761	1330.7630666348343	1435.938959767496	1538.932860705148	1670.945529323815	1705.7711387573768
453	gRNA_4621	FOXO1	252.92782930412778	254.60439410457192	198.8438413560058	309.44814693355556	347.1555826003916	319.7816380226711	199.32592373572245	390.0836994314847	352.7718900739254
454	gRNA_4622	FOXO1	1166.8981930738962	978.720866554328	215.38119226862227	583.7885797375247	482.17830689289406	471.6499305258533	948.0052025561573	602.9515537675186	554.3362787779178
455	gRNA_4627	FOXO1	649.5023436151121	605.6323994970214	290.70922130599496	438.0870994694447	435.7309163483563	404.2047367421919	328.79163625860326	442.1445832179429	484.47978153868615
456	gRNA_4628	FOXO1	185.02560137145923	207.87742722653695	162.44584413206525	355.7224368041046	240.1292762595335	264.83665996101615	206.03421313047238	322.4343848264452	353.11398849331437
457	gRNA_4665	FOXP1	251.27012233112364	237.02875156938364	271.3233314802005	381.0928968875716	343.1027678112011	357.09571480477973	238.25109340844338	364.2024291250363	371.2452047209308
458	gRNA_4704	FYN	673.6028526841719	591.1476458214697	510.6797262680706	628.454882701375	519.4535376513693	609.7120146196553	554.9079896153971	728.703201423634	706.7069147737734
459	gRNA_4734	GATA2	737.4245711448303	701.2681371540114	909.3169219511416	854.7343735162412	853.8107577595805	726.2252193717895	1075.0781494350508	1032.6403094892746	1038.9528996843594
460	gRNA_4735	GATA2	1400.061054622975	1903.3814808969735	735.9516786518941	1388.4966939342535	1424.937683973128	1120.2618701908568	1558.6731772680428	1374.3924148038182	1223.207108367269
461	gRNA_4770	GATA3	1062.3351378536368	1020.8418029748653	429.1798629188124	723.0581123788103	875.514647485903	858.6901919482752	911.2164307798536	1209.7069829979446	812.073227945582
462	gRNA_4782	GATA3	475.6981432916807	431.20929875125665	112.67553923237257	329.45865066136054	332.7574247966887	302.24402193508	327.80889322625137	263.1386790811239	353.66134596433676
463	gRNA_4783	GATA3	854.9304923466219	909.0849587166339	642.4246510025512	815.9640225436191	996.5124995473913	923.6166855491443	903.9954058899635	835.0625427982606	777.1107694840273
464	gRNA_4826	GLI1	386.6920304334598	447.69403933598494	384.07799679349466	353.7571194736952	429.9716532268751	377.2453162671184	545.3369270394481	359.42893834805443	364.67691506866225
465	gRNA_4827	GLI1	163.60292664340608	194.66539249318853	170.04194790053978	346.7891762113345	275.8047117064862	230.78756489734198	221.54446185846106	155.28762183869048	238.85311641739207
466	gRNA_4828	GLI1	1435.8292704635637	1320.1125713843812	323.7047970503063	479.2694308021148	577.3128014181012	533.5912979841537	373.912359830934	583.9321764529816	704.7227439413173
467	gRNA_4829	GLI1	3859.2693490745787	2060.7137844188655	420.15948969374887	667.314566279925	613.8947875415834	529.1136087703005	635.9629258054647	651.0593905042887	570.6201635408337
468	gRNA_4858	GNA13	701.6563553042415	706.3590129228245	766.0195894021059	962.1121658413376	892.3124982568896	845.8168354584477	906.9863629449476	951.0434515202412	956.3019215599797
469	gRNA_4884	GNAS	1005.9731007714969	987.2662651662642	1177.0795797898697	1123.7148499645484	1158.8917236669292	1122.1275740299623	1248.9382102454808	1391.3233899034256	1591.7155257330878
470	gRNA_4885	GNAS	465.6243855326557	376.7854125560875	542.5675368794795	466.3162029425981	509.64145974069766	446.7427842737958	431.0823675390576	390.82955736538815	417.2232322868109
471	gRNA_4888	GNAS	76.70082648169037	77.81767246614386	58.7906781247562	36.35837061257423	44.794268722631166	46.829166361546356	32.900527604824504	46.243191902011574	72.11434680719888
472	gRNA_4889	GNAS	724.800494965799	733.6921673482381	828.6083194110994	1092.448437889853	933.5872172941713	921.097985366352	1118.1479310268212	947.7616766110662	843.6147022132468
473	gRNA_4893	GNB1	807.8771174975051	836.8430073306188	868.0922337909827	966.8467939555057	1011.7105550068554	939.4751681815404	926.0857601389171	900.5488693949802	1084.520409146973
474	gRNA_4894	GNB1	1016.4294062935228	1155.1439542092696	1337.3098936561298	1347.3143626015833	1465.1458728027278	1160.561073115534	1059.1833490857073	1056.4331775807934	940.0180367970639
475	gRNA_4961	GRIN2A	453.25534119562496	439.81530302710746	564.8019656184518	859.9156646600478	808.0032853396517	661.2987257709206	476.5449147748151	452.5120084992003	677.8338081773427
476	gRNA_4969	GRIN2A	1231.3574911395563	1268.7189683849342	1804.865905821923	1569.9312165734138	1527.004624848266	1585.5684076637515	1612.3822203839704	1543.776751593283	1562.500320717268
477	gRNA_5176	HRAS	1097.465774089224	1101.8715756284748	776.2268538409936	671.2452009407438	673.6738056821423	667.2689780560579	876.8204246475372	735.1175796552033	551.3942323711724
478	gRNA_5194	IDH2	2329.205812991781	2125.2588164877466	620.5067265872652	706.2635824644025	759.2628548485983	738.8187202857512	485.3468741080539	682.9821100753549	794.9683069761326
479	gRNA_5227	IGF1R	796.081894804976	849.9338307361381	1079.7545002562892	998.2025386361287	976.3017521118231	946.19170200232	782.1779978362563	1027.046374984999	867.3563325188427
480	gRNA_5228	IGF1R	364.6955340609052	384.54293753713614	445.55896166958564	694.2036806641629	618.8541530073031	733.0350383845243	543.5423528064578	487.4927455992704	602.4353165440095
481	gRNA_5229	IGF1R	1443.671499605083	1529.1415062252925	1670.8263247407158	1667.1250918227522	1797.6899915578801	1688.741829966282	1593.667374811356	1770.8159066734818	1458.433981539138
482	gRNA_5236	IGF1R	489.9799264437161	389.9974472894359	359.39065954595236	566.7260520053339	688.7652081208383	692.4559798839812	456.37731863263696	462.3573332267254	673.8654665124304
483	gRNA_5237	IGF1R	626.4219619140548	555.0266701284622	532.0437681169053	673.0318530592979	633.7322494044628	748.6136654410548	716.846950163819	695.8854523318838	530.3893894206884
484	gRNA_5319	IKZF1	1321.5750052472802	1405.2635291841725	1580.068709923629	2193.1154755250545	1731.0851800881585	1753.9481791430171	2177.03218440703	1741.578275664468	1084.451989463095
485	gRNA_5372	INHA	1509.9160205647477	1245.264576450045	282.4009828092259	399.0487506790395	432.26469317339075	343.66264716322064	253.29133459922028	223.01152223712032	352.7718900739254
486	gRNA_5373	INHA	3162.5223567288494	2549.316646897099	937.4858067592347	2230.4565048028335	2134.5535576541433	1791.6353966929466	1996.933841739062	1803.2607267982803	1810.590094458163
487	gRNA_5374	INHA	739.9748895648366	663.8744425188005	157.69827927676863	236.55274049655173	303.21453804390575	316.05023034446026	183.30293951259364	311.6940305782361	316.6462969864482
488	gRNA_5454	INPP4A	1716.0455068617591	1627.1408647749456	2365.6324413133725	1530.0888743296591	1793.5305237479215	1864.7709871858797	1621.6969152123495	1475.4561648477304	1281.363839663397
489	gRNA_5455	INPP4A	2093.620148943696	2189.743242892713	3176.43739251711	2253.5043171321804	2529.756326110595	2136.137610583765	2335.3392685315425	2056.0319805981467	1775.9697344159972
490	gRNA_5456	INPP4A	1452.5338561146052	1426.4755115542273	1999.0413084035536	1651.2238879676215	1388.515677380798	1461.4058171712852	1869.3908873229568	1610.4564508842482	1268.3640997266154
491	gRNA_5477	INPP4A	2335.5178510812966	2341.3180083427333	2955.833878907661	2043.4833605961558	2264.4569369497735	2510.211230324404	2388.2364804468316	2496.311918981331	2687.046244932753
492	gRNA_5501	INPPL1	1126.3481301957956	939.2665793460261	378.0644146434523	828.2919221616419	949.1052318159399	1022.6855594056426	436.59427411181395	652.2527631985342	558.0309417073188
493	gRNA_5509	INPPL1	1041.8688325330859	1213.8102368784494	931.6304767710355	971.9387524933846	1168.757128087985	1025.857255932122	942.0232884461893	1001.0905188851601	917.7816395367795
494	gRNA_5561	INSR	556.0969314823802	497.33007808191314	765.8613372402626	876.1741989388894	820.9616273629844	843.3914204676107	801.1064831985124	1089.7730272262759	968.4806252902277
495	gRNA_5614	IRF4	886.8094725967011	907.8728454383449	1251.8537262607908	1110.672289499104	1129.0822043622259	1203.752116990825	852.0809370070261	1230.2180761802886	1130.4300170289753
496	gRNA_5615	IRF4	373.30285872842654	327.87664177713265	320.30237557067704	371.1769776295968	449.4891560274501	432.5634350965945	350.3265270544884	346.8985250584771	419.2758228031449
497	gRNA_5618	IRF8	1005.2717632059951	995.9328751060297	304.16065506266864	923.8778105042817	827.4141351194586	897.8699725694893	424.11771039673766	526.7994587159802	447.6699916124309
498	gRNA_5620	IRF8	447.5171247506108	438.9668237323053	548.5019929486001	585.3072340382956	488.36418209744795	503.46018098260095	530.0403181011012	435.8793765731542	492.21120581687734
499	gRNA_5621	IRF8	1079.4860292281792	984.0541649787989	489.9486930666088	812.9267139420773	900.4181278352705	845.9101206504031	836.3570484893958	872.2808537000408	689.6704134882018
500	gRNA_5623	IRS1	725.6931064128012	842.1157000911752	574.1388431672018	1005.2598145044171	1101.5657250040383	1072.3132815258473	883.656897916072	1123.3366342519296	1342.4626173662705
501	gRNA_5624	IRS1	1747.733213230338	1566.7776235161614	407.1036863416832	678.4811420208875	514.4941721856494	655.2351882938278	684.373702138278	590.0482115109896	524.5052966071979
502	gRNA_5625	IRS1	1260.303605206628	1191.3255355661915	463.5997081197127	1096.2897399447443	878.3409525362596	1044.0478683633999	940.0578023814854	964.543480123893	843.20418410998
503	gRNA_5626	IRS1	1241.3674909380811	1251.6281711610616	1521.7527882844024	1231.360640107428	1472.2916251941951	1393.2143418519818	1686.8997790110016	1304.1325974301167	1393.1616031197186
504	gRNA_5627	IRS1	2038.1507233085588	2344.9543481776	2721.778931541539	1896.6205564510155	2093.065532575325	2021.863250438557	2449.337460284363	1689.9649066383517	1854.9944692948538
505	gRNA_5628	IRS1	696.173170701228	678.1167735386945	810.4093207991291	673.6571813007916	592.9374689606381	629.5817605061281	614.470762967508	551.3381847414025	745.2271967969735
506	gRNA_5740	JAK1	1214.9079373305153	1117.5078369184007	967.0789610239168	826.2372722253047	722.0409506005071	846.0966910343136	840.8862120298002	829.9907088477173	709.3068627611298
507	gRNA_5741	JAK1	1189.5960270119526	1103.3867172263356	842.5345096533027	1280.3149081558079	1080.5550799127088	1043.8612979794896	775.9824439366464	884.5875096094471	1000.5694570289149
508	gRNA_5742	JAK1	979.2585153219305	942.7211021891493	1145.350021340304	1277.0096017364829	1328.8433122610072	1472.9731809737389	1098.0657908004998	1057.5519644816486	1072.957482571625
509	gRNA_5769	JAK2	322.9978278938017	377.5732861869752	320.93538421804993	400.6567375857381	368.5928397747936	380.69686836946346	415.956670432424	509.7193120295921	429.67561475257014
510	gRNA_5772	JAK2	1751.1123851368461	1828.7153029543806	1961.0607895611809	1716.8833533244817	1632.1645033256812	1638.27454111848	1832.089380051513	1292.795556834785	1805.3901984834504
511	gRNA_5773	JAK2	986.9094705819494	982.417812053109	1228.8280367126026	1027.7716311981976	1155.3721739815796	984.345345512026	949.9706886208611	972.0766452563174	1064.5418614546559
512	gRNA_5776	JAK2	471.2350860566696	472.90599552439295	624.5421567142674	680.0891289275862	597.2569163017489	631.0743235774125	698.815751918058	552.8299006092093	502.2004796630358
513	gRNA_5777	JAK2	818.0783911775304	687.0864117980318	971.9847780410566	974.0827350356495	951.1849657209192	1028.8423820746907	1109.3459716935824	974.612562231589	1033.2740659225024
514	gRNA_5792	JAK3	487.7483978262106	499.8755159663197	475.7851245816406	565.475395522346	583.6053296434231	642.0819762281345	603.7887734854221	716.3219597208373	639.4503655218982
515	gRNA_5854	KDM5C	218.4985306340423	212.8470916675212	189.3487116454126	266.1218330586207	344.5959101019555	388.1596837258852	307.0431056730764	295.6580849993127	329.1670991360852
516	gRNA_5860	KDM5C	917.4132936367771	1002.7207094644472	1269.736220549075	1094.8604182499012	1026.3753453624788	1099.1794168089655	1195.7846305826213	1268.5551739829239	1139.256156249211
517	gRNA_5861	KDM5C	759.4210675173848	717.389243755253	1051.1899850435882	991.5025931915512	819.2551790306936	944.8857093149462	984.7512463745328	914.8693417259257	802.4260525188125
518	gRNA_5864	KDM5C	930.9937392233106	925.6909106291911	1317.6074995066488	1062.879345327784	1278.6097394791993	1004.4949469743647	1044.484931558357	885.1096101631796	1005.7009333197499
519	gRNA_5865	KDM5C	424.62801693105393	372.23998776250437	543.675302012382	702.7796108332221	497.37636235235817	574.0770712927416	613.7443876827261	509.34638306264037	598.6722339307306
520	gRNA_5912	KDM6A	416.21196614503305	325.45241522055494	503.40012682328256	580.0366102885613	410.1341913639956	436.2948427748053	482.996836421995	382.17760533210856	413.0496315702653
521	gRNA_6000	KDR	1300.8536680847287	1168.8408342539333	658.8037497533244	752.0018766993853	975.555180966446	1069.8878665350103	894.0397916926595	921.7312347178372	922.0920796210809
522	gRNA_6063	KEAP1	809.2797926285086	749.9950909412229	933.5295027131542	793.4522058498385	1099.699297140595	922.0308372859047	884.2123613691406	857.5874524021436	1065.773415764456
523	gRNA_6064	KEAP1	1857.3969052906102	1664.7769820658143	1290.9420102360664	882.5168139597562	1147.3731974239668	1025.9505411240773	1125.967147327708	1085.1487080360748	1071.0417314230467
524	gRNA_6080	KEAP1	1217.075707987521	1164.1135924686068	509.0972046496384	866.8836079224085	981.0478115360066	1112.7057696424797	1270.5585569572224	1032.7894810760552	1191.1866963124596
525	gRNA_6081	KEAP1	368.83980149341545	370.1793951894133	273.5388617460056	501.1559192544015	525.6927393663073	581.7264570330738	634.7665429834711	710.8771968033424	611.1246163964898
526	gRNA_6086	KEAP1	1129.1534804578025	1073.5081249165157	370.626563036821	502.49590834331696	577.3128014181012	587.6967093182112	420.10128235147334	570.2829762625491	718.6119397685102
527	gRNA_6087	KEAP1	1041.486284770085	842.1157000911752	424.19491982075095	984.1773195054798	958.7573301954593	958.3187769565053	806.0201983602718	720.9462789110385	824.936128514608
528	gRNA_6103	KIT	981.4900439394361	816.055264607965	748.6118515993518	616.3056482952078	534.6515931108335	682.1946087689013	473.0839501826193	551.3381847414025	563.5729361014204
529	gRNA_6104	KIT	585.043045549452	536.1177029871562	679.9304133593943	739.7633096872903	660.875443189962	938.9154570298087	679.5027149344468	674.1809864552945	747.6218857326965
530	gRNA_6105	KIT	1854.7190709496035	1545.9292751295932	1335.0943633903248	972.4747481289509	1093.4600954256573	1280.0594040102371	1104.0049769525394	900.6980409817609	1015.2796890626414
531	gRNA_6109	KIT	1254.5016308011136	1132.5380415691825	671.0682922961739	625.5962393116887	755.7433051632487	772.4946745816042	639.1675226500905	635.1726165121461	610.5088392415897
532	gRNA_6110	KIT	607.2945737640073	656.4199458573241	750.9856340270001	775.2283542405876	777.3938683791872	709.4338848198406	998.5096488274593	813.0597337481099	842.3831479034463
533	gRNA_6111	KIT	447.19833494810996	527.1480647278188	404.96728215679974	487.7560283652463	569.1538453293363	679.0229122424221	428.26232231578695	564.3161127913219	597.6459386725637
534	gRNA_6112	KIT	438.97355804358955	365.4521534040868	416.67794213319803	381.8968903409209	395.256094966836	486.4822760467415	328.79163625860326	324.5227870413748	398.5446585881721
535	gRNA_6113	KIT	1481.3524542606767	1441.0814765576079	751.2230122697648	595.669816325909	737.2923325703555	674.6385082205244	716.3769426266072	716.7694744811793	784.4316756589517
536	gRNA_6117	KIT	784.4141880334469	752.7223458173728	957.7420834751669	1154.4452664036774	929.9076880776694	1054.8689506302114	1029.3592344517233	1034.0574395636909	880.4929118233798
537	gRNA_6125	KIT	453.3828571166253	419.5730112796837	194.57103298623886	427.8138497877591	325.9849579779099	325.84517549976374	462.31650478467674	322.9564853801776	292.015210790441
538	gRNA_6134	KLF4	822.5414484125415	798.782650392349	1171.8572584490432	765.4017675885405	1041.2534417596385	1234.0698043762882	898.825322980634	931.8003168255332	835.8832779350556
539	gRNA_6135	KLF4	497.184575980234	447.6334336720705	656.5882194875194	560.8301000141056	642.3711440866846	733.9678903040771	533.8858343146521	778.974026168724	976.8278267233192
540	gRNA_6257	KMT2B	1243.2164717925855	1353.082052553838	1578.486188305197	1525.8902418510575	1544.7623528061663	1602.8261681754768	1441.6840284602383	1697.871000737728	1421.4873522451269
541	gRNA_6265	KMT2B	95.19063502673626	119.39315791145125	108.32360478168401	137.03621749309303	94.76120895251856	106.34511882900965	140.10497404703835	100.69082107696067	149.90752737625496
542	gRNA_6266	KMT2B	903.2590264057419	1021.8114935974965	944.528027961258	1259.3217457627982	1355.5598939634338	1442.2823528204544	1002.4833489147952	1408.2543650030332	1188.5183286412255
543	gRNA_6383	KMT2C	710.9650175372647	738.1769864779068	1022.3880915881223	825.3439461660276	931.507483389192	990.9685941408503	742.227357173255	603.921169081593	762.2636980825453
544	gRNA_6384	KMT2C	1234.035325480563	1406.4756424624613	1771.5538257539251	1302.2013966080945	1306.8194634723804	1144.8891608670485	1225.6942011324618	1347.7652865634661	1181.265842150179
545	gRNA_6472	KMT2D	707.9683933937572	649.5715058349921	143.69296295364367	270.1418003253672	243.86213198641946	191.79435466003844	372.8441608827254	253.36794014698924	221.40609702855366
546	gRNA_6473	KMT2D	115.21063462378595	90.66607321600561	118.21436489688527	53.599563556620474	103.02681806205169	93.84490310700325	42.51431813870179	154.46717811139672	99.75589909382919
547	gRNA_6479	KMT2D	760.8875006088886	807.8128943156008	986.4648508497113	1236.6312638571621	1186.8348151081896	1107.2952285090741	1168.5241934243381	1367.9034507788583	1289.7794607803662
548	gRNA_6480	KMT2D	109.21738633677109	102.48417767932186	80.23384605451248	131.94425895521408	154.16694152038892	155.03998902966143	151.7269786035478	146.11356925167848	103.10846360384127
549	gRNA_6487	KMT2D	945.5305542173468	776.6009773996631	259.45441934195907	329.45865066136054	284.0169943056352	290.5833729406711	320.80150812600306	324.0006864876423	325.6776952583175
550	gRNA_6488	KMT2D	123.5629274493067	93.27211676432664	93.68527981118618	126.49496999362432	104.83991941511056	130.97240950520134	104.5980410085849	101.06375004391239	95.24019995789452
551	gRNA_6525	KMT2D	489.7248946017155	388.72472834723266	484.96374996854735	492.7586542971976	522.2798427017259	563.2559890259299	484.79141065498544	562.8989827169054	637.9451324765865
552	gRNA_6526	KMT2D	1637.4956995255643	1781.3822794372013	2025.232041188607	1622.5481214648296	1617.7663455219783	1638.1812559265247	2216.512817532819	1924.6118126443655	1913.424879326493
553	gRNA_6527	KMT2D	2568.4894387488753	2477.195906838913	2090.115427544327	1481.223938887207	1505.1407555907915	1598.8149049214003	1747.274383563751	1798.412650227908	1935.2507584835105
554	gRNA_6604	KMT2D	303.93419770425436	302.36165726915243	186.18366840854821	432.5484779019273	483.35149012134394	433.5895722081025	309.5640551908487	431.4788147631241	606.1299794734107
555	gRNA_6629	KMT2D	520.3287156417915	505.6936597021062	206.28169296263715	464.79754864182723	438.717200929865	436.94783911849225	273.97166623653857	410.29644944026717	418.5232062804891
556	gRNA_6712	KRAS	1140.6936713083312	1000.6601168913562	502.7671181759096	690.3623786092718	778.7270311387892	834.5293272318598	662.2406199313959	725.5705981012396	780.8738520973062
557	gRNA_6717	KRAS	498.3322192692369	517.6935811571658	649.0712417999664	687.8610656432961	596.2970391148353	680.4221901217512	430.91145570734426	740.6369283660886	601.8195393891094
558	gRNA_6743	LATS1	716.8945078637793	869.1458261970164	684.9944825383774	1369.9155119012917	1471.1184419657452	1337.6163674466397	1465.4407730683972	1420.038920358707	1552.032109083965
559	gRNA_6744	LATS1	422.01394055054743	426.17902864635795	338.580500263569	635.6908237815188	607.0689942124205	647.026091401764	613.7443876827261	465.71369392929074	613.108787228946
560	gRNA_6745	LATS1	1502.5200971467293	1468.2934196551926	639.8134903321381	1034.4715766427753	1169.1304136606734	1056.7346544693169	1032.3074635487792	1226.7871296843327	1153.2137717602818
561	gRNA_6759	LATS1	833.4440596580687	746.9648077455008	998.5711412307177	652.0386906662882	1058.2112720617772	963.8226032818663	707.6604392092252	536.8685408236762	930.7129597896834
562	gRNA_6781	LCK	313.3703758582778	371.45211413161655	279.2359395723615	456.3109510786957	593.8440196371674	575.9427751318469	506.6253971563689	593.404572213555	509.6582252057158
563	gRNA_6782	LCK	145.62318178236143	128.7870358181898	113.78330436527511	221.00886706513177	206.53357471756016	206.25355941310553	152.88063346761308	136.7157592844955	226.81125205489968
564	gRNA_6797	LYN	1175.6330336624178	1046.7810271302467	253.51996327283828	504.72922349150946	479.5653078840739	488.9076910375785	560.9326316832936	541.3436884270967	477.6378131509064
565	gRNA_6829	MAP2K1	2649.8445963470767	2426.7719944620967	1478.7873263439685	1314.5292962261171	1570.412404300911	1525.0263180847803	1331.1468012996136	1684.1472147539055	1673.6138873348118
566	gRNA_6830	MAP2K1	1148.4721424893505	1125.2653618994493	984.2493205839062	1239.2219094290654	1352.626935892309	1293.2126160759306	1346.016130658677	1466.4312838474991	1393.1616031197186
567	gRNA_6831	MAP2K1	1488.1745560341935	1427.2027795212007	567.0966219651784	701.9756173798729	836.7462744366735	825.4806636121986	840.2452926608751	1095.9636480776742	841.493692013035
568	gRNA_6832	MAP2K1	1058.2546283816266	934.9635772081007	620.4276005063437	778.0869976302739	752.7570205817399	663.7241407617576	749.6192938948584	862.8830437328579	809.8153783776147
569	gRNA_6833	MAP2K1	470.0236848071666	483.330169717677	431.7118975083039	909.4952609499218	891.7792331530488	908.5977696443456	957.5762651321063	1103.4968132100987	950.5546681142448
570	gRNA_6834	MAP2K1	610.9287775125164	535.2086180284396	195.36229379545495	307.39349699721845	317.34606329568817	301.21788482357204	231.20098035026672	300.80450474324624	272.85769930465756
571	gRNA_6835	MAP2K1	1000.1711263659823	884.6002704951992	397.3711783883252	661.5079468946244	537.47789816119	596.558802553962	850.0299950264657	522.846411666292	548.7942843838161
572	gRNA_6837	MAP2K1	133.38165336633105	102.30236068757853	172.96961289463934	91.47658846996562	173.20450572750718	124.44244606833233	55.5890732647749	91.21842531638734	66.23025399370826
573	gRNA_6841	MAP2K1	221.62267069855008	238.72571015898805	174.39388235122834	399.0487506790395	341.2896664581422	322.30033820546345	384.7225331868049	330.6388220993827	406.96027970514126
574	gRNA_6842	MAP2K1	1027.4595334600501	1001.0843565387572	398.32069135938445	798.7228295995728	822.3481166329705	735.2738829914508	838.621630259598	975.5821775456635	865.0300632669974
575	gRNA_6848	MAP2K2	944.5741848098444	1122.174473039813	1125.8850054335878	924.4138061398479	918.1758557931709	865.6865813449206	1258.2529050738594	1273.9999369004188	887.8138179983042
576	gRNA_6849	MAP2K2	1394.7053859409616	1524.4748701038804	1886.7613995757893	1243.3312093017396	1359.55938224224	1318.3996179038538	1239.7516992908868	1202.322989452301	1257.0748518867788
577	gRNA_6888	MAP2K4	332.37024808732497	263.2103983804227	399.032826087679	552.4328350569017	471.406351795309	468.57151919132934	449.9253969854571	515.6861755008194	424.27045972622415
578	gRNA_6889	MAP2K4	299.5986563902436	252.7256185232242	375.7697582967257	331.6026332036253	370.56592065900475	451.68689944742516	241.62660208478252	346.5255960915254	395.39735312979343
579	gRNA_6890	MAP2K4	282.19273317370045	257.0286206611496	337.9474916161961	334.46127659331177	295.10890846552485	366.70408957617275	299.7366248673297	445.79928709406965	487.0113098421647
580	gRNA_6894	MAP2K4	447.9634304741118	399.1489025405167	592.1795896173289	597.4564684444629	571.6068648070041	596.9319433217831	603.3614939061385	653.5953074795603	479.14304619621794
581	gRNA_6895	MAP2K4	550.6775048398669	475.51203907271395	540.4311326945959	1080.209870877758	786.0327630614089	894.9781316188759	869.0866642625069	907.03783341994	808.4469847000587
582	gRNA_6912	MAP3K1	1133.042716048312	1008.5994588641481	1635.9317230542856	1036.079563549474	1132.1751419645027	1462.8050950506142	1508.937834239451	1026.449688637876	1232.306926323016
583	gRNA_6913	MAP3K1	1641.002387353073	1647.5043678501984	2407.0945077162964	1467.2880523624856	1945.4577518321787	1900.0327897449722	2032.4407747775156	2493.328487245717	2225.555477177006
584	gRNA_6914	MAP3K1	1380.9974244334276	1470.0509839087113	1722.891285987135	1120.498876151151	1227.2563099793258	1198.0617202815533	1672.4577292312215	1689.8157350515712	1387.1406709384723
585	gRNA_6915	MAP3K1	1409.1784429744976	1130.2956320043481	1724.8694380101751	1390.1046808409521	1442.9620444829484	1683.0514332570103	1797.3088222978413	1968.3190875711055	1538.2797526245279
586	gRNA_6992	MAX	1246.4043698175938	1131.6895622743803	1599.7711040731099	882.1594835360454	905.4308198113745	819.6036965190165	774.059685829871	525.3077428481735	634.2504695471856
587	gRNA_7029	MED12	627.5058472425575	650.1775624741365	761.9050331941822	814.0880378191374	871.4618326967126	813.5401590419239	591.0131140648474	746.5292060439256	958.1492530246802
588	gRNA_7143	MET	286.2732426457105	325.20999256489716	410.5061078213124	342.41187852087717	325.2917133429168	300.4716032879299	267.81884029485707	373.97316805917103	355.9191955323041
589	gRNA_7144	MET	669.0760374886606	647.2078849423289	916.9921518005377	865.543618833493	740.811882255705	800.4802321681857	769.2741545418965	834.9133712114799	854.69869100145
590	gRNA_7148	MET	1109.0059649397526	1254.7796656846124	1535.6789785266058	920.3045062671737	1010.6973513095577	1042.741875676026	1204.6293178737885	1330.013867736565	1254.1328054800335
591	gRNA_7150	MET	907.4032938382522	1005.5691756684259	1024.682747934849	1071.1872776790601	1027.6551816116967	905.2395027339558	1005.1752102642808	743.6949458950926	842.1094691679352
592	gRNA_7152	MET	865.833103592149	674.6016450316567	980.846899104277	1152.3012838614125	825.8676663183202	883.8771937761986	1095.0321057875874	799.3359477642872	774.3739821289154
593	gRNA_7170	MGA	1267.125706980145	1093.6292053361105	885.9747280792666	676.873155114189	732.5462731461719	718.2959780555915	647.1576507826908	649.9406036034336	750.9744502427085
594	gRNA_7171	MGA	1076.106857321671	893.4486974267078	978.1566123529423	720.9141298365455	806.0835309658247	816.5252851844924	619.4272060871958	809.7033730455446	794.7630479244992
595	gRNA_7188	MGA	539.3923458313388	490.84527204306784	764.990950350125	636.6734824467236	723.6940724224138	760.1810292435084	609.8561435112468	813.1343195415002	779.0265206326056
596	gRNA_7203	MGA	1566.6606054098886	1561.6261420834335	982.5876728845524	1078.5125513651317	886.9265207080971	944.4192833551699	1022.4373052673318	828.0514782195685	881.5192070815468
597	gRNA_7204	MGA	1096.9557104052226	1016.3569838451966	753.6759207783348	1158.5545662763518	956.4109637385595	1085.0933528237194	1002.9106284940787	822.9050584756349	1121.5354581248614
598	gRNA_7205	MGA	1349.2459601043488	1337.6882139195693	1297.1138445479519	1712.7740534518075	1626.298587183432	1539.019096878071	1632.8061842737188	1729.8683061021845	1584.5998786097969
599	gRNA_7214	MITF	725.4380745708005	726.1164593589327	1089.8035125333338	933.6150645504011	824.9611156417907	915.0344478892594	916.1301459416131	892.866532675775	962.322853741226
600	gRNA_7264	MLH1	964.2116366438931	952.7210367350323	1290.2298755077718	1550.2780432693198	1264.6915202689531	1424.8380219248186	1341.657878949986	1300.030378793648	1446.7342155960343
601	gRNA_7308	MSH3	678.0659099191829	697.1469520078293	852.6626480112687	661.1506164709136	752.4903880298195	812.23416635455	568.6236641103953	746.0071054901931	835.062241728522
602	gRNA_7309	MSH3	651.4788403906169	667.5713880175814	886.3703584838747	722.254118925461	628.6129044075908	723.7065191889972	592.1667689289126	854.60402066653	814.8100153006939
603	gRNA_7310	MSH3	726.2669280573026	670.662276877218	1182.0645228879312	918.1605237249088	860.3165920264389	957.1993546530421	910.6182393688567	635.4709596857074	627.3400814755279
604	gRNA_7384	MTOR	1147.452015121348	992.6601692546499	477.2885201191512	554.130154569528	668.7144402164224	755.7033400296554	948.3042982616558	940.4522688588128	883.6402172817584
605	gRNA_7392	MTOR	1130.874945391307	1227.3252999313702	1111.088428301247	635.2441607518804	1119.2701264515542	1039.290323573681	1019.1899804647777	990.4247504303413	1322.6893287255868
606	gRNA_7393	MTOR	1856.631809764608	1790.7761573439398	987.6517420635354	1376.9727877695802	1019.9761641163885	1229.1256892026588	2221.554716568364	1839.5840081793765	1356.6939116128524
607	gRNA_7428	MTOR	659.129795650636	640.5412619117402	774.8025843844046	701.2609565324514	567.8206825697341	671.0003857342687	603.7460455274937	643.9737401322063	634.11363017943
608	gRNA_7429	MTOR	1090.3248825132061	1034.9629226669304	423.9575415779861	493.74131296240233	454.7684805554745	434.61570931961046	1032.1792796749942	1094.9194469702095	1387.277510306228
609	gRNA_7430	MTOR	673.4753367631716	540.1176768055094	221.31564833774303	344.37719585128656	269.77881603308464	292.262506395866	480.6467987359361	325.26864497527816	472.9168549633383
610	gRNA_7467	MTOR	1136.8681936783216	1030.781131856834	849.4184786934828	953.8042334900614	912.7898782443783	1051.2308281439557	769.7014341211799	575.8769107668247	714.1646603164533
611	gRNA_7468	MTOR	926.1481342252987	1053.1446218412632	1308.508000200664	1030.5409419819564	1029.6282624959078	1136.3069232071637	1236.5043744883328	1118.9360724418993	897.324154057318
612	gRNA_7473	MTOR	597.0933000839821	694.2984858038504	701.7692116937586	897.7926895733931	929.6943820361331	841.1525758606842	767.3941243930494	792.7723979459371	756.2427659012991
613	gRNA_7478	MTOR	680.7437442601896	747.3284417289875	736.0308047328158	801.7601382011147	870.5552820201831	915.2210182731698	920.6165815240892	700.8081146956464	840.1937180193569
614	gRNA_7479	MTOR	871.890109839664	887.2669197074346	1044.7807724889378	974.529398065288	1144.7068719047627	1208.6962321644544	1099.09126179078	1002.9551637199187	1062.9682087254664
615	gRNA_7481	MYC	340.97757275484634	313.5130994294098	244.73696829053955	375.4649427141265	409.8142323016911	388.5328244937063	499.1052765609805	524.4872991208797	581.9094113806702
616	gRNA_7482	MYC	2105.7341614387265	1818.6547627445832	694.0148557634409	1111.4762829524532	1133.9349168071776	1161.6804954189975	1120.24160096531	1320.392300389211	1141.7876845526896
617	gRNA_7509	MYD88	993.093992750465	943.2665531643793	1274.4837854043715	1179.369063457506	1071.7028791889506	1229.6854003543904	1025.5991741540292	1051.0630004566888	1066.868130706501
618	gRNA_7510	MYD88	583.1940646949475	643.935179090949	574.297095329045	896.7206983022605	811.8427940873058	778.5582120586969	719.9233631346598	742.7999163744084	704.9964226768285
619	gRNA_7511	MYD88	956.879471186375	930.5393637423465	420.6342461792785	784.7869430748515	916.4694074608801	836.3950310709653	559.4798811137298	939.0351387843963	799.7576848475784
620	gRNA_7512	MYD88	2317.346832338752	1978.7143211426255	539.6398718853799	806.3161011034274	719.4812781020711	703.370347342748	878.1022633853873	929.1898140568712	1085.6151240890176
621	gRNA_7513	MYD88	1726.820602186286	1517.1415847702328	406.3124255324671	647.2147299461923	686.2055356224022	641.9886910361793	601.4387357993633	979.0877098350096	1028.4162683671786
622	gRNA_7514	MYD88	711.0287754977647	737.2072958552757	479.26667214219145	883.0528095953224	910.3901852770944	868.2052815277129	1021.6682020246216	1354.478007968597	1076.994243920415
623	gRNA_7557	NCOA3	6241.968090925993	3532.7647552367534	765.4657068356547	1114.3349263421399	1100.6058478171246	1012.797329058384	1639.3435618367553	1447.2627349461816	1417.6558499479702
624	gRNA_7558	NCOA3	1097.1469842867232	1061.2051751418837	293.3203819764081	738.7806510220856	616.0278479569467	603.9283327184285	500.3016593829741	718.9324624894992	753.0954604429203
625	gRNA_7602	NCOR1	506.36572229225675	585.5719247413411	765.2283285928899	770.6723913382748	690.0983708804404	745.4419689145756	927.1112311291973	871.1620667991857	788.4684370077418
626	gRNA_7627	NEGR1	1002.4664129439881	955.2058689555244	983.7745640983765	1239.400574640921	1166.5707411622375	1234.2563747601987	1433.9929960331365	1326.5829212406095	1199.3286386939176
627	gRNA_7664	NF1	776.1256531684264	829.4491163330567	328.2149836628381	470.6935006330555	481.6450417890532	439.93296526106093	379.29608252990533	404.25500017564957	394.98683502652665
628	gRNA_7667	NF1	874.4404282596703	832.5400051926932	1182.3810272116175	1187.7663284147097	997.7923357966092	1143.956308947496	1342.9824456457648	1213.8092016344133	1167.5819053746193
629	gRNA_7683	NF1	792.4476910564669	822.7218876385535	805.7408820247541	900.8299981749349	944.9457640059813	906.4522102293743	796.6627755739647	908.2312061141853	1086.7782587149402
630	gRNA_7684	NF1	1118.6334169752765	1187.6285900674106	1636.722983863502	972.2067503111678	1305.5929537335462	1182.2965228411124	1215.7385869351576	1077.988471870602	1213.9704510437662
631	gRNA_7765	NF1	533.3990975443239	497.26947241799877	585.058242334384	720.4674668069069	611.8683801469881	604.48804387016	863.9165813531773	967.1539828925548	732.91165369897
632	gRNA_7787	NF2	1172.6364095189103	1271.2038006054263	1633.9535710312455	1338.2917694028856	1185.128366775899	1141.8107495325246	1654.981994438529	1680.7162682579497	1436.060744911098
633	gRNA_7812	NFE2	167.9384679574168	136.0597154879229	179.45795153021137	241.28736861071985	319.58577673181975	237.78395429398734	198.0013570399438	197.80152407118496	218.66930967344175
634	gRNA_7813	NFE2	1343.3802277383343	1311.0823274611294	413.433772815412	666.9572358562142	579.3392088126964	570.4389488064859	721.077017998725	636.6643323799528	730.1064466599803
635	gRNA_7814	NFE2	464.03043652015174	486.5422699051424	480.05793295140757	638.9961302008438	791.6320466517377	656.8210365570674	551.7461207286997	652.9986211324376	704.0385471025393
636	gRNA_7815	NFE2L2	945.3392803358463	1051.8112972351453	1278.440089450452	1098.5230550929366	1097.2462776629272	1123.0604259495149	1148.35659728216	1460.1660772027105	1319.4051838994526
637	gRNA_7816	NFE2L2	900.7087079857355	984.7814329457723	1312.7808085704305	916.1058737885718	834.2399284486214	858.1304807965436	1115.6697094669773	1096.2619912512357	1115.5145259436151
638	gRNA_7822	NFE2L2	904.2153958132443	807.6310773238575	539.8772501281446	603.7990834653298	626.9597825856841	679.3960530102432	630.6219310644218	356.14716343887943	569.457028914911
639	gRNA_7823	NFE2L2	752.216417980867	641.4503468704569	918.0207908525186	609.5163702447026	646.6372649174114	646.6529506339429	722.7861363158588	569.2387751550843	764.2478689150014
640	gRNA_7826	NFE2L2	1667.2706670791383	1477.929720217589	1291.179388478831	1109.778963439827	1002.3784156896406	1153.3781133349783	1154.1675995604148	1542.7325504858184	1368.7357759753447
641	gRNA_7827	NFE2L2	1068.137112259151	1297.2642360886366	1064.0084101528892	1428.6070339957912	1328.7899857506231	1279.4064076665502	1861.187119400715	1268.8535171564854	1398.2246597266756
642	gRNA_7828	NFE2L2	746.2231696938521	634.9655408316115	862.2369038027837	759.5058155973122	909.483634600565	960.1844807956107	839.6898292078066	629.5040962144801	749.0586990941302
643	gRNA_7829	NFE2L2	659.129795650636	637.5715843799326	1017.6405267328255	807.1200945567767	799.3110641470458	800.4802321681857	704.2422025749577	525.3077428481735	704.3122258380504
644	gRNA_7839	NKX2-1	905.745586865248	837.3884583058486	296.5645512941941	745.7485942844463	669.674317403336	637.6042870142816	565.6327070554113	579.6062004363417	682.828445100422
645	gRNA_7843	NKX2-1	1055.4492781196195	927.751503202282	192.4346288013554	233.6940971068653	337.07687213779957	309.800122483457	362.63217893785134	361.3681689762034	460.1907937620679
646	gRNA_7873	NKX3-1	1553.3989496258555	1698.8979708496452	1845.3784592537872	1287.5508492359518	1599.5820054810054	1281.5519670815215	1581.618090675563	1505.1413106170862	1575.4316409701719
647	gRNA_7885	NOTCH1	1645.847992351085	1969.0174149163145	2029.9004799629815	1368.8435206301594	1536.0701316135603	1181.7368116893808	1511.202416009653	1585.470210098484	1530.2062299269476
648	gRNA_7886	NOTCH1	687.4383301127062	658.6623554221585	789.7574136785888	879.9261683878528	937.9599911456662	784.1553235760132	795.7654884574695	846.3995833935924	944.5337359329985
649	gRNA_7901	NOTCH1	1671.2236606301478	2312.4697123194587	1395.3884370525914	1397.8766175566623	1497.9950031993242	1185.3749341756366	1634.216206885354	1796.4734195997594	1635.0936053116116
650	gRNA_7902	NOTCH1	590.271198310465	641.0867128869702	414.3832857864713	785.23360610449	997.6856827758412	845.5369798825819	979.2393398017764	1034.3557827372524	907.9292050583766
651	gRNA_7917	NOTCH1	1390.6248764689515	1443.445097450271	1461.5378407030576	1523.5675940969372	1473.6247879537973	1578.5720182671062	1865.2890033618357	1655.3570985052336	1601.5679602114908
652	gRNA_7918	NOTCH1	1145.1567285433423	1222.8404808017015	1286.1153192998481	1603.9669394318678	1968.761436870024	1703.854031063036	1649.7264556133428	1854.575752650835	1925.8088421083746
653	gRNA_7919	NOTCH1	741.1862908143396	761.7525897406247	886.8451149694043	732.8846990308573	849.8645959911582	1060.3727769555726	628.6564449997179	810.449230979448	910.5975727296108
654	gRNA_7935	NOTCH1	1334.7729030708128	1323.0216432522745	1310.2487739809392	1124.8761738416085	1252.7463819429183	1441.5360712848124	1172.1987978061757	1385.2819406388078	1278.5586326244072
655	gRNA_7956	NOTCH1	1358.873412139873	1446.172352326421	1658.6409082787877	1246.9938461447755	1544.3357407230935	1438.8308007181092	1566.8342172323562	1313.7541647774706	1405.4087265338444
656	gRNA_8028	NOTCH2	2777.934338991895	3226.1607014935903	4091.847022699215	2559.5578250404833	2679.6571468002576	2374.0148500697073	2828.6335428142684	2656.5222031837843	2564.6434304753725
657	gRNA_8198	NOTCH3	678.1296678796832	628.1171008092795	669.4857706777418	906.45795234838	999.6054371496682	1075.2984076684158	977.6584053584278	811.568017880303	1022.5321755536879
658	gRNA_8216	NPM1	1126.093098353795	1160.7802809533125	1660.619060301828	1836.7677104794561	1567.4794462297864	1579.225014610793	1562.4759655236653	1735.5368263998505	1643.5092264285809
659	gRNA_8217	NRAS	3172.7236304088747	3370.7658155934496	1960.2695287519646	2071.3551336455985	2269.62960845703	2196.3998445868706	2513.4293971768784	2579.549664404952	2264.965215090618
660	gRNA_8225	NRAS	864.9404921451468	704.8438713249635	797.9865260944364	1048.6754609852796	1058.104619041009	1291.9999085805118	944.2024143005348	699.7639135881815	865.7826797896532
661	gRNA_8226	NSD1	1813.467670506001	2099.92564897151	2214.8181310767845	1802.8213202269299	1945.4044253217949	1683.0514332570103	1859.606184957366	2018.6644981095856	1908.9775998744362
662	gRNA_8227	NSD1	485.7719010507057	552.6024435718846	524.6850425911955	622.0229350745807	681.672782239755	570.7188043823518	669.4616448212861	520.1613231042398	586.4251105166048
663	gRNA_8228	NSD1	987.7383240684514	939.4483963377694	1031.0128344085776	1630.498723392395	1625.3920365069023	1367.8407696401478	1724.7994776934422	1232.4556499819987	1371.4725633304568
664	gRNA_8241	NSD1	587.1470582459573	639.7533882808524	680.405169844924	1198.486241126034	861.5431017652728	697.866521017387	819.1376814442733	649.8660178100433	649.7817377874456
665	gRNA_8302	NTRK2	1151.0224609093568	1341.5063707461793	1238.0857881804309	1212.6007928626107	1125.5626546768763	1201.1401316160773	1414.3808633440267	1402.0637441516346	1215.7493628245888
666	gRNA_8366	NTRK3	786.3906848089518	727.8740236124515	968.7406087232706	1030.1836115582457	776.5939707234259	818.6708445994636	910.7891512005701	854.0073343194073	879.6718756168463
667	gRNA_8367	NTRK3	881.5175618751879	925.0848539900466	1278.6774676932168	1115.6749154310553	1058.584557634466	948.5238318012017	1097.1685036840047	1141.833911012734	1114.556650369326
668	gRNA_8409	NTRK3	740.1024054858369	755.3889950296083	944.4489018803363	849.2850845546516	853.2241661453556	919.1389963352912	914.634667414121	1051.1375862500793	923.4604732986368
669	gRNA_8410	NTRK3	391.8564252339726	355.6946415138616	325.2081925878169	489.7213456956557	464.3672524246098	572.1180822616808	632.1601375498421	478.46786459903905	573.3569508959455
670	gRNA_8493	PAX5	2155.59288654985	2087.5014878690495	1096.845733735357	978.72803054389	1177.3960227702066	1006.0807952376044	1075.0354214771226	1094.9940327635998	990.443343815001
671	gRNA_8494	PAX5	1310.8636678832536	1350.9608543168324	1493.1882730717014	1622.8161192826126	1547.0020662422978	1609.6359871882116	1778.978528346582	1679.8958245306558	1745.3177160387438
672	gRNA_8513	PAX5	403.3966160845012	464.8454422237721	539.9563762090662	921.4658301442338	810.9362434107765	889.7541608693806	638.7402430708071	569.5371183286458	569.2517698632777
673	gRNA_8569	PDGFRA	1280.1960888826775	1537.5050878454856	1302.0196615650918	1966.38932168055	1889.6248954600421	1675.2154771327675	2178.9976704717337	1878.2940349489636	1822.4951194528999
674	gRNA_8650	PDGFRB	1055.895583843121	1172.1135401053134	1179.7698665412045	1108.4389743509116	1182.4087147463106	1107.7616544688506	882.033235514795	1015.8585059764478	923.734152034148
675	gRNA_8651	PDGFRB	630.5024713860648	593.6324780419619	641.0795076268838	566.9047172171893	777.0739093168826	847.9623948734189	634.3819913621161	777.9298250612592	673.1128499897746
676	gRNA_8652	PDGFRB	698.659731160734	777.0858227109786	954.4187880764592	861.8809819904574	926.8147504753925	713.0720073060962	775.0424288622229	727.7335861095595	886.7191030562594
677	gRNA_8668	PDGFRB	1108.1133534927503	1176.2953309154097	1248.213926538397	1506.4157337588185	1465.0925462923437	1291.1603418529144	1503.468655624623	1452.5583262768957	1236.001589252417
678	gRNA_8672	PDGFRB	1639.5997122220695	1882.472526846491	2119.550329647166	1677.398341504438	1783.3984867749455	1579.7847257625249	2110.2911141229574	1631.638816207105	1732.9337532568625
679	gRNA_8673	PDGFRB	614.3717073795249	646.3594056475266	693.381847116068	592.1858446947286	571.3402322550837	637.4177166303709	540.2523000459753	668.7362235377996	648.6186031615231
680	gRNA_8695	PHF6	817.8871172960299	708.1771828402577	876.4004722877518	693.3996872108136	647.1172035108681	594.5998135229013	650.7895272065999	911.2146378497989	967.6595890836942
681	gRNA_8696	PHF6	907.9771154827536	817.0249552305961	1221.231932944128	910.3885870091989	942.1194589556249	1167.1843217443586	949.201585378151	1092.2343584081573	1187.697292434692
682	gRNA_8699	PHF6	579.4323450254382	616.0565736903055	823.7025023939595	729.0433969759662	718.148115342469	722.5870968855339	615.2825941681465	789.7889662103235	874.1983009066224
683	gRNA_8775	PIK3CA	1127.1132257217976	1176.052908259752	1694.0102664507474	1634.6080232650693	1474.6913181614789	1642.5656599484225	1367.2946537069922	1385.6548696057596	1220.4019013282793
684	gRNA_8782	PIK3CA	694.5154637282238	630.1776933823706	1022.8628480736519	951.4815857359412	803.7371645089249	892.4594314360835	856.3537327998605	892.9411184691654	785.663229968752
685	gRNA_8783	PIK3CA	1772.280028022899	1602.23193690611	2386.2843484339132	1893.851245667257	1853.736153971553	1780.9075996180904	1797.907013708838	1513.2711620966336	2072.9111624456395
686	gRNA_8784	PIK3CA	1512.0200332612528	1468.2328139912781	2524.438485723044	2256.541625733722	1781.3187528699661	2005.1652010785633	1835.9348962650638	1834.1392452618816	1557.232005058678
687	gRNA_8789	PIK3CA	806.8569901295026	761.3283500932237	927.5950466440335	1014.4610729149703	894.0722730995644	931.079500905566	855.7128134309354	1201.8008888985685	1238.1910191365066
688	gRNA_8790	PIK3CA	702.4214508302434	740.5406073705699	829.7160845440019	769.6004000671423	905.11086074907	1071.8468555660709	740.1764151926945	754.7336433168631	760.4847863017225
689	gRNA_8791	PIK3CA	1157.3982569593727	1432.3542609539281	1399.74037150328	1280.4042407617355	1721.2197756671026	1587.4341115028571	1383.445821803906	1172.0411573358224	1345.0625653536267
690	gRNA_8793	PIK3CA	1123.287748091788	1263.7493039439498	1391.8277634111191	969.7947699511199	996.9391116304638	904.1200804304924	1405.4079921790747	1006.6844533894357	818.504678230095
691	gRNA_8794	PIK3CA	1557.224427255865	1593.8077496220026	2020.0097198477804	1710.0940752739764	2034.7796567255207	2007.4973308774452	1682.7551670919522	1285.0386343221892	1375.2356459437356
692	gRNA_8795	PIK3CA	1526.93939601829	1710.7160753129615	1766.2523783321774	1474.345328230774	1496.6618404397218	1305.5262614140263	1284.9578787790742	1405.3455190608097	1531.779882656137
693	gRNA_8803	PIK3CA	1454.7653847321108	1682.5950472566603	1853.6866977505563	1400.9139261582038	1673.3858958525786	1444.6144826193363	1371.4392656260416	1641.633312521411	1547.8585083674193
694	gRNA_8804	PIK3CA	601.2375675164923	577.0871317933193	716.1701584214917	941.4763338720387	842.5588640685386	977.9086672671124	722.2306728627902	864.9714459477874	803.1786690414683
695	gRNA_8808	PIK3CA	702.3576928697432	597.6930575242295	676.132361475157	740.2993053228565	790.9921285271288	872.8695411254765	739.8345915292679	547.758066658666	711.9752304323638
696	gRNA_8813	PIK3CA	523.7716455088	534.4813500614663	636.6484470952737	847.0517694064589	588.6180216195272	490.1203985329971	622.9736265952483	812.5376331943775	722.9907995366893
697	gRNA_8814	PIK3CA	501.07381157074366	484.66349432379474	596.2941458252526	700.724960896885	635.9719628405944	615.2158409450163	588.9621720842869	609.1421746189169	644.1713237094663
698	gRNA_8824	PIK3CA	1007.0569860999994	1023.6902691788442	1313.2555650559602	998.2025386361287	976.6750376845117	1016.995162696371	970.0101008892543	1049.795041969053	1200.4917733198401
699	gRNA_8825	PIK3CA	2943.960068134307	3434.4017627036137	3534.5620347683166	2844.707503161704	3094.377418057284	2860.7769816923146	2483.5625545849666	2746.6964273927065	2574.564284637653
700	gRNA_8826	PIK3CA	1789.3671614369412	1773.9277827757248	2150.567753368437	1379.7420985533388	1833.5787330463693	1754.6011754867038	1291.4525283841826	1652.6720099431814	1754.1438552589798
701	gRNA_8827	PIK3CA	1770.0484994053934	1864.5938559917306	1917.224940730609	1408.06053463242	1354.8133228180563	1336.2170895673105	1174.8052032398048	1512.6744757495107	1593.0839194106438
702	gRNA_8831	PIK3CA	45.90573156011394	59.63597329181118	70.10570769654642	105.41247499468695	69.27113698892606	51.02699999953357	61.91281103816974	38.038754629074035	36.194012771355034
703	gRNA_8833	PIK3CA	824.6454611090468	797.5099314501457	680.5634220067673	1127.1094889898009	992.5130112685848	1112.425914066614	1387.4622498491703	1083.1348916145355	1410.8823012440682
704	gRNA_8834	PIK3CA	1007.6308077445009	999.266186621324	1074.1365485108552	1137.5614038833419	1372.9443363486455	1346.5717458743457	1405.322536263218	1289.961296685952	1302.3002629300033
705	gRNA_8835	PIK3CA	1064.5666664711423	1210.4163196992408	1190.6892657083865	1163.8251900260861	1272.4238642746454	1163.546199258103	1292.648911206176	1186.2870438733773	1113.2566763756479
706	gRNA_8840	PIK3CA	1440.1648117775744	1574.6563598250386	1909.2332065575265	1405.2912238486613	1407.4999150775323	1287.4289341747035	1969.6734045807789	1744.4871216066913	1963.0291501378963
707	gRNA_8841	PIK3CA	823.8166076225448	753.8132477678329	1119.001036393408	1022.8583378721743	873.1682810290032	1033.5066416724544	1099.0058058749232	900.5488693949802	1070.562793635902
708	gRNA_8852	PIK3CA	1193.6127785234626	1179.749853758533	1420.86703510935	1118.8015566385247	1148.759686693953	1209.255943316186	1205.3129652006419	1034.281196943862	1367.7094807171777
709	gRNA_8854	PIK3CA	674.8142539336749	675.2683073347157	1019.776930917709	698.670310960548	667.9678690710452	757.1026179089845	728.3834988044717	643.7499827520352	723.8802554271007
710	gRNA_8855	PIK3CA	1145.092970582842	1220.598071236867	1569.3866889992116	1196.7889216134076	1408.5131187748298	1627.8265996194896	1336.7441637882266	1170.624027261406	1392.6142456486962
711	gRNA_8857	PIK3CA	439.41986376709065	407.57308982462416	429.89199764710685	741.5499618058444	737.4523121015076	771.8416782379173	551.1052013597746	736.9076386965716	610.5088392415897
712	gRNA_8858	PIK3CA	964.4029105253936	955.0846576276955	1183.726170587285	1504.3610838224813	1153.4524196077525	1138.172627046269	1337.6841788626502	1509.5418724271165	1231.280631064849
713	gRNA_8861	PIK3CA	847.662084849604	945.145328745727	1272.110002976723	1203.9355300876236	1057.411374406016	1134.6277897519687	1116.2251729200457	1141.2372246656114	1100.1200970711106
714	gRNA_8862	PIK3CA	183.81420012195622	185.63514856993663	284.53738699410934	397.61942898419625	267.9657146800257	237.59738391007681	303.1548615015972	366.88751768708863	346.9562169443126
715	gRNA_8867	PIK3CA	423.1615838395503	390.2398699450937	608.163057963494	702.6009456213668	562.2213989794053	600.2902102321729	593.5340635826196	443.4125417055787	466.62224404658093
716	gRNA_8868	PIK3CA	413.53413180402634	424.0578304093525	591.5465809699559	526.1690489141578	414.0803531324179	482.56429798462005	488.25237524718125	476.9015629378419	423.58626288744614
717	gRNA_8869	PIK3CA	491.38260157471956	446.30010906595277	663.155684204013	623.98825240499	722.5742157043479	717.456411327994	418.64853178190964	665.9019633889666	652.3816857748019
718	gRNA_8891	PIK3CB	1787.3269067009362	1787.9276911399609	2597.5509844946114	2184.0928823263566	2179.081193824854	2157.4066343495665	1629.4734035553079	1888.43770285005	2014.2070736784892
719	gRNA_8893	PIK3CB	970.587432693909	867.8125015908987	1453.2296022062885	1278.4389234313262	1230.562553623139	1088.6381901180198	1144.6819929003225	1032.7894810760552	1098.8885427613104
720	gRNA_8895	PIK3CB	685.6531072187018	679.8137321282987	759.6103768474555	859.6476668422648	760.382711566664	755.9831956055211	922.3256998412229	811.1950889133515	733.6642702216258
721	gRNA_8896	PIK3CB	605.3818349490025	697.0257406800004	639.3387338466084	762.5431241988541	981.7410561709999	928.3742303388632	866.5657147447347	899.0571535271733	583.8935822131264
722	gRNA_8897	PIK3CB	96.5295521972396	74.36314962302065	103.3386616836226	51.00891798471716	113.42548758694821	83.86338756778919	50.76081401887208	115.0112934079062	108.99255641733188
723	gRNA_8935	PIK3CD	990.0973686069574	935.2666055276729	1075.9564483720521	1090.2151227416607	1261.918541728981	1210.7485063874703	1394.8541865707737	1048.3033261012463	1183.5921114020239
724	gRNA_8936	PIK3CD	515.8019004462802	498.6027970241164	492.5598537370219	475.96412438278986	499.1894637054171	499.1690621526584	641.3893764623643	499.94857309545733	519.5790793679964
725	gRNA_8997	PIK3CG	1210.763669898005	1340.2942574678905	1086.7967214583127	2096.189598093499	1820.1937789399637	1799.4713528171894	1983.517262949562	1425.0361685158598	1488.9491605486355
726	gRNA_8998	PIK3CG	463.96667855965154	495.8149364840521	391.515848400126	760.4884742625169	620.2406422772893	493.47866544338683	362.2903552744246	560.9597520887564	517.389649483907
727	gRNA_8999	PIK3CG	565.0230459524024	471.20903693478857	152.8715883405504	468.01352245522446	403.5217040763691	358.58827787606407	353.40294002532914	300.6553331564656	332.24598491058606
728	gRNA_9000	PIK3CG	638.4084584880845	752.055683514314	522.3112601635473	1231.628637925211	994.379439132028	982.7594972487866	921.599324556441	885.4825391301312	808.310145332303
729	gRNA_9037	PIK3R1	523.0703079432983	613.3293188141556	642.1872727597863	661.8652773183353	613.6281549896629	629.5817605061281	551.7461207286997	561.7801958160502	463.54335827208007
730	gRNA_9041	PIK3R1	792.511449016967	817.2673778862538	831.2194800815125	1127.0201563838734	1091.9669531349027	1033.9730676322306	987.1867399764483	878.2477171712682	932.2181928349949
731	gRNA_9055	PIK3R1	837.3332952485783	961.2664353469687	951.7285013251245	1042.0648481466299	1021.2026738552224	1159.3483656201156	946.2960842390237	1113.0437947640626	1144.934990011068
732	gRNA_9056	PIK3R1	269.75993087616956	248.1195880657266	417.5483290233357	430.85115838930096	522.4931487432622	503.27361059869037	185.9093449462226	145.81522607811712	165.71247435202625
733	gRNA_9063	PIK3R1	2346.0379145638226	2424.711401889006	3693.2098270161446	2808.1704673372747	3054.3292087588366	2759.7491188047557	2744.715833443002	2729.0195943591957	2059.0219666184466
734	gRNA_9064	PIK3R1	977.9833561119273	1102.6594492593624	1463.1203623214894	1842.752995076612	1272.050578701957	1525.3994588526016	1273.0795064749948	1426.6024701770568	933.6550061964288
735	gRNA_9084	PIK3R2	2322.5112271392645	2203.2583059456338	1030.538077923048	1172.7584506188562	1502.6344096027394	1533.7018409366206	977.2738537370726	1292.9447284215655	1409.240228831001
736	gRNA_9085	PIK3R2	898.2859054867295	1052.5385652021187	1125.0146185434503	1233.6832878615483	1350.760508028866	1251.7007056558346	981.3757376981936	1203.1434331795947	1216.5703990311226
737	gRNA_9105	PIK3R2	2384.037659021917	2321.9848015540265	1301.2284007558758	1628.5334060619857	1704.2086188545795	1554.3178683587357	1467.2353473013877	1508.6468429064323	1266.6536076296704
738	gRNA_9114	PIK3R3	1109.3885127027536	1049.8113103259689	293.08300373364324	600.8511074697155	536.251388422356	504.1131773262878	595.07227006804	520.9817668315336	621.1138902426484
739	gRNA_9115	PIK3R3	616.5394780365302	617.8747436077388	160.0720617044169	308.55482087427856	394.616176842227	356.3494332691376	297.8993226764109	607.2775297841584	421.60209205499
740	gRNA_9116	PIK3R3	196.5657922219879	199.2108172867717	114.73281733633442	179.737203126534	191.44217227886415	171.83132358161032	191.59216335069226	197.72693827779463	202.79594301379265
741	gRNA_9286	PMS2	1607.0831523669888	1538.9596237794324	2220.7525871459047	1663.9091180093549	1756.3619460102145	1830.1621809704739	1583.711760614052	1742.920819945494	1954.339850285416
742	gRNA_9392	POLE	1060.2311251571314	1197.6891302772078	818.1636767294469	1654.9758574165849	1475.5445423276242	1246.5700200982947	1412.3299213634662	1124.1570779792232	1441.123801518055
743	gRNA_9410	POT1	898.0308736447289	965.8118601405517	1258.9750735437358	863.756966714939	865.2226309817746	918.2994296076937	1103.1076898360443	968.3473555868004	1049.6947900531738
744	gRNA_9411	POT1	892.5476890417153	925.5090936374477	1228.907162793524	1108.3496417449837	1110.897864321253	1140.8778976129718	887.5451420875512	902.3389284363484	874.9509174292782
745	gRNA_9513	PRDM1	1310.7999099227534	1375.8091765217537	1781.919342354656	1437.1829641648505	1276.9032911469087	1338.4559341742372	1208.432106129411	1350.5995467122991	1720.4129511072256
746	gRNA_9611	PRKD1	822.8602382150423	848.4186891382772	836.7583057460253	858.66500817706	1032.4012410358803	991.3417349086715	965.5663932647066	880.5598767663688	925.7867425504819
747	gRNA_9612	PRKD1	1087.0732265276981	1123.447191982016	1532.4348092088198	1341.6864084281383	1470.2652177996	1311.8696544669847	1280.6850829862399	1635.8156206369642	1386.5248937835722
748	gRNA_9624	PRKD1	244.7668103601075	235.6348212993515	288.9684475257195	529.5636879394103	318.2526139722176	297.48647714536116	280.7654115471452	408.13346143194724	308.64119397274584
749	gRNA_9625	PRKD1	493.1040665082239	397.02770430351126	708.4158024911738	642.5694344379518	589.791204847977	684.3401681838726	652.6268293975187	632.1145989831421	652.8606235619466
750	gRNA_9703	PTPN1	942.5976880343395	820.1158440902327	267.2087752722768	596.1164793555474	553.2625452348791	452.8063217508884	578.6220062656278	629.2057530409188	445.4805617283414
751	gRNA_9705	PTPN11	1245.830548173092	1242.2948989182373	1669.0855509604403	1228.680661929597	1411.6060563771066	1217.46504020825	1510.9460482620832	1305.8480706780945	1307.6369982724714
752	gRNA_9706	PTPN11	1576.2880574454123	1614.1106470333407	2391.902300179347	1709.5580796384102	1773.9063679265782	1767.5678171684865	1524.1917152198696	1452.3345688967247	1671.6297165023557
753	gRNA_9730	PTPN11	232.20649214157635	245.81657283697777	374.82024532566635	459.43759228616517	480.36520553983524	505.97888116539326	271.62162855047967	317.8846514296344	357.0139104743489
754	gRNA_9744	PTPN11	1782.800091505425	1587.6865775666438	954.1814098336944	1104.687004901948	1071.16961408511	1056.6413692773615	1073.112663370347	1354.030493208255	1226.6965122450365
755	gRNA_9745	PTPN11	1193.8040524049632	1236.900994829852	564.2480830520005	969.8841025570475	807.0434081527382	984.5319158959367	1108.5341404929438	1270.2706472309017	1030.5372785673903
756	gRNA_9838	PTPRD	322.93406993330154	311.1494785367466	445.084205184056	484.71871976370454	424.1590635950099	451.31375867960406	331.739865355659	356.37092081905047	323.00932758708336
757	gRNA_9875	PTPRD	306.612032045261	268.4830911409792	371.5760760078803	527.1517075793624	385.6573230977007	417.2646636159299	374.3823673681458	479.7358230866749	416.4706157641552
758	gRNA_9876	PTPRD	227.99846674856587	225.150041442153	267.52527959596324	572.4433387847067	395.9493396018291	375.84603838778935	409.07746920596077	394.7080186216859	421.3284133194788
759	gRNA_9881	PTPRD	67.83846997216837	61.45414320924444	94.71391886316711	139.89486088277945	91.8282508813939	77.79985009069654	85.45591585668701	118.81516887081361	109.47149420447647
760	gRNA_10049	PTPRT	1693.5389468052033	1773.261120472666	705.6463896589175	1213.672784133743	1463.1194654081326	1338.7357897501029	1189.88817238851	1469.7130587566744	1403.7666541207773
761	gRNA_10106	PTPRT	1115.7643087527692	1230.9616397662367	521.2826211115663	1124.072180388259	1184.541775161674	976.789244963649	1345.7170349531789	1348.4365587039792	1227.1070303483034
762	gRNA_10107	PTPRT	1152.8076838033612	1179.1437971193886	559.3422660348607	800.0628186884884	722.7341952355002	699.0792285128055	799.9955562923755	1038.7563445472824	745.7745542679959
763	gRNA_10117	PTPRT	1383.2289530509331	1223.5677487686746	1860.5706667907364	1648.990572819429	1784.7849760449317	2012.8145868188956	1288.5897552029835	1523.1164868241585	1689.2819949428274
764	gRNA_10118	PTPRT	1671.3511765511482	1903.5632978887168	2139.569228120333	1923.7776686530367	1690.663685217022	1536.313826311368	1456.7242696510152	1265.4225706605293	1162.5188487676623
765	gRNA_10150	PTPRT	1964.6377948518762	2202.894671962147	2922.7591770824283	2541.4233060371603	2711.386420478788	2325.8796910207875	2764.028870426613	2023.363403093177	2031.9277718028388
766	gRNA_10274	RAD21	831.2762890010632	715.7528908295631	948.167827683652	783.0002909562975	871.4085061863285	968.0204369198536	724.8370782964192	538.6585998650445	677.2180310224426
767	gRNA_10275	RAD21	632.8615159245708	524.2389928599256	789.5991615167458	546.8048808834566	554.3824019529447	597.6782248574252	387.7562181997173	405.37378707650464	555.6362527715959
768	gRNA_10306	RAD51C	1446.2855759855895	1393.6272417125997	2175.255090615979	1202.1488779690696	1208.5920313448962	1319.4257550153618	1224.96782584768	1662.442748877316	1436.5396826982424
769	gRNA_10307	RAD51C	862.7727214881414	842.9641793859774	1227.0872629323271	1165.8798399624231	1035.974117231614	1138.172627046269	1332.7704637008906	885.2587817499602	842.0410494840575
770	gRNA_10336	RAF1	1344.1453232643362	1450.960199775662	1528.8741355673474	1040.8141916636419	1283.7290844760714	1200.1139945045693	896.4325573366467	953.2810253219513	990.6486028666342
771	gRNA_10337	RAF1	1067.1807428516488	1283.627961707887	958.3750921225397	1080.477868695541	999.7120901704362	1016.5287367365947	941.7241927406908	1108.2703039870805	1352.8624093156957
772	gRNA_10342	RAF1	246.16948549111098	276.4830387776856	194.8084112290037	437.2831060160954	403.2550715244487	363.5323930496935	375.49329427428273	409.32683412619275	440.34908543750663
773	gRNA_10343	RAF1	738.8272462758338	723.8740497940984	577.0665081613014	908.0659392550787	720.5478083097528	656.5411809812017	774.0169578719425	808.9575151116412	1012.8165804430408
774	gRNA_10363	RARA	631.5225987540674	499.45127631891864	208.41809714752063	388.6861683914262	281.88393389027186	387.69325776610884	276.7489835018809	256.87347243633525	336.2143265754984
775	gRNA_10378	RARA	1695.6429595017087	1736.534088140514	2076.743119868575	1627.3720821849256	1845.8971569450928	1744.8995155233556	1452.5369297740374	1515.359564311563	1821.4688241947329
776	gRNA_10379	RARA	846.4506836001009	851.8732119814003	382.4954751750625	385.1128641543182	416.69335214123805	419.2236526469906	313.8795789416114	298.41775935475533	375.76090385686547
777	gRNA_10380	RARA	935.2655225768214	1085.0232010602597	977.3653515437262	852.7690561858318	995.9259079331663	983.5990639763841	1050.2532058786833	928.1456129494064	1043.0580807170275
778	gRNA_10397	RASA1	803.0952704599932	858.6610463398179	1166.5558110272955	1289.784164384144	1161.3447431445973	1065.5034625131125	1225.4378333848917	972.4495742232691	907.0397491679653
779	gRNA_10406	RASA1	437.5071249520859	384.9065715206228	507.2773047884414	895.112711395562	738.945454392262	804.1183546544414	582.0402428998952	690.4406894143889	607.9088912542334
780	gRNA_10436	RB1	361.63515195689763	298.90713442602924	404.7299039140349	520.8984251644234	462.1275389884782	506.4453071251696	493.63609794615246	460.0451736316248	438.50175397280606
781	gRNA_10437	RB1	1016.3018903725225	939.2665793460261	1423.3199436179198	1408.9538606916972	1272.1039052123413	1558.2358464208571	1091.1865895740364	1169.4306545671604	1418.6137255222595
782	gRNA_10447	RB1	1344.1453232643362	1304.1126761109686	1729.379624622707	1708.9327513969163	1471.2784214968976	1688.088833622595	2008.7694860852134	1691.0091077458167	1539.4428872504502
783	gRNA_10448	RB1	790.7262261229625	760.8435047819081	861.6038951554107	1217.871416612345	920.6288752708388	1240.0400566614255	1120.4552407549518	1235.0661527506606	985.8592249951885
784	gRNA_10456	RB1	722.1226606247924	763.7525766498013	958.8498486080694	805.1547772263673	702.0968357168595	608.7791627001026	613.1461962717293	767.7861571601728	739.7536220867497
785	gRNA_10466	RB1	881.1987720726871	1027.3266090137106	1592.254126385557	1280.0469103380246	1003.4449458973223	1349.2770164410488	1033.5893022866294	1271.240262544976	918.1237379561686
786	gRNA_10467	RB1	555.0768041143776	453.57278873568583	711.9764761326463	916.909867241921	791.152108058281	818.1111334477321	594.6877184466849	675.0760159759786	579.7884011804584
787	gRNA_10468	RB1	302.0214588892496	293.27080768198607	398.7954478449142	495.43863247502867	412.85384339358393	377.7117422268948	291.7037687768011	324.4482012479844	343.7404918020561
788	gRNA_10504	RBM10	1416.3830925110155	1413.0210541652211	368.8857892565456	826.9519330727263	806.7767756008178	745.2553985306649	598.2341389547373	803.4381664007559	704.5859045735616
789	gRNA_10546	RBM10	1382.0813097619305	1231.2040624218946	482.58996754089907	1047.7821349260025	951.5049247832238	1040.7828866449654	832.2124365703464	986.4717033806533	963.2123096316374
790	gRNA_10547	RBM10	244.95808424160796	307.51313870188	201.1384977027325	571.9073431491405	473.85937127297683	517.3596745839363	448.60083028967847	492.862922723375	515.7475770708398
791	gRNA_10548	RBM10	303.806681783254	326.1190775236138	246.39861598989336	542.1595853752161	528.8390034789683	560.2708628833614	414.8884714842154	568.1945740476197	481.811413867452
792	gRNA_10571	RECQL	1085.0967297521931	1187.7498013952393	1661.7268254347307	1353.65697762245	1412.9392191367087	1361.3108062032788	1101.3131156030538	1261.17118043728	1341.5047417919811
793	gRNA_10572	RECQL	386.43699859145914	395.0277173943346	465.73611230459613	597.9924640800292	599.0166911444237	568.2001041995594	428.8605137267838	417.6058571925206	436.31232408871654
794	gRNA_10573	RECQL	1832.6588166165486	2076.289440044877	2207.142901227388	1849.8102709449006	1837.2049357524868	1553.1984460552724	2411.822313223278	2031.4932545727245	2057.5167335731353
795	gRNA_10574	RECQL	808.0046334185055	847.8126324991327	999.8371585254633	1042.5115111762682	935.0270330745416	656.634466173157	891.1770185114606	851.9189321044777	808.9943421710811
796	gRNA_10595	RET	817.9508752565301	943.5695814839515	977.2070993818828	977.6560392727575	1120.0700241073155	896.5639798821155	1050.2532058786833	1034.952469084375	959.8597451216252
797	gRNA_10596	RET	360.997572351896	411.6336693068918	268.2374143242577	551.9861720272633	690.3650034323608	535.7368573991249	661.4287887307574	601.9073526600539	493.92169791382224
798	gRNA_10597	RET	535.056804517328	737.26790151919	644.8775595111211	1004.36648844514	876.7411572247369	1009.0659213801731	980.5211785396267	786.9547060614905	788.400017323864
799	gRNA_10598	RET	1299.1959611117247	1586.898703935756	496.4370317021808	1134.7920930995833	1088.0741178768649	964.9420255853296	1007.5679759082683	1352.6133631338384	1084.8625075663617
800	gRNA_10617	RHEB	1411.1549397500023	1489.7478246809053	1770.8416910256306	1332.1278195938744	1484.716702113687	1494.9884862751828	1804.743486977373	1685.4151732415412	1716.444609442313
801	gRNA_10618	RHEB	1178.5658998454253	1110.5987912321543	1435.1097296752396	1160.1625531830502	1066.7435137232308	1089.9441828053934	2297.1404741436036	1755.973333788804	1782.3327650166325
802	gRNA_10622	RHOA	709.498584445761	699.6923898922358	890.8014190154848	847.4090998301698	827.9474002232995	758.688466172224	909.7209522523615	856.7670086748499	967.8648481353275
803	gRNA_10623	RHOA	1255.4580002086159	1523.1415454977628	2062.7378035454494	1321.8545699121887	1469.3053406126865	1199.4609981608824	1829.0556950386006	1565.7795606434338	1270.9640477139717
804	gRNA_10632	RHOA	441.65139238459614	392.90651915732917	423.2454068496916	534.8343116891447	494.55005730200173	652.4366325351697	512.7354951401221	558.4984209068753	584.5777790519044
805	gRNA_10633	RHOA	261.91770173465005	320.119116796084	290.07621265862207	511.69716675387014	521.8532306186531	530.3263162657191	413.9057284518636	417.82961457269164	409.2865489569864
806	gRNA_10634	RHOA	481.56387565769523	611.0263035854068	445.87546599327203	743.7832769540369	700.1237548326483	594.5998135229013	482.6122848006399	790.9077531111785	767.6004334250134
807	gRNA_10635	RHOA	787.1557803349538	754.4799100708916	885.9747280792666	1009.2797817711637	1053.8918247206666	905.1462175420005	781.5370784673311	946.2699607432594	966.7017135094051
808	gRNA_10636	RHOA	1020.5099157655328	1110.416974240411	1542.0090650003347	1678.2023349577871	1387.7691062354208	1470.5477659829016	1559.9977439638214	1928.7886170742245	1257.0064322029011
809	gRNA_10637	RHOA	1135.1467287448174	1242.3555045821518	1529.98190070025	1576.8098272298469	1533.19050005282	1550.3066051046592	1150.5357231365056	1246.9998796931152	1617.3729071872622
810	gRNA_10656	RICTOR	386.1819667494585	400.96707245795	280.7393351098721	340.80389161417855	496.8964237589015	514.6544040172336	302.5993980485287	405.224615489724	326.49873146485106
811	gRNA_10657	RICTOR	473.9766783581764	394.60347774693355	148.44052780894026	278.8963957062819	205.41371799949437	203.92142961422377	208.2133389848179	224.72699548509817	269.1630363752565
812	gRNA_10664	RICTOR	1028.7346926700534	973.3875681298571	465.4196079809097	718.6808146883528	840.9057422466319	790.0322906691953	605.2415240549858	688.5760445796303	745.2956164808513
813	gRNA_10665	RICTOR	1350.202329511851	1291.4460923528502	552.3000448328374	770.8510565501301	875.6213005066711	977.3489561153807	1078.2400183217483	945.3749312225754	1057.768312750754
814	gRNA_10679	RIT1	943.7453313233424	1090.7201334682172	766.0195894021059	527.2410401852901	592.5641833879495	637.6975722062367	777.5633783799951	635.3217880989267	892.5347761858721
815	gRNA_10680	RIT1	2251.8674069050894	2258.5306714356047	2015.4995332352485	1344.5450518178247	1543.322537025796	1436.7785264950935	1995.1819954639998	1809.74969082324	1827.9002744792458
816	gRNA_10681	RIT1	1193.8678103654634	1307.2641706345196	1458.135419223428	1385.9060483623502	1526.1514006821205	1420.3603327109656	1580.8917153907814	1471.6522893848232	1529.9325511914365
817	gRNA_10684	RIT1	449.9399272496168	372.48241041816215	196.31180676651428	332.22796144511926	332.86407781745686	382.28271663270306	356.77844870166825	300.13323260273313	393.0026641940705
818	gRNA_10690	RNF43	437.12457718908496	484.60288865988025	350.5285384827321	570.5673540602251	551.7160764337406	572.2113674536361	526.1093459716935	590.6448978581122	700.8912416441606
819	gRNA_10770	ROS1	413.2790999620258	429.08810051425115	463.4414559578695	675.4438334193458	513.9609070818086	519.8783747667287	384.5943493130199	653.8936506531217	591.9671049107066
820	gRNA_10909	RTEL1	1019.6810622790308	1181.2043896924797	465.973490547361	681.5184506224294	721.0810734135936	692.1761243081154	625.4518481550922	1028.6872624395864	790.9315456273425
821	gRNA_10910	RTEL1	734.1729151593222	757.6314045944426	782.5569403147224	883.2314748071777	778.1937660349485	787.1404497185819	951.8079908117799	910.767123089457	881.0402692944022
822	gRNA_10929	RUNX1	217.7334351080404	230.6045511944528	277.3369136302429	426.74185851662673	419.7329632331309	431.8171535609523	337.80723538148374	394.9317760018569	451.09097580632084
823	gRNA_10930	RUNX1	995.2617634074702	916.4182440502814	314.52617166339957	502.76390616110007	396.80256376797445	391.2380950604092	313.06774774097283	306.54761083430253	379.31872741851095
824	gRNA_10932	RUNX1	735.4480743693254	773.0858488926254	690.7706864456549	850.3570758257839	981.8477091917679	897.6834021855788	971.0355718795345	980.1319109424742	1090.4729216443413
825	gRNA_10955	RUNX1	88.49604917421965	112.60532355303371	109.82700031919461	178.2185488257631	173.36448525865944	179.10756855412149	148.6078376747787	78.98635520037138	74.23535700741061
826	gRNA_10969	RUNX1	1715.4716852172578	1701.0797747505653	671.0682922961739	1110.04696125761	1182.7820003189993	983.972204744205	1127.334441981415	1442.56382996259	1326.999768809888
827	gRNA_10970	RUNX1	504.9630471612533	511.3299864461493	584.8999901725408	688.7543917025731	597.950160936742	629.3951901222176	683.9036946010661	615.481967057096	672.8391712542635
828	gRNA_10971	RUNX1	643.827885130598	664.6623161496882	249.8801635504442	502.22791052553396	446.02293285248464	354.95015538980846	623.0163545531766	731.1645326055152	641.8450544576211
829	gRNA_11017	SDHA	1298.6221394672232	1294.4763755485722	1557.1221464563623	937.188368787509	1236.5351227861568	1293.399186459841	1265.0893783423946	1367.7542791920778	1414.713803541225
830	gRNA_11018	SDHA	1180.0323329369287	1232.9010210114986	1714.4247953285228	1432.0910056269715	1499.4348189796942	1661.4092687233874	1385.5394917423948	1084.4774358955617	1316.599976860463
831	gRNA_11069	SETBP1	236.2232436530863	226.4833660482707	168.30117412026436	336.9625895592874	326.89150865443935	333.86770200791716	220.43353495232412	303.71335068546955	301.11502874618805
832	gRNA_11070	SETBP1	162.6465572359037	139.39302700321718	120.19251691992551	292.6536170191478	261.8864924962401	260.0791151712973	245.4721182983334	288.7961920074013	317.1252347735928
833	gRNA_11071	SETBP1	774.7229780374229	781.3282191849896	232.47242574769004	551.6288416035525	577.0461688661808	557.1924515488373	582.3393386053936	634.725101751804	793.6683329824544
834	gRNA_11098	SETD2	678.5759736031843	698.2984596222036	479.8205547086427	474.08813965830814	451.19560435974086	463.6274040176999	463.1710639432436	495.5480112854272	426.87040771358045
835	gRNA_11099	SETD2	426.66827166705895	373.9369463521087	408.8444601219586	458.7229314387436	459.1412544069695	450.6607623359172	200.7359463473578	214.58332758401178	302.7571011592552
836	gRNA_11111	SETD2	1604.6603498679829	1566.7170178522467	1297.5886010334816	1016.605055457235	982.8609128890655	995.9127093144798	1103.6631532891126	1127.2896813016175	1007.7535238360836
837	gRNA_11112	SETD2	1036.8319536535735	938.7817340347106	557.5223661736637	840.2624913559537	722.520889193964	842.831709315879	891.9461217541707	723.1838527127487	842.3831479034463
838	gRNA_11113	SETD2	1152.9989576848616	1145.8106819664454	1661.6476993538088	1370.0048445072196	1255.9992990763476	1251.6074204638792	1348.3234403868078	1374.2432432170374	1388.5774842999062
839	gRNA_11114	SETD2	678.0659099191829	781.9948814880483	893.5708318477411	863.8462993208667	774.6742163495987	932.5720639768502	623.4863620903884	821.6370999879991	964.0333458381709
840	gRNA_11122	SETD6	1276.689401055169	1403.0211196193382	2066.773233672452	1670.1624004242942	1083.8613235565222	1276.887707483758	1404.2543373150093	1747.918068102647	1115.9934637307597
841	gRNA_11132	SF3B1	877.5008103636779	767.813156132069	1078.0928525569354	907.7086088313678	973.1554879991621	1175.3934186364224	965.9082169281332	1041.5160189027251	1231.280631064849
842	gRNA_11133	SF3B1	869.6585812221584	897.872910892462	972.3804084456647	1236.095268221596	985.2072793459653	1007.6666435008439	897.5007562848554	1072.9166379200587	1052.363157724408
843	gRNA_11136	SF3B1	436.10444982108237	414.4821355108706	595.5820110969581	664.4559228902385	494.1767717293132	608.6858775081473	445.182593655411	590.7194836515026	516.9791313806401
844	gRNA_11141	SF3B1	936.731955668325	892.2971898123334	1051.0317328817448	880.9088270530576	1169.6103522541302	1042.5553052921155	915.7028663623297	1045.2453085722423	1107.509422929913
845	gRNA_11142	SF3B1	1692.4550614767006	1892.4724613923738	2223.3637478163178	1695.0861974781228	1422.1113789227713	1287.1490785988378	1553.759462106283	1518.865096600909	1402.6719391787324
846	gRNA_11143	SF3B1	840.5211932735862	938.9635510264538	940.8091021579423	906.9939479839462	864.4760598363974	784.1553235760132	969.9673729313258	1146.5328159963256	988.4591729825446
847	gRNA_11144	SF3B1	1026.7581958945484	940.8423266078016	1503.395537510589	1370.183509719075	1131.6952033710459	1222.968866533611	1116.4388127096875	1168.9831398068184	1252.7644118024775
848	gRNA_11157	SF3B1	330.84005703532114	251.93774489233644	374.7411192447447	411.37665029706216	327.6914063102006	377.431886651029	301.01846360518	301.32660529697864	264.85259629095526
849	gRNA_11158	SF3B1	566.6807529254065	561.3296591755642	608.2421840444157	868.4022622231795	933.2672582318668	782.6627605047289	754.2766413090478	692.6782632160991	696.6492212437371
850	gRNA_11159	SF3B1	988.6309355154539	810.8431775113229	1243.2289834403355	1477.025306408605	1417.9519111128127	1490.3242266774193	1189.3327089354416	1111.3283215160845	1242.8435576401969
851	gRNA_11169	SF3B1	1171.9350719534089	1405.2635291841725	1324.1749642231425	1212.0647972270444	1030.7481192139737	1135.9337824393424	1305.8945781639627	1332.4751989184463	1328.5050018552
852	gRNA_11182	SH2B3	524.2179512323012	515.5723829201603	523.3398992155282	437.7297690457339	511.4545610937566	487.97483911802584	373.27144046200885	603.6228259080317	683.1021238359332
853	gRNA_11195	SHQ1	800.8637418424878	942.6604965252349	1291.8123971262041	1167.8451572928325	910.123552725174	921.6576965180835	1041.5367024613015	1196.3561259810735	852.9881989045051
854	gRNA_11208	SMAD2	2005.8254373349782	1790.1094950408808	1468.6591879860023	1090.2151227416607	1276.1033934911475	1009.3457769560388	1374.9002302182373	947.4633334375047	1062.8997890415887
855	gRNA_11209	SMAD2	759.6123413988854	958.5997861347331	849.2602265316395	1142.2066993915823	1252.7997084533024	1140.2249012692848	944.3305981743198	1006.3861102158744	976.143629884541
856	gRNA_11218	SMAD2	1645.7204764300845	1542.2323296308123	1240.301318446236	1219.658068730899	1050.6922340976212	1245.2640274109208	883.4432581264304	948.9550493053117	972.8594850584068
857	gRNA_11219	SMAD2	459.82241112714127	432.5426233573744	621.9309960438542	744.4979378014584	561.2081952821077	591.8012577642431	611.9070854918074	594.7471164945811	614.2035021709908
858	gRNA_11223	SMAD2	2773.8538295198846	2638.1645501956714	2042.8771572341257	1814.07722857382	1861.78845703955	1878.9503363630809	1877.7228391189838	2113.0155267483674	1928.614049147364
859	gRNA_11224	SMAD2	1102.5664109292366	1073.5081249165157	1016.2953833571582	849.2850845546516	847.9448416173311	887.6086014544094	859.7292414761996	676.045631290053	782.7896032458846
860	gRNA_11284	SMAD4	249.6761733186197	271.5133743367013	100.56924885136625	286.3110019982811	244.23541755910804	237.87723948594262	262.2214778062441	265.97293922995686	285.92585892531696
861	gRNA_11285	SMAD4	431.89642442807195	403.75493299801434	138.07501120820936	367.9610038161996	303.3211910646739	303.8298701983196	273.4162027834701	419.9180167876212	473.7378911698719
862	gRNA_11298	SMAD4	1103.3315064552385	1323.1428545801034	1378.2972035735238	1931.7282705806022	1902.049972379534	1643.4985118679754	2135.8424329641066	1947.5096512152004	1558.3951396846003
863	gRNA_11305	SMAD4	662.5727255176445	737.4497185109334	236.0330993891625	639.8001236541932	644.3975514812798	568.9463857352016	636.5611172164616	536.8685408236762	701.8491172184497
864	gRNA_11306	SMAD4	997.620807945976	1032.9629357577537	480.05793295140757	670.0838770636836	643.2776947632141	567.6403930478278	732.2290150180227	977.1484792068605	844.5041581036581
865	gRNA_11312	SMAD4	1393.6852585729591	1223.1435091212736	802.9714691924978	806.1374358915721	1043.3865021750019	1172.501577685809	948.5179380512975	919.9411756764689	946.6547461332102
866	gRNA_11315	SMAD4	56.10700524013926	40.84821747833408	53.17272637932189	88.08194944471299	71.24421787313719	76.587142595278	35.67784487016682	37.21831090178028	49.467431443647804
867	gRNA_11319	SMAD4	701.9751451067424	594.6627743285073	834.7010276420633	801.8494708070424	848.5314332315561	1012.6107586744735	608.5315768154682	898.0129524197085	1002.0062703903487
868	gRNA_11322	SMAD4	851.742594321614	1135.5683247649047	1076.6685831003467	1195.5382651304199	1197.8734027576952	959.3449140680133	864.3438609324608	1120.5023741030966	993.0432918023571
869	gRNA_11323	SMAD4	1103.0127166527375	1324.173150866649	1129.9204355605902	1137.9187343070528	1069.99643085666	1061.1190584912147	1224.5832742263249	1660.7272756293382	1439.5501487888655
870	gRNA_11324	SMAD4	387.77591576196244	377.0278352117453	340.08389580107956	589.0592034872591	506.33521609688444	609.5254442357448	725.6061815391294	603.8465832882027	619.19813909407
871	gRNA_11325	SMAD4	533.5903714258244	543.087354337317	513.2117608575621	538.1396181084697	503.1889519842234	577.4353382031313	544.2260001333112	451.0948784247838	498.5742364175125
872	gRNA_11326	SMAD4	552.5264856943713	610.2990356184335	553.1704317229752	879.4795053582143	810.029692734247	685.6461608712464	990.2631529472891	728.926958803805	584.9882971551712
873	gRNA_11336	SMAD4	360.0412029443936	371.9975651068466	456.63661299861104	560.6514348022502	617.6809697788534	675.0116489883453	538.970461308125	374.9427833732454	421.0547345839676
874	gRNA_11337	SMAD4	234.88432648258296	216.54403716630216	233.10543439506293	351.2558065077195	309.5603927796118	341.33051736433885	214.92162837956784	200.56119842662758	223.663946596521
875	gRNA_11449	SMARCA4	561.8989058878947	548.7842867452746	760.2433854948284	552.343502450974	583.0720645395824	647.2126617856744	433.9024127623283	468.7717114582947	578.7621059222914
876	gRNA_11450	SMARCA4	597.9859115309843	551.6327529492535	959.720235498207	644.4454191624336	662.15527943918	766.4311371045115	661.1724209831874	610.3355473131624	663.6709336146386
877	gRNA_11454	SMARCA4	672.6464832766695	866.1155430012943	864.3733079876671	1030.5409419819564	1064.1838412247946	1250.2081425845502	1045.1258509272823	747.2004781844386	798.2524518022669
878	gRNA_11499	SMARCA4	911.7388351522629	915.9333987389658	1380.433607758407	1196.1635933719137	1120.1233506176995	1354.1278464227228	1199.117411301032	1170.8477846415767	1264.3957580617032
879	gRNA_11500	SMARCA4	663.3378210436464	642.2382205013446	857.3310867856438	790.5042298542244	751.477184332522	873.8956782369845	614.8980425467914	647.9267871818944	640.545080463943
880	gRNA_11532	SMARCA4	309.6724141492686	300.24045903214693	378.3017928862172	359.0277432234295	367.2596770151915	385.0812723913612	268.84431128513734	180.19927683106445	221.33767734467588
881	gRNA_11533	SMARCA4	899.688580617733	834.4793864379554	616.5504225411847	576.6419712633086	780.0601938983913	771.375252278141	674.0762642775471	769.1287014411989	1057.426214331365
882	gRNA_11581	SMC1A	520.6475054442923	503.99670111250174	603.5737452700407	588.7018730635483	485.3778975159392	484.15014624785965	560.120800482655	310.7244152641616	278.12601496324805
883	gRNA_11582	SMC1A	531.6776326108196	568.1780991978961	676.8444962034515	643.4627604972289	499.8293818300261	565.681404016767	500.8571228360426	514.7911459801352	647.5238882194783
884	gRNA_11589	SMC3	935.0742486953209	1056.3567220287284	1283.899789034043	1040.7248590577144	1127.6957150922397	903.0939433189845	770.6414491956034	1005.640252281971	1032.4530297159686
885	gRNA_11590	SMG1	465.81565941415613	471.63327658218964	686.8935084804959	598.4391271096677	550.756199246827	656.3546105972911	485.51778593976724	360.47313945551923	403.33403645961795
886	gRNA_11607	SMO	1373.537743054909	1327.3246453901997	489.4739365810791	1061.7180214507239	1011.0706368822464	989.1961754937003	777.2215547165684	1180.7676951624924	1057.4946340152426
887	gRNA_11608	SMO	842.1789002465904	777.9343020057809	247.42725504187433	534.1196508417231	518.8136195267604	502.6206142550035	339.25998595104744	460.71644577213783	593.2670789043847
888	gRNA_11609	SMO	1492.0637916247033	1340.2942574678905	993.0323155662049	1404.844560819023	1463.8127100431257	1438.4576599502884	1775.3039239647444	1500.069476666543	1608.2046695476372
889	gRNA_11670	SOCS1	835.8668621570746	697.5711916552303	187.29143354145074	337.4092525889259	275.2714466026453	283.5869835440257	276.3644318805258	250.75743737832724	285.4469211381724
890	gRNA_11671	SOCS1	5197.995245696401	3598.582506247838	553.7243142894264	588.2552100339097	528.679023947816	490.9599652605946	403.69374650698944	488.6115325001255	521.8369289359638
891	gRNA_11689	SOS1	962.6814455918894	823.1461272859548	1420.7879090284282	904.671300229826	986.4337890847992	1086.0262047432723	1290.1706896463322	1073.2895668870106	1133.9878405906206
892	gRNA_11701	SOS1	657.4083307171317	530.5419819070275	726.6148011031443	751.5552136697469	879.7807683166297	884.6234753118407	770.2996255321767	814.4768638225264	824.3203513597078
893	gRNA_11702	SOS1	1011.4562853745105	1119.022978516262	1275.5124244563524	1530.8928677830088	1340.3618385039697	1500.865453368365	1576.1489120607353	1277.6546407765456	1445.4342416023562
894	gRNA_11703	SOS1	1121.630041118784	1152.5985163248627	1322.1176861191807	1519.636959436118	1183.4752449539922	1260.0030877398538	1492.8721220583936	1448.7544508139883	1430.1766520976073
895	gRNA_11748	SOX2	1057.9995965396258	1176.9619932184687	1399.5029932605153	1506.862396788457	1502.1011444988985	1340.0417824374767	1520.9871183752437	1505.4396537906475	1184.6868263440688
896	gRNA_11796	SOX9	196.62955018248803	222.96823754123307	206.51907120540196	211.18228041308467	283.80368826409887	241.5153619721982	157.87980454522926	242.92592907234143	240.42676914658142
897	gRNA_11797	SOX9	867.873358328154	773.7525111956843	435.11431898793313	653.6466775729867	698.57728603151	645.8133839063454	634.1683515724743	649.5676746364819	665.1761666599501
898	gRNA_11798	SOX9	664.2304324906486	569.9962691153295	329.63925311942705	422.7218912498802	387.2037918988392	384.33499085571907	333.02170409350924	515.8353470876001	395.46577281367126
899	gRNA_11967	STAG2	737.8071189078312	638.7836976582214	771.1627846620105	857.4143516940723	727.7468872116042	822.2156818937641	854.6446144827268	665.2306912484536	731.201161602025
900	gRNA_11968	STAG2	732.068902462817	736.0557882409013	888.4276365878364	818.376002903667	797.2313302420666	834.8091828077257	978.2138688114961	970.1374146281686	873.5141040678444
901	gRNA_11992	STAT3	909.3797906137571	848.3580834743627	995.1687197510885	1215.8167666760078	1164.1177216845697	973.9906892049909	1225.096009721465	830.8857383684015	977.1015054588304
902	gRNA_11993	STAT3	686.0356549817028	677.5107168995501	291.57960819613265	670.887870517033	542.1706310749894	594.9729542907223	656.9850811062098	520.6088378645818	711.4962926452192
903	gRNA_11994	STAT3	714.0253996412722	700.7226861787814	808.3520426951673	865.9009492572038	869.4354253021173	926.974952459534	974.2401687241603	888.3913850723545	825.8940040888972
904	gRNA_12001	STAT3	1757.041875463361	1813.0790416644547	1634.5865796786184	1612.6322022068548	1463.0128123873644	1649.562049345068	1619.7314291476457	1523.5640015845006	1388.2353858805172
905	gRNA_12002	STAT3	829.3635501860584	869.0246148691875	1256.522165035166	1067.4353082300968	1096.0197679240935	1308.4181023646397	961.9772447987257	1213.6600300476327	1244.4172103693863
906	gRNA_12006	STAT3	1534.5903512783088	1369.8698214581384	706.358524387212	708.8542280363058	784.2729882187341	654.3023363742751	841.0143959035853	850.2780446498903	625.2190712753163
907	gRNA_12007	STAT3	1871.5511725216452	1643.625605359674	1546.994008098396	1580.8297944965932	1447.121512292907	1580.7175776820775	1913.1870441995088	1881.7995672383097	1742.923027103021
908	gRNA_12024	STAT3	1154.8479385393664	1131.6289566104658	263.8854798735692	389.5794944507032	376.53848982202226	415.9586709285561	304.90670777665923	428.2716256473394	478.59568872519554
909	gRNA_12025	STAT3	1024.4629093165427	1082.0535235284522	686.3396259140446	1024.4663247788728	880.7939720139274	669.9742486227608	931.1276591744617	1000.8667615049891	1043.537018504172
910	gRNA_12026	STAT3	355.8331775513832	440.6031766579952	276.3874006591836	461.4029096165746	401.3886436610057	368.9429341830992	483.97957945434683	562.600639543344	564.5308116757095
911	gRNA_12062	STAT6	407.92343128001244	370.7248461646433	411.8512511969798	557.435460988853	615.2279503011855	623.331652645125	445.310777529196	493.2358516903266	403.74455456288473
912	gRNA_12063	STAT6	517.2045755772837	568.7841558370405	710.4730805951357	579.7686124707782	596.4570186459877	525.2889159001344	635.1510946048262	671.868826860194	647.0449504323337
913	gRNA_12064	STAT6	861.6888361596388	747.9951040320464	977.7609819483341	1216.5314275234296	1254.9327688686658	1289.9476343574959	1411.8599138262543	646.5842429008682	1111.0672464915583
914	gRNA_12065	STAT6	602.8952744894964	641.3291355426279	817.6097941629956	682.4117766817064	853.8640842699646	887.79517183832	443.30256350656384	649.1947456695302	682.7600254165441
915	gRNA_12079	STK11	846.3869256396007	837.8126979532498	1310.4070261427823	1121.6602000282112	1253.1729940259909	1271.2905959664415	691.3810872385262	658.4433840499324	942.5495651005424
916	gRNA_12080	STK11	462.6915193496484	390.8459265842381	474.28172904413003	639.4427932304824	732.0663345527151	619.3203893910483	677.6226847855996	504.1999633187068	539.6260467441912
917	gRNA_12081	STK11	1670.904870827647	1687.6859230254736	2034.4106665755135	1914.8444080602665	2166.7094434157466	1888.8385667103398	1952.1549418301581	1749.5589555572344	1837.0685121188706
918	gRNA_12151	SUZ12	904.5341856157451	980.5390364717613	1256.126534630558	869.6529187061673	931.6674629203443	995.9127093144798	1223.9423548573998	814.3276922357458	921.6815615178141
919	gRNA_12164	SYK	724.2266733212975	793.5099576317925	344.43583025176815	875.2808728796124	649.8368555404566	639.0035648936106	1419.2091225899296	907.932862940624	920.039489104747
920	gRNA_12197	TBL1XR1	559.7311352308892	540.602522116825	909.3960480320632	633.546841239254	638.0516967455737	643.8543948752847	468.5120586842865	638.0068766609791	612.6298494418014
921	gRNA_12203	TBX3	1488.4933458366943	1484.838765903835	1902.9822461647193	1627.3720821849256	1484.0234574786937	1422.879032893758	1385.2831239948248	1326.5829212406095	1616.8255497162397
922	gRNA_12243	TBX3	450.449990933618	519.4511454106846	639.2596077656868	729.8473904293155	584.2452477680323	600.8499213839045	565.589979097483	715.7252733737146	551.3258126872946
923	gRNA_12244	TBX3	614.3079494190248	625.0262119496431	806.6903949958133	1065.559323505615	782.4598868656752	863.8208775058151	584.9030160810943	806.7945271033212	759.0479729402887
924	gRNA_12270	TCF3	1391.581245876454	1370.7183007529404	570.4990434448077	1013.8357446734764	781.1800506164572	840.8727202848183	807.643860761549	881.0073915267108	811.7995492100708
925	gRNA_12271	TCF3	855.8868617541243	855.4489461523525	700.2658161562481	1685.706273855714	1305.2196681608577	1305.153120646205	1948.181241742822	1633.801804215425	1290.874175722411
926	gRNA_12272	TCF3	666.6532349896546	770.8434393277911	528.4039683945113	1260.03640661022	1176.4361455832932	1160.0013619638025	944.5015100060332	1189.270475608991	1272.7429594947944
927	gRNA_12369	TET2	928.315904882304	951.6301347845723	1241.5673357409817	974.7973958830711	1058.7978636760022	1008.8793509962625	1218.9004558218553	905.6207033455235	924.9657063439483
928	gRNA_12370	TET2	1651.2036610330981	1591.6259457210826	2281.5214172937012	1832.033082365288	1465.1991993131119	1717.7535246643715	1994.92562771643	1778.945758153029	1774.2592423190524
929	gRNA_12383	TET2	464.7955320461536	447.99706765555715	584.1087293633246	660.9719512590582	723.1608073185729	669.1346818951633	536.2785999586393	697.8246829600328	714.3014996842089
930	gRNA_12386	TET2	678.3846997216838	754.3586987430627	886.0538541601883	959.7001854812897	941.1062552583272	1094.1420164433807	831.9987967807047	877.352687650584	475.9273210539614
931	gRNA_12394	TGFBR1	623.680369612548	614.3596151007011	735.4769221663645	595.3124859021981	636.3985749236671	602.3424844551888	780.6397913508358	632.9350427104358	785.5263906009965
932	gRNA_12403	TGFBR1	1528.2783131887932	1406.293825470718	1781.6028380309697	1351.3343298683299	1484.2900900306142	1395.2666160749975	1344.9052037525403	1314.723780091545	1521.0379922873226
933	gRNA_12483	TNFRSF14	1026.184374250047	1067.811192508558	1197.8106129913315	1394.7499763491926	1393.3683898257498	1605.624723934135	1826.8338412263265	1090.66805674696	1007.0009073134278
934	gRNA_12498	TP53	1460.6948750586255	1592.777453335457	1860.8080450335012	1245.5645244499324	1485.7832323213686	1520.6419140628825	1715.0575032857798	1497.3098023111004	1425.3872742261615
935	gRNA_12499	TP53	75.61694115318768	83.7570275297592	86.16830212363324	166.5159774492343	121.74442320686543	192.2607806198148	135.66126642249063	68.6935157125043	90.86134018971546
936	gRNA_12500	TP53	2352.9237742978403	2435.923449713178	2799.876373411168	1964.9599999857066	2114.236157197807	2436.8890694475604	2647.6379130298055	2711.1935897389044	2422.9462651644535
937	gRNA_12501	TP53	1403.6315004109838	1385.5060827480643	1613.776420396235	1194.7342716770704	1389.3155750365593	1502.8244423994258	1571.149740983119	1407.65767865591	1619.083399284207
938	gRNA_12502	TP53	1134.3816332188155	1289.5673167715024	1424.0320783462143	913.6938934285238	954.4378828543483	1014.6630328974893	969.8391890575409	1209.4832256177735	1328.7786805907108
939	gRNA_12508	TP53	789.5148248734595	713.146847281242	915.4096301821055	1199.5582323971662	1198.7266269238405	1120.635010958678	955.6535070253309	1384.2377395313433	1133.5089028034758
940	gRNA_12509	TP53	766.7532329749031	829.2672993413134	898.1601445411945	1155.4279250688821	962.916798005418	963.8226032818663	1083.4955571469345	1143.9223132276638	1046.9580026980618
941	gRNA_12510	TP53	904.2791537737444	890.1759915753279	1238.9561750705686	1564.8392580355348	1289.4350210871687	1337.4297970627292	1492.6157543108238	1212.7650005269486	1350.5361400638506
942	gRNA_12521	TP53	1309.779782554751	1360.5365492153142	1591.7002438191057	1678.0236697459318	1876.239941353637	1650.2150456887548	1755.9054310652764	2033.5070709942638	2205.3032507491785
943	gRNA_12522	TP53	714.5354633252736	890.1759915753279	1034.9691384546582	996.3265539116471	996.8324586096958	1320.7317477027357	932.0249462909569	1139.2979940374623	697.7439361857819
944	gRNA_12523	TP53	612.4589685645201	597.6930575242295	622.6431307721488	926.6471212880405	855.5172060918712	921.7509817100388	1076.060892467403	817.684052938311	886.3770046368703
945	gRNA_12528	TP53	320.25623559229484	298.1798664590559	265.15149716831496	557.2567957769976	426.5054300519096	501.4079067595849	398.0536560604481	453.1832806397134	545.9206576609486
946	gRNA_12529	TP53	409.00731660851517	451.1485621791082	355.2761033380287	693.1316893930306	643.3843477839822	626.2234935957383	660.6596854880472	624.3576764705465	747.0745282616741
947	gRNA_12530	TP53	750.7499848893634	806.7219923651409	763.0919244080063	970.4200981926139	786.6193546756339	973.7108336291252	761.625850072723	1030.2535641007835	803.6576068286129
948	gRNA_12534	TP53	1521.8387591782773	1872.2301696449501	2019.3767112004075	1998.281061996739	1188.6479164612485	1433.7001151605693	1962.0251001116053	2430.079734450708	1189.681463267148
949	gRNA_12535	TP53	660.6599867026398	712.9650302894987	790.3112962450401	868.6702600409626	846.8783114096495	892.8325722039046	998.5523767853878	770.471245722225	801.947114731668
950	gRNA_12536	TP53	467.1545765846595	519.9359907220002	348.31300821692696	640.1574540779039	537.0512860781172	574.5434972525179	727.2298439404065	546.9376229313723	590.7355506009061
951	gRNA_12537	TP53	341.4238784783474	306.3616310875056	224.0850611699994	330.7986397502761	361.39376087294215	449.2614844565881	315.2896015532467	337.2769577111231	388.9659028452804
952	gRNA_12538	TP53	392.9403105624753	411.81548629863516	448.1701223399988	556.4528023236483	476.472370281797	562.7895630661536	543.0296173113176	463.0286053672384	448.49102781896454
953	gRNA_12547	TP53	528.3622186648114	439.9365143549363	614.4931444372229	597.9031314741014	698.7372655626622	762.5131590423902	468.85388234771324	486.97064504553794	781.5580489360841
954	gRNA_12548	TP53	565.0230459524024	594.2385346811063	411.6929990351366	783.6256191977914	728.6001113777496	661.6718665387416	717.1887738272458	762.5651516228489	623.3717398106157
955	gRNA_12549	TP53	1425.5642388230383	1522.5354888586182	1222.2605719961089	2034.460767397458	1729.645364307788	1803.5759012632213	1926.8172627786503	2015.7556521673623	1828.7213106857794
956	gRNA_12556	TP53	1356.3868516803666	1217.8102106968026	478.3171591711321	911.0139152506928	876.5278511832006	1064.010899441828	878.1877193012441	976.8501360332992	1159.7820614125505
957	gRNA_12557	TP53	1030.0736098405566	1006.8418946106291	1089.8035125333338	1041.439519905136	1202.0328705676538	999.7374021846459	1621.654187254421	1214.555059568317	1207.7442598108864
958	gRNA_12558	TP53	1994.34900444495	1925.926787873146	762.6962940033983	1185.0863502368788	1317.964704142654	1194.8900237550743	1497.8285651780816	1528.7850071218245	1505.3014649954291
959	gRNA_12560	TP53	1051.56004252911	1165.6893397303825	1195.5950827255263	1330.3411674753204	1212.1649075406299	1203.0058354551827	1446.7259274957828	1584.5005947844095	1173.6028375558656
960	gRNA_12561	TP53	1352.4976160898568	1393.3242133930275	1029.6676910329104	1602.8949481607353	1433.4165991241973	1551.2394570242118	1988.3027942375368	1687.8765044234224	1951.7399022980599
961	gRNA_12562	TP53	2007.164354505482	2017.8655800313547	2833.188453479166	2097.172256758704	2162.3366695642517	1916.1711279532344	2877.941606263577	2337.0712500929526	2206.466385375101
962	gRNA_12567	TP53	1048.1171126621014	949.9937818588825	496.990914268632	842.4958065041462	762.9957105754843	671.9332376538214	656.9850811062098	720.1258351837447	798.4577108539002
963	gRNA_12576	TP53	1542.305064498828	1483.2024129781453	1540.2682912200594	1226.2686815695488	1436.8828222991629	1487.8988116865821	1746.5052803210408	1805.1999574264291	1717.539324384358
964	gRNA_12577	TP53	1137.6970471648237	1173.8104986949177	1107.2112503360881	1134.1667648580894	1259.6255017824653	993.3940091316874	1294.998948892235	1302.864638942481	1367.0937035622776
965	gRNA_12578	TP53	119.8649657402975	121.99920145977227	153.74197523068813	216.27423895096365	144.72814918240593	171.55146800574448	186.9775438944312	163.79040228518937	119.73444678614614
966	gRNA_12579	TP53	196.18324445898693	183.63516166076002	136.33423742793394	305.6068448786644	186.69611285468062	179.85385008976365	187.83210305299804	296.7022861067775	265.1262750264665
967	gRNA_12580	TP53	1019.9998520815316	932.1151110041219	424.19491982075095	724.7554318914366	699.8571222807279	694.8813948748183	968.8137180672607	981.0269404631583	862.0195971763744
968	gRNA_12581	TP53	139.75744941634687	85.63580311110691	95.97993615791286	97.10454264341077	125.21064638183093	84.32981352756555	145.23232899843958	121.7240148130369	180.83322448901956
969	gRNA_12582	TP53	280.2162363981955	269.39217609969586	298.5427033172343	183.39983996956974	174.6443215078775	170.71190127814708	204.23963889748194	208.31812093922312	241.3162250369928
970	gRNA_12583	TP53	945.6580701383471	1025.3266221045342	1078.9632394470734	713.588856150474	786.4593751444816	800.6668025520963	785.0407710174553	979.5352245953516	1215.065165985811
971	gRNA_12584	TP53	992.9027188689643	956.1149539142411	1415.7238398494453	699.2956392020418	881.167257586616	923.3368299732784	904.1663177216769	904.5019164446683	823.8414135725632
972	gRNA_12585	TP53	603.0227904104968	640.238233592168	679.2182786310998	690.8983742448379	660.4488311068893	685.2730201034252	718.2569727754543	938.1401092637121	770.8161585672699
973	gRNA_12586	TP53	772.3001755384169	866.903416632182	1211.0246685052402	933.8830623681841	959.6638808719887	917.9262888398727	1045.510402548637	975.8805207192248	916.3448261753458
974	gRNA_12587	TP53	407.6683994380118	460.1182004384456	462.8084473104966	481.6814111621627	422.1859827107987	455.23173674172546	538.6286376446982	489.50656202080955	431.18084779788165
975	gRNA_12588	TP53	871.7625939186637	1138.4773966327978	926.0125250256012	962.9161592946868	1323.4040082018305	1316.1607732969271	822.940469699896	846.4741691869827	1077.9521194947042
976	gRNA_12589	TP53	223.7266833950553	205.57441199778813	216.64720956336802	189.6531223845088	254.52743406323643	306.7217111489331	194.15584082639288	215.85128607164754	235.0216141202354
977	gRNA_12590	TP53	1055.0667303566186	1185.083152183004	960.0367398218935	1145.6906710227627	1055.8649056048775	1019.5138628791634	1094.3484584607338	1351.867505199935	1222.591331212369
978	gRNA_12591	TP53	248.01846634561556	273.6345725737068	211.97877078899305	342.5012111268049	348.91535744306634	392.8239433236488	385.06435685023166	259.0364604446551	358.24546478414925
979	gRNA_12592	TP53	514.7180151177776	515.0269319449303	171.54534343805037	523.4890707363267	437.38403817026295	498.32949542506094	432.79148585619134	459.59765887128276	464.09071574310246
980	gRNA_12595	TP53	1572.3988218549027	1304.7793384140273	914.6183693728894	793.5415384557663	792.5919238386513	857.1043436850356	898.3125874854939	1012.3529736871017	1162.1083306643955
981	gRNA_12596	TP53	1638.197037091066	1627.989344069748	2246.389437364506	1328.5545153567664	1486.3698239355936	1410.0989615958858	1521.756221617954	1823.6972341872338	1643.3039673769474
982	gRNA_12597	TP53	399.3161066124911	394.9671117304202	317.69121490026396	924.3244735339202	803.7371645089249	748.4270950571442	977.9147731059977	888.9880714194773	861.6090790731076
983	gRNA_12598	TP53	653.4553371661219	677.5107168995501	767.9977414251462	840.2624913559537	692.3914108269561	844.3242723871634	989.1094980832237	1113.0437947640626	1132.2773484936756
984	gRNA_12599	TP53	744.8842525233488	741.6315093210299	775.9103495173072	441.66040370655276	501.10921807924416	522.3037897575658	705.908592934163	686.0401276043588	793.120975511432
985	gRNA_12600	TP53	614.4354653400251	691.6924422555295	692.6697123877735	668.2972249451296	627.9729862829817	652.903058494946	841.0571238615136	1008.6982698109749	802.631311570446
986	gRNA_12601	TP53	454.5942583661283	477.1483919984039	401.01097811071924	736.3686706620376	752.2770819882833	754.1174917664158	676.8963095008179	900.5488693949802	919.4237119498467
987	gRNA_12602	TP53	1036.1306160880717	969.3269886475895	1192.82566989327	1190.1783087747579	1321.6975598695399	1294.8917495311255	1404.7670728101496	1950.120153983862	1631.4673620660885
988	gRNA_12604	TP53	1011.6475592560109	892.1759784845045	357.1751292801473	959.9681832990728	589.6845518272089	548.2370731211313	914.250115792766	862.9576295262482	705.7490391994843
989	gRNA_12606	TP53	758.1459083073817	743.2678622467198	878.6160025535569	988.6439498018648	1190.3010382831553	1022.1258482539112	987.5712915978035	1084.9249506559038	849.4987950267373
990	gRNA_12607	TP53	706.3744443812532	739.0254657727088	792.1311961062372	852.411725762121	851.7310238546012	859.9028994436937	927.2394150029825	965.3639238511868	863.0458924345413
991	gRNA_12608	TP53	804.1153978279958	784.9645590198561	749.8778688940976	1042.958174205907	1101.7790310455746	1062.1451956027227	1144.3401692368957	1296.748603884473	1337.7416591787025
992	gRNA_12609	TP53	667.4820884761567	747.5708643846452	963.360035220601	744.319272589603	741.39847386993	737.8858683661985	953.7307489185554	854.827778046701	1014.458652856108
993	gRNA_12610	TP53	1559.7747456758714	1587.444154910986	1141.9475998606747	1065.8273213233983	1043.6531347269222	1002.6292431352595	961.4645093035855	819.3995261862889	786.8947842785524
994	gRNA_12618	TP53	627.1232994795565	642.1776148374302	532.5976506833566	681.0717875927909	589.6312253168248	529.2068939622559	768.0777717199029	1014.6651332822022	1108.8778166074687
995	gRNA_12624	TP53	809.6623403915096	903.5698433004196	961.6983875212474	894.5767157599957	876.2612186312803	804.1183546544414	754.1911853931912	755.3303296639858	878.9192590941905
996	gRNA_12625	TP53	1896.0979873142062	2407.98423864862	1815.3896745844972	1302.8267248495886	1660.7475128915505	1243.2117531879048	2027.9543391950394	2207.6648985607103	1691.7451035624283
997	gRNA_12635	TP53	527.6608810993096	474.1181088026818	546.52384092556	476.5894526242838	462.50082456116684	543.4795283314124	514.2737016255425	535.5259965426502	596.2775449950078
998	gRNA_12652	TP53BP1	1006.6106803764984	1137.7501286658244	1287.9352191610453	1293.982796862746	1014.6968395883641	1015.7824552009527	1258.7656405689997	1322.33153101736	862.9774727506635
999	gRNA_12653	TP53BP1	1089.3047551452037	1169.3862852291634	1316.6579865355895	1245.8325222677154	1070.3697164293487	1060.932488107304	903.7390381423935	955.5185991236616	858.8722917179957
1000	gRNA_12654	TP53BP1	767.2632966589044	800.29779199021	895.8654881944678	685.0917548595374	670.314235527945	727.9976380189397	529.0575750687493	636.9626755535141	611.3982951320011
1001	gRNA_12655	TP53BP1	583.0665487739473	592.4809704275875	661.3357843428159	799.3481578410668	558.5418697629034	604.3014734862496	682.9636795266426	716.9932318613504	639.8608836251649
1002	gRNA_12754	TRAF7	137.78095264084197	114.36288780655255	268.7121708097874	150.88277141188664	124.25076919491741	173.69702742071573	141.77136440624375	106.43392716801695	93.32444880931618
1003	gRNA_12779	TRAF7	1431.4299711890528	1643.4437883679307	2136.166806640704	1656.137181293645	1744.736766746484	1636.3155520874193	1763.1264559551664	1367.5305218119067	1511.80133496382
1004	gRNA_12826	TSC1	261.66266989264943	266.90734387920367	288.4936910401899	531.8863356935306	475.5124930948835	514.2812632494124	387.58530636800396	415.44286918420073	458.3434622973674
1005	gRNA_12831	TSC1	864.1116386586447	794.8432822379102	310.56986761731906	596.563142385186	698.57728603151	621.6525191899301	499.4471002244072	549.8464688735957	612.2877510224124
1006	gRNA_12832	TSC1	127.89846876331745	132.18095299739855	194.8875373099253	144.5401563910199	192.24206993462545	178.64114259434515	140.6177095421785	236.1386218738204	92.43499291890481
1007	gRNA_12844	TSC2	865.3867978686479	1028.2356939724275	760.0060072520636	1077.261894882144	1116.8704334842705	1045.9135722025053	1336.5305239985848	1189.643404575943	1241.2014852271298
1008	gRNA_12845	TSC2	830.0648877515603	822.4794649828959	706.9124069536633	1186.0690089020836	1313.591930291159	1155.8035283258153	1208.7739297928379	1279.3701140245232	1125.7774785252848
1009	gRNA_12850	TSC2	2038.4695131110595	2319.8636033170205	2521.510820728944	2153.2731332813	2470.2439405219566	2620.754182791401	1972.151626140623	2282.101520364271	2406.183442614393
1010	gRNA_12890	TSC2	1047.5432910176	1255.931173298987	1032.9118603506963	1012.763753402344	983.0208924202178	1025.2975447803904	975.4792795040822	1075.9746554490628	1096.8359522449764
1011	gRNA_12891	TSC2	492.59400282422257	601.5112143508394	454.3419566518843	519.8264338932909	596.7769777082922	648.425369281093	705.8231370183064	682.9821100753549	679.6811396420433
1012	gRNA_12894	TSHR	610.2274399470145	628.0564951453651	872.4441682416714	893.4153918829356	814.3491400753578	952.5350950552785	703.0885477108924	636.8135039667335	544.1417458801259
1013	gRNA_12922	U2AF1	1378.00080028992	1391.3848321477653	1978.7850316876215	1571.7178686919679	1533.7237651566609	1428.2895740271638	1844.2668480610907	1408.701879763375	1285.9479584832095
1014	gRNA_12923	U2AF1	1462.7351297946304	1446.960225957309	1557.1221464563623	2202.6740643593184	2208.784060108789	2069.7185539116113	2879.3089009172836	3318.0236047627204	2814.5805356809674
1015	gRNA_12925	U2AF1	999.0234830769796	798.11598808929	1244.732378977846	961.129507176133	1012.137167089928	1117.3700292402434	967.9164309507654	764.1314532840461	864.824804215364
1016	gRNA_12930	U2AF1	759.8036152803859	868.7821922135297	1135.1427569014163	936.0270449104489	862.1296933794977	829.1187860984542	866.4802588288779	749.9601525398813	768.4898893154248
1017	gRNA_12954	UPF1	807.9408754580053	981.5693327583068	948.0095755218088	957.1988725153141	1133.8815902967933	1053.0965319830611	788.373551735866	822.8304726822446	976.0752102006633
1018	gRNA_12989	VHL	119.35490205629623	107.45384212030612	118.4517431396501	104.78714675319304	100.41381905323153	98.50916270476684	172.7491339042928	62.950409621448	75.19323258169977
1019	gRNA_12990	VHL	305.2093569142575	284.90722606179304	240.38503383985102	400.47807237388264	331.53091505785477	386.0141243109139	183.473851344307	338.17198723180724	317.46733319298176
1020	gRNA_12991	VHL	397.91343148148763	320.4221451156562	279.2359395723615	326.0640116361079	345.1825017161804	348.1403363770737	270.7670693919128	378.8212446295432	352.36137197065864
1021	gRNA_12999	VHL	417.86967311803716	387.8762490524304	323.3882927266199	729.1327295818938	706.0963239956658	587.0437129745243	549.3106271267841	729.5982309443181	646.634432329067
1022	gRNA_13002	VHL	4128.327942385246	4011.125260513447	3512.0902277865794	1651.0452227557662	1931.4862061115487	1611.2218354514514	1477.23368945662	1929.6090608015184	1633.5883722663
1023	gRNA_13003	VHL	812.0213849300154	753.995064759576	983.853690179298	904.7606328357538	784.2729882187341	806.9169104130995	747.2265282508713	744.9629043827284	683.7179009908333
1024	gRNA_13004	VHL	1144.1366011753398	902.1759130303875	880.3567763338323	580.6619385300552	502.1224217765418	520.2515155345499	409.29110899560243	655.3107807275381	571.7148784828784
1025	gRNA_13005	VHL	196.11948649848676	216.7258541580455	200.82199337904603	191.5291071089905	291.9626443528639	214.08951553734838	159.24709919893627	206.75181927802592	235.70581095901338
1026	gRNA_13006	VHL	637.0695413175812	550.7842736544512	214.19430105479813	465.95887251888735	361.98035248716707	362.9726818979619	322.80972214863516	364.351600711817	436.3807437725943
1027	gRNA_13007	VHL	128.5998063288192	145.51419905857585	174.63126059399315	245.8433315130326	214.90583684786145	186.57038391054326	54.43541840070962	98.90076203559248	69.17230040045357
1028	gRNA_13008	VHL	1.9764967755049057	0.24242265565776902	0.4747564855296597	0.0893326059277008	0.05332651038408472	0.09328519195527162	0.0427279579283435	0.07458579339034124	0.06841968387779779
1029	gRNA_13009	VHL	2219.7971527735094	2568.5892480218918	3045.167224268159	2404.5657537559223	2711.54640000994	2590.7163509818033	2137.7651910708823	2533.4556440897213	2536.8650388209867
1030	gRNA_13010	VHL	1519.3521987187712	1623.746947595737	1947.688481885429	1354.3716384698719	1699.9958245342368	1727.175329051854	1550.7257770933707	1533.260154725245	1545.1901406961854
1031	gRNA_13011	VHL	367.437126362412	415.9972771087317	253.83646759652473	350.89847608400873	364.43337196483503	344.59549908277336	378.8688029506219	579.4570288495611	460.1907937620679
1032	gRNA_13058	XIAP	674.3041902496735	736.6618448800456	703.0352289885044	799.258825235139	716.921605603635	734.9007422236298	722.7861363158588	795.5320723013797	872.5562284935553
1033	gRNA_13059	XIAP	827.1957795290532	751.510232539084	1123.3529708440965	928.4337734065944	942.7060505698497	1140.2249012692848	916.1728738995414	1002.4330631661863	915.0448521816676
1034	gRNA_13260	controlsgRNA	754.3841886378723	677.4501112356355	878.4577503917136	1263.9670412710386	898.0717613783708	976.8825301556044	1038.9302970276724	1240.8092588417169	1137.203565732877
1035	gRNA_13261	controlsgRNA	272.94782890117745	288.60417156057406	375.05762356843115	558.1501218362746	336.9702191170314	388.43953930175104	285.50821487719134	279.2492104534376	246.17402259231648
1036	gRNA_13262	controlsgRNA	181.5826715044507	140.72635160933493	227.56660873055023	359.29574104121264	264.7661240569807	269.5009195587797	194.41220857396297	259.5585609983875	296.8730083457646
1037	gRNA_13263	controlsgRNA	995.3892793284705	1049.0840423589955	1474.9892744597312	1433.162996898104	1103.8587649505537	1302.1679945036365	1355.330825487056	1114.6100964252596	1158.276828367239
1038	gRNA_13264	controlsgRNA	1187.364498394447	1305.6278177088298	1733.8106851543173	1334.897130377633	1382.0631696243238	1301.0485722001733	1275.3013602872686	966.0351959916999	1039.7055162070153
1039	gRNA_13265	controlsgRNA	704.2066737242478	628.8443687762528	969.2153652088003	748.0712420385665	745.9845537629612	778.5582120586969	622.5463470159649	772.0375473834222	681.9389892100105
1040	gRNA_13266	controlsgRNA	682.528967154194	623.6322816796107	705.8837679016824	948.7122749521825	863.6761621806362	853.7460767746459	866.5657147447347	1043.6044211176547	930.5761204219277
1041	gRNA_13267	controlsgRNA	504.0066777537509	427.33053626073234	573.9014649244369	585.217901432368	509.2681741680091	430.51116087357855	614.2571231778662	715.8744449604952	681.1179530034769
1042	gRNA_13268	controlsgRNA	260.57878456414676	243.2711349525712	338.8970045872554	440.8564102532034	349.9818876507481	392.2642321719171	352.2920131191922	320.34598261151564	339.43005171775485
1043	gRNA_13269	controlsgRNA	625.7843823090532	497.8149233932287	524.6059165102739	1149.263975259871	822.3481166329705	871.5635484381027	771.9660158913821	836.8526018396287	779.2317796842391
1044	gRNA_13270	controlsgRNA	487.8121557867107	532.5419688162041	531.2525073076891	761.1138025040109	603.1761589543823	647.4925173615403	768.5050512991863	591.5399273787965	681.5968907906216
1045	gRNA_13271	controlsgRNA	1062.2713798931366	1188.113435378726	1429.570904010727	1213.8514493455984	1157.2386018450227	1014.6630328974893	1718.9457474572591	1539.6745329568143	1703.2396104538982
1046	gRNA_13272	controlsgRNA	385.03432346045565	307.3313217101367	435.35169723069794	652.396021089999	487.2976518897662	490.6801096847287	406.3856078564751	557.6779771795815	500.6952466177243
1047	gRNA_13273	controlsgRNA	276.6457906101866	213.81678229015228	244.65784220961797	577.0886342929472	490.39058949204315	514.840974401144	316.91326395452376	398.2135509110319	427.691443920114
1048	gRNA_13274	controlsgRNA	506.23820637125647	459.02729848798566	772.3496758758348	850.5357410376392	773.2344005692286	859.623043867828	702.917635879179	696.5567244723969	699.04391017946
1049	gRNA_13275	controlsgRNA	1211.2099756215064	1289.4461054436733	1837.703229404391	1884.4713220448484	1607.3143494866977	1637.9946855426142	1973.6043767101864	1690.7107645722554	1629.8252896530214
1050	gRNA_13276	controlsgRNA	516.3119641302815	579.8143866694692	789.6782875976672	897.2566939378269	784.0063556668136	722.4005265016234	761.369482325153	775.1701507058166	651.0817117811238
1051	gRNA_13277	controlsgRNA	457.3358506676351	422.482083147577	699.0789249424239	611.7496853928951	579.8191474061532	638.0707129740579	602.7633024951418	545.2221496833945	544.5522639833927
1052	gRNA_13278	controlsgRNA	364.56801813990484	323.8766679587794	503.0044964186744	582.8952536782477	437.17073212872657	457.37729615669673	434.03059663611333	456.39046975549803	509.11086773469333
1053	gRNA_13279	controlsgRNA	482.77527690719825	490.7240607152389	738.8793436459937	661.5079468946244	618.16090837231	629.5817605061281	841.9971389359371	635.2472023055363	698.2228739729264
1054	gRNA_13280	controlsgRNA	1491.2986960987014	1593.8077496220026	1811.5124966193382	1430.9296817499114	1418.6984822581899	1310.7502321635216	1510.2196729773011	1612.7686104793488	1448.171028957468
1055	gRNA_13281	controlsgRNA	177.50216203244057	112.36290089737594	183.96813814274313	342.85854155051567	214.3725717440206	276.49730895542507	154.5897517847468	225.3236818322209	181.85951974718654
1056	gRNA_13282	controlsgRNA	191.72018722397584	216.8470654858744	271.40245756112216	357.1517584989478	219.2252841889723	199.35045520841544	254.40226150535722	211.45072426161744	175.97542693369593
1057	gRNA_13283	controlsgRNA	144.1567486908578	103.81750228543959	118.37261705872848	277.4670740114387	242.79560177873776	289.18409506134196	169.15998543831196	202.72418643494748	199.37495881990276
1058	gRNA_13284	controlsgRNA	677.1732984721808	747.267836065073	732.7075093341082	1003.0264993562245	899.1916180964366	1087.0523418547803	811.147553311673	780.9132567968729	966.9753922449162
1059	gRNA_13285	controlsgRNA	865.833103592149	911.3273682814682	1063.2962754245943	1117.9082305792479	943.5592747359951	813.6334442338791	973.5565213973067	1180.916866749273	1106.072609568479
1060	gRNA_13599	controlsgRNA	694.196673925723	697.6317973191449	521.4408732734096	424.5978759743619	410.0808648536115	345.43506581037076	446.3362485194762	403.8074854153075	385.54491865139056
1061	gRNA_13600	controlsgRNA	1017.5132916220255	986.5389971992912	601.674719327922	290.5989670828107	363.9001068609942	382.18943144074785	570.5036942592425	500.3960878557994	609.2772849317893
1062	gRNA_13601	controlsgRNA	1925.8091969072798	1925.4419425618305	1597.0016912408537	1154.891929433316	1224.6966374808899	1066.6228848165756	995.7750595200454	1366.8592496713936	988.6644320341782
1063	gRNA_13602	controlsgRNA	685.7806231397021	727.2073613093927	503.79575722789053	499.5479323477029	308.38720955116196	353.36430712656886	574.1355706831517	473.0976874749345	500.9005056693576
1064	gRNA_13603	controlsgRNA	1038.4896606265777	998.9631583017517	612.3567402523395	352.2384651729243	436.21085494181307	498.9824917687478	432.5778460665496	515.9845186743808	459.30133787165653
1065	gRNA_13604	controlsgRNA	1942.5775405188215	1855.503006404564	1470.162583523513	1332.3064848057297	1191.7941805739094	957.852350996729	1305.5100265426074	978.6401950746674	975.6646920973965
1066	gRNA_13605	controlsgRNA	808.4509391420066	808.0553169712587	597.2436587963119	365.19169303244087	397.65578793411976	481.9113016409332	588.4494365891468	304.906723379715	387.59750916772447
1067	gRNA_13606	controlsgRNA	3237.756750119036	3246.4635989049284	1931.3093831346557	1278.4389234313262	1587.423561113434	1585.381837279841	1779.5767197575785	1694.6638116219433	1633.5199525824223
1068	gRNA_13607	controlsgRNA	1701.6999657492236	1616.777296245576	1059.4982235403572	710.3728823370768	708.8693025356382	798.6145283290803	728.298042888615	679.7003351661797	778.616002529339
1069	gRNA_13608	controlsgRNA	360.6787825493952	340.42201420742214	219.89137888115405	172.76925986417334	171.33807786406422	198.97731444059437	178.21831251912076	223.01152223712032	259.72112000012044
