gRNA_id,Gene,d5_rep1,d5_rep2,d5_rep3,LFC_avg_d5,LFC_median_d5,Input_median,d15_rep1,d15_rep2,d15_rep3,LFC_avg_d15,LFC_median_d15,sensor_reads,corr_perc,target_base_edit_perc,byproduct_INDEL_perc,byproduct_sub_perc,gene_name_m_corrected,gene_name_h,HGVSp_m,HGVSp_h,classification,classification_m,p_high_unadjusted_d5,p_low_unadjusted_d5,FDR_high_d5,FDR_low_d5,FDR_d5,p_high_unadjusted_d15,p_low_unadjusted_d15,FDR_high_d15,FDR_low_d15,FDR_d15
gRNA_1,ABL1,0.7095371757394731,-0.042287901319576944,-0.10387910901559695,0.1877900551347664,-0.042287901319576944,242.60447264951236,-0.1871816712666475,0.06305247106248046,-0.11198721084187488,-0.07870547034868064,-0.11198721084187488,7501,1.7464338088254898,3.572856952406346,0.0,12.798293560858554,Abl1,ABL1,Non-coding,,targeting guide,Intron,0.5029890453863124,0.5891716278591907,1.0,0.9999998321245912,0.9999998321245912,0.8476169119724366,0.40396586731202083,1.0,1.0,1.0
gRNA_2,ABL1,1.7977509672569612,1.0964231327781673,0.9579722549681094,1.2840487850010793,1.0964231327781673,69.63095121101675,0.11920099728196482,0.48763722706686735,0.11349717544744091,0.240111799932091,0.11920099728196482,4855,16.519052523171986,26.549948506694133,0.0617919670442842,31.946446961894956,Abl1,ABL1,Non-coding,,targeting guide,Intron,3.810073802059576e-05,0.9997454828403061,0.02038389484101873,0.9999998321245912,0.02038389484101873,0.45270038682367664,0.7371533491023898,1.0,1.0,1.0
gRNA_3,ABL1,1.254092521393128,0.5224213029381639,0.49834745663364793,0.7582870936549799,0.5224213029381639,127.45371121207206,0.3867530153609705,0.2576885882672463,0.29911700505236927,0.314519536226862,0.29911700505236927,6812,1.717557251908397,1.893716970052848,0.0,7.604227833235466,Abl1,ABL1,Non-coding,,targeting guide,Intron,0.02350892072188033,0.9762314678374489,1.0,0.9999998321245912,0.9999998321245912,0.4750980627707241,0.7953991900865521,1.0,1.0,1.0
gRNA_67,AGO2,0.6728316584388956,-0.13177398140479843,0.08574384573192094,0.20893384092200604,0.08574384573192094,136.9520991543399,-1.2389356258392241,-1.0127601621878761,-1.249295897446093,-1.1669972284910644,-1.2389356258392241,1732,1.327944572748268,2.3094688221709005,4.849884526558892,23.67205542725173,Ago2,AGO2,N284S,N283S,targeting guide,Missense,0.48168548702046066,0.6434932545458205,1.0,0.9999998321245912,0.9999998321245912,0.9997973425624374,0.001862424071420356,1.0,0.06038768958847821,0.06038768958847821
gRNA_84,AKT1,-0.5026404465211924,-0.5172715032918265,-0.6414432779055066,-0.5537850759061752,-0.5172715032918265,1678.6556791022215,-0.8388475659204129,-0.8010625325159719,-0.9076810673824506,-0.8491970552729451,-0.8388475659204129,36070,10.734682561685611,94.80454671472135,0.3299140560022179,86.60659828112004,Akt1,AKT1,D323G,D323G,targeting guide,Missense,0.9393806592681576,0.2252468876585633,1.0,0.9999998321245912,0.9999998321245912,0.9832159378294608,0.09056152849881648,1.0,1.0,1.0
gRNA_85,AKT1,-0.35703332522518383,-0.3136838330393404,-0.3295841377341328,-0.33343376533288566,-0.3295841377341328,310.18247783326984,-0.29304976309403363,-0.3293132072624161,0.07456471888622587,-0.1825994171567413,-0.29304976309403363,5138,8.232775398987933,72.57687816270922,0.0,77.9291553133515,Akt1,AKT1,D323G,D323G,targeting guide,Missense,0.9246110613196927,0.2608482868177522,1.0,0.9999998321245912,0.9999998321245912,0.8788881880743578,0.3403176254065752,1.0,1.0,1.0
gRNA_95,AKT1,-0.6866539354916272,-0.565142169017858,-0.6126322350873764,-0.6214761131989538,-0.6126322350873764,482.54229608678924,-1.4927219738555775,-0.5109903396472739,-0.6741256907853119,-0.8926126680960543,-0.6741256907853119,7986,19.070874029551717,46.48134234911095,0.7262709742048585,33.771600300525925,Akt1,AKT1,W80R,W80R,targeting guide,Missense,0.9414202171247064,0.21979876442554264,1.0,0.9999998321245912,0.9999998321245912,0.9882677078150595,0.00038218223651198335,1.0,0.016357399722712888,0.016357399722712888
gRNA_120,AKT3,0.11872597054097923,-0.2743231508883078,-0.14272062229683977,-0.0994392675480561,-0.14272062229683977,974.9633153916326,-0.4867124406961164,-0.7513892447514415,-0.5470185358531474,-0.5950400737669018,-0.5470185358531474,25255,46.34725796871906,79.47337160958227,0.1385864185309839,37.49752524252623,Akt3,AKT3,D322G,D322G,targeting guide,Missense,0.8517531120465123,0.3860882104165135,1.0,0.9999998321245912,0.9999998321245912,0.9639046056644198,0.15552789421558275,1.0,1.0,1.0
gRNA_121,AKT3,0.07189724048899294,-0.2653152267122187,-0.13619513294040805,-0.10987103972121126,-0.13619513294040805,559.1478552746443,-0.3275869680743228,-0.3184120488834929,0.06179926016724035,-0.19473325226352511,-0.3184120488834929,14973,1.950176985240099,33.73405463167034,0.146931142723569,89.57456755493222,Akt3,AKT3,D322G,D322G,targeting guide,Missense,0.8661842755069451,0.3682767893442678,1.0,0.9999998321245912,0.9999998321245912,0.8787718233721483,0.3408559245483163,1.0,1.0,1.0
gRNA_122,AKT3,-0.11440315183992032,-0.05234496958989557,-0.04376301638652112,-0.07017037927211234,-0.05234496958989557,476.27196493618214,-0.7087616158636083,0.08455605694787027,-0.09354550349179197,-0.23925035413584336,-0.09354550349179197,11859,36.30997554599882,60.85673328273885,0.0,32.59971329791719,Akt3,AKT3,D322G,D322G,targeting guide,Missense,0.8681552405040016,0.37447102572684704,1.0,0.9999998321245912,0.9999998321245912,0.8862931819223717,0.2983787885319372,1.0,1.0,1.0
gRNA_196,ALK,0.6988253566684072,0.6533164416640864,0.5381471390157277,0.6300963124494071,0.6533164416640864,389.81617049796756,0.30807070129493275,0.5635269927751579,0.4476040038810256,0.43973389931703877,0.4476040038810256,17243,20.35608652786638,29.75700284173288,0.7713274952154497,25.824972452589456,Alk,ALK,F1178L,F1174L,targeting guide,Missense,0.12648824256866445,0.9714148550316809,1.0,0.9999998321245912,0.9999998321245912,0.18071643662130704,0.9269340854893663,1.0,1.0,1.0
gRNA_197,ALK,-0.09908615711359733,-0.01852041986159952,-0.11995238797182729,-0.07918632164900806,-0.09908615711359733,816.6602811919363,-0.08223718167832691,0.22744852147946926,0.014067654328502408,0.05309299804321491,0.014067654328502408,22203,4.584965995586182,5.14344908345719,0.4548934828626761,11.277755258298429,Alk,ALK,F1178L,F1174L,targeting guide,Missense,0.8648187128674079,0.380294797286558,1.0,0.9999998321245912,0.9999998321245912,0.7782223462285422,0.49585027615478994,1.0,1.0,1.0
gRNA_198,ALK,0.8153218798922768,0.5348179268503247,0.4301659403832211,0.5934352490419409,0.5348179268503247,547.1568495729327,0.40655249191581716,0.6785016925139195,0.4286712750102926,0.5045751531466763,0.4286712750102926,22246,5.164973478378135,66.60523240133057,0.8630765081362941,82.73846983727412,Alk,ALK,F1178L,F1174L,targeting guide,Missense,0.13555804799465565,0.9565186211766322,1.0,0.9999998321245912,0.9999998321245912,0.09972865705370199,0.9645844050284191,0.8907995339013034,1.0,0.8907995339013034
gRNA_235,AMER1,0.02591706078748928,-0.05767843417322991,0.08853573054930786,0.018924785721189077,0.02591706078748928,1608.0500806418963,0.23514893186501684,0.16714432130872428,0.15177346305363665,0.18468890540912594,0.16714432130872428,47949,0.123047404533984,0.3920832551252373,0.0,33.84429289453377,Amer1,AMER1,N1035S,N1035S,targeting guide,Missense,0.8159864521981941,0.4528651322559857,1.0,0.9999998321245912,0.9999998321245912,0.658437470674555,0.6516284799656673,1.0,1.0,1.0
gRNA_283,ANKRD11,0.05222361396993754,0.3022448096973555,0.3407824223660353,0.23175028201110945,0.3022448096973555,1158.2908684063748,0.016062279619112517,0.15416188469932876,0.3717459717395936,0.18065671201934497,0.15416188469932876,38542,6.665455866327642,44.01691661045093,0.0363240101707228,59.10954283638628,Ankrd11,ANKRD11,K390R,K369R,targeting guide,Missense,0.6185133323937713,0.6683888577291046,1.0,0.9999998321245912,0.9999998321245912,0.634931440588995,0.6447965173995192,1.0,1.0,1.0
gRNA_284,ANKRD11,-0.08157913494262091,0.015022651981942721,0.19609335063233654,0.04317895589055278,0.015022651981942721,1142.2955534594075,0.13894694731771132,-0.13407770737028787,0.20097725584348786,0.06861549859697043,0.13894694731771132,32369,0.9824214526244246,17.51675986283172,0.0586981371064907,75.08109611047608,Ankrd11,ANKRD11,K390R,K369R,targeting guide,Missense,0.8110180461613763,0.4568160761429464,1.0,0.9999998321245912,0.9999998321245912,0.7441090433124765,0.5388238895780646,1.0,1.0,1.0
gRNA_285,ANKRD11,-0.029158608546184902,0.27174263042674357,0.26600638725382725,0.16953013637812864,0.26600638725382725,1236.355543854622,-0.11659616004074932,0.23516680456076083,0.25695335538449193,0.12517466663483448,0.23516680456076083,42471,1.9283746556473829,49.00284900284901,0.0,76.73471309834946,Ankrd11,ANKRD11,K390R,K369R,targeting guide,Missense,0.7311142660822989,0.555783680915976,1.0,0.9999998321245912,0.9999998321245912,0.6976729492663005,0.5826565237360131,1.0,1.0,1.0
gRNA_292,APC,0.5004426705208491,0.24666982401636797,0.218817799542396,0.32197676469320435,0.24666982401636797,931.1850131048112,0.3037187025162639,0.44960476179383396,0.552093878155016,0.435139114155038,0.44960476179383396,34913,47.83318534643256,61.43843267550769,0.4668748030819465,24.887577693122907,Apc,APC,E40G,E40G,targeting guide,Missense,0.5126768875088514,0.731670775813045,1.0,0.9999998321245912,0.9999998321245912,0.19177201488496287,0.9247173780254251,1.0,1.0,1.0
gRNA_293,APC,0.3709098075620052,0.23161098646234302,0.6060072665684163,0.4028426868642548,0.3709098075620052,473.3390987531748,0.2455027841937399,0.35291085598880934,0.5889529543220435,0.39578886483486425,0.35291085598880934,17258,29.580484413025843,67.10511067331093,1.2747711206397034,47.70541198284853,Apc,APC,E40G,E40G,targeting guide,Missense,0.36671403126827096,0.8322738190159354,1.0,0.9999998321245912,0.9999998321245912,0.24977331397619054,0.8638172370001712,1.0,1.0,1.0
gRNA_299,APC,0.25576050209565493,0.18765322355726244,0.10422913916023512,0.18254762160438417,0.18765322355726244,1338.9809284638234,0.11327445746642764,0.2354714670605904,0.22921332280706821,0.1926530824446954,0.22921332280706821,42555,20.97990835389496,26.866408177652453,0.4417812242979673,19.88485489366702,Apc,APC,S140P,S142P,targeting guide,Missense,0.7124133775851543,0.5931004562734625,1.0,0.9999998321245912,0.9999998321245912,0.6669506883567518,0.641456805687729,1.0,1.0,1.0
gRNA_300,APC,0.7604672342117165,0.3086833813898038,0.6325210294722634,0.5672238816912613,0.6325210294722634,281.4913956081987,0.41175093435585014,0.7916275825767942,0.7653040247871175,0.6562275139065873,0.7653040247871175,11553,13.554920799792262,22.06353328139877,0.0,29.853717649095472,Apc,APC,S140P,S142P,targeting guide,Missense,0.16079513628681666,0.9276161353623371,1.0,0.9999998321245912,0.9999998321245912,0.004237159104285395,0.9937860331087425,0.06869333699371778,1.0,0.06869333699371778
gRNA_497,ARAF,-0.08265444439361085,0.1424019821461929,0.001820174248625914,0.020522570667069324,0.001820174248625914,159.96872289489704,-0.9484809304332263,-0.46112185663602584,-0.3377812425325748,-0.582461343200609,-0.46112185663602584,2221,7.744259342638451,25.70914002701486,0.1350742908599729,63.845114813147234,Araf,ARAF,S214P,S214P,targeting guide,Missense,0.8233251768588358,0.4409922022913343,1.0,0.9999998321245912,0.9999998321245912,0.964345967806594,0.13134681761447817,1.0,1.0,1.0
gRNA_498,ARAF,0.041976473771380834,0.013990620879242884,-0.08181341225484291,-0.0086154392014064,0.013990620879242884,1119.0835841801763,-0.1446655298422008,-0.20783253979272315,-0.1678240959796737,-0.17344072187153256,-0.1678240959796737,35760,0.4837807606263982,45.27125279642058,0.0503355704697986,83.92058165548099,Araf,ARAF,S214P,S214P,targeting guide,Missense,0.8424231725067414,0.41621310468384515,1.0,0.9999998321245912,0.9999998321245912,0.8829923879200089,0.3470531305680517,1.0,1.0,1.0
gRNA_528,ARID1A,-0.00108472240123531,0.11691483833611388,0.1421909403749497,0.08600701876994277,0.11691483833611388,1266.1693375726427,0.019282465400367446,0.02259687055800753,0.19410239551526565,0.0786605771578802,0.02259687055800753,40535,52.80621684963612,76.49192056247686,0.5254718144813124,29.162452201800917,Arid1a,ARID1A,T1919A,T1917A,targeting guide,Missense,0.7815426274967967,0.5025775343946242,1.0,0.9999998321245912,0.9999998321245912,0.7484635206543987,0.5432681724799009,1.0,1.0,1.0
gRNA_594,ARID1A,0.3439286673547956,0.15100332749712564,0.10813276407885515,0.2010215863102588,0.15100332749712564,880.7215080046749,-0.12145995237831504,0.2773394492054059,0.204633214288604,0.1201709037052316,0.204633214288604,30552,10.192458758837391,15.504713275726631,0.1505629746006808,38.13170987169416,Arid1a,ARID1A,S1987P,S1985P,targeting guide,Missense,0.6386480834587671,0.6508596990394846,1.0,0.9999998321245912,0.9999998321245912,0.7030114346158352,0.5776490959480864,1.0,1.0,1.0
gRNA_671,ARID1A,-0.23855129275492026,0.25847329198015867,0.735934477584503,0.25195215893658046,0.25847329198015867,250.31375292362128,-0.1132575459897179,-0.03482943511368475,-0.09767979255985326,-0.08192225788775197,-0.09767979255985326,7373,59.48731859487319,78.63827478638274,0.36620100366201,24.942357249423573,Arid1a,ARID1A,D1051G,D1050G,targeting guide,Missense,0.43144729325315034,0.6434522445974253,1.0,0.9999998321245912,0.9999998321245912,0.8555506018594067,0.3953083534626408,1.0,1.0,1.0
gRNA_736,ARID1B,0.8031934146736767,1.1460963373655666,1.230589839256194,1.0599598637651457,1.1460963373655666,211.4851549790249,0.7370899951339746,0.5302798204518264,0.7235552744497706,0.6636416966785239,0.7235552744497706,11441,1.2498907438161,35.932173761034875,0.2622148413600209,78.78681933397431,Arid1b,ARID1B,V1178A,V1118A,targeting guide,Missense,0.002985575664185135,0.9995227659056153,0.45636656581115637,0.9999998321245912,0.45636656581115637,0.009233012025140196,0.9981228517565088,0.1411331838128573,1.0,0.1411331838128573
gRNA_740,ARID1B,0.21311779457751157,0.1392033626007576,0.27418276442508077,0.20883464053444997,0.21311779457751157,637.3245731595819,0.4691541279087224,0.20521466292314322,0.1841318021698367,0.28616686433390076,0.20521466292314322,22861,48.25248239359608,76.26962950002188,0.0,32.614496303748744,Arid1b,ARID1B,Y1451C,Y1391C,targeting guide,Missense,0.7029422458779198,0.6025718248047702,1.0,0.9999998321245912,0.9999998321245912,0.433767337701335,0.7814998008719866,1.0,1.0,1.0
gRNA_741,ARID1B,0.024778396303488655,0.43598469747551016,0.060458299681903076,0.1737404644869673,0.060458299681903076,1184.0490844484389,0.10831721784135832,0.13158476942084563,0.23972609714814797,0.15987602813678398,0.13158476942084563,39173,7.768105582927016,74.67132974242463,0.0306333443953743,77.56107523038828,Arid1b,ARID1B,Y1451C,Y1391C,targeting guide,Missense,0.6217935996581772,0.6136747722330496,1.0,0.9999998321245912,0.9999998321245912,0.6911656311390375,0.6155423435179819,1.0,1.0,1.0
gRNA_767,ARID1B,0.05885304502333016,-0.2682058998502652,-0.10545657777360591,-0.10493647753351365,-0.10545657777360591,1160.3560413059113,-0.007607995499387318,-0.059477248561282746,0.15630203102257337,0.0297389289873011,-0.007607995499387318,34274,19.099025500379295,46.44920347785494,0.6360506506389683,53.78129194141332,Arid1b,ARID1B,Y1195C,Y1135C,targeting guide,Missense,0.8632195552196356,0.3735793780024506,1.0,0.9999998321245912,0.9999998321245912,0.7804684043210233,0.49662000515813254,1.0,1.0,1.0
gRNA_768,ARID1B,-0.5239098333611608,-0.1113729456612222,-0.08390924675912616,-0.23973067526050307,-0.1113729456612222,571.9726636469196,-0.30813241197349156,-0.29858387098113237,-0.685783795268817,-0.4308333594078137,-0.30813241197349156,13861,44.59995671307986,56.90787100497799,0.0,31.30365774475146,Arid1b,ARID1B,Y1195C,Y1135C,targeting guide,Missense,0.8934228255267047,0.3207283794215066,1.0,0.9999998321245912,0.9999998321245912,0.9372348054173172,0.22137804272106645,1.0,1.0,1.0
gRNA_769,ARID1B,-0.24092729172447516,0.06899858488694548,0.007133351623147826,-0.054931785071460626,0.007133351623147826,1140.3561722141453,-0.24605076606588755,0.033927454593213724,-0.14407774590061967,-0.11873368579109783,-0.14407774590061967,33022,69.00551147719702,89.68869238689359,0.4966386045666525,23.251165889407066,Arid1b,ARID1B,Y1195C,Y1135C,targeting guide,Missense,0.8574965747920169,0.3832926489175352,1.0,0.9999998321245912,0.9999998321245912,0.8613901288269983,0.379570947476902,1.0,1.0,1.0
gRNA_806,ARID1B,-1.0853061011565002,-0.7138374004817335,-0.84963300316876,-0.8829255016023311,-0.84963300316876,129.27188112950532,-1.50901462735369,-2.5018321733821214,-2.379883701317577,-2.1302435006844624,-2.379883701317577,296,0.0,8.445945945945946,0.0,17.22972972972973,Arid1b,ARID1B,S456P,S451P,targeting guide,Missense,0.9791223585444071,0.08998511799872883,1.0,0.9999998321245912,0.9999998321245912,1.0,4.1025318572854354e-10,1.0,4.877454541439351e-08,4.877454541439351e-08
gRNA_807,ARID1B,-1.0114822731924362,-0.41461564400325,-0.8504806659368034,-0.7588595277108299,-0.8504806659368034,208.90772351308246,-2.513930855510346,-0.45097308009022485,-0.44302455993942463,-1.1359761651799984,-0.45097308009022485,349,0.0,23.78223495702006,1.4326647564469914,91.69054441260744,Arid1b,ARID1B,S456P,S451P,targeting guide,Missense,0.9680053360136424,0.12921631346226425,1.0,0.9999998321245912,0.9999998321245912,0.9779629834283858,0.0005485203472511687,1.0,0.020961313269955376,0.020961313269955376
gRNA_828,ARID2,0.20978133369787028,0.3595386803006517,0.5232667251046603,0.36419557970106076,0.3595386803006517,493.8149495748755,0.135015608291651,0.02446597512755613,-0.14573038722675985,0.0045837320641490915,0.02446597512755613,18907,27.667001639604376,38.81102237266621,0.0158671391548103,27.11694081557095,Arid2,ARID2,K1634E,K1640E,targeting guide,Missense,0.41658953645302005,0.8080613733483577,1.0,0.9999998321245912,0.9999998321245912,0.7966706881231351,0.47570652474441955,1.0,1.0,1.0
gRNA_829,ARID2,0.5554212272888164,0.3194197957794571,0.16170924708873216,0.3455167567190019,0.3194197957794571,487.26953787211573,0.015602575564233662,0.011655244794854731,-0.24079662558459897,-0.07117960174183686,0.011655244794854731,18054,10.091946383073005,13.68671762490307,0.1163177135260884,16.02968871164285,Arid2,ARID2,K1634E,K1640E,targeting guide,Missense,0.4517680696489923,0.7729637671568286,1.0,0.9999998321245912,0.9999998321245912,0.841825395471869,0.41207199957872653,1.0,1.0,1.0
gRNA_830,ARID2,0.6549299881511399,-0.0001912325008757183,0.06567780956459994,0.24013885507162136,0.06567780956459994,868.9640092052731,0.3221317182290822,0.3246831992801184,-0.06048930576934898,0.19544187057995055,0.3221317182290822,30461,21.496339581760285,28.74823544860641,0.2068218377597584,33.80716325793638,Arid2,ARID2,K1634E,K1640E,targeting guide,Missense,0.4841186667038754,0.645028785124478,1.0,0.9999998321245912,0.9999998321245912,0.638789922267879,0.6340118071187724,1.0,1.0,1.0
gRNA_831,ARID2,0.5149016975841895,0.4075744298381608,0.2677257240674144,0.3967339504965883,0.4075744298381608,456.6982710626335,-0.039338716886803946,0.1792111991880153,0.14681637979418694,0.09556295403179943,0.14681637979418694,16713,20.24771136241249,28.63040746724107,0.0,23.592413091605337,Arid2,ARID2,K1634E,K1640E,targeting guide,Missense,0.405337689683057,0.8256065836431766,1.0,0.9999998321245912,0.9999998321245912,0.7236797206534693,0.5681667551450431,1.0,1.0,1.0
gRNA_871,ARID2,0.2710536033267723,0.5045728979780144,0.37691517171661626,0.38418055767380094,0.37691517171661626,1022.9630012118708,0.07437996712618809,0.0737899080420142,0.2562998926467165,0.13482325593830627,0.07437996712618809,42352,0.443898753305629,19.15375897242161,0.1298639969777106,92.33566301473364,Arid2,ARID2,N1540S,N1546S,targeting guide,Missense,0.4053376896830569,0.8256065836431766,1.0,0.9999998321245912,0.9999998321245912,0.7177608417878847,0.5749967751022222,1.0,1.0,1.0
gRNA_895,ARID5B,0.5578087009673066,0.2598414841020473,0.47334253105542196,0.4303309053749253,0.47334253105542196,181.75638607941232,0.6789010174864702,0.8108911320576806,0.7423361055475957,0.7440427516972488,0.7423361055475957,7172,1.938092582264361,97.04406023424428,1.742889012827663,95.44060234244284,Arid5b,ARID5B,K1026E,K1026E,targeting guide,Missense,0.34026992529091526,0.8542453340137733,1.0,0.9999998321245912,0.9999998321245912,3.114300628325769e-05,0.9998298871138385,0.0013832513806092761,1.0,0.0013832513806092761
gRNA_896,ARID5B,-0.2000594188657807,-0.39076673950011487,-0.4487692379671992,-0.3465317987776983,-0.39076673950011487,805.5704847507665,-0.028865699932834873,-0.4278177453528041,-0.33983145533100906,-0.26550496687221603,-0.33983145533100906,18305,0.021851953018301,52.10598197213876,0.4807429664026222,90.94236547391424,Arid5b,ARID5B,K1026E,K1026E,targeting guide,Missense,0.9172936488132101,0.27659597383235046,1.0,0.9999998321245912,0.9999998321245912,0.896497708279701,0.3087491860773941,1.0,1.0,1.0
gRNA_901,ARID5B,-1.1965612693075502,-1.2312269898869115,-1.5513970367184333,-1.3263950986376318,-1.2312269898869115,1133.8713661753002,-1.3048763906119278,-0.9172235256792396,-0.9376680668451569,-1.0532559943787747,-0.9376680668451569,8446,53.9426947667535,78.6644565474781,0.0710395453469097,38.19559554818849,Arid5b,ARID5B,I213T,I213T,targeting guide,Missense,0.999819896656194,0.001588621418940235,1.0,0.10600667048016688,0.10600667048016688,0.9967889325426966,0.008073494059149396,1.0,0.21596596608224636,0.21596596608224636
gRNA_974,ASXL2,-0.4385216930017971,-0.19524396534206953,-0.20066348256877403,-0.27814304697088027,-0.20066348256877403,1302.6581401770218,-0.08720578169515618,-0.09343143497836866,-0.33099118623904356,-0.17054280097085614,-0.09343143497836866,31671,21.998042373148937,33.769063180827885,0.0757791039120962,28.53714754823024,Asxl2,ASXL2,M1T,M1T,targeting guide,Missense,0.9096848371918954,0.29307775230672517,1.0,0.9999998321245912,0.9999998321245912,0.888723048202434,0.3322863607494277,1.0,1.0,1.0
gRNA_978,ASXL2,0.08398920235179667,0.23986177305267303,0.13063779590604374,0.15149625710350448,0.13063779590604374,943.2665531643793,-0.20649744753077334,-0.2845413038204534,-0.04619821458301318,-0.17907898864474667,-0.20649744753077334,33013,55.02074940175083,80.91963771847453,0.8057431920758489,31.284645442704388,Asxl2,ASXL2,Y1262H,Y1327H,targeting guide,Missense,0.7301349011397674,0.5723156311378603,1.0,0.9999998321245912,0.9999998321245912,0.8825349826441555,0.34426834949394164,1.0,1.0,1.0
gRNA_979,ASXL2,-0.17855586044621025,-0.27238213603708067,0.00031675412693100134,-0.1502070807854533,-0.17855586044621025,600.34495606949,-0.49842300133422596,-0.08547956803272877,0.13302843651670104,-0.15029137761675124,-0.08547956803272877,15891,36.0770247309798,69.1586432571896,0.0,48.826379711786544,Asxl2,ASXL2,Y1262H,Y1327H,targeting guide,Missense,0.891555987760797,0.3270899133589991,1.0,0.9999998321245912,0.9999998321245912,0.8552019780369794,0.3580791863006179,1.0,1.0,1.0
gRNA_992,ATM,0.40448531906076174,0.3414509247409564,0.3739610477275834,0.37329909717643384,0.3739610477275834,576.3082049609304,0.11973277716274057,0.2553683049077914,0.1403893065017864,0.17183012952410612,0.1403893065017864,17963,7.281634470856761,7.693592384345599,0.272782942715582,8.656683182096533,Atm,ATM,T2676A,T2666A,targeting guide,Missense,0.41082244785155886,0.8458031986883652,1.0,0.9999998321245912,0.9999998321245912,0.669510939469204,0.6359897912647186,1.0,1.0,1.0
gRNA_993,ATM,0.07132345711457418,0.19045556207279488,-0.022019644328218485,0.07991979161971687,0.07132345711457418,556.4794792453812,0.19125652851762992,0.4085099183315626,0.3582687157453284,0.31934505419817366,0.3582687157453284,15831,41.2797675446908,44.49497820731476,0.6316720358789716,10.738424609942518,Atm,ATM,T2676A,T2666A,targeting guide,Missense,0.7912887923721745,0.4875108839538369,1.0,0.9999998321245912,0.9999998321245912,0.442837345234362,0.8067325986934778,1.0,1.0,1.0
gRNA_999,ATM,-0.062657960418612,0.26496950095926686,0.20261899461507782,0.1349768450519109,0.20261899461507782,1890.7755028027696,0.08373906892392789,-0.09961621513883046,-0.11181690614024409,-0.04256468411838221,-0.09961621513883046,67254,0.2260088619264281,28.59012103369316,0.2126267582597317,89.4653106134951,Atm,ATM,K2450E,K2440E,targeting guide,Missense,0.7524644169166868,0.5303070132574601,1.0,0.9999998321245912,0.9999998321245912,0.8382799495913215,0.41951014189623537,1.0,1.0,1.0
gRNA_1000,ATM,-0.5261369442214878,-0.6713768355391462,-0.465405555547584,-0.5543064451027394,-0.5261369442214878,1502.9598594142537,-0.6062242390656728,-0.501999437735108,-0.30231163606653405,-0.4701784376224383,-0.501999437735108,27468,0.54608999563128,37.3307121013543,0.0436871996505024,94.4371632445027,Atm,ATM,K2450E,K2440E,targeting guide,Missense,0.9395464656375132,0.22431409456925533,1.0,0.9999998321245912,0.9999998321245912,0.9475485346879458,0.20008067003761779,1.0,1.0,1.0
gRNA_1008,ATM,0.060151498350380674,0.10553097731117723,0.007103287827781592,0.0575952544964465,0.060151498350380674,1917.620571135217,0.39755684978417444,0.08750734133287902,0.19713193482044528,0.2273987086458329,0.19713193482044528,64072,57.566487701336,78.8019727806218,0.3761393432388563,26.927519041078785,Atm,ATM,Y2025C,Y2019C,targeting guide,Missense,0.7977081772303835,0.48160213219296055,1.0,0.9999998321245912,0.9999998321245912,0.5500622270988744,0.708756774623909,1.0,1.0,1.0
gRNA_1009,ATM,-0.689393478901786,-0.456362185032129,-0.5971290289322908,-0.5809615642887352,-0.5971290289322908,2049.8047649142663,-0.6779451459640844,-0.6333794044282817,-0.8543424956641922,-0.7218890153521861,-0.6779451459640844,42976,67.34223752792256,89.88505212211467,0.2373417721518987,25.76554355919583,Atm,ATM,Y2025C,Y2019C,targeting guide,Missense,0.93748618024469,0.22906677075677925,1.0,0.9999998321245912,0.9999998321245912,0.9754330724799174,0.11825937361450123,1.0,1.0,1.0
gRNA_1010,ATM,0.1851662147801136,-0.14116356206869987,-0.06873415114340899,-0.008243832810665083,-0.06873415114340899,782.5014492184422,-0.5755455319406377,-0.11417740591120489,0.0469376437249299,-0.21426176470897088,-0.11417740591120489,24133,72.27862263290929,95.15601044213318,0.5221066589317532,24.335971491318944,Atm,ATM,Y2025C,Y2019C,targeting guide,Missense,0.8240164703685597,0.43424382164071507,1.0,0.9999998321245912,0.9999998321245912,0.8822658897047708,0.3185429929208468,1.0,1.0,1.0
gRNA_1011,ATM,0.22283389070360718,-0.033371714761799426,-0.08892940908059269,0.03351092228707169,-0.033371714761799426,1196.052777351518,-0.24911794683434185,-0.21027694069369054,-0.6782964889879359,-0.37923045883865614,-0.24911794683434185,35084,73.76581917683275,88.35651579067381,0.0684072511686238,16.22677003762399,Atm,ATM,L2554P,L2544P,targeting guide,Missense,0.8129760134150429,0.45105305354103453,1.0,0.9999998321245912,0.9999998321245912,0.9270777587898477,0.24125230127385677,1.0,1.0,1.0
gRNA_1014,ATM,-0.18632184402994717,0.178118307853787,0.2525369407348262,0.081444468186222,0.178118307853787,1804.8603458384798,0.2526689979137485,0.07048193169157595,0.21624783785405052,0.179799589153125,0.21624783785405052,57954,9.36087241605411,81.91841805569935,0.2795320426545191,79.0540773717086,Atm,ATM,T2957A,T2947A,targeting guide,Missense,0.7745144099917968,0.4940769098527201,1.0,0.9999998321245912,0.9999998321245912,0.6769493475596471,0.6240166981050492,1.0,1.0,1.0
gRNA_1017,ATM,-0.30636109118118565,-0.16699657338592788,0.12147135722406953,-0.11729543578101466,-0.16699657338592788,701.0257144983536,-0.04662190620209057,0.07639045908092645,0.053628444851362436,0.02779899924339944,0.053628444851362436,17087,18.0605138409317,19.48264762685082,0.1755720723356938,9.510153918183414,Atm,ATM,L2900P,L2890P,targeting guide,Missense,0.8603814421426044,0.3686853690596892,1.0,0.9999998321245912,0.9999998321245912,0.8067492627090209,0.4706098863339725,1.0,1.0,1.0
gRNA_1018,ATM,1.0616921640319144,0.3593539016078629,0.3663717553790769,0.595805940339618,0.3663717553790769,321.6589107232984,0.5433437459702608,0.2119257893975388,0.1521065850256345,0.30245870679781134,0.2119257893975388,13826,6.726457399103139,7.080862143787067,0.4701287429480688,8.476782872848258,Atm,ATM,Y2086C,Y2080C,targeting guide,Missense,0.11917928184170752,0.930811514457737,1.0,0.9999998321245912,0.9999998321245912,0.3298045177492344,0.7992406140121502,1.0,1.0,1.0
gRNA_1035,ATM,0.4046330782056416,0.3632474711072959,0.48842396716257036,0.4187681721585026,0.4046330782056416,357.9371902478884,-0.19441345141437372,0.4348177556773059,0.61439901327217,0.2849344391783674,0.4348177556773059,13982,2.338721212988128,5.428407953082535,1.66642826491203,57.68130453440138,Atm,ATM,D2730G,D2720G,targeting guide,Missense,0.3328015246696182,0.8867577785782024,1.0,0.9999998321245912,0.9999998321245912,0.19149885165452277,0.8072043497136604,1.0,1.0,1.0
gRNA_1036,ATM,-1.2630754416436758,-1.2546533553021622,-1.3808114462731846,-1.299513414406341,-1.2630754416436758,494.845245861421,-1.7964710400068635,-1.532139260167434,-1.4671315339237312,-1.5985806113660095,-1.532139260167434,4554,40.75537988581467,94.79578392621872,2.8765920070267894,50.63680281071585,Atm,ATM,D2730G,D2720G,targeting guide,Missense,0.9997192348604231,0.0034582866455187614,1.0,0.19475614266868813,0.19475614266868813,1.0,4.1025318572854354e-10,1.0,4.877454541439351e-08,4.877454541439351e-08
gRNA_1045,ATM,-0.13400435169254013,-0.02213418423872923,0.009368833986251013,-0.04892323398167278,-0.02213418423872923,958.4179691429898,0.14945390986115095,0.26762584067777473,0.15604216432411067,0.19104063828767878,0.15604216432411067,27690,4.1242325749368005,6.114120621162875,0.9967497291440952,17.44312026002167,Atm,ATM,I2898T,I2888T,targeting guide,Missense,0.862113456903705,0.38466367722651623,1.0,0.9999998321245912,0.9999998321245912,0.6417063899771573,0.6665622042247554,1.0,1.0,1.0
gRNA_1046,ATM,0.03430274387821539,0.3180118566128067,0.17924774277653677,0.17718744775585296,0.17924774277653677,971.0845529011083,-0.14436578945621445,-0.06362357826107212,0.2198139655766096,0.0039415326197743406,-0.06362357826107212,32822,51.270489305953326,61.038327950764725,0.5545061239412589,15.574919261470964,Atm,ATM,I2898T,I2888T,targeting guide,Missense,0.6969475304830526,0.5957529285733087,1.0,0.9999998321245912,0.9999998321245912,0.8001693261746149,0.4600612003379787,1.0,1.0,1.0
gRNA_1047,ATM,0.43857316250597844,0.12988879091605726,0.13817844184922976,0.23554679842375514,0.13817844184922976,285.1496487174508,0.4041098327465152,-0.2494790821711723,-0.4344331466736211,-0.09326746536609272,-0.2494790821711723,9051,6.253452657164954,90.3767539498398,0.0,84.86355098884101,Atm,ATM,E2433G,E2423G,targeting guide,Missense,0.5757428320987084,0.679932789418561,1.0,0.9999998321245912,0.9999998321245912,0.6921125043021071,0.4586682367301257,1.0,1.0,1.0
gRNA_1048,ATM,0.597673529570602,0.495374848668288,0.4487370804101983,0.5139284862163628,0.495374848668288,673.916831209352,0.3766141785167481,0.2163073741617434,-0.06084194403194504,0.17735986954884883,0.2163073741617434,30390,1.9447186574531092,91.57288581770318,0.1513655807831523,91.45113524185588,Atm,ATM,E2433G,E2423G,targeting guide,Missense,0.22067920398225968,0.9388096874703405,1.0,0.9999998321245912,0.9999998321245912,0.6167785358293283,0.6377057881169252,1.0,1.0,1.0
gRNA_1049,ATM,-0.5859552207187739,-0.7590118300484062,-0.6680246822363922,-0.6709972443345241,-0.6680246822363922,2097.319605423189,-1.4480190744102672,-1.12319671411772,-1.0298510885523244,-1.2003556256934373,-1.12319671411772,37174,7.903373325442514,77.46274277720988,0.1049120352934847,77.00005380104375,Atm,ATM,E2433G,E2423G,targeting guide,Missense,0.9507675638363325,0.19391622662831315,1.0,0.9999998321245912,0.9999998321245912,0.999814146265071,3.2759463169150476e-05,1.0,0.00184487503110479,0.00184487503110479
gRNA_1056,ATM,0.3029473522466872,0.7185234466056951,0.6046730809658525,0.5420479599394116,0.6046730809658525,396.60346465611013,0.42710102226363855,0.1499904404606151,0.41263920613459826,0.32991022295295064,0.41263920613459826,17212,47.455263769463166,86.66046943992563,1.8010690216128282,42.3367418080409,Atm,ATM,Q2740R,Q2730R,targeting guide,Missense,0.21510498664163571,0.9130119033075659,1.0,0.9999998321245912,0.9999998321245912,0.3706601734142377,0.8418272626296187,1.0,1.0,1.0
gRNA_1065,ATM,0.019527156978574108,-0.022167930400304806,0.18598721971827134,0.06111548209884688,0.019527156978574108,866.5981991181509,-0.221593130500211,0.10961470799983743,-0.014989803989995764,-0.042322742163456446,-0.014989803989995764,26128,0.0,24.800979791794244,0.1109920391916717,88.31139007960809,Atm,ATM,N2885S,N2875S,targeting guide,Missense,0.8034070153018733,0.4696253794182842,1.0,0.9999998321245912,0.9999998321245912,0.8106469769841544,0.4543081390786766,1.0,1.0,1.0
gRNA_1066,ATM,0.01833217377702694,-0.01833270286222968,0.12679674406562266,0.04226540499347331,0.01833217377702694,1573.4827071834054,-0.06640473559791885,-0.14840978034500252,0.07472088524107985,-0.04669787690061383,-0.06640473559791885,46178,0.6388323444064272,9.430897830135562,0.0498072675299926,31.079734938715404,Atm,ATM,N2885S,N2875S,targeting guide,Missense,0.812291077835212,0.4594381194051106,1.0,0.9999998321245912,0.9999998321245912,0.841976307820662,0.4142369590433846,1.0,1.0,1.0
gRNA_1069,ATP6V1B2,0.523306553899688,0.42671085797965574,0.3647126362449074,0.4382433493747504,0.42671085797965574,525.0268664908133,0.6207936376532821,0.3671149186252835,0.3102957502388095,0.43273476883912504,0.3671149186252835,20543,33.2473348585893,88.24903860195687,0.1362994694056369,57.25551282675364,Atp6v1b2,ATP6V1B2,Y371C,Y371C,targeting guide,Missense,0.3153826187348429,0.8954368261277172,1.0,0.9999998321245912,0.9999998321245912,0.18237828153950142,0.8965738094636424,1.0,1.0,1.0
gRNA_1082,ATR,0.1733850273879257,0.3363453895355506,0.44140159987890476,0.3170440056007937,0.3363453895355506,868.0549242465564,-0.14910770905776832,-0.0023995600626516215,-0.0981226383518824,-0.08320996915743412,-0.0981226383518824,31262,30.58345595291408,71.99475401445845,0.3870513722730471,55.94011899430619,Atr,ATR,E2561G,E2564G,targeting guide,Missense,0.4928283671322484,0.7637040075899773,1.0,0.9999998321245912,0.9999998321245912,0.8524790946823597,0.3986207431298002,1.0,1.0,1.0
gRNA_1083,ATR,0.05647153529418885,0.40019650111455485,0.14752041238115254,0.2013961495966321,0.14752041238115254,1051.629480243402,-0.4595758331601285,-0.3279104437480896,-0.45188622388699895,-0.413124166931739,-0.45188622388699895,32886,34.15435139573071,69.23310831356808,0.1459587666484218,53.24150094265037,Atr,ATR,E2561G,E2564G,targeting guide,Missense,0.627429191005199,0.6439523843355173,1.0,0.9999998321245912,0.9999998321245912,0.9366911046036538,0.230482544039193,1.0,1.0,1.0
gRNA_1095,ATR,0.028729213467278643,0.10921329626904182,0.36451139159847684,0.16748463377826575,0.10921329626904182,705.7368647762517,-0.5440568330424382,-0.2628638952075977,0.10532075876963409,-0.23386665649346727,-0.2628638952075977,23156,0.4102608395232337,2.3751943340818795,1.995163240628779,42.408015201243735,Atr,ATR,M1159T,M1159T,targeting guide,Missense,0.6515635988826749,0.6142356176110615,1.0,0.9999998321245912,0.9999998321245912,0.8798440945443764,0.3104483242457643,1.0,1.0,1.0
gRNA_1109,ATR,0.5320130387714122,0.47741431600958956,0.5021336037806181,0.5038536528538733,0.5021336037806181,378.65852741043983,0.22822837512514105,0.3216955121513964,0.33295155246922636,0.29429181324858794,0.3216955121513964,15056,7.850690754516472,65.20324123273113,0.6708289054197663,71.45324123273113,Atr,ATR,Y313C,Y310C,targeting guide,Missense,0.23578865600608684,0.9350824449024302,1.0,0.9999998321245912,0.9999998321245912,0.5666660808611836,0.732756899513342,1.0,1.0,1.0
gRNA_1121,ATRX,0.28782480465204857,0.1783357500379989,0.3204540075082458,0.2622048540660978,0.28782480465204857,1480.268568932174,0.6017702674051957,0.5284399074141743,0.4399357396609362,0.5233819714934355,0.5284399074141743,48582,9.12272034910049,40.35033551521139,0.0617512659009509,70.21324770491128,Atrx,ATRX,K1411R,K1424R,targeting guide,Missense,0.6375190024567854,0.6665091490704016,1.0,0.9999998321245912,0.9999998321245912,0.07960096889874756,0.9814648496976988,0.8001916517157548,1.0,0.8001916517157548
gRNA_1122,ATRX,0.4708028628714957,0.43641685824087767,0.5245118491539336,0.4772438567554356,0.4708028628714957,852.6004799483737,0.22722725189890922,0.418014465625467,0.2842380874323434,0.3098266016522399,0.2842380874323434,33387,0.2905322430886273,41.64495162787911,0.0029951777638002,87.3034414592506,Atrx,ATRX,K1411R,K1424R,targeting guide,Missense,0.2590807266765757,0.924763819400713,1.0,0.9999998321245912,0.9999998321245912,0.4748612189621545,0.7816480407617015,1.0,1.0,1.0
gRNA_1127,ATRX,0.23703893831434128,0.35544127986941054,0.28794314594202725,0.293474454708593,0.28794314594202725,683.9955229383953,0.09443029880323527,-0.10819408201788074,0.22927402399413999,0.07183674692649818,0.09443029880323527,24462,33.21887008421225,50.2043986591448,0.1144632491210857,28.309214291554248,Atrx,ATRX,H2243R,H2260R,targeting guide,Missense,0.572652449226543,0.7170748355571779,1.0,0.9999998321245912,0.9999998321245912,0.7573158236415513,0.5236153847736467,1.0,1.0,1.0
gRNA_1145,ATRX,-0.2167057322807923,0.05669103423012393,0.11045533333569187,-0.016519788238325502,0.05669103423012393,763.9478827128961,0.22562320297808872,0.19562965546221978,0.30717278100764867,0.24280854648265238,0.22562320297808872,20555,4.203356847482365,5.735830698126977,1.1578691315981513,8.085623935782047,Atrx,ATRX,K1919R,K1936R,targeting guide,Missense,0.8172677236904969,0.44444139558699847,1.0,0.9999998321245912,0.9999998321245912,0.6099779786356208,0.6954483203681721,1.0,1.0,1.0
gRNA_1146,ATRX,0.1380556915766878,0.12992801479406563,0.4295366404101421,0.2325067822602985,0.1380556915766878,1110.791187833757,0.18027514578073064,0.46823955298401904,0.48218911930004626,0.3769012726882653,0.46823955298401904,39214,0.4870709440505941,28.12005916254399,0.2091089916866425,58.24450451369408,Atrx,ATRX,K1919R,K1936R,targeting guide,Missense,0.5917984100081664,0.6726312860386121,1.0,0.9999998321245912,0.9999998321245912,0.2535147724092505,0.8928674319608141,1.0,1.0,1.0
gRNA_1148,ATRX,0.26276687019993245,0.2476950179855468,0.269877126914099,0.26011300503319273,0.26276687019993245,453.00030935362435,0.4604504381074258,0.30512055909671154,0.3138637386517686,0.35981157861863533,0.3138637386517686,14401,1.6665509339629192,6.603708075828068,0.0069439622248454,90.46593986528714,Atrx,ATRX,N246S,N247S,targeting guide,Missense,0.6718263676305078,0.6382103696378694,1.0,0.9999998321245912,0.9999998321245912,0.3913342463961217,0.8361969353419483,1.0,1.0,1.0
gRNA_1149,ATRX,0.08818085301702662,0.15836837486310565,0.3404127845033473,0.19565400412782652,0.15836837486310565,585.8143473969989,-0.12585248720393064,-0.05470291117469255,0.1533044451558567,-0.009083651074255497,-0.05470291117469255,19626,1.803729746254968,85.5599714664221,0.3974319779883827,95.74034444104758,Atrx,ATRX,N246S,N247S,targeting guide,Missense,0.6446127858196824,0.6470626539418742,1.0,0.9999998321245912,0.9999998321245912,0.8054808025919422,0.45841439928778194,1.0,1.0,1.0
gRNA_1150,ATRX,0.4909735170916237,0.327763763362656,0.3775393912558156,0.3987588905700317,0.3775393912558156,1156.2954618236438,0.5943607708870062,0.2361494431736848,0.3651158388334433,0.3985420176313781,0.3651158388334433,46222,1.9925576565271947,20.767167149842063,0.2834148241097313,75.9054130067933,Atrx,ATRX,I1518V,I1533V,targeting guide,Missense,0.3672694867178553,0.8624318982263589,1.0,0.9999998321245912,0.9999998321245912,0.22896209433752354,0.8699198337259647,1.0,1.0,1.0
gRNA_1151,ATRX,0.4725847470232774,0.07811326025333029,0.36944950585255726,0.30671583770972166,0.36944950585255726,482.07393934169653,0.22646385786892903,0.16808525634597962,0.3210602747017638,0.23853646297222417,0.22646385786892903,16845,0.261205105372514,20.0831107153458,0.4986642920747996,83.60344315820718,Atrx,ATRX,I1518V,I1533V,targeting guide,Missense,0.4577667875095123,0.7715804577937039,1.0,0.9999998321245912,0.9999998321245912,0.6099779786356208,0.6954483203681721,1.0,1.0,1.0
gRNA_1281,B2M,-0.30251164213333054,-0.12579109066837998,-0.06331584364367128,-0.16387285881512725,-0.12579109066837998,1109.9927345930098,-0.472178156207079,-0.8397892981554922,-0.6028851006765431,-0.6382841850130382,-0.6028851006765431,30150,24.08291873963516,47.5257048092869,0.7893864013266999,48.049751243781095,B2m,B2M,Non-coding,,targeting guide,Intron,0.8910949654194733,0.32829420338778204,1.0,0.9999998321245912,0.9999998321245912,0.9664143896416526,0.14608607565854934,1.0,1.0,1.0
gRNA_1282,B2M,0.2964193019775074,0.05245770621541851,0.27666825163165215,0.2085150866081927,0.27666825163165215,1309.264157543696,0.0630638149845113,0.0028900240475941566,0.005734851928823621,0.023896230320309696,0.005734851928823621,43203,22.88498483901581,63.9191722797028,0.1921162882207254,57.759877786264845,B2m,B2M,C45R,C45R,targeting guide,Missense,0.6809198465219914,0.6186625807123196,1.0,0.9999998321245912,0.9999998321245912,0.8003234183714504,0.48208705357790926,1.0,1.0,1.0
gRNA_1283,B2M,0.2980055923241106,0.06531150476056113,0.09495465352869271,0.15275725020445483,0.09495465352869271,414.96698082218614,0.017593902627556852,-0.7711518137078976,-0.2759905898069907,-0.3431828336291105,-0.2759905898069907,13165,0.94948727687049,25.52221800227877,1.5799468287124954,79.73414356247626,B2m,B2M,C45R,C45R,targeting guide,Missense,0.7134148898983572,0.5830684701565603,1.0,0.9999998321245912,0.9999998321245912,0.9065825682113907,0.26622972096767833,1.0,1.0,1.0
gRNA_1284,B2M,0.23980933366183835,0.4289843555161018,0.547642898561925,0.405478862579955,0.4289843555161018,708.7832394794021,0.0307806539418805,0.2786986132007559,0.5032137160834158,0.27089766107535074,0.2786986132007559,25578,11.517710532488858,78.46977871608414,0.1876612714051137,72.06583782938463,B2m,B2M,Y30C,Y30C,targeting guide,Missense,0.3682832895652218,0.8377469782996464,1.0,0.9999998321245912,0.9999998321245912,0.4355300215876444,0.7484970782019362,1.0,1.0,1.0
gRNA_1285,B2M,-0.6887256639612641,-0.43042864713324464,-0.36951354399679887,-0.49622261836376924,-0.43042864713324464,552.2076958918706,-1.4325355681121799,-0.48333510543844277,-0.12481251518399429,-0.6802277295782057,-0.48333510543844277,8930,8.980963045912654,91.26539753639418,2.015677491601344,83.69540873460247,B2m,B2M,Y30C,Y30C,targeting guide,Missense,0.9334329392517843,0.23865248241018838,1.0,0.9999998321245912,0.9999998321245912,0.9670842532077062,0.0006628286002273101,1.0,0.023640886741440728,0.023640886741440728
gRNA_1313,BAP1,-0.4291502602092588,-0.13713067568981702,-0.1809027849699664,-0.2490612402896807,-0.1809027849699664,1258.500317058206,-0.07756780339623633,-0.5854491521154106,-0.4311670687525072,-0.36472800808805134,-0.4311670687525072,31643,21.897418070347317,46.2377145024176,0.4740384919255443,55.323452264323855,Bap1,BAP1,I695T,I696T,targeting guide,Missense,0.9018821578842546,0.3079867891791064,1.0,0.9999998321245912,0.9999998321245912,0.9241358556880876,0.24828600821738067,1.0,1.0,1.0
gRNA_1314,BAP1,-0.8522873409484168,-0.8762783615956248,-0.9508478676498227,-0.8931378567312881,-0.8762783615956248,810.9037831752374,-1.299173417843085,-1.1663591115686966,-0.8643898564485816,-1.109974128620121,-1.1663591115686966,11327,28.083340690385803,55.20437891763044,0.0,49.45704952767724,Bap1,BAP1,I695T,I696T,targeting guide,Missense,0.9748354315907392,0.12199541890300881,1.0,0.9999998321245912,0.9999998321245912,0.9988281994001023,0.0028290179048049207,1.0,0.08903085759239016,0.08903085759239016
gRNA_1317,BAP1,-0.5452322131488151,-0.4568762198311751,-0.5117500410704952,-0.5046194913501618,-0.5117500410704952,1055.3870314060973,-0.5786478797349797,-0.4784670940897204,-0.46114616857802454,-0.5060870474675748,-0.4784670940897204,20804,49.02422611036339,58.2099596231494,0.8411843876177658,17.006344933666604,Bap1,BAP1,Non-coding,,targeting guide,Intron,0.9330849885207123,0.2405729187366567,1.0,0.9999998321245912,0.9999998321245912,0.9549564973628146,0.1831700608699806,1.0,1.0,1.0
gRNA_1318,BAP1,-0.16529821997069524,0.18716041049255272,0.013368408426869484,0.011743532982908986,0.013368408426869484,625.8081740090131,0.46267197773596963,0.4618224681343062,0.3711410095582869,0.43187848514285426,0.4618224681343062,20473,65.01245542910175,69.00796170566112,0.9133981341278758,6.823621354955307,Bap1,BAP1,Non-coding,,targeting guide,Intron,0.8240042601546462,0.4329932892879036,1.0,0.9999998321245912,0.9999998321245912,0.24047485230891374,0.9248666670765822,1.0,1.0,1.0
gRNA_1321,BAP1,0.5364810577411168,0.47764285031237647,0.5354502344971176,0.5165247141835368,0.5354502344971176,898.3577562037775,0.5829214739237599,0.2926191267846588,0.39179283437434065,0.4224444783609198,0.39179283437434065,40587,0.6800206962820607,72.76960603148791,0.8968388892995295,84.67243205952644,Bap1,BAP1,H141R,H141R,targeting guide,Missense,0.23054009868411368,0.9371833744712075,1.0,0.9999998321245912,0.9999998321245912,0.20190132820406098,0.9093937322033555,1.0,1.0,1.0
gRNA_1322,BAP1,-0.10802032939132032,-0.17884234006204286,-0.2010646225925499,-0.16264243068197104,-0.17884234006204286,1125.0092130252922,-0.08768302572775656,-0.21500741559604586,-0.14097970753988281,-0.1478900496212284,-0.14097970753988281,29024,2.40835170893054,92.13065049614112,0.0344542447629547,92.62334619625138,Bap1,BAP1,H141R,H141R,targeting guide,Missense,0.8910059948084491,0.3307240875558561,1.0,0.9999998321245912,0.9999998321245912,0.8797455027368895,0.3529150989820256,1.0,1.0,1.0
gRNA_1337,BAP1,-0.5488207517342625,-0.5720872391311002,-0.44913514093829604,-0.5233477106012195,-0.5488207517342625,984.9632499375155,-0.3052498345748145,-0.4033347026339548,-0.6509795094469393,-0.45318801555190286,-0.4033347026339548,20575,44.02430133657352,74.0850546780073,1.0984204131227218,32.8408262454435,Bap1,BAP1,Y173C,Y173C,targeting guide,Missense,0.9330849885207123,0.2405729187366567,1.0,0.9999998321245912,0.9999998321245912,0.9437780339931843,0.207228709389673,1.0,1.0,1.0
gRNA_1338,BAP1,-0.26734806973961883,-0.08635916437343377,0.05925687427279599,-0.09815011994675221,-0.08635916437343377,1001.7650753784864,-0.015726916274618197,0.15640639170934795,-0.00448782125728832,0.04539721805914714,-0.00448782125728832,28335,32.468678313040414,58.673019234162695,0.0211752249867654,36.94723839774131,Bap1,BAP1,Y173C,Y173C,targeting guide,Missense,0.8632195552196356,0.3735793780024506,1.0,0.9999998321245912,0.9999998321245912,0.7650586282661258,0.5218247081050229,1.0,1.0,1.0
gRNA_1339,BAP1,-0.4535019613639366,-0.4830804761519742,-0.10192218717658987,-0.34616820823083355,-0.4535019613639366,909.6348224557577,-0.6751056839861189,-0.21133325802356218,-0.34903073879555474,-0.4118232269350786,-0.34903073879555474,20988,40.22298456260721,70.9119496855346,0.0,36.03011244520678,Bap1,BAP1,Y173C,Y173C,targeting guide,Missense,0.911922493310866,0.28395819240796055,1.0,0.9999998321245912,0.9999998321245912,0.9341655573230173,0.22671842771140407,1.0,1.0,1.0
gRNA_1340,BAP1,-0.717170138924136,-0.7761589429652735,-0.7724454532580175,-0.7552581783824758,-0.7724454532580175,1939.5630622538954,-0.40330375294500864,-0.5148204667433789,-0.2814949683875033,-0.3998730626919636,-0.40330375294500864,32170,7.662418402238109,80.45694746658377,0.4818153559216661,76.54647186820019,Bap1,BAP1,Y173C,Y173C,targeting guide,Missense,0.965015735626016,0.15317600188594593,1.0,0.9999998321245912,0.9999998321245912,0.936721663353863,0.22780997878593223,1.0,1.0,1.0
gRNA_1341,BAP1,0.35049212217432496,0.30804276551787213,0.4816390381630793,0.3800579752850921,0.35049212217432496,607.8142033979415,0.7078496255153042,0.6304106797909015,0.36436357531978214,0.5675412935419959,0.6304106797909015,22573,11.863731006069198,52.87733132503434,0.3411154919594205,71.40831967394675,Bap1,BAP1,D68G,D68G,targeting guide,Missense,0.39841184966572885,0.8374469289687172,1.0,0.9999998321245912,0.9999998321245912,0.04460522754541574,0.9753725059649526,0.5323029650596622,1.0,0.5323029650596622
gRNA_1342,BAP1,-0.5875420423372131,-0.47351367041122117,-0.5529199301888753,-0.5379918809791032,-0.5529199301888753,1278.3552689473304,-0.910468113239858,-0.49588486905379897,-0.5465636453570808,-0.6509722092169126,-0.5465636453570808,28259,11.497222123925122,70.69252273611947,0.2760182596694858,72.12215577338193,Bap1,BAP1,D68G,D68G,targeting guide,Missense,0.9352121174482582,0.2356257597720023,1.0,0.9999998321245912,0.9999998321245912,0.9706515039440428,0.13052600036125608,1.0,1.0,1.0
gRNA_1343,BAP1,-0.10083165218453932,-0.08607077349349923,-0.3746608758251819,-0.18718776716774013,-0.10083165218453932,732.5789661468183,0.00015227776061753202,0.02114781629308993,0.1690228813407763,0.06344099179816126,0.02114781629308993,19064,1.9408308854385228,62.8462022660512,0.0681913554343264,85.10281158203945,Bap1,BAP1,N489S,N490S,targeting guide,Missense,0.8883448445714911,0.33317978747896465,1.0,0.9999998321245912,0.9999998321245912,0.7523853588256355,0.5375550975197647,1.0,1.0,1.0
gRNA_1361,BAP1,0.18268505341328922,0.5576205816479112,0.16488530410974356,0.30173031305698134,0.18268505341328922,1467.5807347926425,0.4757964709402133,0.45659916505320686,0.24631226192107508,0.3929026326381651,0.45659916505320686,57524,0.6814546971698769,27.97614908559905,0.0156456435574716,87.49217717822127,Bap1,BAP1,R208G,R208G,targeting guide,Missense,0.5040564067637388,0.7165828507578795,1.0,0.9999998321245912,0.9999998321245912,0.28011199153948757,0.885940341284282,1.0,1.0,1.0
gRNA_1362,BAP1,0.21662840612961395,0.07926237564910825,-0.02712641680362956,0.08958812165836422,0.07926237564910825,1232.113147380611,0.2200634190177532,-0.0686269645647428,0.06453482133359294,0.07199042526220112,0.06453482133359294,39223,9.417943553527266,22.614282436325624,0.0968819315197715,54.56492364174081,Bap1,BAP1,R208G,R208G,targeting guide,Missense,0.7831237363720596,0.4975038788648407,1.0,0.9999998321245912,0.9999998321245912,0.7665755250588777,0.5135734409722872,1.0,1.0,1.0
gRNA_1373,BCL2,-0.36941010367374866,-0.34924159019483436,-0.521535851406171,-0.413395848424918,-0.36941010367374866,3112.854905499226,-0.16097731392773906,-0.32466069030487704,-0.46863244767994894,-0.3180901506375217,-0.32466069030487704,72685,0.3205613262708949,86.41672972415216,0.057783586709775,89.68287817293802,Bcl2,BCL2,T7A,T7A,targeting guide,Missense,0.9289051270200763,0.2505459394572184,1.0,0.9999998321245912,0.9999998321245912,0.9177867974629925,0.27018699418811354,1.0,1.0,1.0
gRNA_1374,BCL2,-0.6972793556035657,-0.9330964283808076,-1.0418667303711115,-0.8907475047851617,-0.9330964283808076,1182.5377142985972,-0.8114512616625342,-1.3157746519038518,-0.9375638793701465,-1.0215965976455108,-0.9375638793701465,18453,0.0162575191025849,77.13108979569718,0.1138026337180946,91.3618381834932,Bcl2,BCL2,T7A,T7A,targeting guide,Missense,0.9789943155362435,0.08963992399072108,1.0,0.9999998321245912,0.9999998321245912,0.995976064087006,0.008947229541321516,1.0,0.23350086851741517,0.23350086851741517
gRNA_1375,BCL2,-0.44487999721319976,-0.5588820545685401,-0.7654931703755056,-0.5897517407190818,-0.5588820545685401,1859.9878255342328,-0.5698114059262872,-0.864776493995913,-0.9060606291291282,-0.7802161763504429,-0.864776493995913,36995,1.7218543046357615,72.54764157318556,0.0594674956075145,85.85754831734019,Bcl2,BCL2,T7A,T7A,targeting guide,Missense,0.9447846934324865,0.2071395316197709,1.0,0.9999998321245912,0.9999998321245912,0.9807539677958005,0.09687970339390314,1.0,1.0,1.0
gRNA_1376,BCL2,0.33098604281003924,0.5402051844150839,0.6400177839045176,0.5037363370432136,0.5402051844150839,210.7127534942473,0.3546998073089847,0.2799037064958463,0.500871903313024,0.37849180570595164,0.3546998073089847,7184,0.4593541202672606,83.10133630289532,1.4337416481069043,89.07293986636972,Bcl2,BCL2,N140S,N143S,targeting guide,Missense,0.24409061630624693,0.9129700091515739,1.0,0.9999998321245912,0.9999998321245912,0.34179491180408733,0.8564212195075183,1.0,1.0,1.0
gRNA_1377,BCL2,0.4197149642450695,0.3824213653804395,0.43570808249669735,0.4126148040407355,0.4197149642450695,318.15222289578963,0.3010859797587943,0.3849328927142491,0.3205591759509898,0.3355260161413444,0.3205591759509898,10140,30.976331360946745,65.32544378698225,0.4142011834319526,45.84812623274161,Bcl2,BCL2,N140S,N143S,targeting guide,Missense,0.3470297846396805,0.8821456619169031,1.0,0.9999998321245912,0.9999998321245912,0.46076835223898727,0.8075518054597581,1.0,1.0,1.0
gRNA_1378,BCL2,0.8140900480494928,0.9933180879085297,1.04050809052169,0.9493054088265708,0.9933180879085297,159.99895273412756,0.19482166188650848,0.2595555071422853,0.6383593318674865,0.3642455002987601,0.2595555071422853,7600,10.539473684210526,76.30263157894737,0.1184210526315789,73.23684210526315,Bcl2,BCL2,N140S,N143S,targeting guide,Missense,0.01310333238357835,0.9984952211769474,1.0,0.9999998321245912,0.9999998321245912,0.22341174681207515,0.8407042258869439,1.0,1.0,1.0
gRNA_1379,BCL2,-2.0156040533289588,-1.5150201108677324,-1.689678971013455,-1.740101045070049,-1.689678971013455,1213.3253915671341,-2.1421506389209406,-1.7191187790100468,-1.5591271513627756,-1.8067988564312545,-1.7191187790100468,9275,15.309973045822105,41.98382749326146,0.6361185983827493,56.01078167115902,Bcl2,BCL2,F121L,F124L,targeting guide,Missense,0.9999983671086822,2.1701333040562103e-06,1.0,0.00033172037647716355,0.00033172037647716355,1.0,4.1025318572854354e-10,1.0,4.877454541439351e-08,4.877454541439351e-08
gRNA_1380,BCL2,-0.19731481662171277,-0.12399457186532735,-0.11666264556685539,-0.14599067801796517,-0.12399457186532735,169.51404196869498,-1.5234842453548834,-0.9082331545160649,-0.6398946772772303,-1.023870692382726,-0.9082331545160649,2045,0.0,0.0488997555012224,0.0,16.5281173594132,Bcl2,BCL2,F121L,F124L,targeting guide,Missense,0.8826112779906761,0.34702793960041195,1.0,0.9999998321245912,0.9999998321245912,0.9932859987259844,0.0002740823607837414,1.0,0.012219505251608472,0.012219505251608472
gRNA_1381,BCL2,-1.0310316780733828,-0.9952449586432609,-0.8595404112249659,-0.9619390159805365,-0.9952449586432609,951.0846838093423,-1.344073730982849,-0.7350683152246394,-0.6556576687805258,-0.9115999049960047,-0.7350683152246394,13151,69.96426127290701,89.23275796517375,0.9504980609839556,23.541935974450613,Bcl2,BCL2,Y28C,Y28C,targeting guide,Missense,0.9880010529185844,0.06434759819722587,1.0,0.9999998321245912,0.9999998321245912,0.9902828735539856,0.014999498166067052,1.0,0.34147793697216483,0.34147793697216483
gRNA_1382,BCL2,-0.5667159379135149,-0.8455960358856677,-1.094352744988292,-0.8355549062624915,-0.8455960358856677,1098.4776584492658,-0.9995869978235411,-0.9442469547427272,-0.8715511535704923,-0.9384617020455869,-0.9442469547427272,16679,44.42712392829306,90.07134720306973,1.3969662449787157,49.46939264943941,Bcl2,BCL2,Y28C,Y28C,targeting guide,Missense,0.9754187729657837,0.09760645406227392,1.0,0.9999998321245912,0.9999998321245912,0.9946680746237248,0.03376022667589703,1.0,0.6469292458571707,0.6469292458571707
gRNA_1383,BCL2,0.04901487145642907,0.2236028567221008,0.2735328686154878,0.18205019893133922,0.2236028567221008,333.39175719334685,-0.09074354585011368,0.22628940146731133,0.29130324480608594,0.14228303347442786,0.22628940146731133,6996,31.27501429388222,91.052029731275,6.560891938250429,52.10120068610634,Bcl2,BCL2,Y28C,Y28C,targeting guide,Missense,0.7150806617561165,0.583654900524782,1.0,0.9999998321245912,0.9999998321245912,0.6921470120255313,0.5862262718196742,1.0,1.0,1.0
gRNA_1384,BCL2,0.14819247020685825,0.30935185792635916,0.2884724454734907,0.2486722578689027,0.2884724454734907,333.08872887377464,-0.45397208322969157,0.5082771425906558,0.6180712619188057,0.22412544042659,0.5082771425906558,9302,17.67361857665018,19.46893141259944,0.0,17.84562459686089,Bcl2,BCL2,Y105C,Y108C,targeting guide,Missense,0.6529831257894323,0.6536418827370833,1.0,0.9999998321245912,0.9999998321245912,0.16390370062162754,0.7630485781013169,1.0,1.0,1.0
gRNA_1385,BCL2,0.0038123193000618237,-0.18921195924922238,-0.018136754046742053,-0.06784546466530088,-0.018136754046742053,512.6633110522671,0.013129294684166229,0.08369203464351267,0.41812998011645175,0.1716504364813769,0.08369203464351267,10968,42.01312910284464,75.96644784828592,1.103209336250912,48.46827133479212,Bcl2,BCL2,Y105C,Y108C,targeting guide,Missense,0.8710299514340961,0.36711922530564295,1.0,0.9999998321245912,0.9999998321245912,0.591094677256244,0.6426989012215649,1.0,1.0,1.0
gRNA_1406,BCL2,-0.28105926779486384,0.20112711471704875,-0.24501920648170825,-0.10831711985317445,-0.24501920648170825,227.29712918306416,-0.7486659332926131,-0.39099662721524375,-0.3474936615454853,-0.49571874068444743,-0.39099662721524375,1617,13.667285095856524,41.00185528756957,0.0,58.317872603586885,Bcl2,BCL2,D31G,D31G,targeting guide,Missense,0.8591449385647041,0.3638265329416792,1.0,0.9999998321245912,0.9999998321245912,0.947399049109618,0.19720918905266072,1.0,1.0,1.0
gRNA_1407,BCL2,0.6077585570609895,0.17165275042197303,0.1754690006809483,0.31829343605463695,0.1754690006809483,553.2691058749434,0.5539575337559388,0.42615072814513394,0.38093550770457074,0.45368125653521457,0.42615072814513394,19752,29.14135277440259,76.75678412312678,0.0607533414337788,58.84973673552045,Bcl2,BCL2,D31G,D31G,targeting guide,Missense,0.47472792281080434,0.725717646203488,1.0,0.9999998321245912,0.9999998321245912,0.17238678828432238,0.9461535565825684,1.0,1.0,1.0
gRNA_1459,BCOR,-0.28006838046988175,-0.015543823597662825,0.05904257008254896,-0.07885654466166521,-0.015543823597662825,1708.33079364124,-0.23562607849040007,-0.27372130278923185,-0.09100835426652566,-0.20011857851538584,-0.23562607849040007,49141,0.2279155898333367,4.283592112492624,0.0040699212470238,88.25420728108911,Bcor,BCOR,N1495S,N1491S,targeting guide,Missense,0.8598407535900953,0.37939365682250803,1.0,0.9999998321245912,0.9999998321245912,0.8945311045357573,0.32328340289314694,1.0,1.0,1.0
gRNA_1460,BCOR,0.04847356228777403,0.1358356394306284,0.306989352614897,0.16376618477776647,0.1358356394306284,1560.7311150833737,-0.10747169075431319,-0.3018376680243863,-0.716419309815512,-0.3752428895314039,-0.3018376680243863,49903,0.0,1.4568262429112475,0.1342604653026872,93.73785143177766,Bcor,BCOR,N1495S,N1491S,targeting guide,Missense,0.7177243295337339,0.5767665235118795,1.0,0.9999998321245912,0.9999998321245912,0.9272621749752551,0.23609203237773418,1.0,1.0,1.0
gRNA_1461,BCOR,0.2845023270311899,0.38043828043730127,0.5190591999129075,0.3946666024604662,0.38043828043730127,681.9551455096927,0.023721995581966686,0.11370399226276239,0.28129080531508177,0.1395722643866036,0.11370399226276239,26286,3.636916990032717,16.12265084075173,0.2472799208704253,79.96271779654569,Bcor,BCOR,N1495S,N1491S,targeting guide,Missense,0.3932471725448262,0.8334574334179113,1.0,0.9999998321245912,0.9999998321245912,0.6952054974707234,0.6004803065408553,1.0,1.0,1.0
gRNA_1463,BCOR,-0.0611853594640931,-0.30017256048624924,-0.14296954351562224,-0.16810915448865485,-0.14296954351562224,685.6924815279997,-0.2522031302007174,-0.2408187815044223,-0.6988728770014062,-0.39729826290218195,-0.2522031302007174,16758,25.110395035207063,28.57142857142857,0.0,13.868003341687553,Bcor,BCOR,V1462A,V1458A,targeting guide,Missense,0.8910949654194734,0.32829420338778187,1.0,0.9999998321245912,0.9999998321245912,0.9316704526494224,0.2296122558727827,1.0,1.0,1.0
gRNA_1491,BCOR,0.23657946770432517,0.08271494065962574,0.29069318109243303,0.20332919648546133,0.23657946770432517,1156.5056455123704,0.47701088883372444,0.034956366596535136,0.29755951194322844,0.26984225579116267,0.29755951194322844,39726,1.142828374364396,8.332074711775665,0.7551729346020238,59.89024820017117,Bcor,BCOR,N1463S,N1459S,targeting guide,Missense,0.6965842932067341,0.6072152543161717,1.0,0.9999998321245912,0.9999998321245912,0.43846169841562477,0.7536642261029933,1.0,1.0,1.0
gRNA_1492,BCOR,-0.14089581663155581,0.11740138713949355,0.04215330462919303,0.0062196250457102545,0.04215330462919303,890.3161604242098,0.17812039679852398,0.0258956095663168,-0.30034045472010584,-0.03210814945175502,0.0258956095663168,28128,0.6292662116040956,8.319112627986348,0.0,40.40457906712173,Bcor,BCOR,N1463S,N1459S,targeting guide,Missense,0.8113799651651266,0.458592849423508,1.0,0.9999998321245912,0.9999998321245912,0.7922124946904942,0.4653775934649581,1.0,1.0,1.0
gRNA_1545,BRAF,0.553128111371466,0.2941839986606726,0.4917534303978071,0.4463551801433152,0.4917534303978071,678.0021519586827,0.6112206968290825,0.593155233953828,0.2567906669063947,0.4870555325631017,0.593155233953828,28146,31.43963618276132,65.90989838698216,0.1740922333546507,42.72010232359838,Braf,BRAF,N617D,N580D,targeting guide,Missense,0.3183527118763504,0.87193662847218,1.0,0.9999998321245912,0.9999998321245912,0.08577011183209311,0.9519842473952969,0.8343092696394512,1.0,0.8343092696394512
gRNA_1548,BRAF,0.3118619994876819,0.20123341382319773,0.37131856174432526,0.29480465835173497,0.3118619994876819,691.8136535833584,0.2389736638149784,-0.008018207194494004,0.13627628222204927,0.1224105796141779,0.13627628222204927,23175,0.0086299892125134,5.807982740021575,0.0,71.7108953613808,Braf,BRAF,N618S,N581S,targeting guide,Missense,0.5594237580181811,0.7248353365075426,1.0,0.9999998321245912,0.9999998321245912,0.7164130163672774,0.5811644428634382,1.0,1.0,1.0
gRNA_1549,BRAF,0.17953964703545833,-0.1746867129153653,-0.23091064659066993,-0.07535257082352563,-0.1746867129153653,483.4513810455059,0.012361210458672407,-0.06529376128506188,-0.12846026879978545,-0.060464273208724974,-0.06529376128506188,13177,4.325719055930788,22.979433862032327,0.0683008271989071,51.86309478637019,Braf,BRAF,N618S,N581S,targeting guide,Missense,0.8563760834044364,0.37350535670376633,1.0,0.9999998321245912,0.9999998321245912,0.8458337415148167,0.410575831255972,1.0,1.0,1.0
gRNA_1550,BRAF,0.8703843346427745,0.7292678959991208,0.8664693083080858,0.8220405129833269,0.8664693083080858,491.19132769321914,0.25401861748912596,0.2550334293494622,0.6572551779510656,0.3887690749298846,0.2550334293494622,24680,6.689627228525122,59.99594813614263,0.4376012965964344,87.25283630470017,Braf,BRAF,K638E,K601E,targeting guide,Missense,0.04043501666493373,0.9938189238759848,1.0,0.9999998321245912,0.9999998321245912,0.21228102583956657,0.8581004042318884,1.0,1.0,1.0
gRNA_1551,BRAF,0.5775716506805291,0.6873039431033285,0.5970767609256027,0.6206507849031534,0.5970767609256027,952.9264776353651,0.42015968821982247,0.6648140383232839,0.6206008372811096,0.568524854608072,0.6206008372811096,46002,12.755967131863832,40.08303986783183,0.0717360114777618,62.03643319855659,Braf,BRAF,K638E,K601E,targeting guide,Missense,0.1306903589651286,0.9714736987336239,1.0,0.9999998321245912,0.9999998321245912,0.0417324834795698,0.9879999488192851,0.5132615784268929,1.0,0.5132615784268929
gRNA_1552,BRAF,0.7037293932873425,0.674188575663033,0.6162630456020356,0.6647270048508037,0.674188575663033,664.6017104857738,0.3484822171211386,0.460369834547143,0.44267793546314543,0.4171766623771423,0.44267793546314543,31476,13.842292540348202,66.46016012199772,0.3780658279323929,75.57821832507308,Braf,BRAF,K638E,K601E,targeting guide,Missense,0.1066652145346407,0.9788356366561769,1.0,0.9999998321245912,0.9999998321245912,0.2796337328343494,0.9077010836867871,1.0,1.0,1.0
gRNA_1558,BRAF,-0.5877048566097971,-0.23865449907283393,-0.2242984855213171,-0.350219280401316,-0.23865449907283393,1651.3225246768084,-0.18942487670199,-0.2990530558057725,-0.05006579879190424,-0.1795145770998889,-0.18942487670199,40515,1.6512402813772675,8.589411329137357,0.7108478341355053,64.4403307417006,Braf,BRAF,K520E,K483E,targeting guide,Missense,0.9195040712010114,0.27089911308709497,1.0,0.9999998321245912,0.9999998321245912,0.8859196582550508,0.3395573526794697,1.0,1.0,1.0
gRNA_1559,BRAF,0.4176347262285392,0.3061453271218118,0.22821067710794649,0.3173302434860992,0.3061453271218118,901.7288353537381,0.38249529343204947,0.047442639989316866,0.3099491699502015,0.24662903445718928,0.3099491699502015,30871,0.0356321466748728,0.5668750607366136,0.0,67.4257393670435,Braf,BRAF,K520E,K483E,targeting guide,Missense,0.550311790942241,0.7334849607891623,1.0,0.9999998321245912,0.9999998321245912,0.5374316816639979,0.7231111999031561,1.0,1.0,1.0
gRNA_1569,BRAF,0.4106433790852597,0.23014178859518755,0.23285716206774226,0.29121410991606317,0.23285716206774226,915.1817650192716,0.06397659026953528,0.11388041186176463,-0.05698061250125368,0.04029212987668208,0.06397659026953528,33349,50.89208072206063,73.31854028606554,0.2248942996791508,32.47473687366937,Braf,BRAF,K536E,K499E,targeting guide,Missense,0.5790679754837611,0.7045147425707523,1.0,0.9999998321245912,0.9999998321245912,0.7898047881331629,0.4897455013142785,1.0,1.0,1.0
gRNA_1570,BRAF,0.05866623003717569,0.36574300727263054,0.14171217682776852,0.18870713804585826,0.14171217682776852,1098.2352357936081,0.025648288881532724,0.36755726876371553,0.24511685910459524,0.21277413891661448,0.24511685910459524,37910,0.0738591400685834,0.1609074122922711,0.097599577947771,41.039303613822206,Braf,BRAF,K536E,K499E,targeting guide,Missense,0.6387232094438229,0.6341507139428311,1.0,0.9999998321245912,0.9999998321245912,0.6228685324828807,0.6616940531486106,1.0,1.0,1.0
gRNA_1573,BRAF,0.761053751128881,0.49932060977314724,0.6651686627721176,0.6418476745580486,0.6651686627721176,130.83133494632472,0.4569636134463767,0.38272101551609655,0.21922881920782886,0.3529711493901007,0.38272101551609655,5561,38.77000539471318,91.80003596475454,0.0,55.88922855601511,Braf,BRAF,D631G,D594G,targeting guide,Missense,0.0956597211743429,0.9770442197923198,1.0,0.9999998321245912,0.9999998321245912,0.365956215569502,0.8471163029189224,1.0,1.0,1.0
gRNA_1583,BRCA1,-0.3288120449708289,-0.3544402808215706,0.010992122128460092,-0.22408673455464645,-0.3288120449708289,1165.083283091238,0.020098668335342344,0.23671581431658043,-0.01914505161610506,0.0792231436786059,0.020098668335342344,29533,10.984322622151492,16.310567839366133,0.2133206921071344,35.95638776961365,Brca1,BRCA1,Q1190R,Q1227R,targeting guide,Missense,0.9022634982195672,0.30351361160806273,1.0,0.9999998321245912,0.9999998321245912,0.7501482904760118,0.537907666320915,1.0,1.0,1.0
gRNA_1588,BRCA2,0.6398682647100447,0.40269945718896094,0.4845845840768893,0.5090507686586316,0.4845845840768893,701.8476291857419,0.46034528538927105,0.3890965244365935,0.2325261603652887,0.3606559900637177,0.3890965244365935,28611,15.6443325993499,21.054839047918637,0.0069903184090035,11.79965747439796,Brca2,BRCA2,T1933A,T1980A,targeting guide,Missense,0.2209888941513957,0.9328047464883059,1.0,0.9999998321245912,0.9999998321245912,0.36195234724538516,0.8515786729231876,1.0,1.0,1.0
gRNA_1590,BRCA2,-0.20578900557956406,-0.07194929551566247,0.0071795648507087684,-0.09018624541483926,-0.07194929551566247,2276.8335819377667,-0.10553220771111269,0.059968432031198164,0.09899231341742533,0.01780951257917027,0.059968432031198164,69886,5.549037003119365,8.35217353976476,0.32481469822282,27.49763901210543,Brca2,BRCA2,F2730L,F2809L,targeting guide,Missense,0.8743108663239287,0.36143631720465097,1.0,0.9999998321245912,0.9999998321245912,0.7932107676607256,0.4836236969490112,1.0,1.0,1.0
gRNA_1591,BRCA2,0.09898744844611165,0.2090664927717963,0.06270874288871937,0.12358756136887578,0.09898744844611165,1339.0446864243236,0.20404700413722016,0.0641204462063994,-0.09742907102864205,0.0569127931049925,0.0641204462063994,47855,0.1546337895726674,8.16006686866576,0.6937624072719674,86.7182112631909,Brca2,BRCA2,F2730L,F2809L,targeting guide,Missense,0.7520266666837828,0.5450614774599096,1.0,0.9999998321245912,0.9999998321245912,0.7700554997298166,0.507299942749244,1.0,1.0,1.0
gRNA_1592,BRCA2,0.2734703718683859,0.4340536971052921,0.4293140998354971,0.37894605626972505,0.4293140998354971,634.4200898563815,-0.04639507921645892,0.10293903873261429,0.16791283608489127,0.07481893186701555,0.10293903873261429,24539,1.8582664330249803,22.36032438159664,0.1467052447124985,91.7437548392355,Brca2,BRCA2,F2730L,F2809L,targeting guide,Missense,0.4154969170967351,0.826148394574662,1.0,0.9999998321245912,0.9999998321245912,0.7417504540887129,0.5462718263002411,1.0,1.0,1.0
gRNA_1696,BTK,0.006268950052237425,-0.1576547240045984,0.012560056788264053,-0.04627523905469897,0.006268950052237425,1166.9619510343964,0.33235800875396837,0.02659532444275381,0.14030499650634667,0.16641944323435628,0.14030499650634667,33316,5.084644014887742,26.18861808140233,0.003001560811622,43.12942730219714,Btk,BTK,T316A,T316A,targeting guide,Missense,0.8629017098152426,0.38268337857801404,1.0,0.9999998321245912,0.9999998321245912,0.6734287657433728,0.6188489725500623,1.0,1.0,1.0
gRNA_1725,CARD11,0.9923989944337686,0.8006674278060159,0.7434479101030976,0.8455047774476273,0.8006674278060159,336.0484656740775,0.6809649143619931,0.7641403236449963,0.7860056562311786,0.7437036314127227,0.7641403236449963,15315,41.00555011426706,89.89226248775711,1.0577864838393731,51.39405811296115,Card11,CARD11,S116P,S116P,targeting guide,Missense,0.029477252255631015,0.995637741187025,1.0,0.9999998321245912,0.9999998321245912,0.0012584150285428286,0.9998307310404918,0.022441734675680444,1.0,0.022441734675680444
gRNA_1726,CARD11,1.0857968014043777,1.0748227812452373,0.8507265058742984,1.0037820295079711,1.0748227812452373,246.16948549111098,0.6782106012737169,0.8615617992354037,0.9796340874789792,0.8398021626626999,0.8615617992354037,13018,40.4977723152558,87.37901367337533,0.0460900291903518,51.31356583192503,Card11,CARD11,S116P,S116P,targeting guide,Missense,0.007000098285702928,0.9991670043195016,0.7377708835556729,0.9999998321245912,0.7377708835556729,1.5777748800974897e-07,0.999954122726182,1.298630093618703e-05,1.0,1.298630093618703e-05
gRNA_1733,CARD11,0.27353781182772313,0.18051024271972643,0.23901984721976774,0.23102263392240577,0.23901984721976774,881.0074981911868,0.36783192330702413,-0.026999485519540786,0.5553217258869351,0.29871805455813943,0.36783192330702413,32018,7.929914423136985,27.98113561121869,0.4778562058841901,66.40327315884815,Card11,CARD11,M360V,M360V,targeting guide,Missense,0.688437712781927,0.6193057563303535,1.0,0.9999998321245912,0.9999998321245912,0.31423703165257305,0.7929163608776817,1.0,1.0,1.0
gRNA_1738,CARD11,0.3650347458675321,0.058068704391630525,0.30174391539892326,0.24161578855269528,0.30174391539892326,329.05483414131675,0.29600171545453,0.059964947807361245,0.09170733146904379,0.1492246649103117,0.09170733146904379,8382,24.146981627296583,32.42662848962062,0.0,15.950847053209255,Card11,CARD11,S250P,S250P,targeting guide,Missense,0.5906922109470862,0.685236962360678,1.0,0.9999998321245912,0.9999998321245912,0.6988575518380222,0.5944082791767256,1.0,1.0,1.0
gRNA_1817,CARD11,-0.07057608486389162,0.1530511772638291,0.1194193424748332,0.0672981449582569,0.1194193424748332,984.5504260434436,-0.1692239332929666,-0.5296669287230308,0.03839737304405375,-0.2201644963239812,-0.1692239332929666,33588,15.443015362629511,45.87650351315946,0.0029772537811123,61.664880314398,Card11,CARD11,N414S,N414S,targeting guide,Missense,0.7829239969424442,0.49708360669136076,1.0,0.9999998321245912,0.9999998321245912,0.8835013396538968,0.31930519715433997,1.0,1.0,1.0
gRNA_1848,CARM1,-0.9994249048567144,-1.049315788257646,-1.5686820558508556,-1.2058075829884054,-1.049315788257646,960.4785617160809,-0.8634780332175631,-1.1136485281595758,-1.0236286547168294,-1.0002517386979894,-1.0236286547168294,11155,51.97669206633797,94.94397131331242,0.5826983415508741,44.5988346033169,Carm1,CARM1,V61A,V60A,targeting guide,Missense,0.9972933389968701,0.007321529902729154,1.0,0.3702412341397616,0.3702412341397616,0.9971052926920654,0.01777564669999462,1.0,0.38816208099988253,0.38816208099988253
gRNA_1855,CASP8,-0.1740720069262093,0.023314221004374473,-0.21519946187326336,-0.12198574926503274,-0.1740720069262093,957.1882009087155,0.08454822887297865,0.28127430832938305,0.045579654379221304,0.13713406386052765,0.08454822887297865,25665,20.19481784531463,23.49892850185077,0.0,13.691798168712255,Casp8,CASP8,L451P,L429P,targeting guide,Missense,0.8793535882280052,0.3496258723929792,1.0,0.9999998321245912,0.9999998321245912,0.7087068369914271,0.5843600518222385,1.0,1.0,1.0
gRNA_1857,CASP8,0.3610021557017377,0.19592191329102632,0.02438607893322507,0.19377004930866304,0.19592191329102632,769.0858750742723,-0.24038544793473757,-0.10253652623225372,-0.2994145633228703,-0.21411217916328718,-0.24038544793473757,25296,0.6166982922201139,2.9016445287792534,0.0,60.84361163820367,Casp8,CASP8,Non-coding,,targeting guide,5',0.642024542582927,0.62575281133654,1.0,0.9999998321245912,0.9999998321245912,0.8945311045357573,0.32328340289314694,1.0,1.0,1.0
gRNA_1858,CASP8,0.04355139547184418,-0.1453486715375998,-0.17742247582982426,-0.09307325063185996,-0.1453486715375998,349.3916524667596,-0.28120074527592887,0.11979328268972175,0.2604624792258623,0.03301833887988506,0.11979328268972175,7789,7.831557324431891,8.974194376685068,0.346642701245346,43.95942996533573,Casp8,CASP8,Non-coding,,targeting guide,5',0.8635463531360785,0.37692318570856986,1.0,0.9999998321245912,0.9999998321245912,0.7455355621051836,0.5147423133767179,1.0,1.0,1.0
gRNA_1871,CBFB,0.38327756859802936,0.3178929419885452,0.502821431345652,0.40133064731074225,0.38327756859802936,1393.238952849458,0.4212538594776024,-0.020118565927406053,0.019134067669325888,0.14008978707317407,0.019134067669325888,56089,11.273155164114176,29.904259302180463,0.0427891386902957,65.82217547112624,Cbfb,CBFB,N104S,N104S,targeting guide,Missense,0.3803070460996513,0.8512102641446166,1.0,0.9999998321245912,0.9999998321245912,0.592875643109603,0.6298738576054079,1.0,1.0,1.0
gRNA_1875,CBFB,0.171626569150668,0.46098555549203823,0.15164061256071817,0.2614175790678081,0.171626569150668,899.5698694820665,0.03008036851567833,0.2438635451892514,0.11411176046751136,0.1293518913908137,0.11411176046751136,33674,65.14224624339253,88.55199857456792,0.1039377561323276,27.33859951297737,Cbfb,CBFB,M101V,M101V,targeting guide,Missense,0.5488144583105847,0.7001521813159723,1.0,0.9999998321245912,0.9999998321245912,0.7172909486411542,0.5815271551440795,1.0,1.0,1.0
gRNA_1876,CBFB,0.691408390827591,0.07890328385462517,0.27648510000802135,0.3489322582300792,0.27648510000802135,374.0679542544284,0.12106500506346414,-0.2378467563341233,0.12932844988702583,0.00418223287212222,0.12106500506346414,14161,54.51592401666549,85.86964197443685,0.4590071322646705,36.55815267283384,Cbfb,CBFB,M101V,M101V,targeting guide,Missense,0.4088035152444118,0.7465837406749829,1.0,0.9999998321245912,0.9999998321245912,0.78633503478452,0.4816793529108522,1.0,1.0,1.0
gRNA_1882,CBL,0.1290649209340808,-0.13891557225203854,0.1637690371436486,0.05130612860856362,0.1290649209340808,565.8518994389044,-0.36078007020261726,-0.18641401167826221,-0.7105154977490704,-0.41923652654331667,-0.36078007020261726,16841,31.945846446173032,58.8563624487857,0.0,38.370643073451696,Cbl,CBL,I381M,I383M,targeting guide,Missense,0.7863092081091967,0.4907545405185595,1.0,0.9999998321245912,0.9999998321245912,0.9339267011970861,0.22399438724241758,1.0,1.0,1.0
gRNA_1898,CBL,0.27090392854909445,0.17475561792072128,0.1357694395316392,0.193809662000485,0.17475561792072128,694.7067376097243,0.045776903337667874,0.3058858896159429,0.3186265841396972,0.22342979236443597,0.3058858896159429,24758,6.882623798368204,27.146780838516843,0.0282736893125454,48.626706519104935,Cbl,CBL,C382R,C384R,targeting guide,Missense,0.7124461721708683,0.5924319002639444,1.0,0.9999998321245912,0.9999998321245912,0.6174029138681245,0.6742460707116948,1.0,1.0,1.0
gRNA_1901,CBL,0.5185217512183853,0.41274070259877993,0.4664632190764806,0.46590855763121525,0.4664632190764806,1338.5983807008222,0.4889830089971773,0.40812014124048307,0.3182865123872096,0.4051298875416233,0.40812014124048307,58347,3.340360258453734,4.8862837849418135,0.0,21.971995132568946,Cbl,CBL,L378P,L380P,targeting guide,Missense,0.2898652363390921,0.9090345989164991,1.0,0.9999998321245912,0.9999998321245912,0.2750840555297471,0.899443177033957,1.0,1.0,1.0
gRNA_1904,CBL,-0.2662581016751838,-0.604903393402145,-0.4741352090324603,-0.44843223470326304,-0.4741352090324603,365.93699871540235,-0.32350325556843507,-0.45426000392730254,0.2437771335819307,-0.17799537530460227,-0.32350325556843507,7704,63.55140186915887,80.43873312564901,0.6360332294911735,21.547248182762203,Cbl,CBL,W406R,W408R,targeting guide,Missense,0.9289501201887542,0.2502176485339203,1.0,0.9999998321245912,0.9999998321245912,0.8475665454557257,0.3559110946043894,1.0,1.0,1.0
gRNA_1905,CBL,0.0727488856794507,0.2261009921379187,0.19572010070238505,0.16485665950658482,0.19572010070238505,584.9792875889519,-0.051247108753258566,-0.3611851876996797,-0.0026800899439027833,-0.13837079546561368,-0.051247108753258566,20830,25.108017282765243,76.985117618819,2.6740278444551127,65.09361497839654,Cbl,CBL,W406R,W408R,targeting guide,Missense,0.733577688585076,0.5660971004723512,1.0,0.9999998321245912,0.9999998321245912,0.8676288537990278,0.3655605151531525,1.0,1.0,1.0
gRNA_1906,CBL,0.453743512202302,0.1743643997516208,0.04202942413875116,0.2233791120308913,0.1743643997516208,728.1159089118071,0.15693572244071957,0.10992304416594133,0.1081086981259058,0.12498915491085556,0.10992304416594133,23628,1.2781445742339597,36.1858811579482,0.1692906720839681,84.23480616218046,Cbl,CBL,Y366C,Y368C,targeting guide,Missense,0.5744535676488802,0.6638641848800639,1.0,0.9999998321245912,0.9999998321245912,0.7024389830397907,0.604577070263548,1.0,1.0,1.0
gRNA_1925,CCND1,-0.058233241838993935,0.18954667541718265,0.19793486320796772,0.10974943226205214,0.18954667541718265,2226.6192545470267,-0.20425882033339784,-0.24017102367681256,-0.015086847125814342,-0.15317223037867492,-0.20425882033339784,66998,25.896295411803337,60.10477924714171,0.4776261977969491,47.70590166870653,Ccnd1,CCND1,Y44H,Y44H,targeting guide,Missense,0.7696622038330893,0.512346208798234,1.0,0.9999998321245912,0.9999998321245912,0.8697924000026749,0.3653026062250464,1.0,1.0,1.0
gRNA_1928,CCND1,-0.02992830992552237,-0.12765698382596846,-0.28963741159342254,-0.14907423511497112,-0.12765698382596846,135.80445586533708,-0.35387203499483777,0.08628358780951283,0.14451605276291535,-0.04102413147413653,0.08628358780951283,1078,2.782931354359926,3.896103896103896,0.0,40.44526901669759,Ccnd1,CCND1,T286A,T286A,targeting guide,Missense,0.8879836492231753,0.3335990375445045,1.0,0.9999998321245912,0.9999998321245912,0.8046082310282822,0.4474484730953048,1.0,1.0,1.0
gRNA_1929,CCND1,-0.2786252876670366,-0.37392547248110436,-0.41242534403932873,-0.3549920347291566,-0.37392547248110436,191.69571496138087,0.5326526638248839,0.21540221400364226,0.8927316544528412,0.5469288440937891,0.5326526638248839,1319,15.921152388172857,71.34192570128886,24.03335860500379,20.84912812736922,Ccnd1,CCND1,T286A,T286A,targeting guide,Missense,0.922381144065941,0.26587092506792626,1.0,0.9999998321245912,0.9999998321245912,0.0006166670492686662,0.9454711910428324,0.011996977140317689,1.0,0.011996977140317689
gRNA_1930,CCND1,-1.6841913627261904,-1.6575790436458724,-1.6103140796103506,-1.6506948286608043,-1.6575790436458724,867.2670506156687,-1.6606507281485878,-1.1850513721065832,-1.1808866109575242,-1.3421962370708984,-1.1850513721065832,7724,61.76851372345935,82.65147591921284,0.0129466597617814,30.800103573278093,Ccnd1,CCND1,T286A,T286A,targeting guide,Missense,0.9999945332131926,0.0001345725164474855,1.0,0.015999176955423276,0.015999176955423276,0.9999636513934392,1.354885739126096e-05,1.0,0.0009060798380405767,0.0009060798380405767
gRNA_1953,CCND3,-0.03482353592790031,-0.12153243475916889,0.1994690058661118,0.014371011726347535,-0.03482353592790031,684.4417059691988,0.051175186694932734,-0.27309490641556877,0.03693627621584387,-0.06166114783493073,0.03693627621584387,19622,41.49424115788401,72.34736520232391,0.0,43.13525634491897,Ccnd3,CCND3,T283A,T283A,targeting guide,Missense,0.8203649732471489,0.4406545671048989,1.0,0.9999998321245912,0.9999998321245912,0.8304939432198579,0.42459863675505705,1.0,1.0,1.0
gRNA_1961,CCND3,-0.5047834085664095,-0.13439718745934426,-0.30813951931533806,-0.3157733717803639,-0.30813951931533806,892.1013833182142,-0.11919380140081005,0.01371637540032301,0.15911502903662494,0.01787920101204597,0.01371637540032301,19534,13.607044128186752,31.03818982287294,0.0,41.41496877239685,Ccnd3,CCND3,I290T,I290T,targeting guide,Missense,0.9144175675170457,0.27963049168036536,1.0,0.9999998321245912,0.9999998321245912,0.7839066792675876,0.490452797938037,1.0,1.0,1.0
gRNA_1962,CCND3,0.40554737727960366,0.26138102345438413,0.24481686684478426,0.30391508919292404,0.26138102345438413,791.4275636884644,0.5801402111411877,0.37492401956443083,0.4469538077799016,0.46733934616184003,0.4469538077799016,30461,0.9060766225665604,53.25826466629461,0.1871245198778766,79.30140179245593,Ccnd3,CCND3,I290T,I290T,targeting guide,Missense,0.5749061349734308,0.7090943156125287,1.0,0.9999998321245912,0.9999998321245912,0.14946418358668528,0.9511187435564413,1.0,1.0,1.0
gRNA_1963,CCND3,-0.014130980746590546,0.19590072728935878,0.06007174471843537,0.0806138304204012,0.06007174471843537,1512.4025810242538,0.6970334520139534,0.4376197812741193,0.4722811241609735,0.5356447858163488,0.4722811241609735,46836,7.265778461012896,61.00222051413443,0.1601332308480656,71.49414979929969,Ccnd3,CCND3,I290T,I290T,targeting guide,Missense,0.7912887923721745,0.4875108839538369,1.0,0.9999998321245912,0.9999998321245912,0.07815283960879066,0.9773696485373174,0.8001916517157548,1.0,0.8001916517157548
gRNA_1972,CD79A,0.14997660220399744,0.08420201375051387,-0.016699918917006045,0.07249289901250176,0.08420201375051387,1012.6039286635132,-0.08783869891555213,0.08035560586680365,0.10216926521619031,0.03156205738914728,0.08035560586680365,33574,25.52570441412998,48.82051587537976,0.1102043247751236,47.35807470066122,Cd79a,CD79A,I145T,I151T,targeting guide,Missense,0.7829034671373782,0.4993131971780356,1.0,0.9999998321245912,0.9999998321245912,0.7896961259240536,0.48828682413971813,1.0,1.0,1.0
gRNA_1973,CD79A,-0.06622310839607123,-0.02755473401638538,0.14891471099141562,0.018378956192986337,-0.02755473401638538,861.3062883966378,0.25870446078409065,-0.28985006220095794,-0.23936624050110453,-0.09017061397265728,-0.23936624050110453,26002,0.907622490577648,84.95115760326128,1.038381662949004,91.87754788093224,Cd79a,CD79A,I145T,I151T,targeting guide,Missense,0.8209883744768864,0.44231466208738834,1.0,0.9999998321245912,0.9999998321245912,0.8100097338592609,0.41839304072416467,1.0,1.0,1.0
gRNA_1977,CD79A,1.1101332265166266,0.9586316018890805,0.9807063502529888,1.0164903928862319,0.9807063502529888,337.93718198693006,0.6587366460438442,1.0394636515786546,0.9488098752284957,0.8823367242836649,0.9488098752284957,20744,80.92942537601235,89.41862707288854,0.0,10.86097184728114,Cd79a,CD79A,Non-coding,,targeting guide,Intron,0.010059929213017765,0.9988861663849291,0.8970103548274174,0.9999998321245912,0.8970103548274174,1.7758697500219477e-07,0.999931720640514,1.3572718803739171e-05,1.0,1.3572718803739171e-05
gRNA_1978,CD79A,0.2178836381968478,0.3768188809048417,0.2419156156386999,0.2788727115801298,0.2419156156386999,400.3362339804936,0.006234798540490119,0.07503245156578779,0.13810779513422206,0.07312501508016665,0.07503245156578779,14145,26.77271120537292,35.15729939908095,0.2898550724637681,20.261576528808767,Cd79a,CD79A,Non-coding,,targeting guide,Intron,0.5836222412360799,0.6993348000037978,1.0,0.9999998321245912,0.9999998321245912,0.7668469833085187,0.5244820281021136,1.0,1.0,1.0
gRNA_1980,CD79B,0.06584239021423173,-0.05763857504299791,-0.1951622469456424,-0.06231947725813619,-0.05763857504299791,300.4222760238903,-0.16435398817094704,-0.5937197190625622,-0.6898413809390884,-0.48263836272419924,-0.5937197190625622,5329,1.895289923062488,4.559954963407769,4.391067742540814,75.02345655845374,Cd79b,CD79B,N188S,N127S,targeting guide,Missense,0.8568893114899083,0.38735774113420623,1.0,0.9999998321245912,0.9999998321245912,0.9442389540609125,0.1978177233541542,1.0,1.0,1.0
gRNA_1981,CD79B,-0.29709357366588257,-0.013268881156318467,0.1877339865504329,-0.04087615609058937,-0.013268881156318467,2322.1922228874087,-0.12030702954880602,-0.3694216235480766,-0.19789435833286695,-0.2292076704765832,-0.19789435833286695,70804,0.4420654200327665,2.944748884243828,0.0,60.02344500310717,Cd79b,CD79B,N188S,N127S,targeting guide,Missense,0.8397366182394391,0.4000195640637173,1.0,0.9999998321245912,0.9999998321245912,0.8940625750474609,0.3226322284341069,1.0,1.0,1.0
gRNA_1983,CD79B,-0.3724584552027118,-0.4537605628099933,-0.49313574430047985,-0.4397849207710616,-0.4537605628099933,1314.4341136712624,-0.25706540768809194,-0.19725803527457877,-0.17167914162752057,-0.20866752819673043,-0.19725803527457877,29640,52.89136302294197,85.95816464237517,0.0,34.96288798920378,Cd79b,CD79B,Y255C,Y196C,targeting guide,Missense,0.9289051270200763,0.2505459394572184,1.0,0.9999998321245912,0.9999998321245912,0.8918809401320593,0.32908639933643696,1.0,1.0,1.0
gRNA_1984,CD79B,-0.31156306845634735,-0.0645369256172994,0.022171237118531112,-0.11797625231837187,-0.0645369256172994,1893.9302166572006,-0.0598535909551663,-0.2754644968038679,-0.09027723553692431,-0.1418651077653195,-0.09027723553692431,55677,35.88375810478294,80.42099969466746,0.1041722793972376,47.6875550047596,Cd79b,CD79B,Y255C,Y196C,targeting guide,Missense,0.8765891364522119,0.35218223890491096,1.0,0.9999998321245912,0.9999998321245912,0.8804287176688111,0.3495766055601135,1.0,1.0,1.0
gRNA_1985,CD79B,-0.4903196914594571,-0.5179847848732355,-0.3020304955704443,-0.4367783239677123,-0.4903196914594571,2488.2261376713413,-0.06413620511375104,-0.24711271166514706,-0.3707298732715428,-0.22732626335014694,-0.24711271166514706,55286,23.202980863147992,79.46315522917195,0.0741598234634446,61.77694172123142,Cd79b,CD79B,Y255C,Y196C,targeting guide,Missense,0.9330849885207123,0.2405729187366567,1.0,0.9999998321245912,0.9999998321245912,0.8970530069735083,0.3160777250037205,1.0,1.0,1.0
gRNA_1989,CDC73,0.6108345912841712,0.4461519193120208,0.37870929577491913,0.47856526879037037,0.4461519193120208,732.2601763443175,0.5973349569540106,0.13088118381037625,0.3382169400715364,0.3554776936119744,0.3382169400715364,30430,13.095629313177785,38.517909957279,0.3516266841932303,48.40289188301018,Cdc73,CDC73,Y290C,Y290C,targeting guide,Missense,0.26144778635382887,0.9178549399449546,1.0,0.9999998321245912,0.9999998321245912,0.25568694286467447,0.8321954679905733,1.0,1.0,1.0
gRNA_1994,CDC73,0.038283405665420364,0.2912271941646207,0.39546932821727365,0.24165997601577158,0.2912271941646207,807.5583276950043,-0.005429715536782181,-0.04139376738286576,-0.11800697057062882,-0.05494348449675892,-0.04139376738286576,30676,69.67662015908202,90.05411396531491,0.5281001434346069,22.023731907680272,Cdc73,CDC73,V19A,V19A,targeting guide,Missense,0.5993333744507732,0.6724445078161363,1.0,0.9999998321245912,0.9999998321245912,0.8392394072070514,0.4215733446008501,1.0,1.0,1.0
gRNA_1995,CDC73,-0.05903892434638608,0.02144905096161272,0.0714335230517909,0.011281216555672513,0.02144905096161272,734.5554629223232,-0.5398508738234336,-0.1970725873482556,0.17254705968323283,-0.18812546716281878,-0.1970725873482556,21240,59.675141242937855,85.4708097928437,2.721280602636535,26.08286252354049,Cdc73,CDC73,V19A,V19A,targeting guide,Missense,0.8314498415331895,0.43310103155782353,1.0,0.9999998321245912,0.9999998321245912,0.8498568312289645,0.34687203462757266,1.0,1.0,1.0
gRNA_1996,CDC73,0.32253927604414195,0.10736682268397763,-0.0997772047765982,0.11004296465050713,0.10736682268397763,380.96720336618404,0.23617766498526482,0.7413730882378498,0.4790590936343898,0.4855366156191681,0.4790590936343898,12868,33.15200497357787,74.94560149207335,0.2331364625427416,49.49487099782406,Cdc73,CDC73,Y315C,Y315C,targeting guide,Missense,0.7255161236344208,0.5505901537284483,1.0,0.9999998321245912,0.9999998321245912,0.0810859799690653,0.9321905058541349,0.8033518385824062,1.0,0.8033518385824062
gRNA_2011,CDH1,-0.7301273472253107,-0.7228030040761619,-0.5806488182072678,-0.6778597231695801,-0.7228030040761619,903.3274206447619,-0.5382564643444101,-0.5946739992704504,-0.8224301505482177,-0.6517868713876928,-0.5946739992704504,16621,1.2514289152277238,17.57415317971241,0.0,91.47464051501112,Cdh1,CDH1,Y192C,Y190C,targeting guide,Missense,0.9490322296427287,0.1994533912240929,1.0,0.9999998321245912,0.9999998321245912,0.9704799177477409,0.13486080643678308,1.0,1.0,1.0
gRNA_2012,CDH1,0.16609350508467682,0.4045844368293328,0.2667117057388049,0.27912988255093824,0.2667117057388049,686.2269288632032,-0.22848727535395041,-0.10680132737554929,0.271090393398228,-0.021399403110423893,-0.10680132737554929,22866,9.993002711449313,40.70672614361935,0.2886381527158226,67.95241843785533,Cdh1,CDH1,Y192C,Y190C,targeting guide,Missense,0.5838613154825243,0.6980721163902865,1.0,0.9999998321245912,0.9999998321245912,0.7884248192304678,0.46056070353995404,1.0,1.0,1.0
gRNA_2043,CDK12,0.10866580916237358,0.08580509951470718,0.04875263789120719,0.08107451552276264,0.08580509951470718,952.539219743289,-0.087927315719891,0.03624859334973595,-0.4520547137674539,-0.16791114537920296,-0.087927315719891,26304,1.0340632603406326,1.1291058394160585,0.0494221411192214,31.896289537712896,Cdk12,CDK12,M1214V,M1218V,targeting guide,Missense,0.7694324125867368,0.5231909902780558,1.0,0.9999998321245912,0.9999998321245912,0.8698635260838484,0.3542145309366324,1.0,1.0,1.0
gRNA_2044,CDK12,0.24154122014818238,-0.16622361105656358,-0.2873439465531253,-0.07067544582050216,-0.16622361105656358,419.2891028036111,-0.18399574500004928,-0.3623492203158424,-0.146096938268674,-0.23081396786152186,-0.18399574500004928,11977,2.680136929114135,2.855472989897303,0.0,37.513567671370126,Cdk12,CDK12,M1214V,M1218V,targeting guide,Missense,0.8442529440209111,0.3855648387474994,1.0,0.9999998321245912,0.9999998321245912,0.8971533370108451,0.3171427207787662,1.0,1.0,1.0
gRNA_2105,CDK8,0.6116708414267762,0.2909913107913211,0.32582545876620916,0.4094958703281022,0.32582545876620916,200.05929658157388,0.14270980517934534,0.6379756962030974,0.4199620427569416,0.40021584804646143,0.4199620427569416,6777,5.592445034676111,22.31075697211155,0.8263243323004279,49.1220303969308,Cdk8,CDK8,D173G,D173G,targeting guide,Missense,0.3826604602677802,0.8217282995820091,1.0,0.9999998321245912,0.9999998321245912,0.16751832099495287,0.8899364381351036,1.0,1.0,1.0
gRNA_2133,CHEK2,0.0012081469749641231,-0.04829677741580366,0.019341714914411206,-0.009248971842142777,0.0012081469749641231,1029.4997881960553,-0.11715711788891162,0.0880947776187979,0.11124584759304029,0.027394502440975525,0.0880947776187979,31599,4.421025981834868,10.278806291338334,0.0,45.35586569195228,Chek2,CHEK2,D138G,D134G,targeting guide,Missense,0.8498742011572369,0.40516447925714716,1.0,0.9999998321245912,0.9999998321245912,0.7855321366115942,0.4936265081963144,1.0,1.0,1.0
gRNA_2134,CHEK2,0.13254406530120402,0.2742341272000722,0.12547086791009812,0.17741635347045812,0.13254406530120402,446.815787185109,-0.14489274524191262,0.3796565372793415,0.3426081782691424,0.19245732343552377,0.3426081782691424,14627,32.52204826690367,68.46926915977303,1.0186641143091544,37.881999042865935,Chek2,CHEK2,K201E,K197E,targeting guide,Missense,0.7124766642810503,0.5911663237763398,1.0,0.9999998321245912,0.9999998321245912,0.566328807684074,0.6691613275238122,1.0,1.0,1.0
gRNA_2135,CHEK2,0.05513442872854923,4.8007160359429264e-05,0.02470837023708645,0.02663026870866504,0.02470837023708645,595.6906249529785,-0.03482182478006415,0.10439568555554762,0.1814086167146748,0.08366082583005274,0.10439568555554762,16719,15.886117590764998,38.54895627728931,0.0,38.29774508044739,Chek2,CHEK2,K201E,K197E,targeting guide,Missense,0.8253440428043781,0.44378772873885697,1.0,0.9999998321245912,0.9999998321245912,0.7341543418921406,0.5589146348760823,1.0,1.0,1.0
gRNA_2154,CIC,-0.5796176806990694,-0.1465829190997683,-0.11679975253390075,-0.28100011744424613,-0.1465829190997683,1674.6665904971567,-0.6078992681443742,-0.2681123340473746,-0.18136146159811609,-0.35245768792995497,-0.2681123340473746,39749,0.6037887745603663,1.0264409167526227,0.0,51.20128808271907,Cic,CIC,N1112S,N205S,targeting guide,Missense,0.8961229353860011,0.3159788265389885,1.0,0.9999998321245912,0.9999998321245912,0.9237971015876686,0.2526710863749563,1.0,1.0,1.0
gRNA_2202,CIC,-0.10824671286883329,-0.1436165655583712,-0.021849179352226786,-0.09123748592647711,-0.10824671286883329,1398.6583794919713,0.1319863900926782,-0.10144821395637112,-0.030622838492039728,-2.8220785244212343e-05,-0.030622838492039728,41398,23.81999130392773,73.95526353930141,0.6328808154983333,56.87955939900478,Cic,CIC,Y120C,Y2C,targeting guide,Missense,0.8677712459143725,0.3749265751910656,1.0,0.9999998321245912,0.9999998321245912,0.8040557574265668,0.46824643654564235,1.0,1.0,1.0
gRNA_2203,CIC,0.5117081004538552,0.39761646949051,0.3725306432332165,0.42728507105919383,0.39761646949051,934.7817602163574,0.32330434326115637,0.027933322330349203,0.02787354108509998,0.1263704022255352,0.027933322330349203,39163,5.313688941092357,28.26392257998621,0.1608661236371064,72.35145417868907,Cic,CIC,Y120C,Y2C,targeting guide,Missense,0.33280152466961826,0.8867577785782024,1.0,0.9999998321245912,0.9999998321245912,0.7104529595260529,0.5749739129323592,1.0,1.0,1.0
gRNA_2215,CREBBP,-0.17908013678309687,-0.22246620515650262,0.0037493320008386245,-0.1325990033129203,-0.17908013678309687,552.117598260569,-0.5055397262654469,0.07417599657985256,0.10686393403959307,-0.10816659854866706,0.07417599657985256,14794,50.94632959307828,72.09679599837771,0.3176963633905637,24.1246451264026,Crebbp,CREBBP,W1503R,W1502R,targeting guide,Missense,0.8857298055051019,0.3396374896073204,1.0,0.9999998321245912,0.9999998321245912,0.832230024259112,0.3931691072688326,1.0,1.0,1.0
gRNA_2234,CREBBP,-0.5200557342357177,-0.5313473711498654,-0.5167614023746963,-0.5227215025867598,-0.5200557342357177,2311.3788103689985,-0.2224030619649489,-0.03646826591268406,-0.5951566391093814,-0.2846759889956714,-0.2224030619649489,46858,31.31375645567459,78.6311835759102,0.8152289897136029,52.27709249221051,Crebbp,CREBBP,C1409R,C1408R,targeting guide,Missense,0.9371481978021643,0.2309241521441203,1.0,0.9999998321245912,0.9999998321245912,0.9052747266019343,0.28460247896735613,1.0,1.0,1.0
gRNA_2240,CREBBP,-0.2086452293444848,-0.19808259672533393,-0.0893748028276004,-0.16536754296580639,-0.19808259672533393,1218.3556616720327,-0.43587664519076996,-0.3906585103269077,-0.10719073310228612,-0.31124196287332123,-0.3906585103269077,33292,57.23296888141295,70.82181905562898,0.0030037246185269,19.428090832632464,Crebbp,CREBBP,Y1504H,Y1503H,targeting guide,Missense,0.8910059948084492,0.3307240875558561,1.0,0.9999998321245912,0.9999998321245912,0.9161880867692683,0.2737025823887144,1.0,1.0,1.0
gRNA_2265,CREBBP,0.26381985942541974,0.3166744690153452,0.4678245098088268,0.34943961274986385,0.3166744690153452,373.876680372928,0.03031897025095931,-0.21957648513812816,0.15328014588417088,-0.011992456334332657,0.03031897025095931,13195,62.6070481242895,86.13868889730959,0.0,26.926866237211065,Crebbp,CREBBP,C1475R,C1474R,targeting guide,Missense,0.4832579792378747,0.7728280164282113,1.0,0.9999998321245912,0.9999998321245912,0.7933772860496267,0.4737407403044708,1.0,1.0,1.0
gRNA_2268,CREBBP,-0.2781292180435319,-0.2791546037643664,-0.2965465348894153,-0.28461011889910454,-0.2791546037643664,290.09872027572,-0.6582841326489035,-0.7269104078095809,-0.6715500165886059,-0.6855815190156967,-0.6715500165886059,5657,1.6086264804666783,1.7500441930351778,0.1590949266395616,60.04949619939898,Crebbp,CREBBP,C1179R,C1178R,targeting guide,Missense,0.9201226039599539,0.27096975820878194,1.0,0.9999998321245912,0.9999998321245912,0.9730908906855135,0.12791886807600206,1.0,1.0,1.0
gRNA_2269,CREBBP,0.4445821370994002,-0.10926949074958384,0.2758514608635255,0.20372136907111396,0.2758514608635255,492.9664702800733,0.6045863273640609,0.36260658711695143,0.34476556362387833,0.4373194927016302,0.36260658711695143,14437,36.046270000692665,60.42114012606498,0.0,49.67098427651175,Crebbp,CREBBP,C1179R,C1178R,targeting guide,Missense,0.587590063702266,0.6464059113691729,1.0,0.9999998321245912,0.9999998321245912,0.19969973177478256,0.9056675963785682,1.0,1.0,1.0
gRNA_2270,CREBBP,0.4871130030521784,0.17668728243235604,0.08674806739612595,0.25018278429355345,0.17668728243235604,613.5717414698134,0.01827323492528563,0.03971610353779688,0.08560657534169426,0.04786530460159225,0.03971610353779688,19436,20.07614735542293,26.605268573780616,0.0,50.94669685120395,Crebbp,CREBBP,C1179R,C1178R,targeting guide,Missense,0.542110343082123,0.6945120083967977,1.0,0.9999998321245912,0.9999998321245912,0.7850073144026528,0.5035949744721611,1.0,1.0,1.0
gRNA_2281,CREBBP,-0.01850460429784718,-0.03911559127813053,0.1355979102300907,0.025992571551371,-0.01850460429784718,1673.625408997323,-0.05324774151548227,-0.07501500472840486,0.010626036769030806,-0.03921223649161877,-0.05324774151548227,53249,10.807714698867583,25.093428984581877,0.8619880185543392,50.84790324700933,Crebbp,CREBBP,Y1504C,Y1503C,targeting guide,Missense,0.8258315845146351,0.4367223880108234,1.0,0.9999998321245912,0.9999998321245912,0.8426867540146205,0.41613306917939497,1.0,1.0,1.0
gRNA_2284,CREBBP,-0.22763960161758798,0.06026226464091396,0.1227276461720362,-0.014883230268212602,0.06026226464091396,1192.034409084054,-0.07581541226280038,0.2839844574922159,0.4115645477698337,0.2065778643330831,0.2839844574922159,35787,12.937658926425796,79.71050940285579,0.2011903763936625,80.52644815156341,Crebbp,CREBBP,Y1451C,Y1450C,targeting guide,Missense,0.8203131459646573,0.4378776923235347,1.0,0.9999998321245912,0.9999998321245912,0.5422941984847429,0.6841102679501223,1.0,1.0,1.0
gRNA_2285,CREBBP,-0.12399728131869489,-0.17526139852162262,0.0630883396026486,-0.07872344674588964,-0.12399728131869489,1278.5976916029883,0.18765754716818162,0.28998025679763334,0.1284689133589636,0.20203557244159284,0.18765754716818162,37216,1.469797936371453,38.013220120378335,0.0752364574376612,90.59544282029236,Crebbp,CREBBP,Y1451C,Y1450C,targeting guide,Missense,0.8599005061276127,0.3819216452143707,1.0,0.9999998321245912,0.9999998321245912,0.6393539806174096,0.6651809023027291,1.0,1.0,1.0
gRNA_2292,CREBBP,0.1694675522080752,-0.18838675942687483,-0.24989748488486632,-0.08960556403455533,-0.18838675942687483,1525.8081947099984,0.38338929725558146,0.06716563680975329,0.0856036848278876,0.17871953963107412,0.0856036848278876,43313,2.484242606145961,25.759009996998596,0.0,72.99194237295961,Crebbp,CREBBP,T1138A,T1137A,targeting guide,Missense,0.8563760834044364,0.37350535670376633,1.0,0.9999998321245912,0.9999998321245912,0.6154924858869655,0.6410904415698477,1.0,1.0,1.0
gRNA_2293,CREBBP,-0.1159481500821659,-0.1529497797481033,-0.15710954210623715,-0.1420024906455021,-0.1529497797481033,1867.5344210101352,0.09405637160424198,-0.3572148620978344,-0.01734946245699754,-0.09350265098352999,-0.01734946245699754,50538,0.4887411452768214,0.5124856543590961,0.1761051090268708,13.63528434049626,Crebbp,CREBBP,T1138A,T1137A,targeting guide,Missense,0.8769881242290654,0.3582476695514767,1.0,0.9999998321245912,0.9999998321245912,0.8352747984974795,0.41058327143396667,1.0,1.0,1.0
gRNA_2294,CREBBP,0.0012425864916568942,0.10887189074524527,0.24739568148977698,0.11917005290889304,0.10887189074524527,1462.54385591313,-0.09548855453270508,-0.3804022142746582,-0.28050308735337864,-0.252131285386914,-0.28050308735337864,45309,27.66999933787989,39.78459025800613,0.2758833785782074,34.05725131872255,Crebbp,CREBBP,T1138A,T1137A,targeting guide,Missense,0.7634606792227924,0.5228756911711638,1.0,0.9999998321245912,0.9999998321245912,0.9028725050922546,0.30496600369218724,1.0,1.0,1.0
gRNA_2297,CREBBP,0.28471285805122376,0.17022434237637896,-0.04710068944023525,0.1359455036624558,0.17022434237637896,2183.800707355513,0.469080043638721,0.33621341802118393,0.42877045712793604,0.41135463959594704,0.42877045712793604,69293,35.91993419248698,80.07735269074799,0.3174923873984385,47.110097701066486,Crebbp,CREBBP,Y1451H,Y1450H,targeting guide,Missense,0.7514177276661383,0.5305582931681609,1.0,0.9999998321245912,0.9999998321245912,0.281701430913744,0.9004572520582667,1.0,1.0,1.0
gRNA_2298,CREBBP,0.060001645841726126,-0.1039925160190168,-0.07117153359653124,-0.0383874679246073,-0.07117153359653124,821.4575630840388,-0.030202546802660147,0.29463569839166365,0.3575622774531219,0.2073318096807085,0.29463569839166365,23762,41.19602727043178,56.855483545156126,0.0,23.457621412339027,Crebbp,CREBBP,Y1451H,Y1450H,targeting guide,Missense,0.8445664444477633,0.4112011904233367,1.0,0.9999998321245912,0.9999998321245912,0.6085493635814883,0.6707987812038907,1.0,1.0,1.0
gRNA_2316,CREBBP,0.19275663644246288,0.06642285811307244,0.1717275793154774,0.1436356912903376,0.1717275793154774,542.117663714686,0.05481525933042371,0.10442800751020047,0.13588734887587373,0.0983768719054993,0.10442800751020047,16954,0.6842043175651764,3.7159372419488026,0.0,72.6377256104754,Crebbp,CREBBP,Non-coding,,targeting guide,Intron,0.7467991876876361,0.5513372009140409,1.0,0.9999998321245912,0.9999998321245912,0.7373021695324917,0.563067503820069,1.0,1.0,1.0
gRNA_2326,CREBBP,0.09821400892954184,0.1871519162456418,0.1953325380705933,0.16023282108192563,0.1871519162456418,768.8572456714084,-0.020610704985812835,0.20726790820484736,0.4065238052367486,0.19772700281859437,0.20726790820484736,22959,12.217431072781917,34.004094254976266,0.0,37.63230105840847,Crebbp,CREBBP,Y1434H,Y1433H,targeting guide,Missense,0.725807293941687,0.5785205182154898,1.0,0.9999998321245912,0.9999998321245912,0.5532432276591468,0.6869757155047012,1.0,1.0,1.0
gRNA_2384,CSF3R,1.2681933866371105,0.8744333688580391,1.1923689414188412,1.1116652323046636,1.1923689414188412,301.0889383269492,1.2575680042610122,1.2057191820430837,1.1904120214282814,1.2178997359107926,1.2057191820430837,17346,68.98420385103194,83.33333333333334,0.9512279488066412,19.44540528075637,Csf3r,CSF3R,T774A,T773A,targeting guide,Missense,0.0018390178831132068,0.999595770156872,0.32795818915518854,0.9999998321245912,0.32795818915518854,4.1025318572854354e-10,1.0,5.4871363591192696e-08,1.0,5.4871363591192696e-08
gRNA_2385,CSF3R,0.8298463853327626,0.6434482183390702,0.4483915899224967,0.640562064531443,0.6434482183390702,825.0280088720477,0.241731321699368,0.4017101523932122,0.2760355205927117,0.306492331561764,0.2760355205927117,39662,62.5687055619989,87.45650748827593,0.7135293227774696,26.587161514800066,Csf3r,CSF3R,T774A,T773A,targeting guide,Missense,0.10256543466845931,0.9716907781979243,1.0,0.9999998321245912,0.9999998321245912,0.47489400810453075,0.7823254245451351,1.0,1.0,1.0
gRNA_2386,CSF3R,0.117642586536911,0.09617965780269758,-0.040749310417095036,0.05769097797417117,0.09617965780269758,719.8740759757451,-0.05639228366811862,0.13113167324729416,0.0008982674739358096,0.02521255235103712,0.0008982674739358096,22354,56.45074706987564,82.35215174018073,2.5632996331752707,27.162923861501294,Csf3r,CSF3R,T774A,T773A,targeting guide,Missense,0.7880059741533925,0.49110766663126915,1.0,0.9999998321245912,0.9999998321245912,0.7978161479835314,0.47850623146990223,1.0,1.0,1.0
gRNA_2387,CSF3R,0.44244387173864286,0.4882998539234966,0.3951235736750055,0.441955766445715,0.44244387173864286,1001.2661735305005,0.4753690487012831,0.5366964669936067,0.4916904582071219,0.5012519913006707,0.4916904582071219,41571,46.78261287917058,88.87926679656492,0.9838589401265304,42.88566548796035,Csf3r,CSF3R,T774A,T773A,targeting guide,Missense,0.3010178930080747,0.9039340720710054,1.0,0.9999998321245912,0.9999998321245912,0.09990275146556674,0.9793863888687279,0.8907995339013034,1.0,0.8907995339013034
gRNA_2388,CSF3R,0.9620329987756464,0.7780581769805083,0.7266904534787328,0.8222605430782958,0.7780581769805083,570.419917363886,0.40372304501914685,1.0858950229709101,1.070483769889692,0.8533672792932497,1.070483769889692,29546,22.862654843295203,66.36431327421649,0.0067691058011236,53.54362688688824,Csf3r,CSF3R,T774A,T773A,targeting guide,Missense,0.03426663641876658,0.9947356033307659,1.0,0.9999998321245912,0.9999998321245912,6.013365115788814e-07,0.9953630136409715,3.574611485496684e-05,1.0,3.574611485496684e-05
gRNA_2398,CTCF,-0.14201051393710648,-0.008022994972570899,0.823942744259633,0.22463641178331853,-0.008022994972570899,33.51493214468657,-0.05507509456648883,0.033802614975466376,-0.6930028757345126,-0.23809178510851167,-0.05507509456648883,1194,0.8375209380234505,6.281407035175879,0.0,53.517587939698494,Ctcf,CTCF,K458E,K458E,targeting guide,Missense,0.38266497031881913,0.6097127407564162,1.0,0.9999998321245912,0.9999998321245912,0.8876645601956821,0.3030845828802272,1.0,1.0,1.0
gRNA_2399,CTCF,-0.37905391260966775,-0.24043307967367428,-0.3106119407881012,-0.3100329776904811,-0.3106119407881012,1622.0499890061326,-0.40472221058137525,-0.6957085162424649,-0.4641011382200441,-0.5215106216812947,-0.4641011382200441,41169,44.27360392528359,74.88401467123322,0.2307561514731958,44.50193106463601,Ctcf,CTCF,I679V,I670V,targeting guide,Missense,0.922381144065941,0.26587092506792626,1.0,0.9999998321245912,0.9999998321245912,0.9546702080579987,0.17983522712700484,1.0,1.0,1.0
gRNA_2401,CTCF,-0.1568839724761278,0.4291527318616734,0.20187721926927893,0.15804865955160818,0.20187721926927893,132.36152599832852,-0.07247412542057541,0.6712504026875362,0.6003765848719983,0.3997176207129864,0.6003765848719983,2957,34.96787284409875,53.3310787960771,0.0,37.80858978694623,Ctcf,CTCF,T374A,T374A,targeting guide,Missense,0.6336556804464935,0.6003458284429688,1.0,0.9999998321245912,0.9999998321245912,0.09297009199117251,0.8744735225860192,0.8596856961205684,1.0,0.8596856961205684
gRNA_2415,CTCF,0.6526686501427919,0.4793725581011533,0.7091907692514425,0.6137439924984626,0.6526686501427919,968.2360866971295,0.6128433911935673,0.1897239300694399,0.3571927534133715,0.38658669155879294,0.3571927534133715,43841,1.1678565726146757,36.91293538012363,0.2759973540749526,82.33616933920302,Ctcf,CTCF,H573R,H573R,targeting guide,Missense,0.13236908081682333,0.9686921369885773,1.0,0.9999998321245912,0.9999998321245912,0.21876337044993704,0.8649477999199804,1.0,1.0,1.0
gRNA_2416,CTCF,-0.5421938996055284,-0.4387740641905852,-0.5563669153540736,-0.5124449597167291,-0.5421938996055284,3945.3425957497925,-0.09434829094418026,-0.22992243305449872,-0.38257676251160544,-0.23561582883676147,-0.22992243305449872,89564,23.41342503684516,88.40047340449287,0.4879192532714037,66.67634317359654,Ctcf,CTCF,H573R,H573R,targeting guide,Missense,0.9330849885207123,0.2405729187366567,1.0,0.9999998321245912,0.9999998321245912,0.8997510127492069,0.3114975165583903,1.0,1.0,1.0
gRNA_2417,CTCF,-0.7735335132213371,-0.4948456048525537,-0.42227348065501863,-0.5635508662429698,-0.4948456048525537,2264.2276038435625,-0.46308331725583174,-0.4232997147999604,-0.42395337825269647,-0.4367788034361629,-0.42395337825269647,47492,19.028467952497262,80.09138381201043,0.4927145624526236,69.59066790196243,Ctcf,CTCF,H573R,H573R,targeting guide,Missense,0.9447846934324865,0.2071395316197709,1.0,0.9999998321245912,0.9999998321245912,0.9392170162597595,0.22510616824630056,1.0,1.0,1.0
gRNA_2440,CTCF,-0.4554731465777767,-0.1003077974549238,-0.31559382199494973,-0.2904582553425501,-0.31559382199494973,971.0239472371939,-0.947129933158894,-0.08723552977451347,-0.39821114852627765,-0.4775255371532284,-0.39821114852627765,24112,14.411911081619111,58.87939615129396,0.0248838752488387,68.77903118779031,Ctcf,CTCF,C384R,C384R,targeting guide,Missense,0.9072163632691024,0.29532063631396105,1.0,0.9999998321245912,0.9999998321245912,0.9464231124036366,0.16194025020911174,1.0,1.0,1.0
gRNA_2441,CTCF,0.3519349799690203,0.5897306827535923,0.6996005471809272,0.5470887366345133,0.5897306827535923,955.2217642133709,0.6563948192340578,0.11180485184892124,0.5250532944442091,0.4310843218423961,0.5250532944442091,42300,1.236406619385343,20.581560283687946,0.0212765957446808,85.64539007092199,Ctcf,CTCF,C384R,C384R,targeting guide,Missense,0.18875614007635244,0.9419722335972481,1.0,0.9999998321245912,0.9999998321245912,0.1148208662992142,0.9160026716976716,0.9400500484354765,1.0,0.9400500484354765
gRNA_2445,CTNNB1,0.43623974092702383,0.41424408599641255,0.4795115060878011,0.4433317776704125,0.43623974092702383,1039.3185141130796,0.10641011723687471,0.17200757485821852,0.23204196838115299,0.17015322015874876,0.17200757485821852,40400,1.7648514851485146,4.193069306930694,0.5544554455445544,45.58415841584159,Ctnnb1,CTNNB1,S33P,S33P,targeting guide,Missense,0.30653960198400193,0.9016771959660617,1.0,0.9999998321245912,0.9999998321245912,0.6669506883567518,0.6414568056877292,1.0,1.0,1.0
gRNA_2446,CTNNB1,0.475045971163352,0.5362442665415079,0.7949252478615023,0.6020718285221208,0.5362442665415079,501.7542915476675,0.4329551975057686,0.5017108082011633,0.38552794831810466,0.4400646513416788,0.4329551975057686,21799,2.660672507913207,4.968117803568971,0.848662782696454,52.82352401486307,Ctnnb1,CTNNB1,S33P,S33P,targeting guide,Missense,0.12461906521165922,0.9635020572387935,1.0,0.9999998321245912,0.9999998321245912,0.22353561114235698,0.9353864540428913,1.0,1.0,1.0
gRNA_2457,CTNNB1,-0.2150345222466678,-0.1484501503576295,-0.38197035165134474,-0.248485008085214,-0.2150345222466678,1156.053039167986,-0.3895341043553188,-0.415376463019047,-0.31237522196834433,-0.37242859644757004,-0.3895341043553188,27492,44.45293176196712,55.49614433289685,0.2437072602939037,18.8600320093118,Ctnnb1,CTNNB1,D32G,D32G,targeting guide,Missense,0.9018821578842546,0.30798678917910616,1.0,0.9999998321245912,0.9999998321245912,0.9259535059200344,0.25744894736850743,1.0,1.0,1.0
gRNA_2458,CTNNB1,-0.10672678252975779,0.03485637392759239,-0.08446707764818419,-0.0521124954167832,-0.08446707764818419,315.0280828312819,-0.21048190102074493,0.16485675061971397,-0.08530205564274589,-0.043642402014592276,-0.08530205564274589,7365,41.72437202987101,55.22063815342838,0.0,20.80108621860149,Ctnnb1,CTNNB1,D32G,D32G,targeting guide,Missense,0.8483402832595782,0.40594999654888964,1.0,0.9999998321245912,0.9999998321245912,0.8146792521742817,0.4381767156899087,1.0,1.0,1.0
gRNA_2466,CTNNB1,-0.025355614633792767,0.20039597449736932,0.1340539835737588,0.10303144781244511,0.1340539835737588,1373.384949965176,-0.008803324845130502,-0.1191376003215816,0.06705892425980699,-0.020294000302301704,-0.008803324845130502,46942,21.73320267564228,58.82578501129053,0.2279408631928763,61.86783690511696,Ctnnb1,CTNNB1,Non-coding,,targeting guide,Intron,0.7750174836375414,0.5086183150579349,1.0,0.9999998321245912,0.9999998321245912,0.8212667119478767,0.44792570411085963,1.0,1.0,1.0
gRNA_2472,CTNNB1,0.12978651757555712,0.39230836540243663,0.5734170933252851,0.3651706587677596,0.39230836540243663,265.6794214041594,-0.21635609615963144,0.4715052493873734,-0.07867396602632912,0.058825062400470966,-0.07867396602632912,9203,2.3905248288601544,75.43192437248723,1.2061284363794416,81.63642290557426,Ctnnb1,CTNNB1,S45P,S45P,targeting guide,Missense,0.38584572327966077,0.812218366857096,1.0,0.9999998321245912,0.9999998321245912,0.583846647592325,0.5525352797310883,1.0,1.0,1.0
gRNA_2473,CTNNB1,0.22478520305104938,0.08103827530090951,-0.044641443550072504,0.08706067826729547,0.08103827530090951,386.1182087889584,0.24684636606185786,-0.34987958497810123,-0.1786763650213077,-0.09390319464585035,-0.1786763650213077,12209,3.341797034974199,37.84093701367844,0.1474322221312146,78.48308624784994,Ctnnb1,CTNNB1,S45P,S45P,targeting guide,Missense,0.7824823989138852,0.49532914584210463,1.0,0.9999998321245912,0.9999998321245912,0.8248125756907182,0.40545856812264053,1.0,1.0,1.0
gRNA_2474,CTNNB1,1.5521919718737274,1.2397888456734236,1.3003634927989403,1.3641147701153635,1.3003634927989403,91.81146312022788,1.2296435325415342,0.9285835232449383,0.823664659248921,0.9939639050117979,0.9285835232449383,5804,1.912474155754652,93.7801516195727,1.6712611991729842,91.35079255685734,Ctnnb1,CTNNB1,S45P,S45P,targeting guide,Missense,2.9169031885339984e-08,0.9999998321245912,3.121086411731378e-05,0.9999998321245912,3.121086411731378e-05,4.1025318572854354e-10,1.0,5.4871363591192696e-08,1.0,5.4871363591192696e-08
gRNA_2494,CTNNB1,-0.942240619148932,-0.15716553503954173,-0.49783649666394886,-0.5324142169508075,-0.49783649666394886,637.6927957077614,-0.6644949882405684,-0.6215825755185023,-0.2671130000306149,-0.5177301879298951,-0.6215825755185023,10373,0.3952569169960474,77.44143449339632,0.0,89.41482695459365,Ctnnb1,CTNNB1,T41A,T41A,targeting guide,Missense,0.9376235804450076,0.21606722594820787,1.0,0.9999998321245912,0.9999998321245912,0.9539877403635918,0.1781822217721032,1.0,1.0,1.0
gRNA_2521,CUL3,0.08074636037276034,-0.10178938141098001,0.058487162256992895,0.012481380406257741,0.058487162256992895,438.3997363990881,0.10828482354546458,0.22587568760571422,0.249459308363524,0.19453993983823425,0.22587568760571422,13072,1.1780905752753978,67.8626070991432,0.3289473684210526,81.42594859241126,Cul3,CUL3,D698G,D698G,targeting guide,Missense,0.8160583691270086,0.4552469620690148,1.0,0.9999998321245912,0.9999998321245912,0.6669506883567518,0.6414568056877292,1.0,1.0,1.0
gRNA_2526,CUL3,0.2863440080269572,0.27210829505575423,0.15743620040725964,0.2386295011633237,0.27210829505575423,638.599732369585,0.544331816545365,0.5756172424310909,0.18478816490674155,0.4349124079610658,0.544331816545365,18994,3.07465515425924,53.64325576497841,0.0421185637569758,74.58671159313467,Cul3,CUL3,D121G,D121G,targeting guide,Missense,0.6743701751528498,0.6334978041178807,1.0,0.9999998321245912,0.9999998321245912,0.1207635094983947,0.9326190591791154,0.9682610329800366,1.0,0.9682610329800366
gRNA_2527,CUL3,0.1495705841992136,0.18608402351587483,-0.008135485428762853,0.10917304076210853,0.1495705841992136,400.01744417799284,0.4905093475355132,0.09494134413213115,0.2784095244880627,0.2879534053852357,0.2784095244880627,12634,14.666772201994618,49.3351274339085,0.1028969447522558,63.764445148013294,Cul3,CUL3,D121G,D121G,targeting guide,Missense,0.769874704420961,0.5147007946730215,1.0,0.9999998321245912,0.9999998321245912,0.4208541458937829,0.7719895102309288,1.0,1.0,1.0
gRNA_2568,DAXX,0.6876097816732106,0.5413193326957003,0.46347215320572904,0.5641337558582133,0.5413193326957003,1258.500317058206,0.4452568588991908,0.5099237122523372,0.19542020146479822,0.38353359087210875,0.4452568588991908,61011,0.0311419252265984,61.70198816606841,0.1278457982986674,96.28427660585795,Daxx,DAXX,N274S,N268S,targeting guide,Missense,0.1761520632659798,0.9534120966823905,1.0,0.9999998321245912,0.9999998321245912,0.2669343521810834,0.8861094080836326,1.0,1.0,1.0
gRNA_2569,DAXX,0.28852769665543815,0.07688420278462064,0.10796338541823325,0.15779176161943068,0.10796338541823325,946.8694713878501,0.45760396027626116,0.2294975973514919,0.166860984406357,0.28465418067803666,0.2294975973514919,31454,0.0508679341260253,92.36345138933044,0.0,99.30056590576716,Daxx,DAXX,N274S,N268S,targeting guide,Missense,0.7198200936890875,0.5794979225039036,1.0,0.9999998321245912,0.9999998321245912,0.46976980673657465,0.76559645908077,1.0,1.0,1.0
gRNA_2620,DICER1,-0.08620425680783228,-0.03121028982199685,0.030553483380450202,-0.028953687749792973,-0.03121028982199685,2143.797663857321,0.18725629569629698,0.17591140373295386,-0.21531388126214784,0.04928460605570101,0.17591140373295386,69328,25.11683591045465,37.02832910223863,0.0028848372951765,22.63010616201246,Dicer1,DICER1,S549P,S549P,targeting guide,Missense,0.8522593232415081,0.4011179028977774,1.0,0.9999998321245912,0.9999998321245912,0.7350690988716723,0.5385174227478033,1.0,1.0,1.0
gRNA_2645,DIS3,-0.33838616582088743,-0.5834586830623105,-0.3101744887237119,-0.4106731125356366,-0.33838616582088743,154.0595976705122,-0.5168125551619032,-0.6813832026245434,0.06717019926174762,-0.37700851950823294,-0.5168125551619032,774,0.3875968992248062,2.713178294573644,0.6459948320413437,77.2609819121447,Dis3,DIS3,D479G,D479G,targeting guide,Missense,0.9289051270200763,0.2505459394572184,1.0,0.9999998321245912,0.9999998321245912,0.9206026599900061,0.2319869847553833,1.0,1.0,1.0
gRNA_2648,DIS3,0.18321472941641628,-0.14136371712052823,0.18491133268859086,0.07558744832815964,0.18321472941641628,690.562470177214,-0.01046777211375872,0.21761126154652352,0.2596182032115627,0.15558723088144252,0.21761126154652352,22223,13.837015704450344,73.60842370517032,0.5534806281780138,76.24533141340054,Dis3,DIS3,D488G,D488G,targeting guide,Missense,0.7730880822619278,0.5059187812092276,1.0,0.9999998321245912,0.9999998321245912,0.6803833891394651,0.6158715777423922,1.0,1.0,1.0
gRNA_2649,DIS3,-0.12557138708442717,0.0032291558567042094,0.06762981928590849,-0.018237470647271492,0.0032291558567042094,1647.9892131615138,-0.12537705158315804,-0.10691423752872797,0.05975126904079841,-0.05751334002369587,-0.10691423752872797,49909,14.644653268949488,72.53801919493478,0.0,76.14859043459096,Dis3,DIS3,D488G,D488G,targeting guide,Missense,0.8417351571912319,0.4158013818872434,1.0,0.9999998321245912,0.9999998321245912,0.8415549065446875,0.41524731504138174,1.0,1.0,1.0
gRNA_2657,DIS3,-0.207660985255202,0.10142329708383852,0.19046445430761386,0.02807558871208346,0.10142329708383852,964.0542958870329,-0.1768223123672215,0.22834223309113705,0.25057740142614754,0.10069910738335436,0.22834223309113705,28554,27.365693072774395,34.85676262520137,0.0,36.94403586187575,Dis3,DIS3,M749T,M749T,targeting guide,Missense,0.792473793253664,0.4747590854081817,1.0,0.9999998321245912,0.9999998321245912,0.7237559118570367,0.5554942858866398,1.0,1.0,1.0
gRNA_2658,DIS3,-0.8762682413763208,-1.0053933782342566,-0.9147922914645178,-0.9321513036916983,-0.9147922914645178,851.3883666700848,-1.0684857353302353,-0.4031497457815429,-0.3001938538901615,-0.59060977833398,-0.4031497457815429,13264,30.05126658624849,43.01869722557298,1.537997587454765,40.41767189384801,Dis3,DIS3,M749T,M749T,targeting guide,Missense,0.9802102141661028,0.10040317973693368,1.0,0.9999998321245912,0.9999998321245912,0.9653621937962442,0.08249189757542445,1.0,1.0,1.0
gRNA_2671,DNMT1,0.8025503465750407,0.48159217453106884,0.7138700598622298,0.6660041936561131,0.7138700598622298,152.42324474482228,0.4644139992210471,0.19847775697564735,1.1176178840999367,0.5935032134322104,0.4644139992210471,4942,70.51800890327803,82.80048563334682,2.26628895184136,16.997167138810198,Dnmt1,DNMT1,M1202V,M1199V,targeting guide,Missense,0.08743150130617283,0.9788342897426994,1.0,0.9999998321245912,0.9999998321245912,0.0008588299361204412,0.9308768623706213,0.016121895292085475,1.0,0.016121895292085475
gRNA_2679,DNMT3A,0.03155306543619612,0.06169835910424384,-0.11989623303883346,-0.008881602832797833,0.03155306543619612,847.3432950471032,0.4841495622594327,0.21090736079375136,0.19958921424303505,0.2982153790987397,0.21090736079375136,26587,1.2148794523639372,60.424267499153714,0.0,93.37646218076505,Dnmt3a,DNMT3A,D764G,D768G,targeting guide,Missense,0.8273984575430602,0.4392656257088293,1.0,0.9999998321245912,0.9999998321245912,0.41208831052390876,0.7878423723587225,1.0,1.0,1.0
gRNA_2683,DNMT3A,0.13019351874372864,0.2603545297168125,0.1398717532892356,0.17680660058325892,0.1398717532892356,829.2997922255583,-0.19245214385335838,-0.010906239642923917,0.6163458548737895,0.13766249045916903,-0.010906239642923917,23818,51.12519942900328,64.7073641783525,0.0,26.731883449491985,Dnmt3a,DNMT3A,Non-coding,,targeting guide,Intron,0.7219240825180621,0.5817501438130883,1.0,0.9999998321245912,0.9999998321245912,0.31905306834992436,0.6405291604021286,1.0,1.0,1.0
gRNA_2684,DNMT3A,0.2477828315325274,0.17666194169558846,0.14807651312447184,0.1908404287841959,0.17666194169558846,472.70151914817325,0.3490248670612444,0.1398902382765623,0.2937454718246168,0.26088685905414116,0.2937454718246168,14610,63.87405886379193,74.78439425051334,0.136892539356605,17.864476386036962,Dnmt3a,DNMT3A,Non-coding,,targeting guide,Intron,0.7155895062647479,0.5901367082290767,1.0,0.9999998321245912,0.9999998321245912,0.5712951564643844,0.7218720235941367,1.0,1.0,1.0
gRNA_2691,DNMT3A,-0.8830116081201569,-0.8826833426538316,-1.2086495949449403,-0.9914481819063097,-0.8830116081201569,2753.451282159834,-0.612866967647687,-0.5763152696334677,-0.6760784448322651,-0.6217535607044732,-0.612866967647687,43343,1.0082366241376923,45.43755623745472,3.827607687515862,80.40052603649956,Dnmt3a,DNMT3A,F751S,F755S,targeting guide,Missense,0.9884099674756631,0.04540468971424108,1.0,0.9999998321245912,0.9999998321245912,0.9682617044345303,0.14369986494322035,1.0,1.0,1.0
gRNA_2692,DNMT3A,-0.2047806276280521,-0.11678452662340322,-0.3999990315101919,-0.24052139525388241,-0.2047806276280521,2159.622227927235,-0.04059948072968374,-0.1339788675942564,-0.054556541532673045,-0.07637829661887106,-0.054556541532673045,57277,0.1291967107215811,46.7342912512876,0.3491802992475165,88.17500916598286,Dnmt3a,DNMT3A,F751S,F755S,targeting guide,Missense,0.8992425045285047,0.3126461850343558,1.0,0.9999998321245912,0.9999998321245912,0.8557913009780029,0.39552208564702523,1.0,1.0,1.0
gRNA_2693,DNMT3A,-0.05675987508191709,0.21247416418442264,0.10988394857701778,0.08853274589317443,0.10988394857701778,1578.2926996599053,0.034952076515071026,-0.10532171535773707,0.13490868065141504,0.021513013936249662,0.034952076515071026,42577,3.107311459238556,15.578833642576978,0.7656716067360312,63.93827653427907,Dnmt3a,DNMT3A,F751S,F755S,targeting guide,Missense,0.7788724564300469,0.5016698378350892,1.0,0.9999998321245912,0.9999998321245912,0.792824571070951,0.48287929811506525,1.0,1.0,1.0
gRNA_2694,DNMT3A,-0.09814765732832044,0.01034591488578609,0.09749894887801107,0.003232402145158908,0.01034591488578609,1599.7471046856178,-0.016988329258983654,0.15909432831639617,0.005334385284674345,0.04914679478069561,0.005334385284674345,46447,2.5254591254548195,8.8617133507008,0.4758111395784442,43.79830774861671,Dnmt3a,DNMT3A,F751S,F755S,targeting guide,Missense,0.8233251768588358,0.4409922022913343,1.0,0.9999998321245912,0.9999998321245912,0.7650586282661258,0.5218247081050229,1.0,1.0,1.0
gRNA_2696,DNMT3A,-0.4122514036705047,-0.4827100412594625,-0.25798185309411514,-0.3843144326746941,-0.4122514036705047,890.1759915753279,-0.37113284501227717,-0.44552834015778714,-0.35635282097708726,-0.39100466871571715,-0.37113284501227717,18615,59.50040290088639,64.09347300564062,0.574805264571582,9.476228847703466,Dnmt3a,DNMT3A,Non-coding,,targeting guide,Intron,0.9267324030286267,0.25541010323823415,1.0,0.9999998321245912,0.9999998321245912,0.9304846523652777,0.2467004926161896,1.0,1.0,1.0
gRNA_2697,DNMT3A,0.09015337958562271,0.26389682946036713,0.4254393430044493,0.2598298506834797,0.26389682946036713,1055.8112710534986,0.27533526098300326,0.4737373441036581,0.45110084746795837,0.40005781751820657,0.45110084746795837,36830,2.631007330980179,13.714363290795548,0.2036383383111593,85.0475156122726,Dnmt3a,DNMT3A,Non-coding,,targeting guide,Intron,0.5814889085275605,0.6955017639671222,1.0,0.9999998321245912,0.9999998321245912,0.26992616494772737,0.8974375027817802,1.0,1.0,1.0
gRNA_2698,DNMT3A,-0.2265544015293432,-0.2517947988172661,-0.21312776361365357,-0.2304923213200876,-0.2265544015293432,2495.996637660195,-0.6243942815137646,-0.4040761870250103,-0.323240881270531,-0.4505704499364353,-0.4040761870250103,61169,68.52654122186075,88.64947931141592,0.4234170903562262,22.207327240922687,Dnmt3a,DNMT3A,Non-coding,,targeting guide,Intron,0.9072759524386735,0.29857713518942885,1.0,0.9999998321245912,0.9999998321245912,0.9421301827984858,0.21282433749744098,1.0,1.0,1.0
gRNA_2702,DNMT3A,0.3490427659633651,0.21781927586127187,0.0827107553933182,0.21652426573931838,0.21781927586127187,262.23649153715087,0.13406176175073958,0.7293527105175965,0.7781668706839199,0.5471937809840853,0.7293527105175965,4443,13.706954760297096,66.3740715732613,6.88723835246455,60.25208192662616,Dnmt3a,DNMT3A,Non-coding,,targeting guide,Intron,0.6307107982497986,0.6547196105783395,1.0,0.9999998321245912,0.9999998321245912,0.014666398798996014,0.9502836628668506,0.2064874567753386,1.0,0.2064874567753386
gRNA_2703,DNMT3A,0.08638901682371865,0.04999741672705922,-0.006795161636843747,0.043197090637978046,0.04999741672705922,563.5720687403985,-0.004027849109459607,-0.202173217999293,-0.22797655104774464,-0.14472587271883242,-0.202173217999293,16249,1.926272385992984,85.41448704535664,0.0923133731306542,95.3781771185919,Dnmt3a,DNMT3A,Non-coding,,targeting guide,Intron,0.8080716876947136,0.46684094365393136,1.0,0.9999998321245912,0.9999998321245912,0.8662180979808686,0.37254899549115383,1.0,1.0,1.0
gRNA_2723,DNMT3A,0.152351760838309,0.0021810157210869962,0.06988015825073006,0.07480431160337536,0.06988015825073006,1034.4091511545673,0.408007052077822,0.6091645089518501,0.46129995849716354,0.49282383984227857,0.46129995849716354,27632,30.359727851766067,46.138535031847134,0.4306601042269832,33.38882455124493,Dnmt3a,DNMT3A,Y731C,Y735C,targeting guide,Missense,0.7926782690978633,0.4875166758223666,1.0,0.9999998321245912,0.9999998321245912,0.11571417949835351,0.9670026638753587,0.9400500484354765,1.0,0.9400500484354765
gRNA_2724,DNMT3A,0.4901018167043213,0.35553667936320743,0.2153429956430102,0.3536604972368463,0.35553667936320743,600.2174401484897,0.33564353450754686,0.2632119911948794,0.48347343322863406,0.3607763196436868,0.33564353450754686,23024,50.36917998610146,70.17025712300209,3.961084086170952,20.76094510076442,Dnmt3a,DNMT3A,Y731C,Y735C,targeting guide,Missense,0.43032070767607966,0.8013652754708008,1.0,0.9999998321245912,0.9999998321245912,0.36028134892335234,0.8407632996454888,1.0,1.0,1.0
gRNA_2739,DNMT3A,-0.1808492382465451,0.2782393646200003,0.14746554129243716,0.08161855588863079,0.14746554129243716,1820.6085620820188,0.3298797157307577,-0.17488130574699035,0.08017212553127565,0.07839017850501433,0.08017212553127565,58800,56.09693877551021,60.94727891156463,0.6666666666666667,9.350340136054422,Dnmt3a,DNMT3A,Non-coding,,targeting guide,Intron,0.7653322418633645,0.5028627864920843,1.0,0.9999998321245912,0.9999998321245912,0.7269044813899392,0.539582512793753,1.0,1.0,1.0
gRNA_2747,DNMT3A,0.8964674477677121,0.6898863177176505,0.44671957735120155,0.6776911142788546,0.6898863177176505,384.58801773695455,1.1138602316024964,0.8741259395034999,0.6741166694774767,0.8873676135278243,0.8741259395034999,17453,11.321835787543687,49.60178765828224,0.4125365266716324,69.42072996046525,Dnmt3a,DNMT3A,Non-coding,,targeting guide,Intron,0.09537709632238714,0.9740003737502556,1.0,0.9999998321245912,0.9999998321245912,1.5777748800974897e-07,0.999954122726182,1.298630093618703e-05,1.0,1.298630093618703e-05
gRNA_2748,DNMT3A,-0.013956098030901464,0.3961019517059625,0.11069193838189306,0.1642792640189847,0.11069193838189306,206.83082386251337,-0.15883417496194546,-0.16230225136519377,0.41767304858712345,0.0321788740866614,-0.15883417496194546,3878,1.3924703455389376,2.5012893243940173,0.0,29.24187725631769,Dnmt3a,DNMT3A,Non-coding,,targeting guide,Intron,0.656325815396098,0.5988111606982391,1.0,0.9999998321245912,0.9999998321245912,0.6560780711586334,0.5338465174576681,1.0,1.0,1.0
gRNA_2775,DNMT3A,0.21921743706966854,0.04704048850896435,0.07701584496973216,0.11442459018278835,0.07701584496973216,1566.0230258048869,0.1575773354855898,-0.00877118737854115,0.07069478474886391,0.07316697761863751,0.07069478474886391,49728,7.3117760617760625,92.50120656370656,0.6796975546975547,85.95559845559846,Dnmt3a,DNMT3A,M797V,M801V,targeting guide,Missense,0.76449024606061,0.5274939646724062,1.0,0.9999998321245912,0.9999998321245912,0.7538152183671678,0.5380610027507995,1.0,1.0,1.0
gRNA_2776,DNMT3A,-0.004511062694367186,0.04889042593246543,-0.054780219300202444,-0.003466952020701399,-0.004511062694367186,1148.113697195194,0.0198193795839044,-0.11680827230220678,-0.23268517015802265,-0.10989135429210835,-0.11680827230220678,35476,66.93257413462622,84.017363851618,0.1860412673356635,20.47017702108468,Dnmt3a,DNMT3A,M797V,M801V,targeting guide,Missense,0.8424231725067414,0.41621310468384515,1.0,0.9999998321245912,0.9999998321245912,0.8579428751863294,0.38580996181160687,1.0,1.0,1.0
gRNA_2777,DNMT3A,0.39644147625944004,0.4039361309356272,0.4188521950671901,0.40640993408741916,0.4039361309356272,614.7542551425258,0.17809400650822851,0.1867046709614242,0.39563165814156803,0.25347677853707357,0.1867046709614242,24965,50.16623272581614,90.15021029441218,0.2924093731223713,41.15361506108552,Dnmt3a,DNMT3A,M797V,M801V,targeting guide,Missense,0.38356466942253487,0.8630021588939607,1.0,0.9999998321245912,0.9999998321245912,0.5145359387783424,0.7514617671183328,1.0,1.0,1.0
gRNA_2778,DNMT3A,0.6555024667243594,0.5069767403723808,0.4295513282976187,0.530676845131453,0.5069767403723808,606.2640320213754,0.6048621449004332,0.3225648429545007,0.6962195235213076,0.5412155037920805,0.6048621449004332,25744,47.38191423244251,83.75543816034804,0.0,40.26180857675575,Dnmt3a,DNMT3A,M797V,M801V,targeting guide,Missense,0.20173888807438914,0.942033160197463,1.0,0.9999998321245912,0.9999998321245912,0.06328372654812928,0.9627174080512324,0.6774508055367645,1.0,0.6774508055367645
gRNA_2784,DNMT3A,0.24299560160065012,0.28528049711195846,0.1197839846786053,0.2160200277970713,0.24299560160065012,491.9361739935278,-0.055072505016275676,0.2645484229784006,0.23347564742984706,0.147650521797324,0.23347564742984706,15099,5.41095436783893,25.96860719252931,0.3642625339426452,52.1623948605868,Dnmt3a,DNMT3A,I306T,I310T,targeting guide,Missense,0.6937676338683334,0.612783220104546,1.0,0.9999998321245912,0.9999998321245912,0.694080458270254,0.5892985828754387,1.0,1.0,1.0
gRNA_2785,DNMT3A,0.3078542467081241,0.2805195322545317,0.5337187503293543,0.3740308430973367,0.3078542467081241,428.4534945610634,0.312882599314371,0.6583003089313404,0.9661690005445535,0.645783969596755,0.6583003089313404,13735,35.96650891882053,56.57080451401529,0.28394612304332,36.818347287950495,Dnmt3a,DNMT3A,I306T,I310T,targeting guide,Missense,0.4604117256630341,0.7823721063464226,1.0,0.9999998321245912,0.9999998321245912,0.0002949121694438337,0.9729936654529754,0.0065323409211809225,1.0,0.0065323409211809225
gRNA_2794,DNMT3A,-0.20865111539290884,0.0024423569307141565,-0.35608618698660366,-0.18743164848293278,-0.20865111539290884,1408.206862161892,-0.24282607549708865,-0.08744282983666533,-0.025521589062054685,-0.11859683146526956,-0.08744282983666533,38813,63.0252750367145,67.92569499909824,0.613196609383454,11.90322829979646,Dnmt3a,DNMT3A,Non-coding,,targeting guide,Intron,0.894123962869495,0.3211983513243045,1.0,0.9999998321245912,0.9999998321245912,0.863901527664651,0.3774373874880626,1.0,1.0,1.0
gRNA_2802,DNMT3A,-0.4700615821643724,-0.4115543946517835,-0.4135489085815763,-0.4317216284659107,-0.4135489085815763,2105.0771304042373,-0.39812269820729823,-0.5217837784225313,-0.3522368841561683,-0.4240477869286659,-0.39812269820729823,49705,54.25208731515944,79.50105623176744,0.0945578915602052,30.15591992757268,Dnmt3a,DNMT3A,V805A,V809A,targeting guide,Missense,0.9268575992855036,0.25556747581642625,1.0,0.9999998321245912,0.9999998321245912,0.9408817685347939,0.2188777003112501,1.0,1.0,1.0
gRNA_2803,DNMT3A,0.1512742873025309,0.021130492274506137,-0.0071873355549806174,0.05507248134068548,0.021130492274506137,1618.0500151877793,0.14422369341048508,0.03405586448716825,-0.23889035126054578,-0.020203597787630822,0.03405586448716825,49894,0.7916783581192127,0.9500140297430552,0.5832364612979517,8.229446426424019,Dnmt3a,DNMT3A,V805A,V809A,targeting guide,Missense,0.8073509810579259,0.465200066117475,1.0,0.9999998321245912,0.9999998321245912,0.8018560619316186,0.46087598170220456,1.0,1.0,1.0
gRNA_2810,DNMT3A,0.793973704248983,0.7638454709681216,0.19552358934461406,0.5844475881872396,0.7638454709681216,693.2403045182207,0.916063517658319,0.28925414425196383,0.23939391530703494,0.4815705257391059,0.28925414425196383,33852,1.2672811059907834,93.2588916459884,0.4549214226633581,94.78021978021978,Dnmt3a,DNMT3A,K822R,K826R,targeting guide,Missense,0.10578520231983705,0.9227670276298885,1.0,0.9999998321245912,0.9999998321245912,0.0014838344062512287,0.8701059374705291,0.025608109914335722,1.0,0.025608109914335722
gRNA_2842,DOT1L,0.32529953777949006,0.33851007525341603,0.26432871531547397,0.30937944278279333,0.32529953777949006,1072.9827172571631,-0.021062625524951126,0.40218034958643933,0.45163236306546223,0.2775833623756501,0.40218034958643933,37682,46.87118518125365,80.75208322275887,0.4484899952231834,45.28156679581763,Dot1l,DOT1L,L296P,L296P,targeting guide,Missense,0.5665739867396826,0.7313213157467746,1.0,0.9999998321245912,0.9999998321245912,0.384442845706382,0.7948621208695931,1.0,1.0,1.0
gRNA_2891,DROSHA,7.338185369089969e-05,0.032993300523157375,0.12377368836040233,0.052280123579083536,0.032993300523157375,698.3667902141294,-0.3240916241682263,-0.058370153108774345,0.18255999051495062,-0.06663392892068334,-0.058370153108774345,22307,48.95324337651858,68.05935356614515,0.0582776706863316,26.10839646747657,Drosha,DROSHA,S423G,S424G,targeting guide,Missense,0.8017728584403632,0.4758257310217344,1.0,0.9999998321245912,0.9999998321245912,0.81686574668227,0.4256231004686717,1.0,1.0,1.0
gRNA_2892,DROSHA,0.3577787158416408,0.3087792374723352,0.28342844234402903,0.3166621318860017,0.3087792374723352,406.83954595150976,0.10056200590579238,-0.042856469090651834,0.21754402705349335,0.09174985462287798,0.10056200590579238,12430,16.983105390185035,49.35639581657281,0.0,61.33547868061142,Drosha,DROSHA,S423G,S424G,targeting guide,Missense,0.5493172149861032,0.7406390766708879,1.0,0.9999998321245912,0.9999998321245912,0.7379828886677522,0.5526559861965734,1.0,1.0,1.0
gRNA_2914,DROSHA,-0.04400200309479684,0.07003179445795298,0.29311799371133335,0.10638259502482983,0.07003179445795298,438.30016142924643,-0.019672117220128148,0.33608382435362,0.3895788111893239,0.23533017277427193,0.33608382435362,10563,12.221906655306258,18.725740793335227,0.1420051121840386,23.497112562718925,Drosha,DROSHA,N1241S,N1242S,targeting guide,Missense,0.7677725705614429,0.5078623302217835,1.0,0.9999998321245912,0.9999998321245912,0.5426902957200215,0.7102838788319275,1.0,1.0,1.0
gRNA_2917,DTX1,-0.8141723026493838,-0.888530885324363,-0.5805547510281783,-0.7610859796673083,-0.8141723026493838,470.11813498432855,-1.1013747982328659,-1.2836556021414742,-1.0823215123936392,-1.1557839709226598,-1.1013747982328659,5344,53.61152694610778,89.83907185628742,3.6863772455089823,38.211077844311376,Dtx1,DTX1,Q81R,Q81R,targeting guide,Missense,0.9629201450173253,0.15621162021779816,1.0,0.9999998321245912,0.9999998321245912,0.9998080492608127,0.001612047764391186,1.0,0.05390284712183028,0.05390284712183028
gRNA_2918,DTX1,-0.23592243487117986,-0.3470065886062049,-0.22201830005245043,-0.2683157745099451,-0.23592243487117986,1306.4156913397173,-0.03313332009873776,-0.19680789212859764,-0.5285544903551372,-0.25283190086082424,-0.19680789212859764,32245,31.378508295859824,46.30485346565359,0.1736703364862769,35.64273530779966,Dtx1,DTX1,Q81R,Q81R,targeting guide,Missense,0.9149723870713125,0.28185516661920873,1.0,0.9999998321245912,0.9999998321245912,0.8946813101238644,0.30380277704397896,1.0,1.0,1.0
gRNA_2947,EED,-0.3950415254686908,0.13378135511209918,0.06953020274899777,-0.0639099892025313,0.06953020274899777,760.5049528458875,0.051843541453134925,-0.32601988610983135,-0.136763208020142,-0.1369798508922795,-0.136763208020142,22809,2.126353632338112,30.25560085930992,0.048226577228287,80.13503441623921,Eed,EED,Y417C,Y358C,targeting guide,Missense,0.8271332927770888,0.422259755956558,1.0,0.9999998321245912,0.9999998321245912,0.8605861721068738,0.37679382241970116,1.0,1.0,1.0
gRNA_2949,EED,-0.004741192156981016,0.21832185979590554,0.16798070816838923,0.12718712526910458,0.16798070816838923,1125.083544907706,0.012801158737585739,0.09265656763570723,0.14527946636253708,0.08357906424527668,0.09265656763570723,37653,26.815924361936634,82.58571694154516,0.0212466470135181,60.87961118635965,Eed,EED,R365G,R306G,targeting guide,Missense,0.7628305616168117,0.5241878154468542,1.0,0.9999998321245912,0.9999998321245912,0.7493080091007525,0.5462064506866342,1.0,1.0,1.0
gRNA_2950,EED,0.5049598959204329,0.29718462599603035,0.6763663928984323,0.49283697160496515,0.5049598959204329,303.3603760597529,0.6211205672835366,0.3500058271709679,0.541420711192006,0.5041823685488368,0.541420711192006,12110,23.60033030553262,37.4318744838976,2.3864574731626758,33.922378199834846,Eed,EED,R365G,R306G,targeting guide,Missense,0.256782704249679,0.8967463157777755,1.0,0.9999998321245912,0.9999998321245912,0.08001916517157548,0.9653964357957587,0.8001916517157548,1.0,0.8001916517157548
gRNA_2951,EED,-0.1889273040568494,0.12157070821318812,0.1368708696326034,0.023171424596314036,0.12157070821318812,566.4894790439059,-0.11091072574431227,0.01546625255604025,-0.14132933578414034,-0.07892460299080412,-0.11091072574431227,16524,0.326797385620915,24.237472766884533,0.1149842653110626,89.61510530137981,Eed,EED,E297G,E238G,targeting guide,Missense,0.8014774739231122,0.4645085971807259,1.0,0.9999998321245912,0.9999998321245912,0.8524790946823597,0.3986207431298002,1.0,1.0,1.0
gRNA_2952,EED,0.5053778488222718,0.3150041334359256,0.5170432360389235,0.4458084060990403,0.5053778488222718,267.4008863376637,0.13287715236251846,0.18264279968859576,0.188904527785615,0.16814149327890973,0.18264279968859576,9984,6.630608974358975,26.963141025641026,0.0,70.98357371794873,Eed,EED,E297G,E238G,targeting guide,Missense,0.32890069283039514,0.8752187831000253,1.0,0.9999998321245912,0.9999998321245912,0.6674125503870878,0.6419714202394382,1.0,1.0,1.0
gRNA_2956,EED,0.2607091795437683,0.22191189144997425,0.30159101602639127,0.2614040290067113,0.2607091795437683,507.258333739259,0.02651259069541956,0.2383939017976035,-0.049471981374859496,0.07181150370605452,0.02651259069541956,16302,31.35198135198135,62.58127837075206,0.0736105999263894,45.99435652067231,Eed,EED,Y367C,Y308C,targeting guide,Missense,0.6593159355663307,0.6488450843249802,1.0,0.9999998321245912,0.9999998321245912,0.765731921433877,0.512329073718623,1.0,1.0,1.0
gRNA_2957,EED,-0.10485567496260913,-0.2746537524143773,0.03487154023532352,-0.11487929571388762,-0.10485567496260913,1000.5389055635272,0.03075270856786173,0.12650517851982657,-0.35622603899417365,-0.06632271730216178,0.03075270856786173,28246,9.1446576506408,18.37074276003682,0.0,38.70990582737379,Eed,EED,Y367C,Y308C,targeting guide,Missense,0.8668351673982243,0.36865642955318373,1.0,0.9999998321245912,0.9999998321245912,0.8211610931656019,0.42816731684066933,1.0,1.0,1.0
gRNA_2963,EGFR,-0.19605170272643188,0.5819602296134947,0.4162901401516571,0.2673995556795733,0.4162901401516571,807.9408754580053,-0.1094902735597057,0.29932792060820357,0.24713346131316993,0.14565703612055594,0.24713346131316993,32596,58.47036446189716,85.1116701435759,1.797766597128482,26.34065529512824,Egfr,EGFR,T572A,T572A,targeting guide,Missense,0.4336581538947212,0.7158542986392671,1.0,0.9999998321245912,0.9999998321245912,0.6813816549340111,0.5953301304881122,1.0,1.0,1.0
gRNA_2971,EGFR,-0.4575806030782254,-0.5722188885179633,-0.3508793705221795,-0.4602262873727894,-0.4575806030782254,2087.9257275164505,-0.3518504586181497,-0.5005447308016178,-0.5204279173235182,-0.45760770224776187,-0.5005447308016178,42518,53.49969424714238,64.51855684651207,0.2304906157392163,19.51644009595936,Egfr,EGFR,Y1000C,Y998C,targeting guide,Missense,0.931092602205299,0.24543321978470797,1.0,0.9999998321245912,0.9999998321245912,0.948114866634182,0.20012776463658516,1.0,1.0,1.0
gRNA_2975,EGFR,0.0922124503209742,0.42708669392781645,0.4492205935328689,0.3228399125938865,0.42708669392781645,448.42130730295827,0.0842605482691023,0.1655085331535897,0.46586509685384886,0.23854472609218028,0.1655085331535897,16875,24.402962962962963,42.45333333333333,0.2785185185185185,24.017777777777777,Egfr,EGFR,H872R,H870R,targeting guide,Missense,0.4430947083865071,0.792021648439337,1.0,0.9999998321245912,0.9999998321245912,0.47539047289556446,0.7277699285127517,1.0,1.0,1.0
gRNA_2981,EGFR,-0.42692176413224103,-0.23738469810886448,-0.10531829607911494,-0.2565415861067401,-0.23738469810886448,1121.8108390563261,-0.37166608817102015,-0.30564604295815795,-0.1423974790079156,-0.2732365367123646,-0.30564604295815795,24842,0.4105949601481362,0.4951292166492231,0.0322035262861283,13.038402705096209,Egfr,EGFR,L749S,L747S,targeting guide,Missense,0.9047805246367713,0.30085211762299396,1.0,0.9999998321245912,0.9999998321245912,0.9083075764318085,0.2943426085419849,1.0,1.0,1.0
gRNA_3011,EGFR,0.32051150288646546,0.5388009149597572,0.7424815472625755,0.5339313217029328,0.5388009149597572,858.7216520037324,0.6041149553443363,0.2742840121177595,0.17118652404617465,0.3498618305027568,0.2742840121177595,37184,1.7238597246127367,68.84143717728055,0.1290877796901893,95.33401462994836,Egfr,EGFR,E245G,E245G,targeting guide,Missense,0.21668475079843763,0.9151205113604944,1.0,0.9999998321245912,0.9999998321245912,0.2585496310305643,0.835584597427284,1.0,1.0,1.0
gRNA_3012,EGFR,0.6162515713724792,0.27920490401963594,0.22963606147062227,0.37503084562091243,0.27920490401963594,813.0855870761573,-0.2994999095277936,0.057423077940968056,-0.025573233052715753,-0.08921668821318042,-0.025573233052715753,31133,0.8094305078212828,58.34002505380143,0.0417563357209391,97.27620210066488,Egfr,EGFR,E245G,E245G,targeting guide,Missense,0.42812576856344653,0.7731933550357608,1.0,0.9999998321245912,0.9999998321245912,0.8407626456183007,0.4103788516811153,1.0,1.0,1.0
gRNA_3021,EGFR,0.486453025067294,0.2872662234410019,0.2766376179377228,0.3501189554820063,0.2872662234410019,1074.4172098752322,0.4247564330667189,0.18808159954180906,0.3757290838712204,0.32952237215991614,0.3757290838712204,39878,37.7701991072772,56.79572696725012,0.2106424595014795,22.684186769647425,Egfr,EGFR,R108G,R108G,targeting guide,Missense,0.47836119387464093,0.7698967428432719,1.0,0.9999998321245912,0.9999998321245912,0.4014705779640193,0.8311955581153595,1.0,1.0,1.0
gRNA_3025,EIF1AX,0.21725895277694215,0.16368989638503798,0.1695315400059615,0.18349346305598055,0.1695315400059615,920.6649496222851,0.48724376800905866,0.14120967800876916,0.6349620172448207,0.42113848775421614,0.48724376800905866,31240,0.3008962868117797,0.3905249679897567,0.0704225352112676,13.505121638924455,Eif1ad19,EIF1AX,N4S,N4S,targeting guide,Missense,0.7202458311448228,0.5850723814348497,1.0,0.9999998321245912,0.9999998321245912,0.1338632050227804,0.9103649680456677,1.0,1.0,1.0
gRNA_3026,EIF1AX,0.23496139448429212,-0.024084573887297393,0.18663602849437522,0.13250428303045667,0.18663602849437522,1915.1995853602898,0.17006836175412351,0.08090838191006484,-0.210481356887496,0.013498462258897457,0.08090838191006484,62578,0.0431461536003068,0.1022723640896161,0.7526606794720189,7.727955511521621,Eif1ad19,EIF1AX,N4S,N4S,targeting guide,Missense,0.7568402434343388,0.5290324265646442,1.0,0.9999998321245912,0.9999998321245912,0.7762665581393935,0.49311067002161213,1.0,1.0,1.0
gRNA_3030,EIF1AX,-0.059514670098661446,-0.2303095870717924,-0.23225760132877593,-0.17402728616640992,-0.2303095870717924,1593.5047213024302,0.2084355593522893,0.11945383613612742,0.20890486690515878,0.1789314207978585,0.2084355593522893,41300,0.0387409200968522,28.583535108958834,0.0024213075060532,82.06537530266344,Eif1ad19,EIF1AX,K7R,K7R,targeting guide,Missense,0.9023187539800896,0.3064621573524582,1.0,0.9999998321245912,0.9999998321245912,0.6722988138811785,0.636326087393259,1.0,1.0,1.0
gRNA_3031,EIF1AX,0.21105864624235943,0.3586176914762297,0.3643602146857095,0.3113455174680995,0.3586176914762297,797.9865260944364,0.48209172164889436,0.820159176421694,0.5153876975790522,0.6058795318832136,0.5153876975790522,27804,0.01798302402532,82.21838584376349,0.1618472162278808,92.60538052078836,Eif1ad19,EIF1AX,K7R,K7R,targeting guide,Missense,0.5009881763090562,0.7672667590577167,1.0,0.9999998321245912,0.9999998321245912,0.00030455622959081976,0.9921196419183168,0.0065323409211809225,1.0,0.0065323409211809225
gRNA_3032,EIF1AX,0.1399407011882967,-0.08544571135682531,-0.23434682009540717,-0.059950610087978584,-0.08544571135682531,656.7835798408107,0.11796808856739543,-0.18331851094700474,0.22789209946590613,0.05418055902876561,0.11796808856739543,18780,0.2183173588924387,2.1991480298189563,0.0851970181043663,41.17678381256656,Eif1ad19,EIF1AX,K7R,K7R,targeting guide,Missense,0.8486856914422236,0.39156416205255634,1.0,0.9999998321245912,0.9999998321245912,0.755690450609887,0.5204754032639165,1.0,1.0,1.0
gRNA_3033,EIF1AX,0.03398776242972373,-0.040949150050526906,-0.020784126116113247,-0.009248504578972142,-0.020784126116113247,585.8143473969989,0.4935619247588282,0.15366722996984836,0.18744203512385427,0.2782237299508436,0.18744203512385427,16395,0.3110704483074107,25.44068313510217,0.786825251601098,84.9161329673681,Eif1ad19,EIF1AX,K3E,K3E,targeting guide,Missense,0.8448455407956823,0.4120951952865173,1.0,0.9999998321245912,0.9999998321245912,0.42008026204873533,0.7783452518438323,1.0,1.0,1.0
gRNA_3034,EIF1AX,0.10264930784316348,0.21091918823550626,0.2281643567047774,0.1805776175944824,0.21091918823550626,722.5689663482934,0.32017666455807725,0.585495138968078,0.09120114610451491,0.3322909832102234,0.32017666455807725,20652,1.3267480147201238,9.974820840596552,0.062947898508619,56.44489637807476,Eif1ad19,EIF1AX,K3E,K3E,targeting guide,Missense,0.716683582915975,0.5886110016563608,1.0,0.9999998321245912,0.9999998321245912,0.2911521265306131,0.804843251502984,1.0,1.0,1.0
gRNA_3046,ELF3,0.15561199782688595,-0.001849487194445802,0.14404143761513286,0.099267982749191,0.14404143761513286,585.2082907578545,0.41823147173338443,-0.3104558459743755,-0.2880818144095972,-0.06010206288352941,-0.2880818144095972,18574,7.666630774200494,70.3133412296759,2.1320124905782274,80.87111015397868,Elf3,ELF3,I299T,I279T,targeting guide,Missense,0.7764291600042128,0.5086242346340697,1.0,0.9999998321245912,0.9999998321245912,0.6886743511820435,0.46770513754451704,1.0,1.0,1.0
gRNA_3047,ELF3,1.2240714817886107,0.9092549602183844,0.6081461260005472,0.9138241893358474,0.9092549602183844,70.13375655017407,1.0275088095277873,0.4650822402985943,0.6251398014192722,0.7059102837485512,0.6251398014192722,3429,29.95042286380869,75.67804024496938,0.0,58.09273840769904,Elf3,ELF3,I299T,I279T,targeting guide,Missense,0.020641713134252043,0.9939946932342603,1.0,0.9999998321245912,0.9999998321245912,0.0001682616471051493,0.9953679566520506,0.004406660148647847,1.0,0.004406660148647847
gRNA_3048,ELF3,0.500346448056999,0.022626725220689804,0.10740271480368402,0.21012529602712426,0.10740271480368402,398.2398175818,0.7922728563755512,-0.10777965044658584,-0.22616764562838804,0.1527751867668591,-0.10777965044658584,13310,1.2772351615326822,31.344853493613822,0.0,87.45304282494365,Elf3,ELF3,I299T,I279T,targeting guide,Missense,0.57202805859683,0.6497640553881101,1.0,0.9999998321245912,0.9999998321245912,0.09658802023025923,0.6126094281454093,0.8758405224269269,1.0,0.8758405224269269
gRNA_3056,EP300,0.06918209534229218,0.045256599303191175,0.17780037798197826,0.09741302420915388,0.06918209534229218,662.6364834781447,0.30475907190131546,-0.0018229023714168905,0.11355716790584086,0.1388311124785798,0.11355716790584086,20340,1.7158308751229103,1.966568338249754,0.1179941002949852,11.597836774827924,Ep300,EP300,Y1466H,Y1467H,targeting guide,Missense,0.776866878836245,0.512547606739677,1.0,0.9999998321245912,0.9999998321245912,0.6882992054343864,0.6029285789653627,1.0,1.0,1.0
gRNA_3060,EP300,0.6416133871217251,0.3552442507278112,0.32368276816232233,0.4401801353372862,0.3552442507278112,558.3599816437566,0.7238133886152818,0.5192209316094611,0.15398009550849015,0.4656714719110777,0.5192209316094611,22271,0.462484845763549,9.137443311930312,0.6555610435094967,77.54927933186654,Ep300,EP300,Y1413C,Y1414C,targeting guide,Missense,0.306960341144559,0.8768205976811942,1.0,0.9999998321245912,0.9999998321245912,0.07166459311938816,0.931393214983001,0.7444768411431586,1.0,0.7444768411431586
gRNA_3061,EP300,0.08825818009206406,0.006296544673998761,0.12759126100729196,0.07404866192445159,0.08825818009206406,570.6572956066509,0.030082065122282526,-0.15975847784019787,-0.15652448624651552,-0.09540029965481028,-0.15652448624651552,16905,19.86986098787341,56.39751552795032,0.1715468796214137,57.32623484176279,Ep300,EP300,Y1413C,Y1414C,targeting guide,Missense,0.7815426274967967,0.5025775343946242,1.0,0.9999998321245912,0.9999998321245912,0.8525413694432731,0.39702461665622857,1.0,1.0,1.0
gRNA_3084,EP300,0.9375404183306846,0.6047748373864583,0.5375744411668085,0.6932965656279838,0.6047748373864583,267.0285552070326,-0.012870370570443275,0.39907122216890833,-0.12777860355241624,0.08614074934868295,-0.012870370570443275,10152,0.0689519306540583,97.72458628841608,0.2462568951930654,98.01024428684003,Ep300,EP300,H350R,H349R,targeting guide,Missense,0.10170870966408439,0.9744357122433626,1.0,0.9999998321245912,0.9999998321245912,0.6319466056026757,0.5841390985142163,1.0,1.0,1.0
gRNA_3085,EP300,0.25801548754102166,-0.06212978009934235,-0.2189128563469902,-0.007675716301770293,-0.06212978009934235,540.0299254363404,-0.18146237017098993,-0.05098054215054959,0.20784491251865922,-0.008199333267626766,-0.05098054215054959,18216,16.469038208168644,96.15173473869126,0.4391743522178305,80.24264382960034,Ep300,EP300,H350R,H349R,targeting guide,Missense,0.8215144822557306,0.4275792623496134,1.0,0.9999998321245912,0.9999998321245912,0.8028441684103025,0.4549711243725584,1.0,1.0,1.0
gRNA_3086,EP300,0.11086117387141521,-0.03802839084714452,0.01149141062306729,0.028108064549112657,0.01149141062306729,657.9956931190997,-0.4110133701481642,0.1228304344095162,0.20442138012833394,-0.027920518536771355,0.1228304344095162,16007,1.2994314987193103,93.1092646966952,0.0874617354907228,97.2699443993253,Ep300,EP300,H350R,H349R,targeting guide,Missense,0.8233251768588358,0.4409922022913343,1.0,0.9999998321245912,0.9999998321245912,0.7777632815110654,0.47081033588909005,1.0,1.0,1.0
gRNA_3089,EP300,0.08601907563199246,0.07815322753507371,0.14762732192513114,0.10393320836406576,0.08601907563199246,1708.6554827398706,-0.0387639754105703,0.38367759204658547,0.16391464415941975,0.16960942026514494,0.16391464415941975,54981,0.0582019243011222,1.0239901056728689,0.0963969371237336,41.53071060911952,Ep300,EP300,D1398G,D1399G,targeting guide,Missense,0.7560783178015769,0.540994875732701,1.0,0.9999998321245912,0.9999998321245912,0.5994719239361277,0.6528756997729934,1.0,1.0,1.0
gRNA_3106,EP300,-0.11477733014379089,0.13277668444639876,0.17703763829916053,0.06501233086725612,0.13277668444639876,448.53725211861325,0.15238619993292568,0.17153995300718314,0.19414612961963396,0.1726907608532476,0.17153995300718314,12923,30.8829219221543,39.63475973071268,0.1160721194769016,22.131084113595914,Ep300,EP300,Q2287R,Q2290R,targeting guide,Missense,0.7829239969424442,0.49708360669136076,1.0,0.9999998321245912,0.9999998321245912,0.6578464830782893,0.6524389997713458,1.0,1.0,1.0
gRNA_3107,EP300,0.20191633814924695,0.11725395043700829,0.30628081318967154,0.2084837005919756,0.20191633814924695,616.66263032945,0.0681109345189045,0.1628802093323162,0.20373646023151504,0.14490920136091193,0.1628802093323162,20844,38.519478027250045,81.107273076185,0.3742084052964882,45.32719247745155,Ep300,EP300,Q2287R,Q2290R,targeting guide,Missense,0.6868635246558537,0.617274479630515,1.0,0.9999998321245912,0.9999998321245912,0.6999475923657442,0.6025428263371564,1.0,1.0,1.0
gRNA_3114,EP300,-0.012962050448970155,-0.06487966649745425,-0.04175527315951732,-0.03986566336864724,-0.04175527315951732,2069.1370921116354,0.027711565980046947,-0.20625954363359725,-0.12265509932618375,-0.10040102565991134,-0.12265509932618375,59752,1.1865711607979648,3.696947382514393,0.2660998795019413,61.42555897710537,Ep300,EP300,M544V,M543V,targeting guide,Missense,0.8648187128674079,0.380294797286558,1.0,0.9999998321245912,0.9999998321245912,0.8542613532816736,0.3933310791406686,1.0,1.0,1.0
gRNA_3115,EP300,-0.19103168363965242,0.02041039165645214,0.04359451855063847,-0.042342257810853934,0.02041039165645214,918.842470606859,0.22787027246281116,-0.20101557067726183,-0.15398042783082438,-0.042375242015091685,-0.15398042783082438,20521,1.7104429608693534,14.39500998976658,0.623751279177428,53.97397787632182,Ep300,EP300,M544V,M543V,targeting guide,Missense,0.8478758468891905,0.4032071401061096,1.0,0.9999998321245912,0.9999998321245912,0.8129620247629041,0.43641583218048885,1.0,1.0,1.0
gRNA_3142,EPHA3,0.22579517618071823,-0.05606809857728768,0.191920891746366,0.12054932311659887,0.191920891746366,948.463420400354,0.7541301357242317,0.34965871778592705,0.34094782386165645,0.48157889245727176,0.34965871778592705,28683,55.04305686295018,68.06122093225953,0.0,27.483178189171287,Epha3,EPHA3,V171A,V171A,targeting guide,Missense,0.7607504932881982,0.5219502626488521,1.0,0.9999998321245912,0.9999998321245912,0.0907650330739049,0.9103342635156125,0.859456507867949,1.0,0.859456507867949
gRNA_3143,EPHA3,0.34344095795607216,0.538050465410834,0.5010157833423589,0.46083573556975505,0.5010157833423589,693.2403045182207,0.16663498013386951,0.40443820843071304,0.6922864760316327,0.4211198881987384,0.40443820843071304,25561,51.891553538593946,92.29685849536403,0.7980908415163727,42.97953914166112,Epha3,EPHA3,V171A,V171A,targeting guide,Missense,0.29118134921696953,0.9041242064134198,1.0,0.9999998321245912,0.9999998321245912,0.1523665398079013,0.900172816951026,1.0,1.0,1.0
gRNA_3220,EPHA3,0.030593323525931283,-0.1891547857185239,-0.16627257979624152,-0.10827801399627805,-0.16627257979624152,707.0120239862548,-0.1980830801255844,-0.004294996687218085,-0.06927415669232227,-0.09055074450170825,-0.06927415669232227,18524,28.97322392571799,32.69272295400562,0.6586050529043403,14.165407039516303,Epha3,EPHA3,V658A,V657A,targeting guide,Missense,0.8761609089818226,0.35607293622972713,1.0,0.9999998321245912,0.9999998321245912,0.8518426422225255,0.3993774464936556,1.0,1.0,1.0
gRNA_3221,EPHA3,0.07490798766696365,-0.25687420466936417,-0.1394344551790094,-0.1071335573938033,-0.1394344551790094,837.5245691300787,0.08216019213266317,-0.1362590091048022,-0.2221553796620725,-0.09208473221140384,-0.1362590091048022,22924,12.118303960914323,13.841388937358229,0.1614028965276566,12.5327168033502,Epha3,EPHA3,V658A,V657A,targeting guide,Missense,0.862775008236363,0.3727326054704765,1.0,0.9999998321245912,0.9999998321245912,0.8471925458225074,0.4026374822927372,1.0,1.0,1.0
gRNA_3224,EPHA5,-0.14592976241988376,-0.08239311283662226,-0.25739111618267413,-0.16190466381306004,-0.14592976241988376,1026.962975030224,0.038444304330510395,0.09538584403663403,0.5497653711743806,0.22786517318050836,0.09538584403663403,27038,0.4512168059767734,13.529107182483912,0.0,87.28086396922849,Epha5,EPHA5,L433P,L431P,targeting guide,Missense,0.8884988104768209,0.33428117685540154,1.0,0.9999998321245912,0.9999998321245912,0.37720016363633496,0.7259166358341677,1.0,1.0,1.0
gRNA_3225,EPHA5,0.144722157113125,0.04391565074177095,0.08239944396447504,0.090345750606457,0.08239944396447504,312.07326315482965,-0.21213611532606502,-0.3481405366513158,-0.051897892558158264,-0.20405818151184632,-0.21213611532606502,8021,31.95362174292482,89.88904126667498,0.6482982171799028,59.63096870714375,Epha5,EPHA5,L433P,L431P,targeting guide,Missense,0.7736821385173588,0.5177340224198439,1.0,0.9999998321245912,0.9999998321245912,0.8937774633887178,0.32260784136508863,1.0,1.0,1.0
gRNA_3249,EPHA5,0.09845513673614639,0.16868140114254657,0.2710568607055552,0.17939779952808274,0.16868140114254657,876.1154775471773,0.4464946181326613,0.13604530588814054,0.17406033987977398,0.2522000879668586,0.17406033987977398,28172,7.429362487576317,69.9417861706659,0.0390458611387193,83.6859292914951,Epha5,EPHA5,W865R,W862R,targeting guide,Missense,0.7124461721708684,0.5924319002639444,1.0,0.9999998321245912,0.9999998321245912,0.491086661310817,0.7481105541124073,1.0,1.0,1.0
gRNA_3250,EPHA5,0.3766307203827769,0.5596416521403323,0.512851442659209,0.48304127172743944,0.512851442659209,947.0600625507495,0.36587195949620255,0.0169887352690098,0.3482513142632157,0.243704003009476,0.3482513142632157,41376,62.016627996906415,91.11562258313998,0.099091260634184,30.82704949729312,Epha5,EPHA5,W865R,W862R,targeting guide,Missense,0.2607473943476021,0.9205266353042467,1.0,0.9999998321245912,0.9999998321245912,0.5690184837909169,0.7016044296352266,1.0,1.0,1.0
gRNA_3251,EPHA5,0.2732177594357982,0.24742270191693191,0.6253501580736105,0.38199687314211356,0.2732177594357982,1531.8487589768022,0.49785690869356397,0.23521479092271194,0.3859420097739599,0.3730045697967453,0.3859420097739599,59379,37.48968490543795,87.4989474393304,0.2121962309907543,53.145051280755816,Epha5,EPHA5,W865R,W862R,targeting guide,Missense,0.42812576856344675,0.7731933550357608,1.0,0.9999998321245912,0.9999998321245912,0.317750696339867,0.8661445989786204,1.0,1.0,1.0
gRNA_3283,EPHA5,-0.20900057896680865,-0.1239040631807092,-0.04350054629066901,-0.12546839614606228,-0.1239040631807092,1126.9623204890538,-0.389624843542142,0.1824055348279506,0.2978234756385779,0.030201388974795507,0.1824055348279506,31003,1.0289326839338129,43.68932038834952,0.1870786698061478,83.30484146695481,Epha5,EPHA5,K981R,K978R,targeting guide,Missense,0.8826112779906761,0.34702793960041195,1.0,0.9999998321245912,0.9999998321245912,0.7176803114763413,0.5310812743096252,1.0,1.0,1.0
gRNA_3313,EPHA7,0.02037853422267137,0.1075319062401107,0.2538159186893579,0.12724211971737998,0.1075319062401107,966.7619550638994,-0.2185069046152665,-0.04783754219372963,0.10228160781546296,-0.054687612997844394,-0.04783754219372963,30686,2.9459688457276934,4.937104868669752,0.2248582415433748,23.202763475200417,Epha7,EPHA7,M165T,M165T,targeting guide,Missense,0.7514401779480061,0.5402014010455807,1.0,0.9999998321245912,0.9999998321245912,0.8280512084954433,0.4269895762333681,1.0,1.0,1.0
gRNA_3314,EPHA7,0.44063732728544674,0.37037172335919843,0.6863903133309457,0.499133121325197,0.44063732728544674,697.7033617532317,0.23764984767334094,-0.13563448838067296,0.4760620947135565,0.19269248466874148,0.23764984767334094,29742,45.21888238854146,73.82489408916683,0.2050971689866182,37.6336493847085,Epha7,EPHA7,M165T,M165T,targeting guide,Missense,0.22684541528769941,0.9260257777248723,1.0,0.9999998321245912,0.9999998321245912,0.4858303459981945,0.6854032879836349,1.0,1.0,1.0
gRNA_3340,EPHA7,0.023776986180185866,-0.17617902533174895,0.07374811289978035,-0.02621797541726091,0.023776986180185866,1325.2034471531942,0.3860285879937438,0.026350013129462828,-0.3837534244949748,0.009541725542743943,0.026350013129462828,37836,0.9091870176551432,2.4077598054762657,0.0,33.45491066708954,Epha7,EPHA7,R69G,R69G,targeting guide,Missense,0.8405151264190086,0.41321057115975923,1.0,0.9999998321245912,0.9999998321245912,0.6801766096133998,0.5239246759968392,1.0,1.0,1.0
gRNA_3341,EPHA7,-0.04398711353959864,0.04864494852955207,0.29060963949226837,0.09842249149407394,0.04864494852955207,1520.8186318102746,-0.06461911745445457,0.23076417595577448,0.2612834681921552,0.14247617556449169,0.23076417595577448,50325,0.0993541977148534,10.456035767511178,0.3715846994535519,86.86140089418778,Epha7,EPHA7,R69G,R69G,targeting guide,Missense,0.7719592356603008,0.501921999422458,1.0,0.9999998321245912,0.9999998321245912,0.694080458270254,0.5892985828754387,1.0,1.0,1.0
gRNA_3383,EPHA7,-0.19244325526196757,-0.20245916179150886,0.12376453748523467,-0.09037929318941391,-0.19244325526196757,946.4869236248492,-0.2930075276700114,-0.1649352066312744,0.07937740322639397,-0.12618844369163063,-0.1649352066312744,26602,11.074355311630704,24.14104202691527,0.4886850612735884,43.33132847154349,Epha7,EPHA7,V755A,V755A,targeting guide,Missense,0.8545320117951356,0.38214934628009645,1.0,0.9999998321245912,0.9999998321245912,0.8580253435322726,0.3809971841001233,1.0,1.0,1.0
gRNA_3415,EPHB1,0.2093444471066108,0.14173167995902994,0.23223017430290704,0.19443543378951592,0.2093444471066108,1444.8829008545863,0.48834288500938355,0.25310090789663175,0.12779889238202657,0.2897475617626806,0.25310090789663175,46588,7.66291748948227,55.48639134541084,0.0085859019489997,80.32969863484159,Ephb1,EPHB1,S337P,S337P,targeting guide,Missense,0.716683582915975,0.5886110016563608,1.0,0.9999998321245912,0.9999998321245912,0.417931390776943,0.7779782602985621,1.0,1.0,1.0
gRNA_3416,EPHB1,0.09196268099419726,0.15076452884402353,0.0681402329592089,0.10362248093247656,0.09196268099419726,820.0548879530354,-0.08878107261348717,0.06832262674745762,0.1644725015871399,0.048004685240370125,0.06832262674745762,27016,19.451436185963875,84.27228309150134,0.0037015102161681,76.6656795972757,Ephb1,EPHB1,S337P,S337P,targeting guide,Missense,0.756163979550658,0.540291922284942,1.0,0.9999998321245912,0.9999998321245912,0.7757811652373676,0.5018386946514584,1.0,1.0,1.0
gRNA_3469,ERBB2,-0.284874161149118,0.18879859602844218,-0.08152739052232796,-0.059200985214334596,-0.08152739052232796,952.7352037538648,-0.3433702396450273,-0.23907398454463627,-0.15423614131043847,-0.24556012183336737,-0.23907398454463627,30448,7.307540725170783,34.55727798213347,0.1773515501839201,81.92327903310563,Erbb2,ERBB2,L1010P,L1009P,targeting guide,Missense,0.8432672260311456,0.39399328723625326,1.0,0.9999998321245912,0.9999998321245912,0.9027734520157121,0.30615092772502006,1.0,1.0,1.0
gRNA_3470,ERBB2,0.09449494453638559,-0.15619710705915313,-0.0020053456135776747,-0.021235836045448406,-0.0020053456135776747,627.9352838175363,-0.25197620929800163,-0.20101132206842875,-0.16550268451505987,-0.20616340529383007,-0.20101132206842875,20167,43.26374770664948,51.23716963355977,0.0,25.249169435215947,Erbb2,ERBB2,L1010P,L1009P,targeting guide,Missense,0.8298781108459067,0.42871381614160875,1.0,0.9999998321245912,0.9999998321245912,0.8911208135363666,0.3311797955387953,1.0,1.0,1.0
gRNA_3471,ERBB2,0.06021182165435655,0.17863593320133206,-0.03582192169122775,0.06767527772148695,0.06021182165435655,992.3571409350775,0.24312288259894355,0.015754866186367966,0.286730700677034,0.18186948315411514,0.24312288259894355,32095,0.0405047515189281,50.33494313756037,0.3988160149556006,94.1704315313912,Erbb2,ERBB2,L1010P,L1009P,targeting guide,Missense,0.7952896422599923,0.48299318317286966,1.0,0.9999998321245912,0.9999998321245912,0.6641551086323108,0.6297161983681157,1.0,1.0,1.0
gRNA_3502,ERBB2,0.47260490777967445,0.4494135616005926,0.26415526695978175,0.39539124544668297,0.4494135616005926,1399.977749746045,0.2602837108677178,0.2941433111124477,0.2317359707955716,0.2620543309252457,0.2602837108677178,56871,29.36470257248861,66.3818114680593,0.0703346169400924,55.061454871551405,Erbb2,ERBB2,T863A,T862A,targeting guide,Missense,0.3858858318921194,0.8375332197666422,1.0,0.9999998321245912,0.9999998321245912,0.588345489909234,0.7164784038197307,1.0,1.0,1.0
gRNA_3503,ERBB2,0.5217903756689038,0.19683122097693945,0.30601730857716486,0.34154630174100276,0.30601730857716486,485.6331849464258,0.05153042375118024,-0.009797632042590926,0.3217130785124582,0.12114862340701582,0.05153042375118024,16840,34.649643705463184,77.46437054631829,0.1425178147268408,52.46437054631829,Erbb2,ERBB2,T863A,T862A,targeting guide,Missense,0.48067915545226547,0.7586012174191401,1.0,0.9999998321245912,0.9999998321245912,0.7099803424068689,0.5754182186413619,1.0,1.0,1.0
gRNA_3510,ERBB2,0.06776852427783342,-0.322420512201012,0.2514584562604666,-0.0010645105542373228,0.06776852427783342,178.90483716344403,-0.4680514458909294,0.27631853538347,0.2580701677780646,0.02211241909020173,0.2580701677780646,4636,0.086281276962899,2.5668679896462465,0.3666954270923209,76.10008628127696,Erbb2,ERBB2,L756S,L755S,targeting guide,Missense,0.8099778006804712,0.44069302105541,1.0,0.9999998321245912,0.9999998321245912,0.7199103031040028,0.5053934713542656,1.0,1.0,1.0
gRNA_3511,ERBB2,-0.1440901213303889,-0.10686411088826085,0.2236844987561631,-0.009089911154162217,-0.10686411088826085,620.7232098117175,-0.10666549927499076,0.4118666181536285,0.4390023653443297,0.24806782807432248,0.4118666181536285,17421,3.7253888984558863,6.951380517765915,0.1894265541587738,36.146030652660585,Erbb2,ERBB2,L756S,L755S,targeting guide,Missense,0.8156257282669923,0.44301753583257697,1.0,0.9999998321245912,0.9999998321245912,0.4083139267876376,0.7586880794313292,1.0,1.0,1.0
gRNA_3515,ERBB2,-0.4029451817149922,-0.08018427040029932,-0.5061692970342018,-0.32976624971649776,-0.4029451817149922,1600.3531613247621,-0.38625044924805607,-0.4192937536807344,-0.16309447413398784,-0.3228795590209261,-0.38625044924805607,38439,41.32521657691407,77.30690184448086,0.8090741174328157,40.87775436405734,Erbb2,ERBB2,D874G,D873G,targeting guide,Missense,0.911922493310866,0.28395819240796055,1.0,0.9999998321245912,0.9999998321245912,0.9137407114459509,0.28163326339558575,1.0,1.0,1.0
gRNA_3516,ERBB3,0.2588125576637244,0.10822135147381119,0.2772623522360077,0.21476542045784774,0.2588125576637244,782.7564810604428,0.2809407848411115,0.23531554879461664,0.470421749014697,0.3288926942168084,0.2809407848411115,26569,1.2232300801686176,29.790357183183406,0.0903308366893748,84.4480409499793,Erbb3,ERBB3,F244S,F244S,targeting guide,Missense,0.6894786979960221,0.6173221155654591,1.0,0.9999998321245912,0.9999998321245912,0.4066992728233057,0.8094899594462069,1.0,1.0,1.0
gRNA_3517,ERBB3,0.20592139936325488,0.1547708992813408,0.3647309148303702,0.24180773782498863,0.20592139936325488,786.1176139561949,0.18834920733714758,0.2329825104065866,0.3629220342531369,0.26141791733229036,0.2329825104065866,26731,11.7092514309229,53.15551232651229,0.7594179043058621,64.35599117129924,Erbb3,ERBB3,F244S,F244S,targeting guide,Missense,0.6070847035690314,0.67552039412074,1.0,0.9999998321245912,0.9999998321245912,0.5734482547414352,0.7223773486447416,1.0,1.0,1.0
gRNA_3518,ERBB3,-0.7429048894259636,-0.6670465827466597,-0.757588443832361,-0.7225133053349948,-0.7429048894259636,1438.5071048045702,-0.6999479709418324,-0.7143250408619022,-1.0541670950941289,-0.8228133689659544,-0.7143250408619022,26838,2.038154855056264,88.60570832401818,1.2333258812132053,90.22654445189656,Erbb3,ERBB3,F244S,F244S,targeting guide,Missense,0.9578229046338144,0.17514975908163435,1.0,0.9999998321245912,0.9999998321245912,0.9878369141432979,0.05244022364460579,1.0,0.8251623426430618,0.8251623426430618
gRNA_3522,ERBB3,-0.5599013928567158,-0.32724365828837393,-0.49472736411858276,-0.4606241384212242,-0.49472736411858276,1119.5078238275773,-0.3551148725694442,-0.36655292126040073,-0.4962564618445745,-0.40597475189147314,-0.36655292126040073,25644,1.4779285602870067,86.13710809546092,0.0935891436593355,94.95008579004836,Erbb3,ERBB3,Q807R,Q809R,targeting guide,Missense,0.9330849885207123,0.2405729187366567,1.0,0.9999998321245912,0.9999998321245912,0.9361997533420036,0.2311720039851013,1.0,1.0,1.0
gRNA_3523,ERBB3,-0.17194354264654457,-0.0894263694103554,-0.19712842567546243,-0.15283277924412078,-0.17194354264654457,693.2075838533905,-0.479387887494944,-0.26547303372625347,-0.06326561057008931,-0.2693755105970956,-0.26547303372625347,16602,5.836646187206361,90.21804601855196,0.4095892061197446,89.5133116491989,Erbb3,ERBB3,Q807R,Q809R,targeting guide,Missense,0.8910059948084491,0.3307240875558561,1.0,0.9999998321245912,0.9999998321245912,0.9100408102568248,0.2843563084287957,1.0,1.0,1.0
gRNA_3524,ERBB3,0.41488682071754857,0.4375979620705345,0.5385851799432322,0.46368998757710506,0.4375979620705345,492.9664702800733,-0.15500666575627564,0.21470982119396106,0.4869914976162161,0.18223155101796717,0.21470982119396106,17947,43.24399621106592,91.26873572184766,0.1894467041845433,53.691424750654704,Erbb3,ERBB3,Q807R,Q809R,targeting guide,Missense,0.2946464098243277,0.906434016656086,1.0,0.9999998321245912,0.9999998321245912,0.48141863962845266,0.6757408845699326,1.0,1.0,1.0
gRNA_3525,ERBB3,0.24634051178960562,0.27852145265252226,0.42020706271162495,0.3150230090512509,0.27852145265252226,505.6330540381918,-0.07055091121447675,0.59121679417345,0.7346270563153354,0.4184309797581029,0.59121679417345,15948,27.43290694757963,58.96664158515175,0.7336343115124153,54.54602457988462,Erbb3,ERBB3,Q807R,Q809R,targeting guide,Missense,0.5582647350914764,0.7227027656314595,1.0,0.9999998321245912,0.9999998321245912,0.06202181208607107,0.8800475545439704,0.677176927878531,1.0,0.677176927878531
gRNA_3543,ERBB3,-5.543596407358424e-05,0.2390410967035806,0.2139710950890285,0.1509855852761785,0.2139710950890285,1619.3943721416692,-0.036744868894944376,0.22145389125223286,0.04272710058074569,0.07581204097934473,0.04272710058074569,57035,21.316735337950384,42.48794599807136,0.1174717278863855,60.20163057771544,Erbb3,ERBB3,D251G,D251G,targeting guide,Missense,0.7541401585740974,0.5337642897500359,1.0,0.9999998321245912,0.9999998321245912,0.7592785148033074,0.5260455065706053,1.0,1.0,1.0
gRNA_3544,ERBB3,-0.2265839039409365,-0.082853877539572,0.11021912287946004,-0.06640621953368282,-0.082853877539572,1633.9286991333631,-0.4462692911912299,-0.1844917138959645,-0.1570379171128359,-0.2625996407333434,-0.1844917138959645,46988,4.130841917085213,8.008427683663914,3.91376521665106,32.54022303566868,Erbb3,ERBB3,D251G,D251G,targeting guide,Missense,0.8421459833383784,0.4057818503222132,1.0,0.9999998321245912,0.9999998321245912,0.9028097290410391,0.3031465336717835,1.0,1.0,1.0
gRNA_3545,ERBB3,-0.08974268609209429,-0.5330001270746818,-0.413329202565521,-0.3453573385774324,-0.413329202565521,875.8431033906738,0.07199493317292141,-0.16371994713598645,-0.37791892462341076,-0.15654797952882527,-0.16371994713598645,20405,56.98603283508944,76.51555991178633,0.0392060769419259,21.984807645185004,Erbb3,ERBB3,Y148H,Y148H,targeting guide,Missense,0.911922493310866,0.28395819240796055,1.0,0.9999998321245912,0.9999998321245912,0.8669577927512796,0.3638224692112034,1.0,1.0,1.0
gRNA_3569,ERBB3,-0.13451968007024878,0.00458832356288815,0.10010990567418361,-0.009940483611059004,0.00458832356288815,840.2024034710854,-0.0484186050066731,-0.34694602718575757,-0.13295555992893374,-0.17610673070712146,-0.13295555992893374,22054,0.5985308787521538,4.058220730933164,0.0,46.72621746621928,Erbb3,ERBB3,K329E,K329E,targeting guide,Missense,0.8265408432116222,0.4350805311933491,1.0,0.9999998321245912,0.9999998321245912,0.8859131567764598,0.3370905216873379,1.0,1.0,1.0
gRNA_3570,ERBB3,0.4507425208558912,0.6448506983015166,0.5117869606903593,0.535793393282589,0.5117869606903593,599.3009369002737,0.4969629232379322,0.07196038456316886,0.3385677678902427,0.3024970252304479,0.3385677678902427,25839,0.007740237625295,59.35988234838809,0.1702852277564921,94.82952126630288,Erbb3,ERBB3,K329E,K329E,targeting guide,Missense,0.19658054421988094,0.9466570441184307,1.0,0.9999998321245912,0.9999998321245912,0.4077340455978744,0.7764902892307544,1.0,1.0,1.0
gRNA_3571,ERBB3,0.6805066160786037,0.5607970690282686,0.33010664709483073,0.5238034440672344,0.5607970690282686,504.6027577516462,0.8068027000274581,0.09382351290011365,0.3495355012626293,0.4167205713967337,0.3495355012626293,22354,0.5547105663415943,54.11112105216069,0.1297306969669857,90.81148787689004,Erbb3,ERBB3,K329E,K329E,targeting guide,Missense,0.21766613499832402,0.9217588422938175,1.0,0.9999998321245912,0.9999998321245912,0.0015151890799951291,0.8536215077982526,0.025734163739599813,1.0,0.025734163739599813
gRNA_3572,ERBB3,0.4855689439355661,0.46386281329140766,0.27498802399125705,0.40813992707274355,0.46386281329140766,810.3583322000073,0.4398475321405488,0.18636973693364337,0.3052741899895463,0.31049715302124614,0.3052741899895463,32664,0.0122458976242958,43.087190791084986,0.2296105804555474,95.67719813862357,Erbb3,ERBB3,K329E,K329E,targeting guide,Missense,0.3562593883798996,0.8536068195031039,1.0,0.9999998321245912,0.9999998321245912,0.44048811328360415,0.799592411344328,1.0,1.0,1.0
gRNA_3577,ERBB3,0.006200525774754061,0.14545781529754132,0.35792392735421596,0.16986075614217044,0.14545781529754132,763.6313653219725,0.3478534423601523,-0.018192502218466026,0.49597061814745125,0.27521051942971253,0.3478534423601523,25422,33.065848477696484,74.08937141058925,0.794587365274172,57.16308708992212,Erbb3,ERBB3,H228R,H228R,targeting guide,Missense,0.6609729996375209,0.6033701739350243,1.0,0.9999998321245912,0.9999998321245912,0.4065218654067859,0.7681804920684717,1.0,1.0,1.0
gRNA_3578,ERBB3,0.7813617287748795,0.5640590278443486,0.4718308103339186,0.6057505223177155,0.5640590278443486,943.2990255998412,0.7802339142867488,0.6466861144845284,0.7604277060791951,0.7291159116168241,0.7604277060791951,41210,48.46396505702499,86.93763649599612,0.4392137830623634,46.87211841785975,Erbb3,ERBB3,H228R,H228R,targeting guide,Missense,0.11803366885327364,0.9666733715798119,1.0,0.9999998321245912,0.9999998321245912,0.0014023504557339214,0.999780771910486,0.024598606354676984,1.0,0.024598606354676984
gRNA_3579,ERBB3,0.5551368753822822,0.040474409448167395,0.29306397214086904,0.2962250856571062,0.29306397214086904,176.864582427439,0.6200874721173668,0.7514393137251354,0.8311583675292542,0.7342283844572521,0.7514393137251354,6150,24.764227642276424,93.96747967479676,1.8536585365853655,67.2520325203252,Erbb3,ERBB3,H228R,H228R,targeting guide,Missense,0.498502692657965,0.7153036708806013,1.0,0.9999998321245912,0.9999998321245912,3.4904474090140616e-05,0.99977977412866,0.0013832513806092761,1.0,0.0013832513806092761
gRNA_3580,ERBB3,-0.1862608947219974,-0.13753178986250109,-0.6843142925486838,-0.3360356590443941,-0.1862608947219974,951.5875604648619,0.3641342354479017,0.26294449677764514,0.07083369641761561,0.2326374762143875,0.26294449677764514,23155,7.087022241416541,91.1163895486936,0.2332109695530123,89.8423666594688,Erbb3,ERBB3,H228R,H228R,targeting guide,Missense,0.911811721069352,0.2826643240463204,1.0,0.9999998321245912,0.9999998321245912,0.6018992260355991,0.6831433321349474,1.0,1.0,1.0
gRNA_3626,ERBB4,0.6686742752117371,0.2346126804454191,0.16832118677874944,0.35720271414530186,0.2346126804454191,1118.8411615245186,0.5039877658740779,0.31205302788824135,0.2848405967008343,0.3669604634877179,0.31205302788824135,44819,0.3569914545170575,6.037617974519735,0.0,71.75528235792856,Erbb4,ERBB4,I142V,I142V,targeting guide,Missense,0.41623333812604424,0.7534364139498678,1.0,0.9999998321245912,0.9999998321245912,0.3607238613242083,0.8407806685349435,1.0,1.0,1.0
gRNA_3666,ERCC2,0.1896225917625713,-1.2602639742193855,-1.5216403133636667,-0.8640938986068271,-1.2602639742193855,8.302975956278589,-0.5362151510469771,-6.7985838486947285,-0.4473398409668849,-2.594046280236197,-0.5362151510469771,0,0.0,0.0,0.0,0.0,Ercc2,ERCC2,Y209C,Y209C,targeting guide,Missense,0.9687338116837663,0.010243427443269346,1.0,0.4215564370883923,0.4215564370883923,0.9830426982762648,0.000468367168530995,1.0,0.018561217419561654,0.018561217419561654
gRNA_3676,ERCC2,0.24860041943815148,0.12322676681503315,0.11184321921101507,0.16122346848806657,0.12322676681503315,1200.3711223364792,0.13770538200782925,0.3024858899252103,0.34319715133646406,0.26112947442316786,0.3024858899252103,41785,6.858920665310518,10.25966255833433,0.1842766543017829,25.006581309082204,Ercc2,ERCC2,I80T,I80T,targeting guide,Missense,0.7261813694017789,0.577288716600328,1.0,0.9999998321245912,0.9999998321245912,0.5786816243255091,0.7173537682739868,1.0,1.0,1.0
gRNA_3677,ERCC2,0.29879105591842264,0.26621250534337265,0.23078441527234178,0.2652626588447124,0.26621250534337265,1470.6570405478558,0.3622080321697461,0.6161110564164607,0.08385357365637304,0.3540575540808599,0.3622080321697461,56603,6.006748758899705,31.236860237089907,0.17843577195555,71.4467431054891,Ercc2,ERCC2,I80T,I80T,targeting guide,Missense,0.6504444576202668,0.6583733932727598,1.0,0.9999998321245912,0.9999998321245912,0.2202946363669592,0.8280128252752339,1.0,1.0,1.0
gRNA_3679,ERCC2,-0.6937480671832159,-0.6391171993034233,-0.666072692507211,-0.6663126529979501,-0.666072692507211,1740.7158789506104,-0.5858482859379026,-0.8223886547611899,-0.6674133117986735,-0.6918834174992553,-0.6674133117986735,31984,0.0500250125062531,9.460980490245124,0.2626313156578289,91.14869934967484,Ercc2,ERCC2,N238S,N238S,targeting guide,Missense,0.9476330037249114,0.20389092212503301,1.0,0.9999998321245912,0.9999998321245912,0.9729123223772991,0.12722492180032155,1.0,1.0,1.0
gRNA_3680,ERCC2,-0.7702037332404914,-0.449711031663083,-0.6430799630692872,-0.6209982426576205,-0.6430799630692872,1921.0783347599906,-0.7061405346010987,-0.4451840056032319,-0.2805412296706743,-0.47728858995833495,-0.4451840056032319,33293,0.3003634397621121,10.864145616195596,0.3364070525335656,81.11014327336076,Ercc2,ERCC2,N238S,N238S,targeting guide,Missense,0.9468825284924051,0.20195217629724202,1.0,0.9999998321245912,0.9999998321245912,0.945452706092575,0.20070684562734484,1.0,1.0,1.0
gRNA_3681,ERCC2,0.0865872904335019,0.1814261304211271,0.39680934930071715,0.22160759005178207,0.1814261304211271,1417.9907186062055,-0.01690000074938454,-0.18357579489446535,0.35255735871851934,0.050693854358223156,-0.01690000074938454,50289,2.4577939509634312,11.475670623794468,0.0735747380142774,65.71019507248106,Ercc2,ERCC2,N238S,N238S,targeting guide,Missense,0.6145101704520992,0.6619986927637809,1.0,0.9999998321245912,0.9999998321245912,0.7250814856294197,0.5257093470837841,1.0,1.0,1.0
gRNA_3682,ERCC2,0.5484398370126202,0.5056045352159733,0.4518830430578254,0.5019758050954729,0.5056045352159733,870.2961608271601,0.2809275792232403,0.7190266272208317,0.8557301670621663,0.6185614578354127,0.7190266272208317,37311,0.1661708343383988,6.250167510921711,0.5145935514995578,92.11760606791564,Ercc2,ERCC2,N238S,N238S,targeting guide,Missense,0.2327513987176403,0.9355639118091318,1.0,0.9999998321245912,0.9999998321245912,0.00016885333279865583,0.9737368891574861,0.004406660148647847,1.0,0.004406660148647847
gRNA_3685,ERCC2,0.042712034809532645,0.3736946228026237,0.08719786624738468,0.16786817461984702,0.08719786624738468,672.3914514346689,0.12080306225626751,0.02773624550804227,-0.44541878448119676,-0.09895982557229566,0.02773624550804227,22577,63.18377109447668,88.55472383399035,0.0044292864419542,26.38968862116313,Ercc2,ERCC2,Y14C,Y14C,targeting guide,Missense,0.6370339163365455,0.6309304727402476,1.0,0.9999998321245912,0.9999998321245912,0.8280395522264827,0.41087273185717443,1.0,1.0,1.0
gRNA_3686,ERCC2,0.17194759389718436,0.6772068434116565,0.7354928297671257,0.5282157556919889,0.6772068434116565,361.2703625939903,-0.024630977610837698,0.1115321199096869,0.35813400617636726,0.14834504949173882,0.1115321199096869,14611,38.423105879132166,80.15878447744849,0.1711039627677777,47.82697967284923,Ercc2,ERCC2,Y14C,Y14C,targeting guide,Missense,0.18646344149636132,0.8963376411955962,1.0,0.9999998321245912,0.9999998321245912,0.6654304433468823,0.6160014457903205,1.0,1.0,1.0
gRNA_3692,ERCC2,-0.3802570516403317,-0.12941678124091802,-0.5047138849458633,-0.3381292392757043,-0.3802570516403317,1340.5111195158272,-0.4138651149775172,-0.02271327241973777,-0.3813034410018504,-0.2726272761330351,-0.3813034410018504,33024,28.667030038759687,86.50981104651163,0.1756298449612403,61.25242248062015,Ercc2,ERCC2,K82R,K82R,targeting guide,Missense,0.9144175675170457,0.27963049168036536,1.0,0.9999998321245912,0.9999998321245912,0.896497708279701,0.3087491860773941,1.0,1.0,1.0
gRNA_3693,ERCC2,-0.26473196678481004,-0.02655990830099412,-0.18094008572543402,-0.15741065360374606,-0.18094008572543402,2435.426575185045,-0.2031731261370011,-0.04444933243555506,-0.03567490513699884,-0.09443245456985166,-0.04444933243555506,66592,0.4204709274387314,1.2599111004324843,0.1741950985103315,34.986184526669874,Ercc2,ERCC2,K82R,K82R,targeting guide,Missense,0.8936762304762618,0.3236076168319633,1.0,0.9999998321245912,0.9999998321245912,0.854737079657717,0.3948951903156077,1.0,1.0,1.0
gRNA_3694,ERCC2,0.6787472386908731,0.4368970308936848,0.3671269335898382,0.49425706772479866,0.4368970308936848,569.7869087165133,0.3443398670045911,0.5966210339187794,0.3814180469293979,0.44079298261758953,0.3814180469293979,24078,51.889691834870014,72.01594816845252,0.0,28.881136307002244,Ercc2,ERCC2,K82R,K82R,targeting guide,Missense,0.22684541528769941,0.9260257777248723,1.0,0.9999998321245912,0.9999998321245912,0.17998588437507404,0.9216419681641387,1.0,1.0,1.0
gRNA_3698,ERCC2,0.607098554051944,0.5774313211283646,0.4106274944978411,0.53171912322605,0.5774313211283646,1342.9278454015641,0.7116022646394249,0.37136355795181863,0.519108527260399,0.5340247832838808,0.519108527260399,63166,4.214292499129278,70.08833866320488,0.3926162809106164,84.2510211189564,Ercc2,ERCC2,T49A,T49A,targeting guide,Missense,0.2151865604557369,0.9369378089338045,1.0,0.9999998321245912,0.9999998321245912,0.06683018425300445,0.9672535100331745,0.7010617367717134,1.0,0.7010617367717134
gRNA_3699,ERCC2,-0.5670290480245397,-0.3109884653527978,-0.26271000635238606,-0.3802425065765745,-0.3109884653527978,2039.0169567374955,-0.6222602095318066,-0.6278854063247299,-0.5168661177161067,-0.589003911190881,-0.6222602095318066,49173,5.926016309763488,67.67535029386045,0.1931954527891322,79.96664836393957,Ercc2,ERCC2,T49A,T49A,targeting guide,Missense,0.9267324030286267,0.25541010323823415,1.0,0.9999998321245912,0.9999998321245912,0.9659012028281956,0.15114194103535158,1.0,1.0,1.0
gRNA_3703,ERCC2,0.6798373603273291,0.5454229798651862,0.7789431486956463,0.6680678296293872,0.6798373603273291,186.42104665131302,-0.09957491191850092,0.26096402249197315,0.3143524709094694,0.15858052716098053,0.26096402249197315,8079,42.20819408342616,68.56046540413418,0.8664438668151999,32.34311177125882,Ercc2,ERCC2,T484A,T484A,targeting guide,Missense,0.08301641736280352,0.981118931081302,1.0,0.9999998321245912,0.9999998321245912,0.6646121989323324,0.6100224775055285,1.0,1.0,1.0
gRNA_3704,ERCC2,-0.14589944150813283,-0.20496860632276043,-0.4061835644887662,-0.2523505374398865,-0.20496860632276043,1876.169537799389,-0.49262202374683883,-0.7174743814081076,-0.20507287682373024,-0.47172309399289225,-0.49262202374683883,51810,45.60509554140128,64.20575178536963,0.9264620729588882,29.03107508203049,Ercc2,ERCC2,Y72C,Y72C,targeting guide,Missense,0.9018821578842546,0.30798678917910616,1.0,0.9999998321245912,0.9999998321245912,0.9439445426741009,0.20139502522677205,1.0,1.0,1.0
gRNA_3705,ERCC2,-0.18768617182711253,-0.09239762504312223,0.019459960321286576,-0.08687461218298274,-0.09239762504312223,544.9413193071276,-0.3861152880932569,-0.0402934689153811,-0.05495536177835764,-0.16045470626233188,-0.05495536177835764,15766,4.972726119497653,6.152480020296841,0.7294177343650894,27.134339718381327,Ercc2,ERCC2,Y72C,Y72C,targeting guide,Missense,0.8677121218811925,0.37187321795220973,1.0,0.9999998321245912,0.9999998321245912,0.877069329717961,0.35165928909183786,1.0,1.0,1.0
gRNA_3711,ERCC2,-0.0427638474992077,0.2851959419341034,0.06624144111501241,0.10289117851663604,0.06624144111501241,1439.7481519514902,-0.1617466329703768,0.016626616587300375,-0.2647421385718806,-0.136620718318319,-0.1617466329703768,49163,3.1243007953135487,32.764477350853284,0.2644264996033603,80.73347842889979,Ercc2,ERCC2,S74P,S74P,targeting guide,Missense,0.7731580914733277,0.5029515275384748,1.0,0.9999998321245912,0.9999998321245912,0.8682482676615628,0.3674578032754864,1.0,1.0,1.0
gRNA_3712,ERCC2,-0.9405954296593968,-0.6456135146835068,-0.892850134638312,-0.8263530263270719,-0.892850134638312,1824.654723472113,-1.1930312343561411,-0.7471548407612341,-0.7805468789798036,-0.9069109846990596,-0.7805468789798036,31602,38.66843870641098,61.86950193025758,0.5221188532371369,35.5958483640276,Ercc2,ERCC2,S74P,S74P,targeting guide,Missense,0.9658794684209288,0.14788058644701915,1.0,0.9999998321245912,0.9999998321245912,0.9896851534244647,0.03274159154623174,1.0,0.6469292458571707,0.6469292458571707
gRNA_3754,ERCC4,0.3140156153393235,0.18214825317770608,0.23873081652910483,0.24496489501537813,0.23873081652910483,726.7831216619915,-0.2275084392011677,0.36391329400734,0.3732621418354915,0.16988899888055461,0.36391329400734,25047,1.2775981155427796,15.027747834071944,0.0918273645546372,63.265061684034016,Ercc4,ERCC4,I266V,I266V,targeting guide,Missense,0.6666570836976566,0.638950061413758,1.0,0.9999998321245912,0.9999998321245912,0.5810853254341437,0.6541408654092156,1.0,1.0,1.0
gRNA_3755,ERCC4,0.6729992754400022,0.4964449424886055,0.43488236779659556,0.5347755285750677,0.4964449424886055,727.2073613093927,0.5622242364369279,0.3518684183627599,0.45336122015635133,0.45581795831867966,0.45336122015635133,32011,0.9902845896723002,12.614413795257882,0.174939864421605,82.50913748398987,Ercc4,ERCC4,I266V,I266V,targeting guide,Missense,0.19799664273033915,0.9441326565484685,1.0,0.9999998321245912,0.9999998321245912,0.16985082693313192,0.9382607181728156,1.0,1.0,1.0
gRNA_3804,ERG,0.2370877132877309,-0.07449102145621112,0.13090985730090499,0.09783551637747494,0.13090985730090499,297.4946436937384,0.15904568825645418,0.3257486004108014,0.09467693105538573,0.19315707324088047,0.15904568825645418,9535,2.5170424750917677,54.61982170949135,0.0,77.85002621919244,Erg,ERG,Y244H,Y244H,targeting guide,Missense,0.7700268855811785,0.5111759014328081,1.0,0.9999998321245912,0.9999998321245912,0.6424795996372457,0.6572667247359112,1.0,1.0,1.0
gRNA_3805,ERG,0.6858901748289852,0.44863562117435835,0.36945695522701677,0.5013275837434534,0.44863562117435835,397.65839963948696,0.29899832219359923,0.512960367992515,0.4819003120690443,0.43128633408505285,0.4819003120690443,17636,27.392832841914267,38.8239963710592,0.1984577001587661,23.571104558856884,Erg,ERG,Y244H,Y244H,targeting guide,Missense,0.22684541528769941,0.9260257777248723,1.0,0.9999998321245912,0.9999998321245912,0.20730443341499982,0.9250236328633996,1.0,1.0,1.0
gRNA_3806,ERG,0.6966040971073015,0.3731972723713692,0.26084932040471187,0.4435502299611276,0.3731972723713692,855.6318299121236,0.34119999891774977,0.665690612969259,0.42717006479932274,0.4780202255621105,0.42717006479932274,34904,18.854572541829015,38.56005042402017,0.0229200091680036,36.53162961265185,Erg,ERG,Y244H,Y244H,targeting guide,Missense,0.3105934471034434,0.852692419189492,1.0,0.9999998321245912,0.9999998321245912,0.1410581037417633,0.9340212960321236,1.0,1.0,1.0
gRNA_3838,ESR1,-0.7014155758510914,-1.0303128600455793,-1.2767687197878965,-1.002832385228189,-1.0303128600455793,787.4745701374545,-1.0704175357377763,-1.4118485429440726,-0.975080821180925,-1.1524489666209246,-1.0704175357377763,12293,20.3449117383877,63.654112096314975,0.048808264866184,71.1949890181404,Esr1,ESR1,L540P,L536P,targeting guide,Missense,0.9910374641359152,0.03255395153993209,1.0,0.9999998321245912,0.9999998321245912,0.9996019470201245,5.064723297041541e-05,1.0,0.002709626963917225,0.002709626963917225
gRNA_3842,ESR1,-0.19830417428339908,-0.011473596673647826,0.016582462579827748,-0.06439843612573971,-0.011473596673647826,1645.465444588084,0.21467630638817092,-0.00172606627936655,0.12316892125496613,0.11203972045459017,0.12316892125496613,47950,66.51511991657976,84.48383733055266,0.4504692387904067,23.85610010427529,Esr1,ESR1,Y541C,Y537C,targeting guide,Missense,0.8643717165047105,0.3776692736841387,1.0,0.9999998321245912,0.9999998321245912,0.7265743948748383,0.5706742190106078,1.0,1.0,1.0
gRNA_3843,ESR1,-0.7386741385636738,-0.3177175482148827,-0.328998363015367,-0.4617966832646412,-0.328998363015367,1972.7143604150954,-0.6745130918562257,-0.7490487681294937,-0.9340103236335978,-0.7858573945397724,-0.7490487681294937,47145,51.09343514688727,69.39017923427723,0.1696892565489447,24.76826810902535,Esr1,ESR1,Y541C,Y537C,targeting guide,Missense,0.9373753488907249,0.22727779719702168,1.0,0.9999998321245912,0.9999998321245912,0.9825550020084454,0.086866193509508,1.0,1.0,1.0
gRNA_3861,ESR1,-1.119494617685861,-0.9643255885824416,-1.0409201432687363,-1.0415801165123462,-1.0409201432687363,1935.502482771628,-0.7107161860946716,-0.9528565525647064,-1.0135619215079539,-0.8923782200557774,-0.9528565525647064,28547,46.05037306897397,75.07969313763267,0.2347006690720566,37.26135846148457,Esr1,ESR1,D542G,D538G,targeting guide,Missense,0.9931425711360298,0.042089665718465556,1.0,0.9999998321245912,0.9999998321245912,0.9930643432319098,0.0375153388097459,1.0,0.6920933194211744,0.6920933194211744
gRNA_3868,ESR1,0.08426466507313989,0.2502657174205654,0.04833397855879538,0.1276214536841669,0.08426466507313989,1821.3736576080205,0.1600353183067409,0.2174303224567177,0.07925821930071945,0.15224128668805934,0.1600353183067409,58789,0.1326778819166851,46.32669376924255,0.1700998486111347,86.1504703260814,Esr1,ESR1,H200R,H196R,targeting guide,Missense,0.7511801939987685,0.5438699231925206,1.0,0.9999998321245912,0.9999998321245912,0.6962418906673433,0.607654415882775,1.0,1.0,1.0
gRNA_3905,ETV6,-0.008567596915967982,-0.0021035058346991287,0.00934179217825513,-0.00044310352413732694,-0.0021035058346991287,333.93720816857683,-0.7634367438705129,-0.3556614199528724,-0.038558671630510306,-0.3858856118179652,-0.3556614199528724,9761,80.02253867431615,86.75340641327732,0.0,8.872041798996005,Etv6,ETV6,Non-coding,,targeting guide,Intron,0.8533389966644114,0.4001263541898418,1.0,0.9999998321245912,0.9999998321245912,0.922261552325445,0.24216199703843322,1.0,1.0,1.0
gRNA_3906,ETV6,0.06155729143690105,-0.6058005849732846,-0.014568504422318234,-0.18627059931956727,-0.014568504422318234,114.02068260803993,-0.8809856747815537,-0.965238564237421,-0.18788243062852916,-0.678035556549168,-0.8809856747815537,721,4.854368932038835,42.57975034674064,0.0,80.44382801664355,Etv6,ETV6,Y397H,Y401H,targeting guide,Missense,0.8681514867376401,0.35933583767710214,1.0,0.9999998321245912,0.9999998321245912,0.9725635976005244,0.08903270349977245,1.0,1.0,1.0
gRNA_3907,ETV6,-0.13108302805518163,0.12183767075878907,0.43935368159023885,0.14336944143128208,0.12183767075878907,154.37498387806102,-0.8956435113535697,-0.4751224653806408,0.0030053495502340754,-0.45592020906132547,-0.4751224653806408,502,5.378486055776892,85.4581673306773,0.0,85.0597609561753,Etv6,ETV6,Y397H,Y401H,targeting guide,Missense,0.6231044893649635,0.6035480617593829,1.0,0.9999998321245912,0.9999998321245912,0.9314275915928965,0.20096685705299683,1.0,1.0,1.0
gRNA_3908,ETV6,-0.04912822705332726,-0.07400466697990227,0.05959173505350893,-0.02118038632657353,-0.04912822705332726,723.3340618742953,0.07044900073084848,0.36281592549730646,0.4505192886303532,0.2945947382861694,0.36281592549730646,15325,23.262642740619903,31.50407830342577,0.0456769983686786,42.590538336052205,Etv6,ETV6,Y350C,Y354C,targeting guide,Missense,0.8445664444477633,0.4112011904233367,1.0,0.9999998321245912,0.9999998321245912,0.44338193016772465,0.7720152679662694,1.0,1.0,1.0
gRNA_3909,ETV6,0.03208681305497152,0.07096680220556184,0.002567328515261006,0.03520698125859812,0.03208681305497152,1480.9699064976758,-0.03865905100754177,0.10581480444845417,0.3607144946318167,0.14262341602424303,0.10581480444845417,45761,16.96859771421079,88.67376149996721,0.5834662704049299,80.13373833613777,Etv6,ETV6,Y350C,Y354C,targeting guide,Missense,0.8175569239859339,0.45547510265479896,1.0,0.9999998321245912,0.9999998321245912,0.6678119939297098,0.6059905538076007,1.0,1.0,1.0
gRNA_3923,ETV6,-0.12933345462323953,-0.21902751358248598,-0.11642180499257077,-0.15492759106609874,-0.12933345462323953,1823.2863964230255,0.1590661818712285,0.04962598060505916,-0.29304244898420023,-0.02811676216930419,0.04962598060505916,50539,5.718356121015454,30.93650448168741,0.1958883238686954,59.36999149171926,Etv6,ETV6,Y398C,Y402C,targeting guide,Missense,0.8826112779906761,0.34702793960041195,1.0,0.9999998321245912,0.9999998321245912,0.7935949108548037,0.465847784864287,1.0,1.0,1.0
gRNA_3924,ETV6,-0.43072501263049523,-0.13693562102109516,-0.16314934367579687,-0.24360332577579577,-0.16314934367579687,2046.0472137515708,-0.09399675141090026,-0.4901747205545953,-0.15473566228681712,-0.24630237808410424,-0.15473566228681712,49879,43.56943804005694,70.04150043104312,1.34124581487199,43.93031135347541,Etv6,ETV6,Non-coding,,targeting guide,Intron,0.8966307923791266,0.318271638926232,1.0,0.9999998321245912,0.9999998321245912,0.9020422166605022,0.30049606878934154,1.0,1.0,1.0
gRNA_3925,ETV6,0.7682004055150051,0.6401184098744079,0.5834688411970386,0.6639292188621505,0.6401184098744079,823.7521839250992,0.2621113816595973,0.12990794973452255,0.19299603021879363,0.19500512053763783,0.19299603021879363,39964,61.45030527474727,68.76438794915424,0.0025022520268241,11.084976478830947,Etv6,ETV6,Y387C,Y391C,targeting guide,Missense,0.08227535499798712,0.9823143131714629,1.0,0.9999998321245912,0.9999998321245912,0.6501987460651832,0.6563679499727841,1.0,1.0,1.0
gRNA_3926,ETV6,0.6641878797549948,0.34371218391364927,0.45916203737812766,0.4890207003489239,0.45916203737812766,1112.2351441578444,0.21410011796980993,0.4919753887663282,0.1639900935833292,0.2900218667731558,0.21410011796980993,46868,52.56678330630707,62.80191175215499,1.143637449859179,12.868054962874456,Etv6,ETV6,Y387C,Y391C,targeting guide,Missense,0.2366677035779663,0.9202283857910462,1.0,0.9999998321245912,0.9999998321245912,0.4169412980775579,0.7821545760442299,1.0,1.0,1.0
gRNA_3964,EZH2,-0.07482979346866585,-0.1964743162747434,-0.2160272038147402,-0.1624437711860498,-0.1964743162747434,1412.172574870419,0.05803797639031446,0.08035420406847099,-0.018774622610004815,0.03987251928292688,0.05803797639031446,38195,4.047650215996859,30.705589736876554,0.0575991621940044,59.02343238643801,Ezh2,EZH2,Y728C,Y728C,targeting guide,Missense,0.8910059948084491,0.3307240875558561,1.0,0.9999998321245912,0.9999998321245912,0.7917217403411952,0.49374610128960017,1.0,1.0,1.0
gRNA_3975,EZH2,0.11806281889383469,0.0009836269046457251,0.09544041210645199,0.07149561930164412,0.09544041210645199,1034.8417113391015,-0.27464380199603494,-0.04054699596338685,-0.18019509666721104,-0.16512863154221094,-0.18019509666721104,33813,28.610297814450064,48.01999231064975,0.3519356460532931,28.46538313666341,Ezh2,EZH2,Non-coding,,targeting guide,Exon,0.7815426274967967,0.5025775343946242,1.0,0.9999998321245912,0.9999998321245912,0.879966495678585,0.34922295224461736,1.0,1.0,1.0
gRNA_3976,EZH2,2.1024191703047603,0.8653659261209505,0.3019115120862428,1.0898988695039846,0.8653659261209505,17.32861172183258,1.5995092066077525,-0.36818640462521296,0.7902581354077312,0.6738603124634235,0.7902581354077312,768,42.70833333333333,93.75,0.0,55.989583333333336,Ezh2,EZH2,Non-coding,,targeting guide,Exon,0.0003968647040131148,0.9623089026306608,0.1061613083235082,0.9999998321245912,0.1061613083235082,8.550782355306043e-05,0.8574737397980173,0.002614096320050705,1.0,0.002614096320050705
gRNA_3985,EZH2,0.43819075430268756,0.20727458065016793,0.2714644846870896,0.305643273213315,0.2714644846870896,568.2747019379104,-0.1504189843195933,0.09859978194743034,0.21941074128055618,0.05586384630279775,0.09859978194743034,20274,2.7424287264476668,2.8460096675545032,0.0049324257669922,5.0310742823320505,Ezh2,EZH2,L240P,L240P,targeting guide,Missense,0.5404898021325777,0.7224082814451955,1.0,0.9999998321245912,0.9999998321245912,0.752898326897464,0.5259391773859312,1.0,1.0,1.0
gRNA_3995,FAS,-0.6076587970310927,-0.5558147232413002,-0.5877986589705326,-0.5837573930809752,-0.5877986589705326,3588.218937718468,-0.1594556574816362,-0.32541428103772363,-0.35907179642074216,-0.28131391164670067,-0.32541428103772363,79561,7.066276190595895,20.73629039353452,0.5794296200399693,51.7602845615314,Fas,FAS,D252G,D260G,targeting guide,Missense,0.9371481978021643,0.2309241521441203,1.0,0.9999998321245912,0.9999998321245912,0.9083075764318085,0.2943426085419849,1.0,1.0,1.0
gRNA_3996,FAS,0.034816583465511274,0.08458550307314926,-0.050110590156270333,0.023097165460796727,0.034816583465511274,1100.8449459957324,0.27872799681412,-0.12654336127250124,0.003618502362403042,0.051934379301340615,0.003618502362403042,36343,0.6411138320997166,6.207522769171505,0.2613983435599702,55.44121288831412,Fas,FAS,D252G,D260G,targeting guide,Missense,0.8117885791735571,0.4602068023995458,1.0,0.9999998321245912,0.9999998321245912,0.7568135528443833,0.5142586024692355,1.0,1.0,1.0
gRNA_4012,FAT1,-0.10995801933676569,-0.2536811000973372,-0.08161164828695287,-0.14841692257368524,-0.10995801933676569,948.842274244508,0.26276861929820094,0.22164024731583998,0.24396083917227843,0.24278990192877312,0.24396083917227843,24874,12.53517729355954,20.66414730240412,0.0,32.34702902629251,Fat1,FAT1,N750S,N749S,targeting guide,Missense,0.8857238229485752,0.339231613140214,1.0,0.9999998321245912,0.9999998321245912,0.6207996622412375,0.6876262408545957,1.0,1.0,1.0
gRNA_4021,FAT1,-5.036980589451435,-4.781314513898647,-4.974519350401349,-4.930938151250476,-4.974519350401349,2.9328661830072797,-6.100987068155557,-5.297266575345535,-5.42175599858409,-5.606669880695061,-5.42175599858409,0,0.0,0.0,0.0,0.0,Fat1,FAT1,Y498H,Y497H,targeting guide,Missense,1.0,4.1025318572854354e-10,1.0,1.4632363624318055e-07,1.4632363624318055e-07,1.0,4.1025318572854354e-10,1.0,4.877454541439351e-08,4.877454541439351e-08
gRNA_4032,FAT1,-0.04838275191514848,-0.09285594592345152,-0.26679492290042434,-0.1360112069130081,-0.09285594592345152,1044.902251548899,-0.44219895894734645,0.03676523387543934,-0.16473430385077892,-0.19005600964089533,-0.16473430385077892,26138,1.270181345167955,2.3337669293748564,0.3175453362919886,39.02746958451297,Fat1,FAT1,F3794S,F3769S,targeting guide,Missense,0.8857238229485752,0.339231613140214,1.0,0.9999998321245912,0.9999998321245912,0.8732063601182468,0.34833711825621727,1.0,1.0,1.0
gRNA_4033,FAT1,-0.7317158326279011,-0.6836215529652978,-0.8825419753669184,-0.7659597869867056,-0.7317158326279011,2534.5064458022907,-0.5589978874888426,-0.49851522155780836,-0.6782092960422256,-0.5785741350296255,-0.5589978874888426,48364,2.2268629559176247,56.40765858903316,0.0,96.23480274584402,Fat1,FAT1,F3794S,F3769S,targeting guide,Missense,0.960486591683745,0.1654974910120858,1.0,0.9999998321245912,0.9999998321245912,0.9640946826791879,0.15608822027375155,1.0,1.0,1.0
gRNA_4104,FBXW7,0.41760237683767065,0.2745341760159701,0.27367647334400264,0.3219376753992145,0.2745341760159701,1280.9611844086792,0.4904281906646036,0.5844304887558449,0.2890283269857418,0.45462900213539675,0.4904281906646036,51320,47.27201870615744,77.04014029618082,0.4851909586905689,37.52727981293842,Fbxw7,FBXW7,Y548C,Y545C,targeting guide,Missense,0.5525065260800845,0.7328325709643176,1.0,0.9999998321245912,0.9999998321245912,0.14925358577590447,0.9368984629450957,1.0,1.0,1.0
gRNA_4105,FBXW7,0.6400474542598011,0.6717694868890236,0.9328400220561829,0.7482189877350026,0.6717694868890236,804.3704296699964,0.4285090951391362,0.36311261488648455,0.5969689901796942,0.4628635667351049,0.4285090951391362,40077,45.9764952466502,76.02864485864711,0.3019188062978766,36.91394066422137,Fbxw7,FBXW7,Y548C,Y545C,targeting guide,Missense,0.06896178949399105,0.9869590630555851,1.0,0.9999998321245912,0.9999998321245912,0.15754244492067634,0.9381678585170058,1.0,1.0,1.0
gRNA_4106,FBXW7,0.3940287675375267,0.009825577096266119,0.18876840902110514,0.197540917884966,0.18876840902110514,737.7433609473311,0.364244755156033,0.1551203425124382,0.2159878192616751,0.24511763897671543,0.2159878192616751,22993,1.817944591832297,2.2137172182838256,0.6132301135128082,23.124429174096463,Fbxw7,FBXW7,Y548C,Y545C,targeting guide,Missense,0.6440221359542828,0.6152357166156239,1.0,0.9999998321245912,0.9999998321245912,0.5844072503251749,0.711320634348509,1.0,1.0,1.0
gRNA_4111,FBXW7,0.004233686314366392,-0.2883786016055672,-0.36795195099830874,-0.2173656220965032,-0.2883786016055672,1238.1737137720554,0.3839590044017583,0.1170765000307599,0.3418205143759772,0.2809520062694985,0.3418205143759772,32608,10.518891069676153,12.450932286555446,0.0,18.578263002944063,Fbxw7,FBXW7,D706G,D703G,targeting guide,Missense,0.9022634982195672,0.30351361160806273,1.0,0.9999998321245912,0.9999998321245912,0.5052535247784835,0.7600190708015102,1.0,1.0,1.0
gRNA_4116,FBXW7,-0.2524643552467355,-0.3761306602558982,-0.34868095075224537,-0.325758655418293,-0.34868095075224537,1075.871745809179,0.24774689395851127,0.19008036059372088,0.2713812174063603,0.2364028239861975,0.24774689395851127,26684,50.38974666466797,65.3575176135512,0.0524658971668415,21.6796582221556,Fbxw7,FBXW7,S585P,S582P,targeting guide,Missense,0.922381144065941,0.26587092506792626,1.0,0.9999998321245912,0.9999998321245912,0.6207996622412375,0.6876262408545957,1.0,1.0,1.0
gRNA_4117,FBXW7,-0.3602361178394521,-0.20356146848905,-0.18472576525202225,-0.24950778386017478,-0.20356146848905,1411.0210672560447,0.3450803801660057,-0.49936520758434383,-0.20857460064646902,-0.12095314268826907,-0.20857460064646902,37435,71.76706290904235,86.0130893548818,0.0480833444637371,16.121276879925205,Fbxw7,FBXW7,S585P,S582P,targeting guide,Missense,0.9096848371918954,0.29307775230672517,1.0,0.9999998321245912,0.9999998321245912,0.7885266751096124,0.39706209774627177,1.0,1.0,1.0
gRNA_4118,FBXW7,0.08989707081553105,0.23269838491198683,0.25094699233360485,0.19118081602037426,0.23269838491198683,1057.4257748951245,0.37477470691845,0.5471618321669416,0.36925548766035593,0.4303973422485825,0.37477470691845,33203,13.821040267445714,31.97301448664277,0.2831069481673343,37.98451947113213,Fbxw7,FBXW7,R546G,R543G,targeting guide,Missense,0.7075350496739752,0.5987560778520946,1.0,0.9999998321245912,0.9999998321245912,0.21879386009172694,0.9152980967408978,1.0,1.0,1.0
gRNA_4119,FBXW7,0.5277989743699516,0.37008336681387316,0.609747610671845,0.5025433172852233,0.5277989743699516,1025.1642468820444,-0.026508217346744422,0.3823662681316476,0.35042749536914014,0.23542851538468113,0.35042749536914014,40651,22.45947209170746,36.27955031856535,0.0,23.38441858748862,Fbxw7,FBXW7,R546G,R543G,targeting guide,Missense,0.24023159672512967,0.9267608810231803,1.0,0.9999998321245912,0.9999998321245912,0.5239404344995078,0.7238204234281171,1.0,1.0,1.0
gRNA_4141,FBXW7,0.5137308614185059,0.7032191799239426,1.0436136630018893,0.753521234781446,0.7032191799239426,812.212658811516,0.23772299114519718,0.1491860108949828,0.2974349231026572,0.22811464171427906,0.23772299114519718,42150,6.842230130486358,85.25029655990511,0.0521945432977461,83.23606168446027,Fbxw7,FBXW7,W428R,W425R,targeting guide,Missense,0.054461016942544495,0.9832357359504352,1.0,0.9999998321245912,0.9999998321245912,0.6196893871999458,0.6865022530969016,1.0,1.0,1.0
gRNA_4142,FBXW7,0.9338032965514289,0.9265605326607619,1.0553139253529686,0.9718925848550531,0.9338032965514289,537.2660894577316,0.9580202762653178,0.78325511832371,0.8333768501972897,0.8582174149287725,0.8333768501972897,28863,7.438589197242145,94.61594428853547,0.3811107646467796,88.02965734677615,Fbxw7,FBXW7,H463R,H460R,targeting guide,Missense,0.017154821901747455,0.9978312497039603,1.0,0.9999998321245912,0.9999998321245912,2.9698165959937018e-08,0.9999998218223562,3.177703757713261e-06,1.0,3.177703757713261e-06
gRNA_4143,FBXW7,0.26779615685653996,0.3671171897367996,0.3707048291204336,0.33520605857125774,0.3671171897367996,534.9714331110048,0.30631036772416625,0.2718779364483418,0.2944018582181027,0.2908633874635369,0.2944018582181027,16068,20.02116006970376,87.24172267861589,0.2862832959920338,68.06696539706249,Fbxw7,FBXW7,H463R,H460R,targeting guide,Missense,0.4789907722872533,0.789390702792209,1.0,0.9999998321245912,0.9999998321245912,0.5563755498155682,0.744109474057464,1.0,1.0,1.0
gRNA_4144,FBXW7,0.5365452873354368,0.7980376721953987,0.9260767024235823,0.7535532206514727,0.7980376721953987,258.72980370964217,0.6923778736589634,0.4534540290604911,0.42387625284740366,0.5232360518556194,0.4534540290604911,12841,6.891986605404564,86.95584456039249,0.5373413285569659,85.92009968071022,Fbxw7,FBXW7,H463R,H460R,targeting guide,Missense,0.058707837421138984,0.9862126440228225,1.0,0.9999998321245912,0.9999998321245912,0.09017878390077591,0.9706337991862848,0.859456507867949,1.0,0.859456507867949
gRNA_4191,FGF4,-0.571353654829267,0.026676129072679227,0.009493571814992656,-0.17839465131386503,0.009493571814992656,1514.8385695414843,-0.29839099105202777,-0.18215111002903103,-0.10172711433064617,-0.19408973847056832,-0.18215111002903103,43680,69.69093406593406,85.1717032967033,0.0595238095238095,16.916208791208792,Fgf4,FGF4,M193T,M197T,targeting guide,Missense,0.8764299814224576,0.3482928436978039,1.0,0.9999998321245912,0.9999998321245912,0.8887294878436537,0.3347275379649983,1.0,1.0,1.0
gRNA_4192,FGF4,0.15105590564718574,0.11854998959749814,0.1821877252143218,0.15059787348633522,0.15105590564718574,734.0453992383219,-0.5837042612904064,-0.5127183980981989,0.2034035962402916,-0.2976730210494379,-0.5127183980981989,23672,50.02534640081109,81.50980060831363,1.9685704629942549,36.95927678269686,Fgf4,FGF4,M193T,M197T,targeting guide,Missense,0.7341861276431956,0.5687721733232807,1.0,0.9999998321245912,0.9999998321245912,0.8823184558725515,0.2762711036218675,1.0,1.0,1.0
gRNA_4193,FGF4,0.37540279535778154,0.41022191843202455,0.4342810158615824,0.40663524321712946,0.41022191843202455,749.6023416003605,0.4749305502150919,-0.020704440821958384,0.39345282407220156,0.282559644488445,0.39345282407220156,28253,6.785120164230348,76.99359360067957,0.0601706013520688,84.78745619934166,Fgf4,FGF4,R108G,R112G,targeting guide,Missense,0.35895290934643104,0.8759602220468622,1.0,0.9999998321245912,0.9999998321245912,0.3605459282119216,0.8014695055619515,1.0,1.0,1.0
gRNA_4194,FGF4,0.08516547342146201,-0.052591528507411375,-0.4251561208951605,-0.13086072532703663,-0.052591528507411375,1236.6494018610695,-0.01323985676239903,0.08258257158548074,0.08835485478222725,0.052565856535102984,0.08258257158548074,38753,34.77150156116946,89.8124016205197,0.4102908161948753,58.29742213506051,Fgf4,FGF4,R108G,R112G,targeting guide,Missense,0.8550090072958338,0.3808879686332549,1.0,0.9999998321245912,0.9999998321245912,0.7811036112004907,0.5082393951833215,1.0,1.0,1.0
gRNA_4195,FGF4,-0.210499318018731,-0.007433443628891534,-0.17798210897319142,-0.13197162354027134,-0.17798210897319142,2495.8691217391947,0.151417098640592,0.03748856041632609,-0.3261885267016544,-0.04576095588157877,0.03748856041632609,70599,46.9071799883851,72.02226660434283,0.2507117664556155,32.98347002082183,Fgf4,FGF4,R108G,R112G,targeting guide,Missense,0.8878937042725764,0.3360575984506807,1.0,0.9999998321245912,0.9999998321245912,0.8003795578678803,0.4551379035716988,1.0,1.0,1.0
gRNA_4213,FGFR1,0.4747913001794574,0.3490033896818488,0.6985764187859784,0.5074570362157615,0.4747913001794574,539.511620166365,0.5766359503077441,0.22631741916987896,0.43211995795215846,0.41169110914326046,0.43211995795215846,21774,19.08239184348305,36.48847249012584,0.0,42.32111692844677,Fgfr1,FGFR1,K667E,K656E,targeting guide,Missense,0.22543725330151007,0.9251417831084022,1.0,0.9999998321245912,0.9999998321245912,0.20123588998675024,0.8984328152497477,1.0,1.0,1.0
gRNA_4225,FGFR1,-0.06297937537838773,-0.0014542854749049713,-0.119984516245545,-0.06147272569961257,-0.06297937537838773,1427.8694418242594,-0.16932331789195657,-0.35635986674738834,-0.19119358195211378,-0.2389589221971529,-0.19119358195211378,43148,20.668397144711225,36.37712060813943,0.4078983962176694,29.517011217205894,Fgfr1,FGFR1,N557D,N546D,targeting guide,Missense,0.8625030835387024,0.38420007846104304,1.0,0.9999998321245912,0.9999998321245912,0.8971533370108451,0.3171427207787662,1.0,1.0,1.0
gRNA_4226,FGFR1,0.19508725789188078,0.07071635939317002,0.036939015120873595,0.10091421080197481,0.07071635939317002,1041.2053060501178,0.36603791197299196,-0.16896514780858043,-0.20108604953009637,-0.0013377617885616162,-0.16896514780858043,36429,7.013642976749293,42.16146476708117,1.0019489966784705,72.62620439759532,Fgfr1,FGFR1,N557D,N546D,targeting guide,Missense,0.7727931579638011,0.5172041916317969,1.0,0.9999998321245912,0.9999998321245912,0.7456056618083504,0.48425281430135714,1.0,1.0,1.0
gRNA_4246,FGFR2,0.1100032820248246,0.5596122151600218,0.2791139374002342,0.3162431448616935,0.2791139374002342,385.14899417628055,0.13948404015350976,0.33554271289899473,0.5260568611817631,0.3336945380780892,0.33554271289899473,10022,1.7661145479944125,10.886050688485332,0.8780682498503292,59.30951905807225,Fgfr2,FGFR2,N568S,N549S,targeting guide,Missense,0.4842403141095386,0.7394149928195892,1.0,0.9999998321245912,0.9999998321245912,0.3421314518303569,0.816600522243419,1.0,1.0,1.0
gRNA_4247,FGFR2,0.01963340314001505,0.16873800655221757,-0.06533348238366694,0.04101264243618856,0.01963340314001505,2515.6198977606696,0.4697401162561613,0.2309397732689303,0.12973354191182465,0.27680447714563877,0.2309397732689303,84701,34.5851878962468,57.36295911500454,0.1534810687004875,35.84609390680157,Fgfr2,FGFR2,Q830R,Q811R,targeting guide,Missense,0.8110714536543799,0.4585793421330032,1.0,0.9999998321245912,0.9999998321245912,0.44980561470788205,0.7612771009831457,1.0,1.0,1.0
gRNA_4248,FGFR2,0.2559546964828133,0.13091865345585585,0.15019806009669537,0.1790238033451215,0.15019806009669537,892.4839310812151,0.40854163513253566,0.245847583530625,0.3092802445992875,0.32122315442081606,0.3092802445992875,30294,0.0561167227833894,3.4396250082524595,0.53475935828877,53.396712220241625,Fgfr2,FGFR2,Q830R,Q811R,targeting guide,Missense,0.7166252203282529,0.5881788159171875,1.0,0.9999998321245912,0.9999998321245912,0.4605677999033714,0.7946565925642854,1.0,1.0,1.0
gRNA_4261,FGFR2,0.5063471567520804,0.41560640706842644,0.5612154404756025,0.49438966809870316,0.5063471567520804,1234.035325480563,0.5716531044381643,0.33964381070876026,0.25892821514978576,0.3900750434322368,0.33964381070876026,46679,8.49418368002742,59.37359412155359,0.3491934274513164,66.23535208552026,Fgfr2,FGFR2,C401R,C382R,targeting guide,Missense,0.2607473943476021,0.9205266353042467,1.0,0.9999998321245912,0.9999998321245912,0.24768502120044283,0.8690046286538076,1.0,1.0,1.0
gRNA_4262,FGFR2,0.4264438109306869,0.23136277741783678,0.12900008407558602,0.26226889080803656,0.23136277741783678,354.3613169077439,-0.007749613228064646,0.4788007732875221,0.3679739531093855,0.2796750377229476,0.3679739531093855,12045,0.008302200083022,6.135325861353259,1.7019510170195102,84.79867164798671,Fgfr2,FGFR2,K678E,K659E,targeting guide,Missense,0.5822881510289728,0.690364446485938,1.0,0.9999998321245912,0.9999998321245912,0.410727299220358,0.7730807921109829,1.0,1.0,1.0
gRNA_4263,FGFR2,0.49987818921903615,0.25788888237561586,0.08243162678782773,0.28006623279415993,0.25788888237561586,619.7273760615382,0.36882054058596025,0.2308892468771917,0.5858538898919026,0.3951878924516848,0.36882054058596025,22338,0.77894171367177,12.924165099829889,0.219357149252395,69.41534604709464,Fgfr2,FGFR2,K678E,K659E,targeting guide,Missense,0.5295757545779844,0.7086066354445022,1.0,0.9999998321245912,0.9999998321245912,0.24636333500408455,0.8670156670371877,1.0,1.0,1.0
gRNA_4302,FGFR3,0.43609531185594497,0.16168125668211852,0.3964479316151565,0.33140816671774,0.3964479316151565,121.75677880411449,0.03965837060185172,0.7804570195431295,0.4393091625097032,0.41980818421822813,0.4393091625097032,2838,42.95278365045807,92.81183932346724,2.536997885835095,47.39252995066949,Fgfr3,FGFR3,Y369C,Y373C,targeting guide,Missense,0.4517532701222685,0.7908549787618183,1.0,0.9999998321245912,0.9999998321245912,0.04348627552483546,0.8826244196854123,0.5287535774042493,1.0,0.5287535774042493
gRNA_4303,FGFR3,-0.11381154881020601,-0.013276231653217422,-0.1204424443608668,-0.08251007494143008,-0.11381154881020601,1353.9911375125544,-0.41555262987740554,-0.11066835665820157,-0.29346880521847235,-0.2732299305846932,-0.29346880521847235,39279,0.0254588966114208,33.12457038111968,0.1043814761068255,93.01153288016496,Fgfr3,FGFR3,K646E,K650E,targeting guide,Missense,0.8648187128674079,0.380294797286558,1.0,0.9999998321245912,0.9999998321245912,0.9058845727503908,0.2977186338552554,1.0,1.0,1.0
gRNA_4304,FGFR3,0.12863254361088675,0.17754698294004703,0.42074343352436266,0.24230765335843216,0.17754698294004703,1115.700550792269,0.06208797005910751,-0.15680745047135597,-0.17839618699988777,-0.0910385558040454,-0.15680745047135597,38603,7.310312669999741,15.26306245628578,0.4662850037561847,25.5083801777064,Fgfr3,FGFR3,K646E,K650E,targeting guide,Missense,0.6029174858751749,0.671156912425243,1.0,0.9999998321245912,0.9999998321245912,0.8511455724177014,0.39753140775753765,1.0,1.0,1.0
gRNA_4329,FGFR3,-0.09449749419412753,0.317366684962546,0.5675248190466226,0.263464669938347,0.317366684962546,1028.480799819086,-0.29324730350271455,0.12966823658792895,0.2345762763725297,0.0236657364859147,0.12966823658792895,37102,40.14608376906905,79.31378362352433,0.150935259554741,53.40951970244192,Fgfr3,FGFR3,V386A,V390A,targeting guide,Missense,0.5007776468410632,0.693545018306359,1.0,0.9999998321245912,0.9999998321245912,0.7619276634924017,0.5010150465720589,1.0,1.0,1.0
gRNA_4330,FGFR3,-0.07399651135112761,0.30839464160993046,0.20271206012656537,0.14570339679512276,0.20271206012656537,1107.156984085248,0.30135021243990673,0.2947646647029811,0.20495388154336358,0.26702291956208385,0.2947646647029811,37431,25.12890384975021,64.18209505490103,0.2083834255029253,63.50084154844915,Fgfr3,FGFR3,V386A,V390A,targeting guide,Missense,0.7314058128942854,0.5494069450174843,1.0,0.9999998321245912,0.9999998321245912,0.577688484210841,0.7242524993979953,1.0,1.0,1.0
gRNA_4331,FGFR3,0.45297033158913635,0.4820093883258864,0.4418255300642816,0.4589350833264348,0.45297033158913635,703.2503043167455,0.02556156254730096,0.5989595946764154,0.4551471659731221,0.3598894410656128,0.4551471659731221,28198,48.66657209731186,88.40697921838428,0.8192070359599972,44.219448187814734,Fgfr3,FGFR3,V386A,V390A,targeting guide,Missense,0.26961133641677737,0.9203501683615867,1.0,0.9999998321245912,0.9999998321245912,0.1958513646918693,0.8608865624669467,1.0,1.0,1.0
gRNA_4357,FGFR4,0.1864898636841625,0.4403165132619174,0.4243433567942575,0.3503832445801125,0.4243433567942575,677.6925338912932,-0.0017870968489884082,0.22573282543632503,0.3722893532298621,0.1987450272723996,0.22573282543632503,28010,16.37986433416637,71.11745805069619,0.017850767583006,69.0967511602999,Fgfr4,FGFR4,N532D,N535D,targeting guide,Missense,0.44148167458508325,0.7994020230601763,1.0,0.9999998321245912,0.9999998321245912,0.6252403584591821,0.6547174575275025,1.0,1.0,1.0
gRNA_4419,FLT1,0.11077219746395671,0.020419503078661597,-0.02558961503447849,0.03520069516937994,0.020419503078661597,973.5693851216004,0.21352703363919487,-0.04947147887346127,0.1273926260477084,0.09714939360448067,0.1273926260477084,29048,0.6024511153952079,2.5406224180666483,0.0034425778022583,73.4473974111815,Flt1,FLT1,N920S,N919S,targeting guide,Missense,0.812291077835212,0.4594381194051107,1.0,0.9999998321245912,0.9999998321245912,0.7453766135593918,0.5399039150996432,1.0,1.0,1.0
gRNA_4421,FLT1,-0.6008512627178264,-0.6312576457733613,-0.499875329261294,-0.5773280792508273,-0.6008512627178264,761.1425324508891,-0.8278018951391742,-1.1828727573365156,-0.5101760356957157,-0.8402835627238018,-0.8278018951391742,11732,10.714285714285714,31.810433003750425,0.1278554381179679,70.70405727923628,Flt1,FLT1,N252S,N251S,targeting guide,Missense,0.9371481978021643,0.2309241521441203,1.0,0.9999998321245912,0.9999998321245912,0.9882911510051964,0.034518129799097685,1.0,0.6479719102637636,0.6479719102637636
gRNA_4422,FLT1,0.2431283863197759,0.5219968764301096,0.40864792292421764,0.39125772855803437,0.40864792292421764,640.1299234215887,0.3576964908462061,0.1544108531381486,0.37629038405025544,0.2961325760115367,0.3576964908462061,24003,2.503853684956047,41.5573053368329,0.0,89.61796442111402,Flt1,FLT1,N252S,N251S,targeting guide,Missense,0.40423576373675013,0.8205918397537185,1.0,0.9999998321245912,0.9999998321245912,0.49476730377619915,0.7765833095460224,1.0,1.0,1.0
gRNA_4440,FLT3,-0.7737347971528498,-0.6777977627545656,-0.8064033595693829,-0.7526453064922661,-0.7737347971528498,2008.1080681411297,-0.6716251790502332,-0.4254777886433444,-0.7394184973350488,-0.6121738216762088,-0.6716251790502332,36396,49.55764369710957,88.10034069677987,0.5385207165622596,42.163974063083856,Flt3,FLT3,Q450R,Q449R,targeting guide,Missense,0.9635836229832162,0.15699625820191834,1.0,0.9999998321245912,0.9999998321245912,0.9623178562660322,0.15719469334179056,1.0,1.0,1.0
gRNA_4447,FLT3,0.500387794640403,0.23813767119276097,0.28654692065871823,0.3416907954972941,0.28654692065871823,869.2064318609309,0.22237599650617249,0.48902197953568705,0.0948143287077238,0.26873743491652774,0.22237599650617249,29357,53.074224205470586,61.28350989542528,0.1090029635180706,12.606873999386858,Flt3,FLT3,Y727H,Y726H,targeting guide,Missense,0.49072416081379033,0.7560527408200761,1.0,0.9999998321245912,0.9999998321245912,0.43934807950599575,0.7524532849262092,1.0,1.0,1.0
gRNA_4459,FLT3,-0.07836469886334127,-0.5263683550390414,-0.35688833331142206,-0.3205404624046016,-0.35688833331142206,1394.4151153434873,-0.3928717361535508,-0.36633598862856664,-0.263510249724531,-0.3409059915022161,-0.36633598862856664,33885,0.0826324332300427,54.46067581525749,0.7053268407850082,83.92504057842703,Flt3,FLT3,K603R,K602R,targeting guide,Missense,0.911922493310866,0.28395819240796055,1.0,0.9999998321245912,0.9999998321245912,0.9237157818275389,0.2622795650273905,1.0,1.0,1.0
gRNA_4460,FLT3,0.7412011139091108,0.4373459388859929,0.5750409794894054,0.5845293440948364,0.5750409794894054,518.926040510788,0.5959817394543474,0.4980480714594735,0.38961958269038244,0.49454979786806774,0.4980480714594735,21115,13.137579919488514,35.36822164338148,0.4546530902202226,52.83921382903149,Flt3,FLT3,K603R,K602R,targeting guide,Missense,0.15233867232278683,0.9595927320958835,1.0,0.9999998321245912,0.9999998321245912,0.11068674463069776,0.9668058801629421,0.9383156669906633,1.0,0.9383156669906633
gRNA_4461,FLT3,0.1122752431886776,-0.1545312029412306,-0.1356871024842418,-0.0593143540789316,-0.1356871024842418,399.9973818353189,-0.3444865260455894,0.20458904792435717,0.19493023193241854,0.018344251270395445,0.19493023193241854,11905,62.7887442251155,96.79966400671988,0.1091978160436791,35.54808903821924,Flt3,FLT3,R848G,R845G,targeting guide,Missense,0.8357998695525741,0.41875056193345955,1.0,0.9999998321245912,0.9999998321245912,0.7502702365522268,0.5042768541090148,1.0,1.0,1.0
gRNA_4547,FOXA1,-0.24311714489961786,-0.17557453656471542,-0.23896079127505646,-0.21921749091312992,-0.23896079127505646,1510.87238997225,-0.1459524158881892,-0.15907553783117967,-0.4697943728758288,-0.2582741088650659,-0.15907553783117967,41788,20.40537953479468,24.308413898726908,0.0,15.626495644682684,Foxa1,FOXA1,C227R,C227R,targeting guide,Missense,0.9126236383664401,0.2871918255646832,1.0,0.9999998321245912,0.9999998321245912,0.9050360308130394,0.29529379671969147,1.0,1.0,1.0
gRNA_4548,FOXA1,-0.1049326758709948,0.08143598077320084,0.09728452558720953,0.02459594349647186,0.08143598077320084,1503.6265217173125,-0.14199941955830056,-0.0705174785792052,-0.15017106979038894,-0.12089598930929824,-0.14199941955830056,46687,29.408614817829378,80.59202775933343,0.4733651766016236,55.95347741341272,Foxa1,FOXA1,C227R,C227R,targeting guide,Missense,0.8002424677228457,0.47559184608447225,1.0,0.9999998321245912,0.9999998321245912,0.8719066289915448,0.36742624951660013,1.0,1.0,1.0
gRNA_4549,FOXA1,0.2848307167161371,0.2519909934586363,0.2223574490705546,0.2530597197484427,0.2519909934586363,1144.7170126929311,0.3890334025258681,0.6785860143483643,0.6125650144750632,0.5600614771164318,0.6125650144750632,43020,57.80567178056718,76.57833565783356,1.8619246861924688,26.51092515109251,Foxa1,FOXA1,Y243C,Y243C,targeting guide,Missense,0.6754087456103066,0.6339930168942702,1.0,0.9999998321245912,0.9999998321245912,0.05073085970756649,0.982033646725406,0.5900219552945233,1.0,0.5900219552945233
gRNA_4550,FOXA1,0.0793987502636471,0.2906982890759384,0.24311091100497548,0.20440265011485367,0.24311091100497548,829.172276304558,0.07292603545564401,0.16151946541856968,0.3919477833636574,0.20879776141262366,0.16151946541856968,23104,57.41862880886427,88.0713296398892,0.8137119113573408,34.729916897506925,Foxa1,FOXA1,Y243C,Y243C,targeting guide,Missense,0.701141227769724,0.6009905969718308,1.0,0.9999998321245912,0.9999998321245912,0.5718549894522904,0.6879513392747494,1.0,1.0,1.0
gRNA_4562,FOXA1,-0.24724359639577986,0.07888582781597805,0.08274360873524968,-0.028538053281517376,0.07888582781597805,1082.4826533716866,-0.26316505355154834,0.20489382761353406,0.12339702632746194,0.021708600129815885,0.12339702632746194,34428,30.942837225514115,41.434297664691535,0.2991750900429882,25.70872545602417,Foxa1,FOXA1,Y175C,Y175C,targeting guide,Missense,0.8280031737494314,0.4250990174849102,1.0,0.9999998321245912,0.9999998321245912,0.7671175438724036,0.4963252275310399,1.0,1.0,1.0
gRNA_4567,FOXA1,0.5207265274835196,0.05548513035441717,0.09666127545735288,0.22429097776509654,0.09666127545735288,702.8039985932444,0.7940319510276106,1.1429860984550997,0.4597441672885109,0.7989207389237404,0.7940319510276106,27353,53.15687493145176,88.57163748034951,0.3363433627024458,39.04142141629803,Foxa1,FOXA1,M253V,M253V,targeting guide,Missense,0.5501995011920058,0.6732653391666403,1.0,0.9999998321245912,0.9999998321245912,3.290265289341618e-05,0.9967926657345653,0.0013832513806092761,1.0,0.0013832513806092761
gRNA_4577,FOXA1,0.7318003281866512,0.6246909943835639,0.08848779990715715,0.4816597074924574,0.6246909943835639,296.9845800097371,0.3603930882593345,0.2657065472203779,0.574522516013852,0.40020738383118815,0.3603930882593345,10999,70.1881989271752,78.35257750704609,0.2182016546958814,11.93744885898718,Foxa1,FOXA1,Y259C,Y259C,targeting guide,Missense,0.2253899946948309,0.8790691637853241,1.0,0.9999998321245912,0.9999998321245912,0.23717194511524725,0.879217849561776,1.0,1.0,1.0
gRNA_4578,FOXA1,0.9427163495522057,0.6034219977399298,0.4764920186391046,0.6742101219770801,0.6034219977399298,126.18099226986877,0.5729641722491214,0.6993350760422375,0.7101034388745291,0.6608008957219627,0.6993350760422375,5184,55.0925925925926,66.0108024691358,5.015432098765432,19.251543209876544,Foxa1,FOXA1,Y259C,Y259C,targeting guide,Missense,0.10655136835315653,0.9718672389217146,1.0,0.9999998321245912,0.9999998321245912,0.012804057186059883,0.998436271932117,0.18267121585445437,1.0,0.18267121585445437
gRNA_4586,FOXA1,-0.3415715103177723,-0.09669818501929754,-0.17966491009220542,-0.20597820180975843,-0.17966491009220542,1928.8695790112874,-0.15921986313909994,0.016138450442192316,-0.1788947730944486,-0.10732539526378541,-0.15921986313909994,53018,33.63008789467728,44.94511298049719,1.1335772756422346,21.99253083858312,Foxa1,FOXA1,I176V,I176V,targeting guide,Missense,0.8992425045285047,0.3126461850343558,1.0,0.9999998321245912,0.9999998321245912,0.8584011283221354,0.38763972081619946,1.0,1.0,1.0
gRNA_4587,FOXA1,-0.4007438663575441,-0.0077479052973259445,0.02195123230025437,-0.12884684645153857,-0.0077479052973259445,712.6864824707689,-0.5123186957822913,-0.0393743684323517,-0.06029953951008963,-0.20399753457491085,-0.06029953951008963,18216,1.37241985068072,1.90491875274484,0.0,21.47562582345191,Foxa1,FOXA1,I176V,I176V,targeting guide,Missense,0.8733296549930236,0.3577624346556298,1.0,0.9999998321245912,0.9999998321245912,0.8931132018790678,0.30825144245323677,1.0,1.0,1.0
gRNA_4589,FOXA1,-0.09337249995135632,0.06438030638974009,0.12244437550020303,0.031150727312862263,0.06438030638974009,1188.8407033456992,-0.4524800516634234,-0.35597346554771087,-0.11225333556086554,-0.3069022842573333,-0.35597346554771087,37202,43.25305091124133,46.492124079350575,0.0,6.625987850115584,Foxa1,FOXA1,D226G,D226G,targeting guide,Missense,0.8040586760896656,0.47039222303194506,1.0,0.9999998321245912,0.9999998321245912,0.9133178138981333,0.2804956592687607,1.0,1.0,1.0
gRNA_4590,FOXA1,-0.34565207222215344,0.014744413481009697,-0.17694292953511997,-0.16928352942542124,-0.17694292953511997,2156.7131560593425,-0.3750703260472701,-0.03882912522793232,-0.3485144641325568,-0.2541379718025864,-0.3485144641325568,62853,22.86446152132754,28.37414284123272,0.1193260464894277,22.62103638648911,Foxa1,FOXA1,D226G,D226G,targeting guide,Missense,0.894123962869495,0.3211983513243045,1.0,0.9999998321245912,0.9999998321245912,0.8997713741139861,0.30684957063275775,1.0,1.0,1.0
gRNA_4591,FOXA1,-0.22653855593799077,-0.4276475646189621,-0.31790687359794645,-0.3240309980516331,-0.31790687359794645,1789.9276780491377,-0.21797100430755192,-0.0992365924740989,-0.06947720163783232,-0.1288949328064944,-0.0992365924740989,44953,17.734077814606366,20.158832558449937,0.2291282005650346,12.14157008431028,Foxa1,FOXA1,D226G,D226G,targeting guide,Missense,0.9172936488132101,0.27659597383235046,1.0,0.9999998321245912,0.9999998321245912,0.8735449398944385,0.36392311204609923,1.0,1.0,1.0
gRNA_4621,FOXO1,0.2909718991870225,0.4568565880660836,0.33836131762288335,0.3620632682919965,0.33836131762288335,252.92782930412778,-0.34359642850470323,0.6250579297005009,0.4800098236892937,0.2538237749616971,0.4800098236892937,7559,28.41645720333377,89.74732107421617,0.0132292631300436,66.59611059663976,Foxo1,FOXO1,M1V,M1V,targeting guide,Missense,0.448605966379777,0.8038035728986271,1.0,0.9999998321245912,0.9999998321245912,0.1698913337437048,0.7856839251813044,1.0,1.0,1.0
gRNA_4622,FOXO1,-0.7454514698978925,-1.0213307127089202,-1.0531810033534992,-0.9399877286534372,-1.0213307127089202,978.720866554328,-0.046002482034551484,-0.6988553700950534,-0.8201360300269063,-0.5216646273855038,-0.6988553700950534,12089,28.637604433782776,80.85035983125155,0.0248159483828273,60.77425758954421,Foxo1,FOXO1,M1V,M1V,targeting guide,Missense,0.9872409449945476,0.06266583231457572,1.0,0.9999998321245912,0.9999998321245912,0.9453803048123885,0.17779892294189015,1.0,1.0,1.0
gRNA_4627,FOXO1,-0.467224655544827,-0.4750049069954463,-0.5833561589136538,-0.5085285738179757,-0.4750049069954463,605.6323994970214,-0.8812687867241579,-0.4539241728238751,-0.32200592730111854,-0.5523996289497172,-0.4539241728238751,10892,79.15901579140655,92.2879177377892,0.1285347043701799,15.038560411311051,Foxo1,FOXO1,T24A,T24A,targeting guide,Missense,0.9332488613912433,0.24040502656895904,1.0,0.9999998321245912,0.9999998321245912,0.955428451732767,0.16691204259017148,1.0,1.0,1.0
gRNA_4628,FOXO1,0.9430270682593366,0.3760864004334663,0.5173779353133116,0.6121638013353715,0.5173779353133116,185.02560137145923,0.15515901943723812,0.801280697540637,0.9324090686902288,0.6296162618893679,0.801280697540637,6450,58.57364341085272,72.29457364341086,1.4108527131782946,21.348837209302328,Foxo1,FOXO1,T24A,T24A,targeting guide,Missense,0.1474949986658691,0.9482622616837704,1.0,0.9999998321245912,0.9999998321245912,6.266147719830239e-05,0.9638097693931148,0.002095243143818236,1.0,0.002095243143818236
gRNA_4665,FOXP1,0.6009035828083162,0.4494016286732711,0.507071686003856,0.5191256324951478,0.507071686003856,251.27012233112364,-0.07675630036795428,0.5355014092111077,0.5631332556169557,0.340626121486703,0.5355014092111077,9865,14.06994424733908,20.364926507856055,0.030410542321338,17.942219969589456,Foxp1,FOXP1,V542A,V513A,targeting guide,Missense,0.22067920398225968,0.9388096874703405,1.0,0.9999998321245912,0.9999998321245912,0.15313534758126454,0.8563838820466338,1.0,1.0,1.0
gRNA_4704,FYN,0.08829067124792624,-0.18652379131593655,0.04460947031980053,-0.017874549916069928,0.04460947031980053,591.1476458214697,-0.09126992964658018,0.30181282408567844,0.25759352028244814,0.15604547157384882,0.25759352028244814,15638,10.794219209617598,45.894615679754445,2.206164471159995,56.08134032484973,Fyn,FYN,Non-coding,,targeting guide,Intron,0.821227471447605,0.438927233389271,1.0,0.9999998321245912,0.9999998321245912,0.6646121989323324,0.6100224775055285,1.0,1.0,1.0
gRNA_4734,GATA2,0.21298065402019464,0.21142085208434955,-0.022078457161425227,0.13410768298103967,0.21142085208434955,737.4245711448303,0.5438741425655107,0.4857704271822818,0.4945628587442565,0.508069142830683,0.4945628587442565,24375,0.9805128205128206,33.973333333333336,0.2707692307692307,89.63282051282052,Gata2,GATA2,W360R,W360R,targeting guide,Missense,0.7657774420467653,0.5193667637372956,1.0,0.9999998321245912,0.9999998321245912,0.09629971357336349,0.9805809234810641,0.8758405224269269,1.0,0.8758405224269269
gRNA_4735,GATA2,-0.011966000324392176,0.0254090856861273,-0.32165372913684825,-0.10273688125837105,-0.011966000324392176,1400.061054622975,0.15482871294887116,-0.02669576291471349,-0.1948210466679558,-0.022229365544599377,-0.02669576291471349,41169,50.210109548446646,89.4920935655469,1.100342490709029,43.29957006485463,Gata2,GATA2,W360R,W360R,targeting guide,Missense,0.8733296549930236,0.3577624346556298,1.0,0.9999998321245912,0.9999998321245912,0.7970027660701823,0.47022956504544366,1.0,1.0,1.0
gRNA_4770,GATA3,-0.49757580633977133,-0.2215560926158547,-0.2495496947218404,-0.3228938645591555,-0.2495496947218404,1020.8418029748653,-0.16389364644958396,0.24489832501913006,-0.33007758101653606,-0.08302430081566332,-0.16389364644958396,25522,22.54917326228352,78.10908236031659,1.089256327873991,69.12075856124127,Gata3,GATA3,F233S,F234S,targeting guide,Missense,0.9195040712010114,0.27089911308709497,1.0,0.9999998321245912,0.9999998321245912,0.8222183514168548,0.4102001075533608,1.0,1.0,1.0
gRNA_4782,GATA3,-0.388290880824608,-0.3739174319515471,-0.5126744844318731,-0.42496093240267613,-0.388290880824608,431.20929875125665,-0.3955332949399373,-0.7125649615905261,-0.2860197434404967,-0.46470599999032003,-0.3955332949399373,9361,8.39653883132144,74.9172096998184,0.0106826193782715,83.98675355197093,Gata3,GATA3,H281R,H281R,targeting guide,Missense,0.9289051270200763,0.2505459394572184,1.0,0.9999998321245912,0.9999998321245912,0.9434597292733412,0.2054024160293357,1.0,1.0,1.0
gRNA_4783,GATA3,-0.06730158827357673,0.22108077070843352,0.11148710566485402,0.08842209603323693,0.11148710566485402,854.9304923466219,0.08050831025956025,-0.03392287697311665,-0.13768687535972465,-0.03036714735776035,-0.03392287697311665,25532,35.53579821400595,75.05874980416732,0.0,53.023656587811374,Gata3,GATA3,H281R,H281R,targeting guide,Missense,0.7745447441619928,0.5064044303243966,1.0,0.9999998321245912,0.9999998321245912,0.8248547641114488,0.4419274496020502,1.0,1.0,1.0
gRNA_4826,GLI1,-0.12842584843532232,0.15305651892160244,-0.03568204244919396,-0.003683790654304612,-0.03568204244919396,386.6920304334598,0.49596281830247374,-0.10547846355640608,-0.08456615488841122,0.10197273328588548,-0.08456615488841122,5754,1.3903371567605145,56.29127563434133,0.5039972193256864,62.30448383733055,Gli1,GLI1,F567S,F565S,targeting guide,Missense,0.824215932012092,0.43639218099507904,1.0,0.9999998321245912,0.9999998321245912,0.548833752185441,0.5789293722080193,1.0,1.0,1.0
gRNA_4827,GLI1,1.0281681798262665,0.6977564124756452,0.4406748011390586,0.7221997978136567,0.6977564124756452,170.04194790053978,0.38170557210906886,-0.13094785548208043,0.49023300953270144,0.24699690871989663,0.38170557210906886,3384,1.773049645390071,92.2872340425532,6.678486997635933,62.47044917257684,Gli1,GLI1,F567S,F565S,targeting guide,Missense,0.06694563044722847,0.9780962707109393,1.0,0.9999998321245912,0.9999998321245912,0.3773452975587648,0.7649921133563374,1.0,1.0,1.0
gRNA_4828,GLI1,-1.461752130601726,-1.1932358379781804,-1.3068539155297725,-1.3206139613698928,-1.3068539155297725,1320.1125713843812,-1.8198888933303985,-1.1767882439683133,-0.9055332784203223,-1.3007368052396782,-1.1767882439683133,12291,46.033683182816695,89.95199739646897,0.1952648279228704,45.54552111300952,Gli1,GLI1,F567S,F565S,targeting guide,Missense,0.9997046647478787,0.003024681254596489,1.0,0.1798004968010135,0.1798004968010135,0.9989920385647427,5.486940540041368e-05,1.0,0.0027957268465925067,0.0027957268465925067
gRNA_4829,GLI1,-1.6267052399941837,-1.7470808153776973,-1.9614947113811814,-1.778426922251021,-1.7470808153776973,2060.7137844188655,-1.6961295712491329,-1.66228308167761,-1.852541508471412,-1.7369847204660516,-1.6961295712491329,13925,1.436265709156194,57.91023339317773,0.0215439856373429,85.91023339317773,Gli1,GLI1,F567S,F565S,targeting guide,Missense,0.9999983671086822,2.1701333040562103e-06,1.0,0.00033172037647716355,0.00033172037647716355,1.0,4.1025318572854354e-10,1.0,4.877454541439351e-08,4.877454541439351e-08
gRNA_4858,GNA13,0.4458034655752402,0.33714741546951266,0.2599436447815394,0.3476315086087641,0.33714741546951266,706.3590129228245,0.36067922735846897,0.4291096249982559,0.43706454284062873,0.40895113173245123,0.4291096249982559,28704,45.21669453734671,55.57065217391305,0.1985785953177257,27.125139353400225,Gna13,GNA13,D222G,D222G,targeting guide,Missense,0.47694721723922906,0.7829688584006069,1.0,0.9999998321245912,0.9999998321245912,0.2945038572951843,0.9030164242701166,1.0,1.0,1.0
gRNA_4884,GNAS,0.15968425994329916,0.2041540515998652,0.15764497572979327,0.17382776242431922,0.15968425994329916,1005.9731007714969,0.3121103743650463,0.4678660605438727,0.6619907891626924,0.48065574135720385,0.4678660605438727,32887,57.32660321707665,73.88329735153708,0.3253565238544105,27.09581293520236,Gnas,GNAS,T943A,T204A,targeting guide,Missense,0.724716510300866,0.5800376667655434,1.0,0.9999998321245912,0.9999998321245912,0.12376062370897938,0.9409821782884865,0.9809175360637625,1.0,0.9809175360637625
gRNA_4885,GNAS,0.0021419428281260386,0.13031603017277985,-0.0597221893430335,0.024245261219290798,0.0021419428281260386,465.6243855326557,-0.11120306308550362,-0.2526270380984085,-0.15834712275202725,-0.17405907464531312,-0.15834712275202725,13476,7.7396853665776195,9.572573463935887,0.0,27.604630454140693,Gnas,GNAS,T943A,T204A,targeting guide,Missense,0.8233251768588359,0.4409922022913343,1.0,0.9999998321245912,0.9999998321245912,0.8831829568884081,0.3459409950097991,1.0,1.0,1.0
gRNA_4888,GNAS,-1.076954576304251,-0.7759279673515876,-0.7118347675696401,-0.854905770408493,-0.7759279673515876,76.70082648169037,-1.2211314036923562,-0.7300011411903611,-0.08895581806593839,-0.6800294543162185,-0.7300011411903611,234,50.0,70.51282051282051,0.0,33.33333333333333,Gnas,GNAS,Q966R,Q227R,targeting guide,Missense,0.9791223585444071,0.08998511799872883,1.0,0.9999998321245912,0.9999998321245912,0.9724106357592396,0.03875065278725606,1.0,0.7027660759722709,0.7027660759722709
gRNA_4889,GNAS,0.5743183994240644,0.34760992424106285,0.32817975324088344,0.4167026923020036,0.34760992424106285,733.6921673482381,0.6078642808080106,0.36934944228017813,0.20140935460724713,0.39287435923181196,0.36934944228017813,30022,14.179601625474652,46.99553660648858,0.0166544534008393,42.39224568649657,Gnas,GNAS,Y869C,Y130C,targeting guide,Missense,0.34431791038528337,0.866343619713511,1.0,0.9999998321245912,0.9999998321245912,0.23178083226782892,0.8656494262935244,1.0,1.0,1.0
gRNA_4893,GNB1,0.2083303021185734,0.2737676996132586,0.16689803244973586,0.21633201139385594,0.2083303021185734,836.8430073306188,0.14618880341307786,0.10584757089956762,0.3740283006603336,0.20868822499099302,0.14618880341307786,30757,21.738140911012128,46.81861039763306,0.0,36.00481191273531,Gnb1,GNB1,K89E,K89E,targeting guide,Missense,0.6976189186264607,0.6090672545972122,1.0,0.9999998321245912,0.9999998321245912,0.5826348107528863,0.6955609952984199,1.0,1.0,1.0
gRNA_4894,GNB1,0.22201385569632828,0.3429716576393381,0.006749793039797827,0.19057843545848807,0.22201385569632828,1155.1439542092696,-0.12512030419479267,-0.12887113614059012,-0.2973123075248061,-0.18376791595339628,-0.12887113614059012,39473,0.0253337724520558,6.629848250703012,0.1444025029767182,82.32209358295543,Gnb1,GNB1,K57E,K57E,targeting guide,Missense,0.6678097079914656,0.6042787995402166,1.0,0.9999998321245912,0.9999998321245912,0.8832894222576514,0.3446439864730589,1.0,1.0,1.0
gRNA_4961,GRIN2A,0.92387115502932,0.8340371380856205,0.5449781008095367,0.7676287979748256,0.8340371380856205,453.25534119562496,0.07228817491396322,-0.002367942796736452,0.5806075747217223,0.2168426022796497,0.07228817491396322,23814,0.079785000419921,47.34609893340052,0.4577139497774418,90.53917863441671,Grin2a,GRIN2A,D164G,D164G,targeting guide,Missense,0.05714019840949653,0.9871109754035864,1.0,0.9999998321245912,0.9999998321245912,0.36072477612922044,0.6966510160707576,1.0,1.0,1.0
gRNA_4969,GRIN2A,0.3073288158448912,0.26733189580961225,0.3216275864976177,0.29876276605070706,0.3073288158448912,1268.7189683849342,0.3458212440698429,0.2830916010648207,0.30048395006982853,0.3097989317348307,0.30048395006982853,43943,0.5711945019684591,57.38115285711035,0.6781512413808798,79.33914389094964,Grin2a,GRIN2A,V341A,V341A,targeting guide,Missense,0.6054051384817141,0.7003977419695023,1.0,0.9999998321245912,0.9999998321245912,0.5216966556682539,0.7700969753524258,1.0,1.0,1.0
gRNA_5176,HRAS,-0.7092641744063373,-0.7040538386050701,-0.7178356098104067,-0.7103845409406047,-0.7092641744063373,1097.465774089224,-0.3238226381950143,-0.5781290202473075,-0.993019866292171,-0.6316571749114975,-0.5781290202473075,18025,14.823855755894591,47.85575589459084,0.3828016643550624,61.586685159500696,Hras,HRAS,Q61R,Q61R,targeting guide,Missense,0.9528867811786018,0.18961125898997397,1.0,0.9999998321245912,0.9999998321245912,0.9725657782269318,0.08693076245479747,1.0,1.0,1.0
gRNA_5194,IDH2,-1.5893599321323661,-1.4849672104840876,-1.524346217934922,-1.532891120183792,-1.524346217934922,2125.2588164877466,-2.1305504396569726,-1.6377188506286973,-1.4186692943351318,-1.7289795282069338,-1.6377188506286973,18945,46.79334916864608,79.8258115597783,0.5700712589073634,39.3296384270256,Idh2,IDH2,R172G,R172G,targeting guide,Missense,0.9999889428209591,0.00022180962081352686,1.0,0.02157602675186125,0.02157602675186125,1.0,4.1025318572854354e-10,1.0,4.877454541439351e-08,4.877454541439351e-08
gRNA_5227,IGF1R,0.2319820443543896,0.19997659155381045,0.15478198006498006,0.19558020532439335,0.19997659155381045,849.9338307361381,-0.11985357400394861,0.27307889252858664,0.029274283275478104,0.06083320060003871,0.029274283275478104,28684,0.1708269418491144,82.79180030679125,0.0,89.41221586947428,Igf1r,IGF1R,N370S,N369S,targeting guide,Missense,0.7113764609058353,0.59506333561322,1.0,0.9999998321245912,0.9999998321245912,0.752902511290159,0.5198577628341365,1.0,1.0,1.0
gRNA_5228,IGF1R,0.8522143178167647,0.6864547492160629,0.930737462940203,0.8231355099910102,0.8522143178167647,384.54293753713614,0.4992477578624028,0.3422360536830134,0.6476616510173461,0.4963818208542541,0.4992477578624028,19810,0.7925290257445735,69.04088844018173,0.1514386673397274,88.57142857142857,Igf1r,IGF1R,N370S,N369S,targeting guide,Missense,0.042113359670298924,0.9933366852738207,1.0,0.9999998321245912,0.9999998321245912,0.11218576143711573,0.9500599208483341,0.9383156669906633,1.0,0.9383156669906633
gRNA_5229,IGF1R,0.12464044084627045,0.23342233273166843,0.14322687051827307,0.16709654803207064,0.14322687051827307,1529.1415062252925,0.05962862664910327,0.2116923184994496,-0.06830183767292725,0.06767303582520855,0.05962862664910327,55796,2.901641694745143,15.958133199512508,0.3172270413649724,67.93318517456449,Igf1r,IGF1R,N551S,N550S,targeting guide,Missense,0.7261813694017789,0.577288716600328,1.0,0.9999998321245912,0.9999998321245912,0.7665755250588777,0.5135734409722872,1.0,1.0,1.0
gRNA_5236,IGF1R,0.5391868427558135,0.8205475882186035,0.8282576796058556,0.7293307035267574,0.8205475882186035,389.9974472894359,0.22676241240420225,0.24554358980324145,0.7889959132133164,0.42043397180692005,0.24554358980324145,15396,26.487399324499872,95.0506625097428,0.0,70.42738373603534,Igf1r,IGF1R,D556G,D555G,targeting guide,Missense,0.058707837421138984,0.9862126440228225,1.0,0.9999998321245912,0.9999998321245912,0.0620026153006803,0.8431311190415929,0.677176927878531,1.0,0.677176927878531
gRNA_5237,IGF1R,0.27811768843374446,0.19131633587455363,0.43166428643346527,0.3003661035805878,0.27811768843374446,555.0266701284622,0.369108032874281,0.32629275033137206,-0.06550518323122259,0.2099651999914768,0.32629275033137206,18794,20.724699372140044,87.71948494200277,0.0053208470788549,73.27338512291158,Igf1r,IGF1R,D556G,D555G,targeting guide,Missense,0.5435201584279661,0.7240161053683065,1.0,0.9999998321245912,0.9999998321245912,0.6070647067844632,0.655817177459947,1.0,1.0,1.0
gRNA_5319,IKZF1,0.6421410726288688,0.300836011426365,0.3197654190745838,0.4209141677099392,0.3197654190745838,1405.2635291841725,0.6315220313967337,0.30955461212973717,-0.3738745206790719,0.1890673742824663,0.30955461212973717,60255,32.76242635465936,88.27317235084226,0.0049788399302962,60.2588996763754,Ikzf1,IKZF1,D329G,D312G,targeting guide,Missense,0.3585503758948302,0.8320920282880157,1.0,0.9999998321245912,0.9999998321245912,0.2715322674594126,0.6967213846371536,1.0,1.0,1.0
gRNA_5372,INHA,-1.6418153862038591,-1.5264653899074867,-1.8573873403656938,-1.6752227054923468,-1.6418153862038591,1245.264576450045,-2.2975826719054036,-2.4812621423157486,-1.8196447862781193,-2.199496533499757,-2.2975826719054036,6119,18.17290406929237,43.43847033829057,2.6801764994280117,51.201176662853406,Inha,INHA,V179A,V178A,targeting guide,Missense,0.9999983671086822,2.1701333040562103e-06,1.0,0.00033172037647716355,0.00033172037647716355,1.0,4.1025318572854354e-10,1.0,4.877454541439351e-08,4.877454541439351e-08
gRNA_5373,INHA,-0.1927715645389366,-0.25617621812271085,-0.5088335051413237,-0.3192604292676571,-0.25617621812271085,2549.316646897099,-0.3523240423330902,-0.49950257374249896,-0.49365061283047285,-0.448492409635354,-0.49365061283047285,61020,23.8298918387414,94.77220583415271,0.2097672894133071,72.62209111766634,Inha,INHA,V179A,V178A,targeting guide,Missense,0.9195040712010114,0.27089911308709497,1.0,0.9999998321245912,0.9999998321245912,0.9442076176998323,0.2113082802259366,1.0,1.0,1.0
gRNA_5374,INHA,-1.4887485380614207,-1.130571485638323,-1.0707565464863538,-1.2300255233953659,-1.130571485638323,663.8744425188005,-1.8566804911858525,-1.0907798874403298,-1.0680382048938035,-1.3384995278399954,-1.0907798874403298,7150,27.02097902097902,95.56643356643356,0.0,70.47552447552448,Inha,INHA,V179A,V178A,targeting guide,Missense,0.998592570362592,0.007958456434779923,1.0,0.3702412341397616,0.3702412341397616,0.9998571638002612,3.020550683446727e-05,1.0,0.0017955495729377767,0.0017955495729377767
gRNA_5454,INPP4A,-0.1654723579157052,0.06371448707463007,0.11991065238086136,0.006050927179928746,0.06371448707463007,1716.0455068617591,-0.08158359711002067,-0.2179267518037718,-0.4214076283218571,-0.2403059924118832,-0.2179267518037718,50372,51.96736282061463,70.5272770586834,1.608036210593187,24.10863177956007,Inpp4a,INPP4A,F813L,F813L,targeting guide,Missense,0.8136248231258812,0.4519894851349153,1.0,0.9999998321245912,0.9999998321245912,0.8996010374163972,0.3104769018307373,1.0,1.0,1.0
gRNA_5455,INPP4A,0.04140849653602509,0.2082367094491452,-0.03575712851275889,0.07129602582413715,0.04140849653602509,2189.743242892713,0.09287043664088096,-0.09089901221043026,-0.3021547214624698,-0.10006109901067302,-0.09089901221043026,70467,15.32348475172776,18.354690848198448,0.0028382079554968,14.15840038599628,Inpp4a,INPP4A,F813L,F813L,targeting guide,Missense,0.7953833592199476,0.4816960111872791,1.0,0.9999998321245912,0.9999998321245912,0.8493675794048164,0.39048557840124454,1.0,1.0,1.0
gRNA_5456,INPP4A,0.18496395643186728,-0.06502832445505342,0.008785064349416906,0.042906898775410256,0.008785064349416906,1452.5338561146052,0.36399647556541415,0.14889785783808399,-0.1956028422823419,0.10576383037371873,0.14889785783808399,43840,6.297901459854015,7.436131386861314,0.271441605839416,10.426551094890511,Inpp4a,INPP4A,F813L,F813L,targeting guide,Missense,0.8145784498721436,0.45093943822907745,1.0,0.9999998321245912,0.9999998321245912,0.6713947772451143,0.5883534335393259,1.0,1.0,1.0
gRNA_5477,INPP4A,-0.19629040506662715,-0.04815579708977547,0.10048786871310303,-0.047986111147766526,-0.04815579708977547,2341.3180083427333,0.02862479660172379,0.09247731189878321,0.19870024972362155,0.10660078607470952,0.09247731189878321,69786,12.06832315937294,13.551428653311554,0.0,28.47562548362136,Inpp4a,INPP4A,L693P,L693P,targeting guide,Missense,0.8421459833383784,0.4057818503222132,1.0,0.9999998321245912,0.9999998321245912,0.7311243045700195,0.5663357930362203,1.0,1.0,1.0
gRNA_5501,INPPL1,-0.18139535767278558,0.015033377940805125,0.12275605245989624,-0.014535309090694745,0.015033377940805125,939.2665793460261,-1.105241466983681,-0.5261035257643432,-0.7511895577953162,-0.7941781835144468,-0.7511895577953162,23929,0.121191859250282,86.80680346023654,0.6602866814325713,96.61916502988008,Inppl1,INPPL1,L58P,L58P,targeting guide,Missense,0.8327155972448861,0.4216369832015748,1.0,0.9999998321245912,0.9999998321245912,0.9855293095542625,0.051810469587717435,1.0,0.8251623426430618,0.8251623426430618
gRNA_5509,INPPL1,-0.1002363498183198,0.1658015047930404,-0.02234365955413536,0.014407165140195077,-0.02234365955413536,1041.8688325330859,-0.14533902772141002,-0.05760123006984723,-0.18295080837391098,-0.1286303553883894,-0.14533902772141002,26702,75.00561755673732,81.85529173844655,0.363268669013557,11.699498164931466,Inppl1,INPPL1,Y672H,Y671H,targeting guide,Missense,0.8209883744768864,0.44231466208738834,1.0,0.9999998321245912,0.9999998321245912,0.8742397621463879,0.36302509510658265,1.0,1.0,1.0
gRNA_5561,INSR,0.6558813552147539,0.5619784140089399,0.6008659692097603,0.6062419128111514,0.6008659692097603,556.0969314823802,0.5266576421903981,0.9706194070352837,0.8003868111844267,0.7658879534700361,0.8003868111844267,24953,27.25924738508396,32.51713220855208,0.5690698513204825,14.891996954274036,Insr,INSR,N635D,N633D,targeting guide,Missense,0.14211858579926948,0.9678451474005203,1.0,0.9999998321245912,0.9999998321245912,2.1686076657782744e-05,0.9992328567217789,0.0011049572392298828,1.0,0.0011049572392298828
gRNA_5614,IRF4,0.29087104745287845,0.31458837104353904,0.4069761790195141,0.3374785325053105,0.31458837104353904,907.8728454383449,-0.091499776246311,0.43835192315379445,0.3163095238326998,0.22105389024672775,0.3163095238326998,36906,31.626293827561916,38.76063512707961,0.0,23.99880778193248,Irf4,IRF4,I448V,I449V,targeting guide,Missense,0.5266681850538044,0.7575362536242961,1.0,0.9999998321245912,0.9999998321245912,0.5086838032347165,0.696224092391496,1.0,1.0,1.0
gRNA_5615,IRF4,0.17895410310342788,0.45513318447483886,0.39975859187033264,0.34461529314953315,0.39975859187033264,327.87664177713265,0.09554710798596207,0.08136058007623159,0.35474651423802317,0.17721806743340562,0.09554710798596207,11014,3.631741420010895,20.15616488106047,0.2905393136008716,85.93608135100781,Irf4,IRF4,L116P,L116P,targeting guide,Missense,0.4369371467628008,0.7974963673844776,1.0,0.9999998321245912,0.9999998321245912,0.6544922469436911,0.633183441868628,1.0,1.0,1.0
gRNA_5618,IRF8,-0.10834645190030413,-0.2674389052994948,-0.149541976976619,-0.17510911139213933,-0.149541976976619,995.9328751060297,-1.2315837807906949,-0.9187946461138324,-1.1536128951544415,-1.101330440686323,-1.1536128951544415,26684,0.1836306400839454,93.2206565732274,0.0562134612501873,95.8214660470694,Irf8,IRF8,Y23H,Y23H,targeting guide,Missense,0.8884988104768209,0.33428117685540154,1.0,0.9999998321245912,0.9999998321245912,0.9986483787121422,0.0049329248362727654,1.0,0.1466174881892183,0.1466174881892183
gRNA_5620,IRF8,0.38725121980775573,0.12601450339308215,0.16993478918947144,0.2277335041301031,0.16993478918947144,447.5171247506108,0.24415921424241838,-0.038013944923855195,0.1373346131694718,0.11449329416267832,0.1373346131694718,14666,1.4796127096686214,8.761761898268103,0.0,36.57438974498841,Irf8,IRF8,K66R,K66R,targeting guide,Missense,0.6105700686513278,0.6671318710959021,1.0,0.9999998321245912,0.9999998321245912,0.7278662145563648,0.5630230136653436,1.0,1.0,1.0
gRNA_5621,IRF8,-0.2756124296157297,-0.1281426251415238,-0.2182333447982787,-0.20732946651851072,-0.2182333447982787,984.0541649787989,-0.2346187540061839,-0.17394500424346143,-0.5128306503345268,-0.30713146952805737,-0.2346187540061839,28061,24.963472435052207,71.06660489647554,0.1247282705534371,60.49321121841702,Irf8,IRF8,T80A,T80A,targeting guide,Missense,0.8993903617633554,0.3136968832428072,1.0,0.9999998321245912,0.9999998321245912,0.9173144530705863,0.2671240741747883,1.0,1.0,1.0
gRNA_5623,IRS1,0.47013695085557244,0.6021241055153457,0.5632949871285747,0.5451853478331642,0.5632949871285747,725.6931064128012,0.2841267501007445,0.6303588594412419,0.8874504444303895,0.6006453513241253,0.6303588594412419,32421,1.489775145738873,81.96539280096235,0.188149656087104,87.41864840689676,Irs1,IRS1,V277A,V282A,targeting guide,Missense,0.19693325939558745,0.9488580258295826,1.0,0.9999998321245912,0.9999998321245912,0.00030524957575611786,0.9694902307963811,0.0065323409211809225,1.0,0.0065323409211809225
gRNA_5624,IRS1,-1.2074198067285944,-1.6065737886651676,-1.2577156875325963,-1.3572364276421194,-1.2577156875325963,1566.7776235161614,-1.1949442004364945,-1.4088956854264245,-1.5787711824501771,-1.3942036894376988,-1.4088956854264245,15713,2.151085088779991,91.9811620950805,0.496404251256921,90.82924966588176,Irs1,IRS1,V277A,V282A,targeting guide,Missense,0.999819896656194,0.001588621418940235,1.0,0.10600667048016688,0.10600667048016688,0.9999953513307706,7.945763554954588e-08,1.0,7.084972503167841e-06,7.084972503167841e-06
gRNA_5625,IRS1,-0.11993855001595566,-0.43971471468419937,-0.19037983130405006,-0.25001103200140173,-0.19037983130405006,1191.3255355661915,-0.3417463173666561,-0.30464951128690426,-0.4986137596121929,-0.3816698627552511,-0.3417463173666561,27598,14.294514095224292,83.35386622219,1.231973331400826,73.43285745343866,Irs1,IRS1,V277A,V282A,targeting guide,Missense,0.8992425045285047,0.3126461850343558,1.0,0.9999998321245912,0.9999998321245912,0.9340170903737831,0.23600667634602693,1.0,1.0,1.0
gRNA_5626,IRS1,-0.023552676376512583,0.2342574268531317,0.15461119364677806,0.12177198137446572,0.15461119364677806,1251.6281711610616,0.4305682280381769,0.05928452708951704,0.15455658083859228,0.2148031119887621,0.15455658083859228,38824,3.294354007830208,25.278178446321864,0.1210591386771069,84.32412940449207,Irs1,IRS1,Y608H,Y612H,targeting guide,Missense,0.7609644286469279,0.5243257634961971,1.0,0.9999998321245912,0.9999998321245912,0.5425773302837451,0.6979352194335815,1.0,1.0,1.0
gRNA_5627,IRS1,-0.30612875871524775,-0.16394235429052098,-0.21387441321068026,-0.22798184207214967,-0.21387441321068026,2344.9543481776,0.06283172009127683,-0.4725665482753611,-0.3381449510456834,-0.24929325974325586,-0.3381449510456834,62443,17.856284931857854,46.64413945518312,0.3363067117210896,64.15771183319187,Irs1,IRS1,Y608H,Y612H,targeting guide,Missense,0.9068333414996583,0.2987370265702993,1.0,0.9999998321245912,0.9999998321245912,0.8948459093825349,0.30180949774889987,1.0,1.0,1.0
gRNA_5628,IRS1,-0.04743161388783045,-0.23156624965450384,-0.14505247077818145,-0.14135011144017193,-0.14505247077818145,696.173170701228,-0.18010184858929298,-0.3365086926996074,0.0982341096895765,-0.13945881053310796,-0.18010184858929298,18316,1.845381087573706,44.73684210526316,0.0,81.57348766106138,Irs1,IRS1,Y608H,Y612H,targeting guide,Missense,0.8884988104768209,0.33428117685540154,1.0,0.9999998321245912,0.9999998321245912,0.854685493038918,0.37679770679118596,1.0,1.0,1.0
gRNA_5740,JAK1,-0.43565690094881,-0.6301323817619945,-0.40139050131117066,-0.48905992800732506,-0.43565690094881,1117.5078369184007,-0.4103024542546611,-0.42911785712900286,-0.6558031375633443,-0.4984078163156694,-0.42911785712900286,24811,8.274555640643264,70.7911813308613,0.4030470355890532,68.6268187497481,Jak1,JAK1,Y651H,Y652H,targeting guide,Missense,0.9289051270200763,0.2505459394572184,1.0,0.9999998321245912,0.9999998321245912,0.9481101302483136,0.1976706332703768,1.0,1.0,1.0
gRNA_5741,JAK1,0.21456018302811544,-0.03016590465240626,-0.08000849026877839,0.034795262702310266,-0.03016590465240626,1103.3867172263356,-0.5078426003361876,-0.3188617416433554,-0.14111719925720603,-0.32260718041224967,-0.3188617416433554,34307,11.123094412219082,71.3761040020987,0.7666073979071326,65.0421196840295,Jak1,JAK1,Y651H,Y652H,targeting guide,Missense,0.8171183290327917,0.4466118603854786,1.0,0.9999998321245912,0.9999998321245912,0.922473848596915,0.2565105893747688,1.0,1.0,1.0
gRNA_5742,JAK1,0.3830076990315134,0.44040932875617017,0.5889694893107382,0.4707955056994739,0.44040932875617017,979.2585153219305,0.16520282269155667,0.11096688061790082,0.13183123487277712,0.13600031272741153,0.13183123487277712,41763,10.588319804611736,68.94859085793645,0.2035294399348706,62.69185642793861,Jak1,JAK1,Y651H,Y652H,targeting guide,Missense,0.2686766885574045,0.9155786170858828,1.0,0.9999998321245912,0.9999998321245912,0.7024389830397907,0.604577070263548,1.0,1.0,1.0
gRNA_5769,JAK2,0.310842274699701,0.19050358260933378,0.2371182392012636,0.24615469883676613,0.2371182392012636,322.9978278938017,0.3649087897966122,0.658178551428245,0.4117234395394118,0.47827026025475633,0.4117234395394118,10333,43.56914739185135,59.324494338527046,0.0,22.974934675312102,Jak2,JAK2,M661T,M661T,targeting guide,Missense,0.6681080306119016,0.639109496252092,1.0,0.9999998321245912,0.9999998321245912,0.137723620157849,0.9394877417671177,1.0,1.0,1.0
gRNA_5772,JAK2,-0.09103846710865195,-0.16404402008512636,-0.1586533484600491,-0.13791194521794248,-0.1586533484600491,1828.7153029543806,0.0026593965510236482,-0.5003363468542947,-0.01851981162304559,-0.17206558730877222,-0.01851981162304559,52756,1.196072484646296,10.889756615361286,0.2445219501099401,72.04488588975661,Jak2,JAK2,M8V,M8V,targeting guide,Missense,0.8824048844540601,0.3479036316007878,1.0,0.9999998321245912,0.9999998321245912,0.8682467978940496,0.34915317762026454,1.0,1.0,1.0
gRNA_5773,JAK2,0.05853007904970045,0.22736799716083256,-0.003753195760121091,0.09404829348347064,0.05853007904970045,986.9094705819494,-0.05503475230067077,-0.021847681638153676,0.10924302550935534,0.010786863856843631,-0.021847681638153676,33111,0.0936244752499169,4.077194889915738,0.0543625985322098,54.48944459545167,Jak2,JAK2,M8V,M8V,targeting guide,Missense,0.7799000501005046,0.5014703055927827,1.0,0.9999998321245912,0.9999998321245912,0.800692071604237,0.4742612326918393,1.0,1.0,1.0
gRNA_5776,JAK2,0.524170398359982,0.33679822288086814,0.4162564934097369,0.425741704883529,0.4162564934097369,472.90599552439295,0.5633586957617699,0.2252822156289166,0.08670997409367161,0.29178362849478606,0.2252822156289166,17000,0.1411764705882353,58.00588235294117,0.3941176470588235,82.79411764705881,Jak2,JAK2,R683G,R683G,targeting guide,Missense,0.35480085172985504,0.8693772753639415,1.0,0.9999998321245912,0.9999998321245912,0.33500328477243574,0.7650628131389275,1.0,1.0,1.0
gRNA_5777,JAK2,0.2518052208132983,0.21748681829948688,0.33071098023288237,0.2666676731152225,0.2518052208132983,818.0783911775304,0.4393983698645804,0.25258972425826154,0.3369119667575692,0.34296668696013705,0.3369119667575692,29369,45.84766250127686,61.58875004256188,0.1464128843338213,21.250297933194865,Jak2,JAK2,R683G,R683G,targeting guide,Missense,0.6319642276045074,0.6707401292941745,1.0,0.9999998321245912,0.9999998321245912,0.4211939887097631,0.8183307084738959,1.0,1.0,1.0
gRNA_5792,JAK3,0.21332711845390573,0.2588559245768875,0.39662036780299176,0.289601136944595,0.2588559245768875,487.7483978262106,0.3079067986024813,0.5544710364745176,0.3906952468703466,0.41769102731578184,0.3906952468703466,18477,6.223954105103642,38.45321210153163,0.0054121340044379,85.04627374573795,Jak3,JAK3,V670A,V674A,targeting guide,Missense,0.5838292444800053,0.6987544900025155,1.0,0.9999998321245912,0.9999998321245912,0.2270163266334346,0.9052354801637928,1.0,1.0,1.0
gRNA_5854,KDM5C,0.3222694988740711,0.6950882014426922,0.8668329027193854,0.628063534345383,0.6950882014426922,212.8470916675212,0.5286238319225828,0.47411235191692824,0.6290027655741075,0.5439129831378728,0.5286238319225828,7840,32.066326530612244,57.11734693877551,0.1530612244897959,29.09438775510204,Kdm5c,KDM5C,W501R,W501R,targeting guide,Missense,0.12481970216850712,0.9441894566143985,1.0,0.9999998321245912,0.9999998321245912,0.05757758641474853,0.9880417932844751,0.6417501819143847,1.0,0.6417501819143847
gRNA_5860,KDM5C,0.1268271308849549,0.03363859675750952,0.1325070695548855,0.09765759906578331,0.1268271308849549,1002.7207094644472,0.2540377490581072,0.33926644459700167,0.18417234242218528,0.25915884535909806,0.2540377490581072,30039,1.7144378974000465,4.584040747028863,0.1131861912846632,20.84623323013416,Kdm5c,KDM5C,I227T,I227T,targeting guide,Missense,0.7655677906862404,0.5279850937294213,1.0,0.9999998321245912,0.9999998321245912,0.5757428283709041,0.7247604223202144,1.0,1.0,1.0
gRNA_5861,KDM5C,0.3847165235979469,0.10941286587713071,0.3152398134937068,0.26978973432292813,0.3152398134937068,759.4210675173848,0.37485931571426595,0.2686656956008827,0.07946842485544903,0.2409978120568659,0.2686656956008827,26307,4.15858896871555,8.336184285551374,0.7678564640589957,35.24157068460866,Kdm5c,KDM5C,I227T,I227T,targeting guide,Missense,0.5628183492891752,0.7165047157155822,1.0,0.9999998321245912,0.9999998321245912,0.5646683800920751,0.7076520007015978,1.0,1.0,1.0
gRNA_5864,KDM5C,0.19113446497821268,0.4577326173055942,0.10962693568861138,0.2528313393241394,0.19113446497821268,930.9937392233106,0.16594830821958623,-0.07291533927349027,0.11135798164852224,0.06813031686487274,0.11135798164852224,31667,7.613604067325606,88.12644077430764,0.1926295512678814,84.2801654719424,Kdm5c,KDM5C,D337G,D337G,targeting guide,Missense,0.5498615641154361,0.6985924312195756,1.0,0.9999998321245912,0.9999998321245912,0.7512027071684185,0.5342793317454209,1.0,1.0,1.0
gRNA_5865,KDM5C,0.7268727729130491,0.2281383822619619,0.43504487203058484,0.46335200906853197,0.43504487203058484,424.62801693105393,0.53143836360749,0.26244753732331205,0.4955667971213522,0.4298175660173847,0.4955667971213522,15512,19.32697266632285,49.5293965961836,0.4899432697266632,52.095152140278486,Kdm5c,KDM5C,D337G,D337G,targeting guide,Missense,0.2828927607139333,0.8644600463541916,1.0,0.9999998321245912,0.9999998321245912,0.1947290539042115,0.9219855198163649,1.0,1.0,1.0
gRNA_5912,KDM6A,0.47882551866125966,-0.02122242252366715,0.06798497710310933,0.1751960244135673,0.06798497710310933,416.21196614503305,0.21469529626390021,-0.12307520091837132,-0.011003298685847554,0.026872265553227113,-0.011003298685847554,13363,3.876375065479309,30.996033824739957,1.5864701040185585,44.99738082765846,Kdm6a,KDM6A,R484G,R484G,targeting guide,Missense,0.6074301191460132,0.6049442528381852,1.0,0.9999998321245912,0.9999998321245912,0.7782223462285422,0.49585027615478994,1.0,1.0,1.0
gRNA_6000,KDR,-0.6362703182559057,-0.26078310131326865,-0.1276188879910701,-0.3415574358534148,-0.26078310131326865,1168.8408342539333,-0.38666753662308684,-0.34266044038805954,-0.34209575595757485,-0.3571412443229071,-0.34266044038805954,26679,5.8585404250534125,76.5058660369579,0.2061546534727688,89.97338730836988,Kdr,KDR,V1261A,V1263A,targeting guide,Missense,0.9120623495509416,0.28493447591807053,1.0,0.9999998321245912,0.9999998321245912,0.9255722950536995,0.2586314007250605,1.0,1.0,1.0
gRNA_6063,KEAP1,-0.028495248504815503,0.4423986081743129,0.18817642990694208,0.2006932631921465,0.18817642990694208,809.2797926285086,0.12775433100595956,0.08364522504747479,0.3971902750907625,0.20286327704806562,0.12775433100595956,28785,14.5839847142609,69.79676915059927,0.3821434775056453,76.80389091540734,Keap1,KEAP1,M161V,M161V,targeting guide,Missense,0.6061841301693087,0.6294572544410366,1.0,0.9999998321245912,0.9999998321245912,0.5775565466457075,0.67676431416881,1.0,1.0,1.0
gRNA_6064,KEAP1,-0.9156332525996302,-0.5369942007738151,-0.6983677396050061,-0.7169983976594838,-0.6983677396050061,1664.7769820658143,-0.5641641888939011,-0.6174361608330892,-0.6363142295101805,-0.6059715264123903,-0.6174361608330892,31470,43.425484588496985,83.29837940896091,0.0031776294884016,49.551954242135366,Keap1,KEAP1,M161V,M161V,targeting guide,Missense,0.955359446980432,0.17853574992539967,1.0,0.9999998321245912,0.9999998321245912,0.9670224367066252,0.14779325079817876,1.0,1.0,1.0
gRNA_6080,KEAP1,-0.4253216329500075,-0.2468364878813209,-0.06515968673698956,-0.24577260252277267,-0.2468364878813209,1164.1135924686068,0.12623102608711814,-0.17268562911081708,0.033167705335290766,-0.004428965896136059,0.033167705335290766,28320,1.4901129943502824,60.29661016949153,0.1977401129943502,67.13276836158192,Keap1,KEAP1,Y33H,Y33H,targeting guide,Missense,0.9047805246367713,0.30085211762299396,1.0,0.9999998321245912,0.9999998321245912,0.8012593345908674,0.47068953942717007,1.0,1.0,1.0
gRNA_6081,KEAP1,0.44226517810688143,0.5112254638347447,0.6573465743585964,0.5369457387667408,0.5112254638347447,368.83980149341545,0.7832317438420249,0.9466060121512743,0.7284722493005444,0.8194366684312812,0.7832317438420249,14750,11.51864406779661,82.00677966101695,0.5627118644067797,71.43728813559322,Keap1,KEAP1,Y33H,Y33H,targeting guide,Missense,0.19407716679239786,0.9462333807446807,1.0,0.9999998321245912,0.9999998321245912,6.187991865636175e-06,0.9999828372438699,0.00034848164717003716,1.0,0.00034848164717003716
gRNA_6086,KEAP1,-1.0951493563026524,-0.8949079890269841,-0.869189384969687,-0.953082243433108,-0.8949079890269841,1073.5081249165157,-1.3535240156258745,-0.9125832383538659,-0.5790482992774088,-0.9483851844190497,-0.9125832383538659,12317,46.38304782008606,84.89080133149307,0.0081188601120402,44.50759113420476,Keap1,KEAP1,H311R,H311R,targeting guide,Missense,0.9847470718060027,0.07528257099619397,1.0,0.9999998321245912,0.9999998321245912,0.9915986771812941,0.01347539634836747,1.0,0.32041497983895983,0.32041497983895983
gRNA_6087,KEAP1,0.22489980786516775,0.18714724091634874,0.1864871746918717,0.19951140782446272,0.18714724091634874,842.1157000911752,-0.06320246965238493,-0.22412670039440122,-0.029736040280779176,-0.10568840344252178,-0.06320246965238493,29769,2.136450670160234,74.93701501562028,0.8498773892304076,93.27488326782894,Keap1,KEAP1,H311R,H311R,targeting guide,Missense,0.7071588922097178,0.6000020632068133,1.0,0.9999998321245912,0.9999998321245912,0.8572237461526341,0.39017397008536053,1.0,1.0,1.0
gRNA_6103,KIT,-0.4050208440666923,-0.6100677948940033,-0.2584835034911491,-0.42452404748394823,-0.4050208440666923,816.055264607965,-0.7865706402965329,-0.5657293337071784,-0.5340645249797444,-0.6287881663278186,-0.5657293337071784,17117,51.35245662207163,62.21300461529473,0.8938482210667756,18.420283928258456,Kit,KIT,W560R,W557R,targeting guide,Missense,0.9267324030286267,0.25541010323823415,1.0,0.9999998321245912,0.9999998321245912,0.9682722333274116,0.14237996510134943,1.0,1.0,1.0
gRNA_6104,KIT,0.338520970987146,0.17583561171981796,0.6824524814485413,0.3989363547185018,0.338520970987146,585.043045549452,0.21593653787956074,0.20459316301127228,0.35376602549261144,0.25809857546114817,0.21593653787956074,21832,11.22205936240381,28.838402345181382,0.1786368633198974,41.04983510443386,Kit,KIT,W560R,W557R,targeting guide,Missense,0.35565684188467944,0.8094754365314901,1.0,0.9999998321245912,0.9999998321245912,0.5845562691455408,0.7134409952872585,1.0,1.0,1.0
gRNA_6105,KIT,-0.6687416249746622,-0.49957374693238965,-0.2722635555168415,-0.48019297580796444,-0.49957374693238965,1545.9292751295932,-0.4857276428470199,-0.7793588900802316,-0.6065971032468465,-0.623894545391366,-0.6065971032468465,31644,40.039185943622805,60.85513841486537,0.2275312855517633,28.697383390216157,Kit,KIT,W560R,W557R,targeting guide,Missense,0.9354367375554353,0.23359110315131507,1.0,0.9999998321245912,0.9999998321245912,0.9639046056644198,0.15552789421558275,1.0,1.0,1.0
gRNA_6109,KIT,-0.8562557655078789,-0.5835913119765765,-0.5519626182001995,-0.6639365652282183,-0.5835913119765765,1132.5380415691825,-0.8252935016343848,-0.8343388890894845,-0.8914754222115886,-0.8503692709784859,-0.8343388890894845,21543,31.26769716381191,80.5087499419765,0.1392563709789723,52.119017778396696,Kit,KIT,I800V,I798V,targeting guide,Missense,0.9516042048766348,0.18789041171117027,1.0,0.9999998321245912,0.9999998321245912,0.9832159378294608,0.09056152849881648,1.0,1.0,1.0
gRNA_6110,KIT,0.24000226179225634,0.24402665161362816,0.11204916263745893,0.1986926920144478,0.24000226179225634,656.4199458573241,0.6051572918419577,0.3087422709051988,0.35985749817106893,0.4245856869727418,0.35985749817106893,23311,51.63227660761014,69.49508815580627,0.1415640684655313,22.079704860366352,Kit,KIT,I800V,I798V,targeting guide,Missense,0.7075350496739752,0.5987560778520946,1.0,0.9999998321245912,0.9999998321245912,0.21215285890598362,0.8921687485983407,1.0,1.0,1.0
gRNA_6111,KIT,0.12524488715998058,0.3479038568244507,0.6025454394811958,0.3585647278218757,0.3479038568244507,447.19833494810996,-0.062420059295229896,0.3355887265080413,0.4183762300242326,0.2305149657456813,0.3355887265080413,15968,50.26928857715431,80.67384769539078,0.6700901803607214,34.1307615230461,Kit,KIT,I800V,I798V,targeting guide,Missense,0.39245712229022506,0.8044879083162552,1.0,0.9999998321245912,0.9999998321245912,0.5264034317799036,0.6970641941948976,1.0,1.0,1.0
gRNA_6112,KIT,-0.12574955684505407,-0.07614501992562292,0.22345451495153754,0.00718664606028685,-0.07614501992562292,416.67794213319803,-0.3417591289942261,-0.3606129458592476,-0.06419133620932672,-0.25552113702093343,-0.3417591289942261,9671,1.5096680798262847,2.9366146210319517,0.0,35.3841381449695,Kit,KIT,K645E,K642E,targeting guide,Missense,0.8199166226739019,0.43861058943572684,1.0,0.9999998321245912,0.9999998321245912,0.9053112618014,0.2980707872233986,1.0,1.0,1.0
gRNA_6113,KIT,-1.274567143542824,-0.9668432466692731,-1.0949653310639673,-1.112125240425355,-1.0949653310639673,1441.0814765576079,-1.0083610971346437,-1.0075708027622292,-0.8774322071937402,-0.9644547023635376,-1.0075708027622292,18332,1.8274056295003271,73.07986035348026,0.0327296530656775,85.86078987562732,Kit,KIT,K645E,K642E,targeting guide,Missense,0.9953611163941526,0.024904661243757585,1.0,0.8327496103381442,0.8327496103381442,0.9964981260181429,0.02287405912055023,1.0,0.4617970426224292,0.4617970426224292
gRNA_6117,KIT,0.5575122393609218,0.24547187660793482,0.4273762444384674,0.41012012013577465,0.4273762444384674,784.4141880334469,0.3920590184503931,0.398628790823275,0.16669575966062225,0.3191278563114301,0.3920590184503931,31563,12.70474923169534,32.801064537591486,0.5069226626112854,35.53211038240978,Kit,KIT,V657A,V654A,targeting guide,Missense,0.37512311599035797,0.833952238732224,1.0,0.9999998321245912,0.9999998321245912,0.3995811316013876,0.8306340330520825,1.0,1.0,1.0
gRNA_6125,KIT,0.028061307579185173,-0.3641164853391822,-0.36473524621186554,-0.23359680799062085,-0.3641164853391822,419.5730112796837,0.13995898735323958,-0.3775820889368294,-0.5228783609650459,-0.2535004875162119,-0.3775820889368294,8637,13.789510246613409,82.41287484080121,5.569063332175523,73.25460229246265,Kit,KIT,L579P,L576P,targeting guide,Missense,0.8962574671114072,0.3127090599725133,1.0,0.9999998321245912,0.9999998321245912,0.8794602446159975,0.3087546917218934,1.0,1.0,1.0
gRNA_6134,KLF4,-0.10387114633248297,0.34016098012541324,0.585263717767758,0.2738511838535627,0.34016098012541324,822.5414484125415,0.12795239169383343,0.17993244193800298,0.02321312055613893,0.11036598472932511,0.12795239169383343,27364,11.92077181698582,60.1410612483555,0.2485016810407835,66.93100423914632,Klf4,KLF4,K413E,K409E,targeting guide,Missense,0.45069896606013593,0.7256023195569161,1.0,0.9999998321245912,0.9999998321245912,0.7226038064683121,0.5765230211479324,1.0,1.0,1.0
gRNA_6135,KLF4,0.17378224079005775,0.36962554634372313,0.5619354085365587,0.36844773189011315,0.36962554634372313,497.184575980234,0.10274972947788659,0.6477936836266838,0.9743227579569359,0.5749553903538355,0.6477936836266838,18148,29.579016971567118,58.10006612298876,0.6557196385276615,38.02622878554111,Klf4,KLF4,K413E,K409E,targeting guide,Missense,0.40244699236615145,0.8098590741749369,1.0,0.9999998321245912,0.9999998321245912,0.00035929706464700136,0.9441204410630295,0.0072537331919300275,1.0,0.0072537331919300275
gRNA_6257,KMT2B,0.17340186327100304,0.19113558134193567,0.24436864014233234,0.20296869491842365,0.19113558134193567,1353.082052553838,0.09150567733925086,0.3274775225515012,0.07115193385872243,0.16337837791649149,0.09150567733925086,45354,2.7935793976275525,10.470961767429554,0.9370728050447592,31.41949993385368,Kmt2b,KMT2B,N1162S,N1156S,targeting guide,Missense,0.7113764609058352,0.59506333561322,1.0,0.9999998321245912,0.9999998321245912,0.6874671412725946,0.602833507677486,1.0,1.0,1.0
gRNA_6265,KMT2B,0.3392095807854206,-0.19297914513604686,-0.026593838615323058,0.039878865678016885,-0.026593838615323058,108.32360478168401,0.37116052097142593,-0.1054154806734204,0.46872517314005446,0.24482340447935336,0.37116052097142593,1426,0.0,0.0,0.1402524544179523,75.17531556802244,Kmt2b,KMT2B,H1279R,H1273R,targeting guide,Missense,0.7610842389798134,0.4784357478537923,1.0,0.9999998321245912,0.9999998321245912,0.43348306672437764,0.7360691510723383,1.0,1.0,1.0
gRNA_6266,KMT2B,0.4149814132477645,0.5212233455706019,0.6106881128897249,0.5156309572360304,0.5212233455706019,944.528027961258,0.0859127609995116,0.5762424303892437,0.3314986389091957,0.3312179434326503,0.3314986389091957,38311,48.9859309336744,92.52695048419514,0.1931560126334473,47.77479053013495,Kmt2b,KMT2B,H1279R,H1273R,targeting guide,Missense,0.2369615272301775,0.9288659260487606,1.0,0.9999998321245912,0.9999998321245912,0.2901367749462786,0.8034526680123919,1.0,1.0,1.0
gRNA_6383,KMT2C,0.16102869939316958,0.33560059869924685,0.42487257552836216,0.30716729120692615,0.33560059869924685,738.1769864779068,0.007894416578439638,-0.28960651633988915,0.04632341048714091,-0.07846289642476953,0.007894416578439638,27067,1.1859459858868733,25.562493072745408,0.0147781431263161,69.82303173606238,Kmt2c,KMT2C,K1707E,K1717E,targeting guide,Missense,0.5232852761939031,0.7486996192758095,1.0,0.9999998321245912,0.9999998321245912,0.8380565606244051,0.41427115315116975,1.0,1.0,1.0
gRNA_6384,KMT2C,-0.11113197716502948,-0.10602472085791267,-0.29687663334418285,-0.17134444378904168,-0.11113197716502948,1406.4756424624613,-0.19848548263874247,-0.06151529514561009,-0.2517508903953771,-0.1705838893932432,-0.19848548263874247,34706,0.6310148101192877,1.1496571198063736,0.1671180775658387,9.205900996945774,Kmt2c,KMT2C,K1707E,K1717E,targeting guide,Missense,0.8883448445714911,0.33317978747896465,1.0,0.9999998321245912,0.9999998321245912,0.8825966233881393,0.346627117689381,1.0,1.0,1.0
gRNA_6472,KMT2D,-1.2657714563303215,-1.4134226011916429,-1.75992809230743,-1.479707383276465,-1.4134226011916429,649.5715058349921,-0.8009156008790164,-1.3582543635662938,-1.5527933972540717,-1.2373211205664607,-1.3582543635662938,6065,3.1821929101401483,73.14097279472382,2.4567188788128607,88.01319043693321,Kmt2d,KMT2D,K4845R,K4794R,targeting guide,Missense,0.9999001192464761,0.0010384212255409814,1.0,0.08547005471760385,0.08547005471760385,0.9989281636142586,2.4151539645516475e-05,1.0,0.0015201263188648604,0.0015201263188648604
gRNA_6473,KMT2D,-1.1039807337631404,-0.1612539698704601,-0.29592359540340835,-0.520386099679003,-0.29592359540340835,115.21063462378595,-1.438253187532132,0.42302642806739,-0.2077998290647391,-0.40767552950982705,-0.2077998290647391,793,0.0,23.959646910466585,11.349306431273645,34.42622950819672,Kmt2d,KMT2D,K4845R,K4794R,targeting guide,Missense,0.9507849117924397,0.14388542453899944,1.0,0.9999998321245912,0.9999998321245912,0.7607959985053565,0.0015829442213503705,1.0,0.05390284712183028,0.05390284712183028
gRNA_6479,KMT2D,0.6143223049778308,0.5550260735237657,0.4549468470080938,0.5414317418365634,0.5550260735237657,807.8128943156008,0.5325945247110699,0.7598733260170547,0.6750313208553598,0.6558330571944948,0.6750313208553598,35448,19.86289776574137,90.29282329045364,0.0564206725344166,74.4978560144437,Kmt2d,KMT2D,Non-coding,,targeting guide,Intron,0.19076204473950012,0.9507297236579402,1.0,0.9999998321245912,0.9999998321245912,0.011136730095010573,0.9976810726057641,0.1610310973197475,1.0,0.1610310973197475
gRNA_6480,KMT2D,0.36452738651470473,0.5890922447797526,0.597239181570346,0.5169529376216011,0.5890922447797526,102.48417767932186,0.5660764420667651,0.5116889721234017,0.008761568215084437,0.3621756608017504,0.5116889721234017,3557,13.85999437728423,85.99943772842282,0.0,79.39274669665448,Kmt2d,KMT2D,Non-coding,,targeting guide,Intron,0.2182083178205523,0.9349447293678648,1.0,0.9999998321245912,0.9999998321245912,0.18395532249640756,0.8693572259270484,1.0,1.0,1.0
gRNA_6487,KMT2D,-1.2370761145750226,-1.4511962662409588,-1.4182213680429105,-1.3688312496196307,-1.4182213680429105,776.6009773996631,-1.2754925988776082,-1.2611766530941,-1.2537286059417099,-1.263465952637806,-1.2611766530941,5310,30.0376647834275,58.19209039548022,0.2824858757062147,32.93785310734464,Kmt2d,KMT2D,Q4641R,Q4590R,targeting guide,Missense,0.9998678534449947,0.0016842181291241466,1.0,0.10600667048016688,0.10600667048016688,0.9999951222001886,0.00012203113473145433,1.0,0.005677100615767657,0.005677100615767657
gRNA_6488,KMT2D,0.43318572899443414,0.16229386080480504,0.4833686382660832,0.35961607602177414,0.43318572899443414,93.68527981118618,0.1589615428999664,0.10937132925857021,0.023748265627509948,0.09736037926201552,0.10937132925857021,2320,22.974137931034484,68.1896551724138,1.3793103448275863,58.53448275862069,Kmt2d,KMT2D,Q4641R,Q4590R,targeting guide,Missense,0.3969241001751506,0.8177441471013916,1.0,0.9999998321245912,0.9999998321245912,0.7284928407167635,0.5707492236522695,1.0,1.0,1.0
gRNA_6525,KMT2D,0.023004296599983307,0.10694611134755715,0.21591383564971384,0.11528808119908478,0.10694611134755715,484.96374996854735,-0.0005127749472012251,0.21499912806190744,0.39555543508221414,0.20334726273230677,0.21499912806190744,14680,48.69209809264305,57.68392370572207,0.0,14.863760217983652,Kmt2d,KMT2D,Y5563C,Y5512C,targeting guide,Missense,0.7602033535673092,0.5309882678475455,1.0,0.9999998321245912,0.9999998321245912,0.5659344559939938,0.6851347468059268,1.0,1.0,1.0
gRNA_6526,KMT2D,-0.13473588155962044,-0.1389938938713768,-0.12090215556723766,-0.13154397699941164,-0.13473588155962044,1781.3822794372013,0.31529455745952945,0.11157034088365549,0.10316011439472286,0.17667500424596927,0.11157034088365549,48414,16.123435369934317,19.75048539678605,0.045441401247573,25.80038831742884,Kmt2d,KMT2D,Y5563C,Y5512C,targeting guide,Missense,0.8739847324090795,0.3639008492378973,1.0,0.9999998321245912,0.9999998321245912,0.6581028356491709,0.6432684636646171,1.0,1.0,1.0
gRNA_6527,KMT2D,-0.7419181963416797,-0.7188095581764833,-0.6317050399218064,-0.6974775981466564,-0.7188095581764833,2477.195906838913,-0.5036017874184575,-0.4619838785732736,-0.35618745287851505,-0.4405910396234154,-0.4619838785732736,47133,28.99879065622812,49.86527486050114,0.0487980820232109,33.68764984193665,Kmt2d,KMT2D,Y5563C,Y5512C,targeting guide,Missense,0.9508252855325808,0.19424665708418792,1.0,0.9999998321245912,0.9999998321245912,0.9442076176998323,0.2113082802259368,1.0,1.0,1.0
gRNA_6604,KMT2D,0.5165866301504101,0.6767974875247771,0.5200548586060882,0.5711463254270918,0.5200548586060882,302.36165726915243,0.03396276189164332,0.5130145242522252,1.003351998873929,0.5167764283392658,0.5130145242522252,13217,49.51955814481349,92.39615646515853,0.3329045925701747,45.691155330256485,Kmt2d,KMT2D,H5350R,H5299R,targeting guide,Missense,0.17499026661397207,0.9551838557331196,1.0,0.9999998321245912,0.9999998321245912,0.0008248881368609544,0.8997198441406172,0.015761255472164663,1.0,0.015761255472164663
gRNA_6629,KMT2D,-0.12166123038317449,-0.2049724186367687,-0.21080262280856588,-0.17914542394283636,-0.2049724186367687,505.6936597021062,-0.8842369909094406,-0.30159702060863963,-0.27295607075476913,-0.4862633607576165,-0.30159702060863963,14164,0.7483761649251625,40.12990680598701,0.0,90.8288619034171,Kmt2d,KMT2D,M3726V,M3728V,targeting guide,Missense,0.8937302150623258,0.325865055545931,1.0,0.9999998321245912,0.9999998321245912,0.9460171741328067,0.1867473425266274,1.0,1.0,1.0
gRNA_6712,KRAS,-0.5355262812623138,-0.36176242215649607,-0.26191737804340265,-0.3864020271540709,-0.36176242215649607,1000.6601168913562,-0.5955246238552754,-0.4637641325486021,-0.35779062406375955,-0.47235979348921237,-0.4637641325486021,22883,12.638203032819122,66.36367609142158,0.8783813311191715,71.2974697373596,Kras,KRAS,Q61R,Q61R,targeting guide,Missense,0.9267324030286267,0.25541010323823415,1.0,0.9999998321245912,0.9999998321245912,0.9477071271460632,0.20081436785786527,1.0,1.0,1.0
gRNA_6717,KRAS,0.41001876798738296,0.2039327426998067,0.39433176090395533,0.33609442386371496,0.39433176090395533,517.6935811571658,-0.26470697768604134,0.5166680540393925,0.2172325172400701,0.15639786453114043,0.2172325172400701,18801,10.79197915004521,25.307164512525933,0.3297696931014308,36.34381149938833,Kras,KRAS,K117R,K117R,targeting guide,Missense,0.484011562029813,0.7771502451347685,1.0,0.9999998321245912,0.9999998321245912,0.45215866140886674,0.6538923638458809,1.0,1.0,1.0
gRNA_6743,LATS1,0.9342541743796172,1.037080659973461,0.8998316610077962,0.9570554984536249,0.9342541743796172,716.8945078637793,1.0315019167103832,0.9860977267381994,1.1143256600569265,1.043975101168503,1.0315019167103832,44406,59.00103589605008,92.92212764040896,1.202540197270639,34.79709949105977,Lats1,LATS1,H748R,H749R,targeting guide,Missense,0.017154821901747434,0.9978312497039603,1.0,0.9999998321245912,0.9999998321245912,4.1025318572854354e-10,1.0,5.4871363591192696e-08,1.0,5.4871363591192696e-08
gRNA_6744,LATS1,0.5910346064042525,0.5245698332163633,0.6165332334090139,0.5773792243432099,0.5910346064042525,422.01394055054743,0.540347270097629,0.14215264722090104,0.5388524250363842,0.4071174474516381,0.5388524250363842,19284,70.6544285417963,92.6519394316532,1.1563990873262808,23.983613358224435,Lats1,LATS1,H748R,H749R,targeting guide,Missense,0.1657907980526665,0.9603425558911334,1.0,0.9999998321245912,0.9999998321245912,0.14261827134857996,0.9149960869915736,1.0,1.0,1.0
gRNA_6745,LATS1,-0.505246295186554,-0.3287044331617203,-0.4745271389300696,-0.4361592890927813,-0.4745271389300696,1468.2934196551926,-0.5082675725548336,-0.2592553647633755,-0.3484803303242354,-0.37200108921414815,-0.3484803303242354,34169,55.40402118879686,88.21153677309842,0.3980215985249787,36.81699786356054,Lats1,LATS1,H748R,H749R,targeting guide,Missense,0.931092602205299,0.24543321978470797,1.0,0.9999998321245912,0.9999998321245912,0.9341867597353682,0.2336766821183248,1.0,1.0,1.0
gRNA_6759,LATS1,-0.35412779588051974,0.3444704159053609,0.2096822656279808,0.066674961884274,0.2096822656279808,833.4440596580687,-0.23602809984683462,-0.6345165005094786,0.15925092681043074,-0.2370978911819608,-0.23602809984683462,26757,1.864932541017304,6.36842695369436,0.0747467952311544,69.45845946855029,Lats1,LATS1,K651R,K652R,targeting guide,Missense,0.7041933051041396,0.532865101432743,1.0,0.9999998321245912,0.9999998321245912,0.8640006962454914,0.32260833331239513,1.0,1.0,1.0
gRNA_6781,LCK,0.5421484750803592,0.9222152367791515,0.8780566720428458,0.780806794634119,0.8780566720428458,313.3703758582778,0.6930505986522475,0.9211472403172788,0.7016613031429775,0.7719530473708346,0.7016613031429775,15378,40.603459487579656,61.81558069970087,1.0534529847834568,25.15931850695799,Lck,LCK,T497A,T486A,targeting guide,Missense,0.058707837421138984,0.9862126440228225,1.0,0.9999998321245912,0.9999998321245912,5.086316004309474e-05,0.9996506550561742,0.0017555993950358507,1.0,0.0017555993950358507
gRNA_6782,LCK,0.7791168792238421,0.6813889558286073,0.679431643113784,0.7133124927220779,0.6813889558286073,128.7870358181898,0.24741828759525863,0.08619217889325743,0.8165048401147675,0.3833717688677612,0.24741828759525863,3774,24.80127186009539,75.3577106518283,0.0529941706412294,51.90779014308426,Lck,LCK,T497A,T486A,targeting guide,Missense,0.06169215581994379,0.989096982460301,1.0,0.9999998321245912,0.9999998321245912,0.0018683883533162117,0.8010409882195335,0.031237117782005414,1.0,0.031237117782005414
gRNA_6797,LYN,-1.052378155672694,-1.1261604789454536,-1.098325675174605,-1.092288103264251,-1.098325675174605,1046.7810271302467,-0.9000602630530157,-0.951342952277373,-1.1319707208687566,-0.9944579787330484,-0.951342952277373,10986,62.57964682322956,78.63644638630984,0.0,18.91498270526124,Lyn,LYN,V303A,V303A,targeting guide,Missense,0.9966248192865966,0.02708104751093901,1.0,0.8780824495971135,0.8780824495971135,0.9961984283810584,0.020670739788318578,1.0,0.44235383147001756,0.44235383147001756
gRNA_6829,MAP2K1,-0.8844922726253475,-0.627895094073923,-0.6702044273823601,-0.7275305980272102,-0.6702044273823601,2426.7719944620967,-0.8663688844618807,-0.5270203146868419,-0.5360718395679529,-0.6431536795722251,-0.5360718395679529,45957,18.93944339273669,73.03566377265705,0.0652784124290097,68.52492547381249,Map2k1,MAP2K1,Y130H,Y130H,targeting guide,Missense,0.955359446980432,0.17853574992539967,1.0,0.9999998321245912,0.9999998321245912,0.9721510722132198,0.12647594279523403,1.0,1.0,1.0
gRNA_6830,MAP2K1,0.13916929605293676,0.2654987284023915,0.20069422676887838,0.20178741707473558,0.20069422676887838,1125.2653618994493,0.2584304390663156,0.3820442085490239,0.3080973562711552,0.3161906679621649,0.3080973562711552,31851,20.727763649492957,61.26966186304983,0.5337352045461682,68.13600828859376,Map2k1,MAP2K1,Y130H,Y130H,targeting guide,Missense,0.7082296962521486,0.597364245024268,1.0,0.9999998321245912,0.9999998321245912,0.4750980627707241,0.7953991900865521,1.0,1.0,1.0
gRNA_6831,MAP2K1,-1.0236975045323098,-0.770328202542095,-0.7898840036826489,-0.8613032369190178,-0.7898840036826489,1427.2027795212007,-0.7643078698648453,-0.3809903835999629,-0.7621659680576715,-0.6358214071741598,-0.7621659680576715,20922,57.93423190899532,89.47519357613994,2.126947710543925,32.49211356466877,Map2k1,MAP2K1,Y130C,Y130C,targeting guide,Missense,0.9803333076007263,0.09390316402799083,1.0,0.9999998321245912,0.9999998321245912,0.9617115304975087,0.156815386933171,1.0,1.0,1.0
gRNA_6832,MAP2K1,-0.2649786924766308,-0.31272590563034586,-0.4943264154989272,-0.35734367120196797,-0.31272590563034586,934.9635772081007,-0.3187520779933863,-0.11574513599441828,-0.20731712390159127,-0.2139381126297986,-0.20731712390159127,21381,41.33108834946916,50.43262709882605,0.0046770497170384,20.30307282166409,Map2k1,MAP2K1,Y130C,Y130C,targeting guide,Missense,0.9267324030286267,0.25541010323823415,1.0,0.9999998321245912,0.9999998321245912,0.8938246888029413,0.3241587195896074,1.0,1.0,1.0
gRNA_6833,MAP2K1,0.9523326635475734,0.9239531470415895,0.9509083069946557,0.9423980391946062,0.9509083069946557,470.0236848071666,1.0266539365209397,1.2312771011620482,1.0160361442670596,1.0913223939833492,1.0266539365209397,27379,11.475948719821762,95.31757916651448,0.3396763943168121,84.91544614485555,Map2k1,MAP2K1,N122D,N122D,targeting guide,Missense,0.022624772838985067,0.9972845004168076,1.0,0.9999998321245912,0.9999998321245912,4.1025318572854354e-10,1.0,5.4871363591192696e-08,1.0,5.4871363591192696e-08
gRNA_6834,MAP2K1,-0.8000147020097574,-0.7540444007298384,-0.8292939140826721,-0.7944510056074225,-0.8000147020097574,535.2086180284396,-1.2109538314684092,-0.8312751742349632,-0.971952593481198,-1.0047271997281901,-0.971952593481198,9384,12.244245524296677,96.21696504688832,0.0,86.09335038363172,Map2k1,MAP2K1,N122D,N122D,targeting guide,Missense,0.9691020216524441,0.14092338126218235,1.0,0.9999998321245912,0.9999998321245912,0.9965560173491074,0.012563566510732397,1.0,0.3055230946928106,0.3055230946928106
gRNA_6835,MAP2K1,-0.41926719524837247,-0.7188202530924401,-0.5683613326054975,-0.5688162603154366,-0.5683613326054975,884.6002704951992,-0.0575119328283202,-0.7586384724206978,-0.6887602272667274,-0.5016368775052484,-0.6887602272667274,14726,33.43745755806057,78.41912264022817,0.0,60.10457693874779,Map2k1,MAP2K1,N122D,N122D,targeting guide,Missense,0.939361881568419,0.22380234883510655,1.0,0.9999998321245912,0.9999998321245912,0.9448934726399318,0.18838716978800443,1.0,1.0,1.0
gRNA_6837,MAP2K1,-0.544085769641363,0.3769162230966012,-0.10008157940669218,-0.08908370865048465,-0.10008157940669218,133.38165336633105,-1.2626870016276897,-0.548163067008077,-1.0099979414994236,-0.9402826700450634,-1.0099979414994236,309,9.70873786407767,17.15210355987055,0.0,43.36569579288026,Map2k1,MAP2K1,F53L,F53L,targeting guide,Missense,0.7365155377377877,0.45761995269052225,1.0,0.9999998321245912,0.9999998321245912,0.9958254466703387,0.007112324639952945,1.0,0.19641363825578678,0.19641363825578678
gRNA_6841,MAP2K1,0.8484595390944342,0.6228912651186905,0.5403002341168848,0.6705503461100032,0.6228912651186905,221.62267069855008,0.7957128625412118,0.5771506610623418,0.8767825227109417,0.749882015438165,0.7957128625412118,9612,0.1872659176029962,49.12609238451935,0.0,93.17519766957967,Map2k1,MAP2K1,K57E,K57E,targeting guide,Missense,0.09825621003850907,0.9757379614625481,1.0,0.9999998321245912,0.9999998321245912,1.5657977465888143e-05,0.9997349382909376,0.0008377017944250157,1.0,0.0008377017944250157
gRNA_6842,MAP2K1,-0.3257966928267131,-0.28374239784554367,-0.4452099019688991,-0.35158299754705197,-0.3257966928267131,1001.0843565387572,-0.25547160155229565,-0.03722824066547426,-0.21074137005521212,-0.16781373742432734,-0.21074137005521212,23701,0.3291000379730813,36.20100417703894,1.5779924897683644,93.27454537783215,Map2k1,MAP2K1,K57E,K57E,targeting guide,Missense,0.9246110613196927,0.2608482868177522,1.0,0.9999998321245912,0.9999998321245912,0.8791755923170046,0.3514083449047514,1.0,1.0,1.0
gRNA_6848,MAP2K2,-0.2796862884472513,-0.2894545994259594,-0.37438029806697204,-0.3145070619800609,-0.2894545994259594,1122.174473039813,0.1651249285479467,0.18306820593193976,-0.3379679320473743,0.0034084008108373753,0.1651249285479467,27064,61.56517883535324,88.22420928170263,0.33624002364765,31.979751699674846,Map2k2,MAP2K2,Y134C,Y134C,targeting guide,Missense,0.922381144065941,0.26587092506792626,1.0,0.9999998321245912,0.9999998321245912,0.7560792003727093,0.49883212765542917,1.0,1.0,1.0
gRNA_6849,MAP2K2,-0.2941017035817287,-0.16517320258636503,-0.2095246392159113,-0.22293318179466834,-0.2095246392159113,1524.4748701038804,-0.2982611659184797,-0.34248785813384514,-0.27824181186730285,-0.3063302786398759,-0.2982611659184797,39167,38.476268287078405,51.36977557637808,0.5004212730104425,24.911277350831057,Map2k2,MAP2K2,Y134C,Y134C,targeting guide,Missense,0.9068333414996583,0.2987370265702993,1.0,0.9999998321245912,0.9999998321245912,0.9162254053320132,0.2793826900879477,1.0,1.0,1.0
gRNA_6888,MAP2K4,0.733007825934413,0.5041799518411476,0.4954780207314811,0.5775552661690139,0.5041799518411476,332.37024808732497,0.4368945592185228,0.633702124377864,0.3521929870235145,0.4742632235399671,0.4368945592185228,13774,8.087701466531145,8.980688253230724,0.1452011035283868,10.35283868157398,Map2k4,MAP2K4,Y187H,Y189H,targeting guide,Missense,0.15918469928358803,0.9580154848652466,1.0,0.9999998321245912,0.9999998321245912,0.13022702795485408,0.9433498793677988,1.0,1.0,1.0
gRNA_6889,MAP2K4,0.14642430933203476,0.30669905529982006,0.592291917253485,0.3484717606284466,0.30669905529982006,299.5986563902436,-0.3102518556224766,0.20993076711916975,0.4002720596474104,0.09998365704803452,0.20993076711916975,10210,0.881488736532811,1.4103819784524976,0.6170421155729677,14.906953966699316,Map2k4,MAP2K4,Y187H,Y189H,targeting guide,Missense,0.4372267272572544,0.7694129736143548,1.0,0.9999998321245912,0.9999998321245912,0.5935338814751043,0.6046231262629271,1.0,1.0,1.0
gRNA_6890,MAP2K4,0.24515835038797104,0.06456663496730902,0.3779355182787465,0.22922016787800883,0.24515835038797104,282.19273317370045,0.0870145406077058,0.6597134723360714,0.7872744391816969,0.5113341507084913,0.6597134723360714,8624,4.0352504638218925,4.557050092764379,0.0,8.290816326530612,Map2k4,MAP2K4,Y187H,Y189H,targeting guide,Missense,0.6141403382164625,0.659324074611775,1.0,0.9999998321245912,0.9999998321245912,0.01684800847017386,0.9283763001611616,0.2341216761439744,1.0,0.2341216761439744
gRNA_6894,MAP2K4,0.4154526374640898,0.351642280242421,0.4141854954950209,0.39376013773384383,0.4141854954950209,447.9634304741118,0.4296416650894947,0.5450166630394415,0.09707546839035106,0.3572445988397624,0.4296416650894947,17230,0.3772489843296576,2.6929773650609405,0.0696459663377829,14.921648287869992,Map2k4,MAP2K4,F364S,F366S,targeting guide,Missense,0.39354755108328565,0.8570870144808149,1.0,0.9999998321245912,0.9999998321245912,0.2399139606146435,0.8688803305044391,1.0,1.0,1.0
gRNA_6895,MAP2K4,0.999128944990641,0.5404786608981537,0.7277416446145077,0.7557830835011008,0.7277416446145077,540.4311326945959,0.6853892614036743,0.7470519416059322,0.5810423829950678,0.6711611953348915,0.6853892614036743,26473,0.3928530956068447,20.994976013296565,0.0679938050088769,76.2323877157859,Map2k4,MAP2K4,F364S,F366S,targeting guide,Missense,0.06409204211377134,0.9835179477513938,1.0,0.9999998321245912,0.9999998321245912,0.010736910289494713,0.9986197989761566,0.15737663027067594,1.0,0.15737663027067594
gRNA_6912,MAP3K1,-0.12906745620918153,-0.0011050989070108866,0.3685353045895609,0.07945424982445616,-0.0011050989070108866,1133.042716048312,0.41333111820562807,-0.1425393366374898,0.12115937551717512,0.13065038569510445,0.12115937551717512,36201,0.0828706389326261,75.481340294467,0.5856191817905583,88.62186127455043,Map3k1,MAP3K1,Y1330C,Y1349C,targeting guide,Missense,0.7078351675267758,0.5268257725534478,1.0,0.9999998321245912,0.9999998321245912,0.5996296832747741,0.6187898359278741,1.0,1.0,1.0
gRNA_6913,MAP3K1,-0.16713016692726745,0.23982736053532738,0.20574202592712193,0.09281307317839395,0.20574202592712193,1647.5043678501984,0.3029310227517356,0.5977906752411689,0.43388317368775525,0.4448682905602199,0.43388317368775525,53246,0.0920256920707658,0.9465499755850204,0.1990759869285955,47.12278856627728,Map3k1,MAP3K1,N1286D,N1305D,targeting guide,Missense,0.7707494813360466,0.5024860294454685,1.0,0.9999998321245912,0.9999998321245912,0.1702043243009064,0.9243124651949299,1.0,1.0,1.0
gRNA_6914,MAP3K1,-0.39172498924589916,-0.2604296066988525,-0.2951639580430311,-0.3157728513292609,-0.2951639580430311,1470.0509839087113,0.18610355664158432,0.20099974617770394,-0.08375209125889017,0.1011170705201327,0.18610355664158432,37984,0.6371103622577928,23.46777590564448,0.1290016849199663,81.49220724515585,Map3k1,MAP3K1,N1286D,N1305D,targeting guide,Missense,0.922381144065941,0.26587092506792626,1.0,0.9999998321245912,0.9999998321245912,0.7250180151390788,0.5582663120656106,1.0,1.0,1.0
gRNA_6915,MAP3K1,-0.019660782205803487,0.03417904146853339,0.25622495505484727,0.09024773810585907,0.03417904146853339,1409.1784429744976,0.35098401062352624,0.48210980702913253,0.12646358631658103,0.3198524679897466,0.35098401062352624,46652,0.6280545314241619,1.7791305838977964,0.0042870616479464,76.45331389865386,Map3k1,MAP3K1,N1286D,N1305D,targeting guide,Missense,0.7825846119799956,0.4951608096923322,1.0,0.9999998321245912,0.9999998321245912,0.38026574187401146,0.8113067333728241,1.0,1.0,1.0
gRNA_6992,MAX,-0.49866079060714424,-0.4610958763273942,-0.6047738003034868,-0.5215101557460083,-0.49866079060714424,1246.4043698175938,-0.6872554781003446,-1.2465374419510964,-0.9746476090660959,-0.9694801763725124,-0.9746476090660959,27156,22.727942259537485,62.9768743555752,0.2798644866696126,59.84681101782295,Max,MAX,H28R,H28R,targeting guide,Missense,0.9352121174482582,0.2356257597720023,1.0,0.9999998321245912,0.9999998321245912,0.9954620934798903,0.014011723373515085,1.0,0.3259248697752422,0.3259248697752422
gRNA_7029,MED12,0.3243510504071405,0.42260371049558715,0.3233797941629045,0.35677818502187736,0.3243510504071405,650.1775624741365,-0.1376436268064153,0.19936493350642076,0.559416635551274,0.2070459807504265,0.19936493350642076,23727,13.347662999957857,16.14616259957011,0.0042146078307413,54.73932650566865,Med12,MED12,L36P,L36P,targeting guide,Missense,0.47679411850948095,0.798757852494634,1.0,0.9999998321245912,0.9999998321245912,0.3602404737116893,0.7091410924732517,1.0,1.0,1.0
gRNA_7143,MET,0.0743611636998957,0.0003624837897764109,-0.11414293466772155,-0.013139762392683144,0.0003624837897764109,325.20999256489716,-0.2801141333321642,0.20156317583921632,0.13017815570971386,0.017209066072255336,0.13017815570971386,9879,3.046867091810912,16.347808482639945,0.0303674460977831,41.654013564125925,Met,MET,M1209T,M1211T,targeting guide,Missense,0.8349833502997257,0.42642115564266936,1.0,0.9999998321245912,0.9999998321245912,0.7671175438724036,0.4963252275310399,1.0,1.0,1.0
gRNA_7144,MET,0.371436349645143,0.14693706289764927,0.2586955998769525,0.2590230041399149,0.2586955998769525,669.0760374886606,0.2013276626441989,0.3194563384643214,0.3532457368506877,0.29134324598640265,0.3194563384643214,23491,44.25524669022179,69.26908177599933,0.3065003618407049,29.023881486526754,Met,MET,Non-coding,,targeting guide,Intron,0.5938481667532012,0.6904791296425357,1.0,0.9999998321245912,0.9999998321245912,0.5475684961490446,0.7461739165899889,1.0,1.0,1.0
gRNA_7148,MET,-0.44725085710931817,-0.3120830014175754,-0.2670519831197292,-0.34212861388220767,-0.3120830014175754,1254.7796656846124,-0.05884477860785577,0.08400723353304336,-0.000743925538015487,0.008139509795724033,-0.000743925538015487,32389,35.00571181573991,60.37234863688289,0.4909074068356541,33.094569143845135,Met,MET,Y1228H,Y1230H,targeting guide,Missense,0.922381144065941,0.26587092506792626,1.0,0.9999998321245912,0.9999998321245912,0.8145743959642072,0.45828926182296925,1.0,1.0,1.0
gRNA_7150,MET,0.09119839948827613,0.03134393355262606,-0.15164088448273066,-0.00969951714727616,0.03134393355262606,1005.5691756684259,-0.0005653348541877044,-0.43522945890340187,-0.2559326394524371,-0.2305758110700089,-0.2559326394524371,30660,51.97977821265493,80.30006523157208,0.502283105022831,32.92563600782779,Met,MET,M1248T,M1250T,targeting guide,Missense,0.8151081648185398,0.4531395117530882,1.0,0.9999998321245912,0.9999998321245912,0.8882677593574222,0.323704631944283,1.0,1.0,1.0
gRNA_7152,MET,0.4123571115116032,-0.0681783319213376,0.02975697446938673,0.12464525135321745,0.02975697446938673,865.833103592149,0.33881230393362166,-0.11528698886322432,-0.1610584795764034,0.020822278497997986,-0.11528698886322432,26986,0.0222337508337656,0.0667012525012969,0.0370562513896094,30.845623656710885,Met,MET,I278T,I279T,targeting guide,Missense,0.690251574375395,0.5495710390522024,1.0,0.9999998321245912,0.9999998321245912,0.7544073351839502,0.49164663060722646,1.0,1.0,1.0
gRNA_7170,MGA,-0.6921662700715117,-0.5781318766772049,-0.6064733331049843,-0.625590493284567,-0.6064733331049843,1093.6292053361105,-0.7569345679568416,-0.7507438906036292,-0.5422879455845391,-0.6833221347150032,-0.7507438906036292,20422,66.5116051317207,83.85564587209872,0.166487121731466,20.30163549113701,Mga,MGA,Non-coding,,targeting guide,Intron,0.9414202171247064,0.21979876442554264,1.0,0.9999998321245912,0.9999998321245912,0.971832608238417,0.13158387145110234,1.0,1.0,1.0
gRNA_7171,MGA,-0.440238047000541,-0.2791361263529343,-0.2605679109845713,-0.3266473614460155,-0.2791361263529343,978.1566123529423,-0.6591307235916899,-0.27267198564093026,-0.299540676302588,-0.41044779517840274,-0.299540676302588,22194,30.52176263855096,72.41596827971523,0.0,48.968189600793,Mga,MGA,Non-coding,,targeting guide,Intron,0.9201226039599539,0.27096975820878194,1.0,0.9999998321245912,0.9999998321245912,0.9351579829269094,0.22565360724639258,1.0,1.0,1.0
gRNA_7188,MGA,0.23921862762727267,0.4240449055763553,0.4950079729968502,0.386090502066826,0.4240449055763553,539.3923458313388,0.1771339219683447,0.5921586376594372,0.5303373938567572,0.43320998449484643,0.5303373938567572,19330,2.203828246249353,6.808070356958096,1.1639937920331092,45.80444904293844,Mga,MGA,Non-coding,,targeting guide,Intron,0.40591803645841573,0.821136751004097,1.0,0.9999998321245912,0.9999998321245912,0.12697124770934595,0.9295699253083365,0.9989649635955895,1.0,0.9989649635955895
gRNA_7203,MGA,-0.5340061431631,-0.8161626178706087,-0.7255497051209963,-0.6919061553849017,-0.7255497051209963,1561.6261420834335,-0.6110367279534994,-0.9152567444142843,-0.8249852000316065,-0.7837595574664634,-0.8249852000316065,28508,17.03732285674197,49.301950329732,0.1999438754033955,54.35667181142135,Mga,MGA,D1428G,D1435G,targeting guide,Missense,0.955550161499757,0.1791708118919039,1.0,0.9999998321245912,0.9999998321245912,0.9795957743258608,0.1027440395608782,1.0,1.0,1.0
gRNA_7204,MGA,0.18891877332525048,-0.08770464789413493,0.09441194467787048,0.06520869003632868,0.09441194467787048,1016.3569838451966,-0.019214171322542033,-0.3046093249364327,0.14206801158678176,-0.060585161557397675,-0.019214171322542033,27029,0.1146916275111916,42.03263161789189,0.0,80.75400495763809,Mga,MGA,D1428G,D1435G,targeting guide,Missense,0.7788724564300469,0.5016698378350892,1.0,0.9999998321245912,0.9999998321245912,0.8199258090469574,0.43144142639660765,1.0,1.0,1.0
gRNA_7205,MGA,0.35659295156960846,0.28185026517477196,0.20226923915191672,0.28023748529876574,0.28185026517477196,1337.6882139195693,0.28761165745019407,0.3709203162144576,0.24437670255057004,0.3009695587384072,0.28761165745019407,50510,0.1702633141952088,37.6479904969313,0.0,77.08176598693328,Mga,MGA,D1428G,D1435G,targeting guide,Missense,0.5869934568179007,0.7014070335449942,1.0,0.9999998321245912,0.9999998321245912,0.5352885815384913,0.7550310752392173,1.0,1.0,1.0
gRNA_7214,MITF,0.3626268844061473,0.18412516410318766,0.3336251011599096,0.2934590498897482,0.3336251011599096,726.1164593589327,0.3353516071664417,0.2982435790180416,0.40632003528340915,0.3466384071559641,0.3353516071664417,27491,9.534029318686116,16.53268342366593,0.2328034629515114,15.663307991706375,Mitf,MITF,V226A,V226A,targeting guide,Missense,0.5322350380081238,0.746505714750714,1.0,0.9999998321245912,0.9999998321245912,0.42728728064181054,0.824615480606703,1.0,1.0,1.0
gRNA_7264,MLH1,0.6851052407004453,0.3913637838176485,0.5633761743063552,0.5466150662748164,0.5633761743063552,964.2116366438931,0.4765950868372877,0.4311235899940048,0.5853781576585673,0.4976989448299533,0.4765950868372877,44185,4.060201425823244,11.87280751386217,0.4549055109199954,66.18535702161367,Mlh1,MLH1,N287S,N287S,targeting guide,Missense,0.19215465160340361,0.9426136193622862,1.0,0.9999998321245912,0.9999998321245912,0.11176107373755455,0.9713648215833652,0.9383156669906633,1.0,0.9383156669906633
gRNA_7308,MSH3,-0.07648382568470315,0.1102103589905505,0.2204329203471278,0.08471981788432505,0.1102103589905505,697.1469520078293,-0.2939886545272385,0.0977265771074899,0.2604209388298788,0.021386287136710074,0.0977265771074899,18699,21.974437135675704,77.61912401732714,0.2941333761163698,58.6769345954329,Msh3,MSH3,K341R,K383R,targeting guide,Missense,0.7745447441619928,0.5064044303243966,1.0,0.9999998321245912,0.9999998321245912,0.7497634097677591,0.5099560969130406,1.0,1.0,1.0
gRNA_7309,MSH3,0.11358440393267757,-0.08675023375155828,0.11648264515314995,0.047772271778089744,0.11358440393267757,667.5713880175814,-0.1729185904144343,0.3563339821097508,0.28754159101996074,0.15698566090509242,0.28754159101996074,16571,5.57600627602438,8.744191660129141,1.7681491762718,15.13487417778046,Msh3,MSH3,K341R,K383R,targeting guide,Missense,0.7880059741533925,0.4911076666312689,1.0,0.9999998321245912,0.9999998321245912,0.6319671369308086,0.628636113047849,1.0,1.0,1.0
gRNA_7310,MSH3,0.3382465190704881,0.24436777608956986,0.39831953850951174,0.32697794455652324,0.3382465190704881,726.2669280573026,0.32634647063247313,-0.192673688515567,-0.21125214466739842,-0.025859787516830757,-0.192673688515567,25720,0.5326594090202177,2.1189735614307934,0.1321928460342146,27.12286158631415,Msh3,MSH3,K341R,K383R,targeting guide,Missense,0.5180332887642962,0.7598179575234565,1.0,0.9999998321245912,0.9999998321245912,0.7737397824472679,0.4636089754616547,1.0,1.0,1.0
gRNA_7384,MTOR,-0.8410750274877444,-0.5699096338173093,-0.39347990584475856,-0.6014881890499374,-0.5699096338173093,992.6601692546499,-0.06594982991846905,-0.0779451810804686,-0.1678408231867912,-0.10391194472857627,-0.0779451810804686,17176,54.34326967862133,68.35118770377271,0.1804843968327899,22.14718211457848,Mtor,MTOR,W1449R,W1449R,targeting guide,Missense,0.9464740298640368,0.201442920204515,1.0,0.9999998321245912,0.9999998321245912,0.8685517199989924,0.3735279009037793,1.0,1.0,1.0
gRNA_7392,MTOR,-0.8320562877865287,-0.014881141118803258,-0.12184067741649954,-0.3229260354406105,-0.12184067741649954,1130.874945391307,-0.1500164019820555,-0.1913201291451984,0.2260348415748926,-0.03843389651745376,-0.1500164019820555,30138,43.1415488751742,60.19642975645365,0.7631561483840998,30.69214944588228,Mtor,MTOR,K1981E,K1981E,targeting guide,Missense,0.909722090343649,0.2716677910651751,1.0,0.9999998321245912,0.9999998321245912,0.8099831304733361,0.4422190088636325,1.0,1.0,1.0
gRNA_7393,MTOR,-0.3790849665314505,-0.8120495770643427,-0.5429525633769829,-0.578029035657592,-0.5429525633769829,1790.7761573439398,0.3109846599248921,0.03879454605965091,-0.4004897491582039,-0.016903514391220287,0.03879454605965091,34647,57.927093254827255,69.21522786965683,0.6118855889398793,17.095275204202384,Mtor,MTOR,Y1974H,Y1974H,targeting guide,Missense,0.9464740298640368,0.201442920204515,1.0,0.9999998321245912,0.9999998321245912,0.7616272337423946,0.4751477227134717,1.0,1.0,1.0
gRNA_7428,MTOR,0.08938881832582596,-0.2151271888758464,0.025751007476452356,-0.03332912102452269,0.025751007476452356,659.129795650636,-0.1266207538233464,-0.033560728773172455,-0.055821200608359184,-0.072000894401626,-0.055821200608359184,18391,0.4621825893099886,2.0444782774183023,1.0603012342993856,45.043771409928766,Mtor,MTOR,F1888L,F1888L,targeting guide,Missense,0.8289699758038825,0.4274998160665927,1.0,0.9999998321245912,0.9999998321245912,0.8484984144314187,0.4067060333294012,1.0,1.0,1.0
gRNA_7429,MTOR,-1.0677518141087146,-1.186374913010912,-1.2517668571643323,-1.1686311947613197,-1.186374913010912,1034.9629226669304,-0.003885509533877835,0.08124565051359865,0.42267732813394543,0.16667915637122208,0.08124565051359865,12389,1.0331745903624183,26.03115667124062,0.1533618532569214,94.37404148841716,Mtor,MTOR,F1888L,F1888L,targeting guide,Missense,0.9984162250533632,0.013509788794509448,1.0,0.5353879263009299,0.5353879263009299,0.5818989938761132,0.646272272800664,1.0,1.0,1.0
gRNA_7430,MTOR,-0.6492841523777363,-1.001496697820074,-0.8860090037589933,-0.8455966179856013,-0.8860090037589933,540.1176768055094,-0.1682966401515571,-0.7316420079926278,-0.19168720414931953,-0.3638752840978348,-0.19168720414931953,7561,4.351276286205528,23.56831106996429,0.1322576378785875,68.68139135035048,Mtor,MTOR,F1888L,F1888L,targeting guide,Missense,0.9722651693657346,0.1222125669231146,1.0,0.9999998321245912,0.9999998321245912,0.9199070098480188,0.2507237718730414,1.0,1.0,1.0
gRNA_7467,MTOR,-0.11197294314026444,-0.17538333539322865,0.028341455076469752,-0.08633827448567445,-0.11197294314026444,1030.781131856834,-0.421367193972603,-0.83990564961632,-0.5294093838833425,-0.5968940758240885,-0.5294093838833425,25598,22.40800062504883,79.42026720837565,0.0937573247909993,66.71224314399562,Mtor,MTOR,T410A,T410A,targeting guide,Missense,0.8677121218811925,0.37187321795220973,1.0,0.9999998321245912,0.9999998321245912,0.9609006053287573,0.15987988609041753,1.0,1.0,1.0
gRNA_7468,MTOR,-0.03130174404409074,-0.032580006287522986,0.10964900156545175,0.015255750411279342,-0.03130174404409074,1053.1446218412632,0.23156377732337985,0.08742404760756069,-0.2310024152652218,0.029328469888572906,0.08742404760756069,30828,0.0064876086674451,26.018554560788893,0.0713636953418969,90.22641754249383,Mtor,MTOR,T410A,T410A,targeting guide,Missense,0.8221905166963795,0.44315531115406515,1.0,0.9999998321245912,0.9999998321245912,0.7710538716278478,0.4944518488198918,1.0,1.0,1.0
gRNA_7473,MTOR,0.37082632384929587,0.4212005126765351,0.2768114882225763,0.3562794415828024,0.37082632384929587,694.2984858038504,0.14441169382002994,0.19135070784101146,0.12329341168082875,0.15301860444729007,0.14441169382002994,25495,0.800156893508531,65.3461463031967,0.0902137674053736,92.70445185330458,Mtor,MTOR,K2507R,K2507R,targeting guide,Missense,0.46214319676857496,0.8012501420179647,1.0,0.9999998321245912,0.9999998321245912,0.6867565845237826,0.6214362552811294,1.0,1.0,1.0
gRNA_7478,MTOR,0.12340454361355105,0.24216976688971836,0.3143540363920366,0.2266427822984353,0.24216976688971836,736.0308047328158,0.3228342796974672,-0.07074666786612871,0.1909558511406616,0.14768115432400003,0.1909558511406616,25869,5.025319880938575,48.24693648768796,0.4832038347056322,83.13811898411225,Mtor,MTOR,M2175T,M2175T,targeting guide,Missense,0.6719898902350894,0.632386394618861,1.0,0.9999998321245912,0.9999998321245912,0.6831333923381817,0.5969568898731725,1.0,1.0,1.0
gRNA_7479,MTOR,0.13533752611303443,0.36753812481991943,0.44601162796675825,0.31629575963323736,0.36753812481991943,887.2669197074346,0.30887109771300814,0.17681702681752473,0.2606583632750312,0.2487821626018547,0.2606583632750312,35276,44.68760630456968,78.46127678875156,0.002834788524776,38.02585327134595,Mtor,MTOR,M2175T,M2175T,targeting guide,Missense,0.4616045639219949,0.781479441299702,1.0,0.9999998321245912,0.9999998321245912,0.5882758357045934,0.715491540949956,1.0,1.0,1.0
gRNA_7481,MYC,0.2601524851081182,0.38644436408706534,0.3095107632591396,0.3187025374847744,0.3095107632591396,313.5130994294098,0.6708184321431347,0.7423821132054473,0.8922688553742361,0.7684898002409394,0.7423821132054473,8794,77.79167614282466,83.20445758471685,0.5117125312713214,10.234250625426428,Myc,MYC,T73A,T73A,targeting guide,Missense,0.5462300422068818,0.7380201284352376,1.0,0.9999998321245912,0.9999998321245912,3.4904474090140616e-05,0.99977977412866,0.0013832513806092761,1.0,0.0013832513806092761
gRNA_7482,MYC,-0.7103945365863317,-0.6815338626726085,-0.646658371126721,-0.679528923461887,-0.6815338626726085,1818.6547627445832,-0.6990617906821124,-0.4619050696748291,-0.67157729411446,-0.6108480514904672,-0.67157729411446,33299,0.9940238445598968,68.6326916724226,0.5315474939187363,91.94570407519744,Myc,MYC,H374R,H374R,targeting guide,Missense,0.9493551803454463,0.19911242286327788,1.0,0.9999998321245912,0.9999998321245912,0.9666145394147813,0.1468698199718639,1.0,1.0,1.0
gRNA_7509,MYD88,0.24801308061798433,0.10990281070285728,0.308287092079802,0.22206766113354784,0.24801308061798433,993.093992750465,0.04646483017439999,0.08184697148614656,0.1033796889450309,0.07723049686852583,0.08184697148614656,34938,25.488007327265443,34.22061938290686,0.4608163031656076,22.08197378212834,Myd88,MYD88,I165V,I178V,targeting guide,Missense,0.6776747373584937,0.6275437329762976,1.0,0.9999998321245912,0.9999998321245912,0.7597509432798614,0.5357950287754076,1.0,1.0,1.0
gRNA_7510,MYD88,0.6206826616341823,0.47722435270148333,0.4168288751881547,0.5049119631746067,0.47722435270148333,583.1940646949475,0.3038673007026528,0.34899761576431093,0.27363989985663567,0.3088349387745331,0.3038673007026528,22840,33.63835376532399,89.64098073555166,0.3896672504378284,59.29509632224168,Myd88,MYD88,L252P,L265P,targeting guide,Missense,0.23954101799941135,0.926879622379921,1.0,0.9999998321245912,0.9999998321245912,0.526718288685754,0.7657943304487252,1.0,1.0,1.0
gRNA_7511,MYD88,-0.24576614170496555,-0.021980457399132056,-0.15388268949992967,-0.14054309620134242,-0.15388268949992967,930.5393637423465,-0.7339809277163072,0.013111964111574566,-0.21850423034263644,-0.31312439798245634,-0.21850423034263644,21825,9.9106529209622,74.19931271477664,0.3253150057273768,85.0446735395189,Myd88,MYD88,M219T,M232T,targeting guide,Missense,0.8853594112494134,0.33965639639703493,1.0,0.9999998321245912,0.9999998321245912,0.9032799418984394,0.27425429548460806,1.0,1.0,1.0
gRNA_7512,MYD88,-1.2951459005939554,-1.4595342852355284,-1.4922069166003302,-1.4156290341432713,-1.4595342852355284,1978.7143211426255,-1.172102466623989,-1.090518092614123,-0.8660506121766036,-1.0428903904715718,-1.090518092614123,19075,32.22542595019659,95.12450851900394,0.1258191349934469,65.07994757536042,Myd88,MYD88,M219T,M232T,targeting guide,Missense,0.9999003746470986,0.001243413104599401,1.0,0.09503228728009708,0.09503228728009708,0.9980797013084995,0.009635141667689171,1.0,0.2454667043911289,0.2454667043911289
gRNA_7513,MYD88,-1.229039381515632,-1.1446430597543973,-1.2407359401728564,-1.2048061271476285,-1.229039381515632,1517.1415847702328,-1.3348660359143807,-0.6318457170294438,-0.5609313917879087,-0.8425477149105777,-0.6318457170294438,17207,34.39879118963213,81.21694659150346,0.1859708258266984,54.14656825710467,Myd88,MYD88,M219T,M232T,targeting guide,Missense,0.9989731866719284,0.009147973750361867,1.0,0.3915332765154879,0.3915332765154879,0.9874754093888152,0.017164951649786066,1.0,0.3826353805264811,0.3826353805264811
gRNA_7514,MYD88,0.31259177135372573,0.35657705711436816,0.28812825169624,0.31909902672144463,0.31259177135372573,711.0287754977647,0.5229468889332551,0.9297571170213319,0.5990306869684654,0.6839115643076842,0.5990306869684654,28078,44.2766578816155,93.79585440558444,0.0854761735166322,51.7843151221597,Myd88,MYD88,M219T,M232T,targeting guide,Missense,0.5386436132730981,0.7506942623139243,1.0,0.9999998321245912,0.9999998321245912,0.00014716948076970362,0.9975736378032242,0.004143982747989022,1.0,0.004143982747989022
gRNA_7557,NCOA3,-1.6646147675430618,-1.682499784968051,-1.802452178978807,-1.7165222438299732,-1.682499784968051,3532.7647552367534,-1.107679448420461,-1.2874708328218707,-1.3172903376813268,-1.2374802063078862,-1.2874708328218707,34070,78.98444379219255,92.8441444085706,0.6868212503668917,15.03375403580863,Ncoa3,NCOA3,M1396V,M1417V,targeting guide,Missense,0.9999983671086822,2.1701333040562103e-06,1.0,0.00033172037647716355,0.00033172037647716355,0.9999471902263355,0.00044941591350221955,1.0,0.018495193363360574,0.018495193363360574
gRNA_7558,NCOA3,-0.5224856291023839,-0.7846361407210622,-0.813254353901762,-0.706792041241736,-0.7846361407210622,1061.2051751418837,-1.0848334737050354,-0.5617754628625535,-0.4947989623239772,-0.7138026329638554,-0.5617754628625535,18719,69.73128906458679,97.4838399487152,0.0053421657139804,28.17458197553288,Ncoa3,NCOA3,M1396V,M1417V,targeting guide,Missense,0.9616218965872334,0.16067566272976277,1.0,0.9999998321245912,0.9999998321245912,0.9817796716352508,0.05897062800912145,1.0,0.8887122812642246,0.8887122812642246
gRNA_7602,NCOR1,0.3962713233675566,0.23695564196868682,0.3482496608782445,0.3271588754048293,0.3482496608782445,585.5719247413411,0.662896052830128,0.5730947506011006,0.4292066187550372,0.5550658073954219,0.5730947506011006,22245,0.939536974601034,5.691166554281861,0.1663295122499438,58.68734547089234,Ncor1,NCOR1,N1405S,N1393S,targeting guide,Missense,0.4943689854526424,0.7759393929249723,1.0,0.9999998321245912,0.9999998321245912,0.054212566303021695,0.9855205423550987,0.6171004887684385,1.0,0.6171004887684385
gRNA_7627,NEGR1,0.33324288314538597,0.24587413621437204,0.32724243724062435,0.3021198188667941,0.32724243724062435,983.7745640983765,0.5436383184131252,0.43131519831755794,0.2858273794348334,0.42026029872183884,0.43131519831755794,37231,8.995192178560876,61.303752249469525,0.0617764765920872,77.27162848164164,Negr1,NEGR1,T111A,T117A,targeting guide,Missense,0.5685853540403507,0.7271828270871752,1.0,0.9999998321245912,0.9999998321245912,0.20826071032963436,0.9149233828411751,1.0,1.0,1.0
gRNA_7664,NF1,-0.7215023083851355,-0.6883199264328244,-0.8190065307287646,-0.7429429218489082,-0.7215023083851355,776.1256531684264,-1.0329657695476573,-0.9410246224114797,-0.9744856718834832,-0.9828253546142066,-0.9744856718834832,12057,10.325951729285892,37.53006552210334,0.1492908683752177,35.80492659865639,Nf1,NF1,Y2692C,Y2690C,targeting guide,Missense,0.9591458171187248,0.170189477080452,1.0,0.9999998321245912,0.9999998321245912,0.9971742941982661,0.022321974097760558,1.0,0.45931754393468843,0.45931754393468843
gRNA_7667,NF1,0.44181903164028324,0.190379484723409,0.3875999442005915,0.3399328201880946,0.3875999442005915,874.4404282596703,0.6190084389683939,0.4731096543361593,0.4170917497235115,0.5030699476760215,0.4731096543361593,31016,23.623291204539598,27.324606654629868,0.0032241423781274,12.180809904565386,Nf1,NF1,D2608G,D2606G,targeting guide,Missense,0.4481152069806166,0.7956155700378269,1.0,0.9999998321245912,0.9999998321245912,0.09223545018370063,0.9724197193525945,0.8596856961205684,1.0,0.8596856961205684
gRNA_7683,NF1,0.16093891335980115,0.22991556949643002,0.16991500306768992,0.18692316197464034,0.16991500306768992,805.7408820247541,-0.016346791541857024,0.17274365002601028,0.4316697468930748,0.19602220179240937,0.17274365002601028,26648,2.3041128790153107,57.38892224557191,0.3790153107175022,87.40243170219154,Nf1,NF1,T2224A,T2222A,targeting guide,Missense,0.7155895062647479,0.5901367082290767,1.0,0.9999998321245912,0.9999998321245912,0.5442701068354516,0.6905594734921552,1.0,1.0,1.0
gRNA_7684,NF1,-0.2887486728777673,0.13662144704020235,-0.006491816879016891,-0.052873014238860615,-0.006491816879016891,1187.6285900674106,0.033749318763701734,-0.13974197936776375,0.03164957653733244,-0.02478102802224319,0.03164957653733244,36079,1.297153468776851,5.249591174921699,0.2854846309487514,49.16433382299953,Nf1,NF1,T2224A,T2222A,targeting guide,Missense,0.8481118185110635,0.3908018891274796,1.0,0.9999998321245912,0.9999998321245912,0.8253995906573556,0.44066751388077297,1.0,1.0,1.0
gRNA_7765,NF1,0.43371790200454824,0.19800596216629981,0.18049842078361586,0.27074076165148797,0.19800596216629981,533.3990975443239,0.6956766303802899,0.8585302189066262,0.4584239201531987,0.670876923146705,0.6956766303802899,18423,15.08983336047332,23.29153775172339,0.0,16.05601693535255,Nf1,NF1,Non-coding,,targeting guide,Intron,0.5695577038130477,0.6944784594442598,1.0,0.9999998321245912,0.9999998321245912,0.00016132589142370463,0.994758931034086,0.004406660148647847,1.0,0.004406660148647847
gRNA_7787,NF2,0.07419733815721812,-0.10115201052046863,-0.15487179342454907,-0.06060882192926653,-0.10115201052046863,1271.2038006054263,0.38062017802592923,0.40288085204083957,0.17592143286128248,0.3198074876426838,0.38062017802592923,36464,0.3976524791575252,0.4470162351908732,0.0658183413777972,11.43867924528302,Nf2,NF2,Y177C,Y177C,targeting guide,Missense,0.8441028343589156,0.41029827641202626,1.0,0.9999998321245912,0.9999998321245912,0.40261418332314697,0.8315366872151876,1.0,1.0,1.0
gRNA_7812,NFE2,0.5228196608580311,0.9282704704722821,0.5017186334213517,0.6509362549172216,0.5228196608580311,167.9384679574168,0.23757758650976393,0.236120810567551,0.3808180201443859,0.2848388057405669,0.23757758650976393,7142,32.273872864743765,66.50798095771493,0.1820218426211145,41.17894147297675,Nfe2,NFE2,Q286R,Q263R,targeting guide,Missense,0.11961162459967732,0.9662775364031542,1.0,0.9999998321245912,0.9999998321245912,0.5278285935373335,0.7504621781845318,1.0,1.0,1.0
gRNA_7813,NFE2,-0.9750921139109131,-1.1782780674164635,-1.2006138847491483,-1.117994688692175,-1.1782780674164635,1311.0823274611294,-0.8625330136987541,-1.0421534322836588,-0.8445795565636314,-0.9164220008486814,-0.8625330136987541,17175,47.18486171761281,74.5269286754003,0.4657933042212518,31.0160116448326,Nfe2,NFE2,Q286R,Q263R,targeting guide,Missense,0.9960574386229425,0.021313066124202733,1.0,0.7601660250965642,0.7601660250965642,0.9906319598326195,0.048503131935323525,1.0,0.7984361718584027,0.7984361718584027
gRNA_7814,NFE2,0.4125986746950854,0.7216214969342757,0.4522918148018821,0.5288373288104143,0.4522918148018821,480.05793295140757,0.20079606164194988,0.4438714259342897,0.5524459011561457,0.39903779624412844,0.4438714259342897,19298,65.54047051507929,71.0539952326666,0.4249144989118043,7.969737796662867,Nfe2,NFE2,Q286R,Q263R,targeting guide,Missense,0.2115466647446923,0.9323661892924548,1.0,0.9999998321245912,0.9999998321245912,0.21500847286642555,0.8989370040450798,1.0,1.0,1.0
gRNA_7815,NFE2L2,0.06268925079982522,0.06101147832462576,0.0945596559951278,0.07275346170652626,0.06268925079982522,1051.8112972351453,0.12669481166855168,0.4732565708781364,0.32701178070748543,0.3089877210847245,0.32701178070748543,33254,38.500631502977086,52.68539123113008,0.5503097371744753,30.87448126541168,Nfe2l2,NFE2L2,I28T,I28T,targeting guide,Missense,0.7778278012290207,0.5124447282621163,1.0,0.9999998321245912,0.9999998321245912,0.4170075207755001,0.7923450322310203,1.0,1.0,1.0
gRNA_7816,NFE2L2,-0.10428922219830049,-0.23934119727978195,-0.19860653188520366,-0.1807456504544287,-0.19860653188520366,984.7814329457723,0.1800345183742419,0.1547171567579617,0.17983383346764362,0.17152850286661572,0.17983383346764362,27042,64.07070482952444,77.11707713926485,0.2070852747577841,19.57695436728053,Nfe2l2,NFE2L2,I28T,I28T,targeting guide,Missense,0.896724120712974,0.31842084424253053,1.0,0.9999998321245912,0.9999998321245912,0.6578464830782893,0.6524389997713458,1.0,1.0,1.0
gRNA_7822,NFE2L2,-0.4196278591516537,-0.3653235242320844,-0.24944358924794452,-0.34479832421056084,-0.3653235242320844,807.6310773238575,-0.3569210827423035,-1.1812229261918654,-0.5041094454376333,-0.6807511514572674,-0.5041094454376333,18706,18.91906340211697,24.60173206457821,0.4918208061584518,17.23511172885705,Nfe2l2,NFE2L2,D29G,D29G,targeting guide,Missense,0.922381144065941,0.26587092506792626,1.0,0.9999998321245912,0.9999998321245912,0.9755039476743106,0.05133510095665795,1.0,0.8251623426430618,0.8251623426430618
gRNA_7823,NFE2L2,-0.3034828262620955,-0.2181911445693428,-0.2181561490127666,-0.2466100399480683,-0.2181911445693428,752.216417980867,-0.05757896089834223,-0.40211385711161135,0.022892829015000105,-0.14559999633165116,-0.05757896089834223,19770,0.5715730905412241,37.8199291856348,0.622154779969651,85.38189175518463,Nfe2l2,NFE2L2,D29G,D29G,targeting guide,Missense,0.9096848371918954,0.29307775230672517,1.0,0.9999998321245912,0.9999998321245912,0.8677216917743458,0.36176447859018457,1.0,1.0,1.0
gRNA_7826,NFE2L2,-0.413305305675991,-0.56015041242599,-0.3577121158587166,-0.44372261132023255,-0.413305305675991,1477.929720217589,-0.35672493029583585,0.061910309822262775,-0.11073369466671676,-0.13518277171342996,-0.11073369466671676,32306,21.91543366557296,62.29802513464991,0.3714480282300502,49.6811737757692,Nfe2l2,NFE2L2,Q26R,Q26R,targeting guide,Missense,0.9289051270200763,0.2505459394572184,1.0,0.9999998321245912,0.9999998321245912,0.8635582647913274,0.3698825625466261,1.0,1.0,1.0
gRNA_7827,NFE2L2,0.41951227822561665,0.3150162541797279,0.2603777622667144,0.331635431557353,0.3150162541797279,1068.137112259151,0.801126256280103,0.24842867521265208,0.3884993327480324,0.4793514214135958,0.3884993327480324,38933,18.339198109572852,88.29527650065498,0.6832250276115378,70.82680502401561,Nfe2l2,NFE2L2,Q26R,Q26R,targeting guide,Missense,0.5408435786683772,0.7428235085132537,1.0,0.9999998321245912,0.9999998321245912,0.04477314659380336,0.9090059989852212,0.5323029650596622,1.0,0.5323029650596622
gRNA_7828,NFE2L2,0.025453856106266146,0.2854405225206458,0.3637044627959881,0.22486628047430002,0.2854405225206458,746.2231696938521,0.17024935751398784,-0.24539138983246161,0.005471622699392785,-0.023223469873026995,0.005471622699392785,25470,28.77502944640754,71.7707106399686,1.2799371809972515,50.46721633294071,Nfe2l2,NFE2L2,Q26R,Q26R,targeting guide,Missense,0.6191991376588268,0.6502498090832922,1.0,0.9999998321245912,0.9999998321245912,0.7920167229426248,0.46871944801013055,1.0,1.0,1.0
gRNA_7829,NFE2L2,0.29222076541143605,0.27819447100512573,0.280303187573657,0.2835728079967396,0.280303187573657,659.129795650636,0.09550909675236417,-0.32739973884528834,0.09565253773335328,-0.04541270145319029,0.09550909675236417,21580,0.2919369786839667,16.589434661723818,0.0,86.20018535681186,Nfe2l2,NFE2L2,D27G,D27G,targeting guide,Missense,0.6418937544176195,0.6683733924846347,1.0,0.9999998321245912,0.9999998321245912,0.8016494199934592,0.45655309431951474,1.0,1.0,1.0
gRNA_7839,NKX2-1,-0.1672076804802082,-0.3224373931103901,-0.3932357040965348,-0.2942935925623777,-0.3224373931103901,837.3884583058486,-0.5660314888756799,-0.5308240051488098,-0.2943738745480755,-0.46374312285752173,-0.5308240051488098,20477,18.7625140401426,33.66215754260878,0.131855252234214,22.117497680324263,Nkx2-1,NKX2-1,Y174C,Y174C,targeting guide,Missense,0.9145456457888173,0.28200811031986844,1.0,0.9999998321245912,0.9999998321245912,0.9477007135516609,0.19804874156045688,1.0,1.0,1.0
gRNA_7843,NKX2-1,-1.9891171400105143,-1.4606607904173465,-1.5824007189558027,-1.6773928831278877,-1.5824007189558027,927.751503202282,-1.3552314820953097,-1.3602690011002538,-1.011506311114669,-1.2423355981034108,-1.3552314820953097,7972,0.188158554942298,85.07275464124436,0.0376317109884596,97.8549924736578,Nkx2-1,NKX2-1,N152S,N152S,targeting guide,Missense,0.9999955380386487,3.648536218552478e-06,1.0,0.0004879917192313939,0.0004879917192313939,0.9998901605762128,0.0005935464519070688,1.0,0.02189981736346771,0.02189981736346771
gRNA_7873,NKX3-1,-0.3999698027514161,-0.08690425578176215,-0.40670723124914926,-0.2978604299274425,-0.3999698027514161,1698.8979708496452,-0.10319793458010082,-0.17470027134165553,-0.10885205630339966,-0.12891675407505201,-0.10885205630339966,41565,46.0820401780344,83.10357271743052,0.1058582942379405,39.1723806086852,Nkx3-1,NKX3-1,Y178C,Y177C,targeting guide,Missense,0.9072163632691024,0.29532063631396105,1.0,0.9999998321245912,0.9999998321245912,0.8715137696606331,0.368358680912834,1.0,1.0,1.0
gRNA_7885,NOTCH1,-0.5245183368555315,-0.358231785174702,-0.7365671070158059,-0.5397724096820131,-0.5245183368555315,1969.0174149163145,-0.3817789578441378,-0.31256510072679833,-0.3637497693347762,-0.35269794263523746,-0.3637497693347762,43653,11.204270038714409,25.12771172657091,1.6883146633679242,56.0282225734772,Notch1,NOTCH1,L1668P,L1678P,targeting guide,Missense,0.939361881568419,0.22380234883510655,1.0,0.9999998321245912,0.9999998321245912,0.923232949504324,0.26392265106157764,1.0,1.0,1.0
gRNA_7886,NOTCH1,0.35615218160558126,0.4482960900448974,0.1899091525765403,0.33145247474233963,0.35615218160558126,687.4383301127062,0.21111303657864228,0.3001086217547385,0.4583720307172568,0.3231978963502125,0.3001086217547385,24675,46.3951367781155,83.97973657548125,0.2026342451874367,44.3242147922999,Notch1,NOTCH1,L1668P,L1678P,targeting guide,Missense,0.459125419177867,0.7889920740553619,1.0,0.9999998321245912,0.9999998321245912,0.43162681624853716,0.8028243004277934,1.0,1.0,1.0
gRNA_7901,NOTCH1,-0.25766779483232843,-0.1578720113941749,-0.4955613670098985,-0.3037003910788006,-0.25766779483232843,1671.2236606301478,-0.03230595812375928,0.10426276669921176,-0.031531593831875385,0.013475071581192363,-0.031531593831875385,40531,1.5617675359601293,91.98391354765488,0.0,93.77760232908145,Notch1,NOTCH1,F357S,F357S,targeting guide,Missense,0.9146632289192865,0.28022293657035907,1.0,0.9999998321245912,0.9999998321245912,0.785582306180786,0.4988822625327469,1.0,1.0,1.0
gRNA_7902,NOTCH1,0.41174396934445384,0.7572074227008547,0.5184899041842889,0.5624804320765325,0.5184899041842889,590.271198310465,0.7302835691413228,0.8092826546224201,0.6212018604385878,0.7202560280674435,0.7302835691413228,26169,0.0343918376705262,34.88478734380374,0.0,92.17394627230692,Notch1,NOTCH1,F357S,F357S,targeting guide,Missense,0.17340768834521067,0.9436734821280625,1.0,0.9999998321245912,0.9999998321245912,3.4904474090140616e-05,0.99977977412866,0.0013832513806092761,1.0,0.0013832513806092761
gRNA_7917,NOTCH1,0.07793727297950802,0.02985299983147158,0.12910384678695994,0.07896470653264652,0.07793727297950802,1443.445097450271,0.3698829408785112,0.1976262384297924,0.14996878348457326,0.23915932093095896,0.1976262384297924,48344,14.316150918418003,52.029207347344034,1.1873241767334106,62.73374151911303,Notch1,NOTCH1,I471T,I471T,targeting guide,Missense,0.7862430412617514,0.4994168884264334,1.0,0.9999998321245912,0.9999998321245912,0.5813513279126108,0.7115562466600078,1.0,1.0,1.0
gRNA_7918,NOTCH1,0.3914081886520718,0.6870520874097201,0.4785655283995177,0.5190086014871031,0.4785655283995177,1222.8404808017015,0.43199061122514965,0.6008529808960748,0.655228289825361,0.5626906273155284,0.6008529808960748,57113,0.85269553341621,82.9618475653529,0.0,91.82497855129304,Notch1,NOTCH1,I471T,I471T,targeting guide,Missense,0.21099711292210235,0.9345125396796281,1.0,0.9999998321245912,0.9999998321245912,0.049707975408119054,0.9864886977221137,0.5844783921613999,1.0,0.5844783921613999
gRNA_7919,NOTCH1,-0.055736255227357985,0.15791050363564074,0.4771771325727408,0.19311712699367453,0.15791050363564074,761.7525897406247,-0.27705068686318746,0.0893993140700135,0.2574911140736258,0.023279913760150612,0.0893993140700135,25104,7.536647546207775,21.259560229445505,0.9639898024219248,45.920968769917145,Notch1,NOTCH1,I471T,I471T,targeting guide,Missense,0.5894213830320147,0.6269101060828985,1.0,0.9999998321245912,0.9999998321245912,0.7588717529091331,0.49908255195533124,1.0,1.0,1.0
gRNA_7935,NOTCH1,-0.23407046421076808,-0.07874229166803942,0.12377027477627778,-0.06301416036750991,-0.07874229166803942,1323.0216432522745,-0.17461939995540954,0.06634296905196323,-0.049318341043333214,-0.052531590648926506,-0.049318341043333214,36415,7.318412742001923,18.78346835095428,0.7332143347521626,26.071673760812853,Notch1,NOTCH1,N390S,N390S,targeting guide,Missense,0.8486856914422236,0.39156416205255634,1.0,0.9999998321245912,0.9999998321245912,0.841976307820662,0.4142369590433847,1.0,1.0,1.0
gRNA_7956,NOTCH1,-0.2137851548880655,0.09474693015688691,-0.007342552086421412,-0.042126925605866665,-0.007342552086421412,1446.172352326421,0.11561303952843748,-0.13854416270981823,-0.04124973868583164,-0.02139362062240413,-0.04124973868583164,42822,0.0093409929475503,13.897062257717996,0.1401148942132548,87.75395824576152,Notch1,NOTCH1,F1592S,F1592S,targeting guide,Missense,0.8386076852277238,0.4119254039215461,1.0,0.9999998321245912,0.9999998321245912,0.8156800417516411,0.44909592844563984,1.0,1.0,1.0
gRNA_8028,NOTCH2,-0.33392370401071747,-0.26776987932916374,-0.4424893443641253,-0.3480609759013355,-0.33392370401071747,3226.1607014935903,-0.1897130200332964,-0.28027953290752644,-0.3310600459364402,-0.26701753295908764,-0.28027953290752644,82352,0.9240819895084516,7.057509228676899,0.0935010685836409,67.29648338838157,Notch2,NOTCH2,K1514R,K1514R,targeting guide,Missense,0.922381144065941,0.26587092506792626,1.0,0.9999998321245912,0.9999998321245912,0.907923996413581,0.29591564510488805,1.0,1.0,1.0
gRNA_8198,NOTCH3,0.4371867068857783,0.5783053560104943,0.6836117820419563,0.566367948312743,0.5783053560104943,669.4857706777418,0.5462770817191622,0.2776586200795888,0.6110209427150554,0.47831888150460217,0.5462770817191622,25041,32.10335050517152,69.86542071003554,1.1780679685316082,50.15374785352022,Notch3,NOTCH3,L1520P,L1519P,targeting guide,Missense,0.16604918188687806,0.9564391879113685,1.0,0.9999998321245912,0.9999998321245912,0.10529319733583671,0.9466885488022159,0.917121425668719,1.0,0.917121425668719
gRNA_8216,NPM1,0.6620742688615838,0.4333516090512907,0.44412183051008863,0.5131825694743211,0.44412183051008863,1160.7802809533125,0.42873908139440825,0.5802870614929851,0.5016846389461193,0.5035702606111708,0.5016846389461193,51581,0.4206975436691805,75.95432426668735,0.2113181210135515,89.15104398906574,Npm1,NPM1,M65V,M65V,targeting guide,Missense,0.21421668972951988,0.9363414896782731,1.0,0.9999998321245912,0.9999998321245912,0.1077743337088109,0.9727967246980844,0.9299882021647392,1.0,0.9299882021647392
gRNA_8217,NRAS,-0.6151469317617376,-0.4832649799292809,-0.5305811421452094,-0.542997684612076,-0.5305811421452094,3172.7236304088747,-0.33606469249831167,-0.29860263330452486,-0.48623296265483096,-0.3736334294858892,-0.33606469249831167,64323,2.0117220900766446,35.02168742129565,0.1321455777871057,82.10904342148221,Nras,NRAS,Q61R,Q61R,targeting guide,Missense,0.9371481978021643,0.2309241521441203,1.0,0.9999998321245912,0.9999998321245912,0.9298257022753889,0.24637235041738773,1.0,1.0,1.0
gRNA_8225,NRAS,0.394131976662013,0.40704598750512144,0.6951696759140614,0.4987825466937319,0.40704598750512144,797.9865260944364,0.24273178495683462,-0.1894961193580569,0.11764055242225509,0.05695873934034427,0.11764055242225509,35456,2.6229693140794224,49.38515342960289,0.2058889891696751,79.94979693140795,Nras,NRAS,I36M,I36M,targeting guide,Missense,0.2456159862362904,0.9151064736174909,1.0,0.9999998321245912,0.9999998321245912,0.7504596878923874,0.5252757004966475,1.0,1.0,1.0
gRNA_8226,NSD1,-0.22008183137818985,-0.11026814330641527,-0.31925898258545576,-0.21653631909002033,-0.22008183137818985,2099.92564897151,-0.17534111869694893,-0.05693709322279696,-0.1375380738864412,-0.12327209526872902,-0.1375380738864412,57377,13.071439775519808,41.68046429754082,0.4357146591839935,61.36779545811039,Nsd1,NSD1,T2030A,T2029A,targeting guide,Missense,0.8992425045285047,0.3126461850343558,1.0,0.9999998321245912,0.9999998321245912,0.8685517199989924,0.37352790090377913,1.0,1.0,1.0
gRNA_8227,NSD1,0.24551611295278764,0.3776277173393121,0.12132843549543737,0.24815742192917903,0.24551611295278764,524.6850425911955,0.3515497391337734,-0.012492532230247098,0.16049521741202183,0.1665174747718494,0.16049521741202183,19492,3.7194746562692393,55.60742868869279,1.5955263697927355,86.64580340652576,Nsd1,NSD1,T2030A,T2029A,targeting guide,Missense,0.5973700407256237,0.6825352895660655,1.0,0.9999998321245912,0.9999998321245912,0.6441242992198417,0.6407383955510355,1.0,1.0,1.0
gRNA_8228,NSD1,0.7231125190228846,0.7185869385107038,0.469699503353588,0.6371329869623922,0.7185869385107038,987.7383240684514,0.8042278538256664,0.3193349395392513,0.4735249684827097,0.5323625872825425,0.4735249684827097,48641,8.313973808104274,88.08823831746881,0.1336321210501428,88.71116958944101,Nsd1,NSD1,T2030A,T2029A,targeting guide,Missense,0.12578187111449082,0.969724723990303,1.0,0.9999998321245912,0.9999998321245912,0.030337991032459828,0.9509965033157701,0.416175005188872,1.0,0.416175005188872
gRNA_8241,NSD1,0.9056255583979769,0.42940709108950514,0.12543523943580762,0.4868226296410965,0.42940709108950514,639.7533882808524,0.3565900786794512,0.022626426757438124,0.02243931394891849,0.13388527312860263,0.022626426757438124,27074,67.91017212085396,81.30309522050676,0.3841323779271626,14.445593558395508,Nsd1,NSD1,Y1972C,Y1971C,targeting guide,Missense,0.22599407482767747,0.8576820338987725,1.0,0.9999998321245912,0.9999998321245912,0.6845616327474284,0.592536718280325,1.0,1.0,1.0
gRNA_8302,NTRK2,-0.030006612910073383,-0.13746491682847015,-0.04370681016902476,-0.07039277996918943,-0.04370681016902476,1238.0857881804309,0.1920593764533394,0.17944065850132068,-0.026265448313288985,0.11507819554712372,0.17944065850132068,34240,19.50058411214953,66.04264018691589,0.3796728971962617,60.49357476635514,Ntrk2,NTRK2,N125S,N125S,targeting guide,Missense,0.8677712459143725,0.37492657519106576,1.0,0.9999998321245912,0.9999998321245912,0.7055398794198855,0.591406442801578,1.0,1.0,1.0
gRNA_8366,NTRK3,0.3895833571224673,-0.018085725759965463,0.05803728508083927,0.14317830548111368,0.05803728508083927,786.3906848089518,0.21187087468347296,0.11900222760512852,0.16171925539510856,0.16419745256123666,0.16171925539510856,25974,3.445753445753446,70.81697081697081,0.3927003927003927,85.36228536228536,Ntrk3,NTRK3,D527G,D527G,targeting guide,Missense,0.6733577670343793,0.5761673517594701,1.0,0.9999998321245912,0.9999998321245912,0.6782394482346421,0.630395527800244,1.0,1.0,1.0
gRNA_8367,NTRK3,0.2702591080157619,0.19447890464511902,0.03609831820943213,0.1669454436234377,0.19447890464511902,925.0848539900466,0.2461275036574761,0.3036952053659841,0.26881233843461244,0.2728783491526909,0.26881233843461244,32814,0.6094959468519534,26.354604741878468,0.0,88.45005180715549,Ntrk3,NTRK3,D527G,D527G,targeting guide,Missense,0.7294636712035661,0.568467782284434,1.0,0.9999998321245912,0.9999998321245912,0.583063445690345,0.7206144906478935,1.0,1.0,1.0
gRNA_8409,NTRK3,0.16902914720161955,0.17570506231310476,0.28306328298420885,0.2092658308329777,0.17570506231310476,755.3889950296083,0.2759758368125163,0.476659848950219,0.2898304452657769,0.3474887103428374,0.2898304452657769,23099,3.6018875275985978,11.688817697735834,0.1385341356768691,77.00333347763973,Ntrk3,NTRK3,K771R,K746R,targeting guide,Missense,0.701844582198448,0.6041080085941344,1.0,0.9999998321245912,0.9999998321245912,0.37977984516676894,0.8299688872023001,1.0,1.0,1.0
gRNA_8410,NTRK3,0.46132184020835953,0.3846269951235793,0.6856737020733616,0.5105408458017668,0.46132184020835953,355.6946415138616,0.8296508247597463,0.4277827914655287,0.6887943468366435,0.6487426543539728,0.6887943468366435,13404,0.783348254252462,40.11489107729036,0.186511489107729,92.688749626977,Ntrk3,NTRK3,K771R,K746R,targeting guide,Missense,0.21493426591569204,0.9326255431364848,1.0,0.9999998321245912,0.9999998321245912,0.00017735363796903306,0.9930228338624925,0.00448983828906144,1.0,0.00448983828906144
gRNA_8493,PAX5,-1.0927973020887525,-0.8261775665047787,-1.0530310576962285,-0.9906686420965866,-1.0530310576962285,2087.5014878690495,-0.9573930297316013,-0.930854218075844,-1.0756308695542467,-0.9879593724538974,-0.9573930297316013,33253,7.10311851562265,29.167293176555496,0.0,54.398099419601245,Pax5,PAX5,D35G,D35G,targeting guide,Missense,0.9913969781345119,0.046990237318400685,1.0,0.9999998321245912,0.9999998321245912,0.9967917018529594,0.02124535013883264,1.0,0.4457357774225671,0.4457357774225671
gRNA_8494,PAX5,0.26451366640468293,0.19548925223370772,0.2527485939685237,0.23758383753563814,0.2527485939685237,1350.9608543168324,0.39706322640182923,0.31438589837355885,0.3695038157462057,0.3603176468405313,0.3695038157462057,47734,4.388905182888507,66.51443415594754,0.0775128838982695,84.49323333472996,Pax5,PAX5,D35G,D35G,targeting guide,Missense,0.6852161737368225,0.6235898242196853,1.0,0.9999998321245912,0.9999998321245912,0.4192185654607144,0.8343529727533954,1.0,1.0,1.0
gRNA_8513,PAX5,0.9871795585434502,0.8028373826330237,0.9366556642140463,0.9088908684635068,0.9366556642140463,464.8454422237721,0.4584782384701695,0.29303875927944,0.29231576166540246,0.34794425313833727,0.29303875927944,27095,0.33216460601587,35.102417420188225,0.1956080457649012,83.41760472411885,Pax5,PAX5,F27S,F27S,targeting guide,Missense,0.021889691075448536,0.997324754295419,1.0,0.9999998321245912,0.9999998321245912,0.4089009064082542,0.8256118872610395,1.0,1.0,1.0
gRNA_8569,PDGFRA,0.5947977518580359,0.5373486426676484,0.36359544179801784,0.49858061210790067,0.5373486426676484,1302.0196615650918,0.7429134195478555,0.5286716908292932,0.48516371654835877,0.5855829423085025,0.5286716908292932,52093,2.144242028679477,71.26485324323806,0.0057589311423799,95.7806231163496,Pdgfra,PDGFRA,S1087G,S1087G,targeting guide,Missense,0.24023159672512967,0.9267608810231803,1.0,0.9999998321245912,0.9999998321245912,0.033291226511364826,0.9912644920916434,0.43440990691658976,1.0,0.43440990691658976
gRNA_8650,PDGFRB,-0.08058298316821398,0.012616480499416695,-0.08146482216118406,-0.04981044160999378,-0.08058298316821398,1172.1135401053134,-0.41020740378908593,-0.20641285719897196,-0.3435627141698949,-0.3200609917193176,-0.3435627141698949,33134,17.01877225810346,59.12355888211505,0.0,57.33687450956722,Pdgfrb,PDGFRB,V536A,V532A,targeting guide,Missense,0.8625030835387024,0.38420007846104304,1.0,0.9999998321245912,0.9999998321245912,0.9179575170989863,0.2738503156064422,1.0,1.0,1.0
gRNA_8651,PDGFRB,-0.15339575162852837,0.3015497977494039,0.4274982605853893,0.19188410223542163,0.3015497977494039,630.5024713860648,0.008849791337871185,0.3031379939668613,0.09434637304450692,0.13544471944974648,0.09434637304450692,23096,44.263075857291305,84.01454797367509,0.0,46.28074125389678,Pdgfrb,PDGFRB,V536A,V532A,targeting guide,Missense,0.6002648767331162,0.6427708256278315,1.0,0.9999998321245912,0.9999998321245912,0.6968911057717191,0.5925912279284764,1.0,1.0,1.0
gRNA_8652,PDGFRB,0.14941471867901662,0.2542070640334821,-0.12402617119352595,0.09319853717299093,0.14941471867901662,777.0858227109786,-0.0037986498504259166,-0.09466354617680797,0.19040321541826366,0.03064700646367659,-0.0037986498504259166,26955,7.972546837321462,19.57336301242812,0.1483954739380449,38.94268224819143,Pdgfrb,PDGFRB,V536A,V532A,targeting guide,Missense,0.7641430537868513,0.515054915419715,1.0,0.9999998321245912,0.9999998321245912,0.7782223462285422,0.4958502761547896,1.0,1.0,1.0
gRNA_8668,PDGFRB,0.3568696521803402,0.31674147783175655,0.13441785066385095,0.26934299355864927,0.31674147783175655,1176.2953309154097,0.35404446966965647,0.30434577382655864,0.07143027707141601,0.24327350685587704,0.30434577382655864,41186,11.785558199388142,91.80546787743408,0.6239984460739086,80.84543291409703,Pdgfrb,PDGFRB,S892P,S888P,targeting guide,Missense,0.575120566457938,0.7095365078480083,1.0,0.9999998321245912,0.9999998321245912,0.5918940036175846,0.6922853969151317,1.0,1.0,1.0
gRNA_8672,PDGFRB,-0.16640347535111583,-0.07799971191761522,-0.252900831584546,-0.1657680062844257,-0.16640347535111583,1882.472526846491,0.16481322198375511,-0.20630707614996135,-0.11941230601162525,-0.05363538672594383,-0.11941230601162525,49868,26.221224031443008,77.12561161466272,0.2446458650838213,60.03850164434106,Pdgfrb,PDGFRB,Y566C,Y562C,targeting guide,Missense,0.8937141203754394,0.3244448024626308,1.0,0.9999998321245912,0.9999998321245912,0.8146792521742817,0.4381767156899087,1.0,1.0,1.0
gRNA_8673,PDGFRB,-0.12628658754204555,-0.17798646879560764,-0.020097474543310897,-0.1081235102936547,-0.12628658754204555,646.3594056475266,-0.2587032838676584,0.04910067308855266,0.005033809584931722,-0.068189600398058,0.005033809584931722,17450,30.080229226361038,85.70200573065902,0.2005730659025787,60.04011461318052,Pdgfrb,PDGFRB,Y566C,Y562C,targeting guide,Missense,0.879410778188117,0.35254996217388285,1.0,0.9999998321245912,0.9999998321245912,0.8380565606244051,0.41427115315116975,1.0,1.0,1.0
gRNA_8695,PHF6,-0.23821455405062028,-0.33787470824478444,-0.4599827290081293,-0.3453573304345114,-0.33787470824478444,817.8871172960299,-0.32971070508941175,0.15588918304136373,0.24259787431895113,0.022925450756967707,0.15588918304136373,21202,0.1131968682199792,13.088387887935102,0.2405433449674559,85.74191114045846,Phf6,PHF6,K323E,K323E,targeting guide,Missense,0.9246572541469992,0.2605092494071242,1.0,0.9999998321245912,0.9999998321245912,0.7508497168189463,0.5035340142368685,1.0,1.0,1.0
gRNA_8696,PHF6,0.0038265350553472956,0.05325406591626158,0.3623045678124284,0.13979505626134578,0.05325406591626158,907.9771154827536,0.06405857364823442,0.2665546038654352,0.387439342707474,0.23935084007371454,0.2665546038654352,27275,19.67736021998167,26.48212648945921,0.2896425297891842,26.3134738771769,Phf6,PHF6,K323E,K323E,targeting guide,Missense,0.6766229500192531,0.5779089335439036,1.0,0.9999998321245912,0.9999998321245912,0.5528963523762962,0.7102035139584038,1.0,1.0,1.0
gRNA_8699,PHF6,0.2429418523170147,0.2212185826172933,0.23010865050623686,0.23142302848018162,0.23010865050623686,616.0565736903055,-0.0018136620592809013,0.3584043701545646,0.5048977315666427,0.28716281322064213,0.3584043701545646,21297,0.1643423956425787,57.68418087054514,0.7841480020660186,90.15354275250034,Phf6,PHF6,H302R,H302R,targeting guide,Missense,0.6934916740787247,0.6153106876708407,1.0,0.9999998321245912,0.9999998321245912,0.4040550620498059,0.7727976468847785,1.0,1.0,1.0
gRNA_8775,PIK3CA,0.4749917553401257,0.32646003609768115,0.48199807642873127,0.4278166226221794,0.4749917553401257,1176.052908259752,0.21737121344505342,0.236614999020785,0.05340336709304382,0.16912985985296072,0.21737121344505342,44917,18.3249103902754,66.62733486207895,1.206670080370461,55.80737805285304,Pik3ca,PIK3CA,Q546R,Q546R,targeting guide,Missense,0.3296240172396954,0.8802027021980627,1.0,0.9999998321245912,0.9999998321245912,0.6886704761118541,0.6134987552225135,1.0,1.0,1.0
gRNA_8782,PIK3CA,0.45416891904843676,0.21071697624978594,0.3617797731077176,0.3422218894686468,0.3617797731077176,694.5154637282238,0.30220003481944074,0.3625582286882153,0.17790422516137144,0.2808874962230092,0.30220003481944074,25700,0.0038910505836575,0.5019455252918288,0.4747081712062256,9.754863813229573,Pik3ca,PIK3CA,N345D,N345D,targeting guide,Missense,0.43845599561848314,0.7991780126719653,1.0,0.9999998321245912,0.9999998321245912,0.5417895752322059,0.7499372763647214,1.0,1.0,1.0
gRNA_8783,PIK3CA,0.09571644336142991,0.06482934281073842,0.007006091724532279,0.05585062596556687,0.06482934281073842,1772.280028022899,0.020711833713565803,-0.2279360477265207,0.22605171497356108,0.006275833653535391,0.020711833713565803,55129,36.89709590233815,41.26684685011519,0.3772968854867674,20.531843494349616,Pik3ca,PIK3CA,E542G,E542G,targeting guide,Missense,0.7977081772303835,0.48160213219296055,1.0,0.9999998321245912,0.9999998321245912,0.7841095737338634,0.4825889013304635,1.0,1.0,1.0
gRNA_8784,PIK3CA,0.5776361373136035,0.23646844394430913,0.40724384755943904,0.40711614293911724,0.40724384755943904,1512.0200332612528,0.28003764609010096,0.27862591602456394,0.0425066466999783,0.20039006960488107,0.27862591602456394,61281,3.958812682560663,4.6931349031510585,0.1419689626474763,18.713793834957,Pik3ca,PIK3CA,E542G,E542G,targeting guide,Missense,0.3714171761338691,0.8322294855995184,1.0,0.9999998321245912,0.9999998321245912,0.6444313575801375,0.652741550334998,1.0,1.0,1.0
gRNA_8789,PIK3CA,0.3303286133319235,0.14807846925903917,0.20659137026164012,0.22833281761753424,0.20659137026164012,806.8569901295026,0.08481370528419688,0.5748130005901213,0.617849006788973,0.4258252375544304,0.5748130005901213,28184,0.6280158955435708,9.026397956287257,0.1951461822310531,62.46451887595799,Pik3ca,PIK3CA,K111E,K111E,targeting guide,Missense,0.6540997899169623,0.6455984125107792,1.0,0.9999998321245912,0.9999998321245912,0.09319957079437938,0.9100033896754487,0.8596856961205684,1.0,0.8596856961205684
gRNA_8790,PIK3CA,0.055530701547638395,0.2895156611961478,0.5334480370188892,0.2928314665875585,0.2895156611961478,740.5406073705699,-0.0007096808526409509,0.02738873828051006,0.038340539217025266,0.021673198881631456,0.02738873828051006,27390,11.788974078130703,51.35085797736401,0.7886089813800657,55.3742241694049,Pik3ca,PIK3CA,C604R,C604R,targeting guide,Missense,0.5144111226657508,0.7148185712869715,1.0,0.9999998321245912,0.9999998321245912,0.7965615810345816,0.48750543301200466,1.0,1.0,1.0
gRNA_8791,PIK3CA,-0.12855989583200245,0.29827206498488534,0.1815374560989847,0.1170832084172892,0.1815374560989847,1399.74037150328,-0.01689310955952485,-0.2561360238597823,-0.057485975058792264,-0.11017170282603313,-0.057485975058792264,45972,35.88923692682503,59.29696336900723,0.4415731314713304,34.020708257200035,Pik3ca,PIK3CA,C604R,C604R,targeting guide,Missense,0.7390906937635979,0.5380088973888864,1.0,0.9999998321245912,0.9999998321245912,0.8608798210100991,0.38269368166143664,1.0,1.0,1.0
gRNA_8793,PIK3CA,-0.3819589190172593,-0.3421329981377945,-0.4831239959346813,-0.402405304363245,-0.3819589190172593,1263.7493039439498,0.15327871040669572,-0.328098758030012,-0.6266477298350249,-0.2671559258194471,-0.328098758030012,28987,11.660399489426297,40.73205229930659,0.3553317004174285,61.62072653258357,Pik3ca,PIK3CA,D725G,D725G,targeting guide,Missense,0.9289051270200763,0.2505459394572184,1.0,0.9999998321245912,0.9999998321245912,0.8734369634612397,0.3076787234033902,1.0,1.0,1.0
gRNA_8794,PIK3CA,0.10159807531707261,0.352394958479752,0.3329204524081603,0.2623044954016616,0.3329204524081603,1593.8077496220026,0.07834766947863146,-0.31066588287282687,-0.21279877226491375,-0.1483723285530364,-0.21279877226491375,55528,9.469096671949288,76.8765307592566,0.1080535945829131,79.13304999279643,Pik3ca,PIK3CA,D725G,D725G,targeting guide,Missense,0.5541887953711948,0.726471710399351,1.0,0.9999998321245912,0.9999998321245912,0.865988441214054,0.3649841762537997,1.0,1.0,1.0
gRNA_8795,PIK3CA,-0.21452585904902807,-0.19285204596051098,-0.38996885942514964,-0.2657822548115629,-0.21452585904902807,1710.7160753129615,-0.41287926969883687,-0.28367546211820055,-0.15939134167251515,-0.28531535782985085,-0.28367546211820055,43006,37.71566758126773,92.6986932055992,0.0255778263498116,55.2969353113519,Pik3ca,PIK3CA,D725G,D725G,targeting guide,Missense,0.9096848371918954,0.29307775230672517,1.0,0.9999998321245912,0.9999998321245912,0.9088288819197982,0.2925532818338551,1.0,1.0,1.0
gRNA_8803,PIK3CA,-0.2643196852367331,-0.007917822320864278,-0.22000346386390024,-0.1640803238071659,-0.22000346386390024,1682.5950472566603,-0.2949972691493601,-0.035556090844292954,-0.12041440380687701,-0.15032258793351003,-0.12041440380687701,44183,2.543964873367585,90.78831224679176,0.1923816852635629,90.77020573523752,Pik3ca,PIK3CA,C378R,C378R,targeting guide,Missense,0.8936762304762618,0.3236076168319633,1.0,0.9999998321245912,0.9999998321245912,0.8712024317823877,0.36432426467194484,1.0,1.0,1.0
gRNA_8804,PIK3CA,0.6469896729866469,0.4868423245477349,0.7017645726404445,0.6118655233916087,0.6469896729866469,601.2375675164923,0.2645245353792528,0.5247173510094743,0.41778579753241496,0.4023425613070473,0.41778579753241496,28318,4.174023589236528,76.57320432233915,0.2966311180168091,87.54502436612755,Pik3ca,PIK3CA,C378R,C378R,targeting guide,Missense,0.13447580198458636,0.9686713900346029,1.0,0.9999998321245912,0.9999998321245912,0.24599620029897587,0.8999737736223606,1.0,1.0,1.0
gRNA_8808,PIK3CA,0.13080297481364794,0.2263576379594465,0.36846034512227877,0.24187365263179106,0.2263576379594465,676.132361475157,0.1298970563573536,-0.30376687450340817,0.07452135082092212,-0.03311615577504415,0.07452135082092212,5940,3.98989898989899,9.023569023569024,1.144781144781145,47.87878787878788,Pik3ca,PIK3CA,I13T,I13T,targeting guide,Missense,0.603290553370023,0.6792879131483265,1.0,0.9999998321245912,0.9999998321245912,0.8138186568771354,0.4412755601870796,1.0,1.0,1.0
gRNA_8813,PIK3CA,0.6643105375811508,0.1391921055992394,-0.12500341596152667,0.22616640907295452,0.1391921055992394,534.4813500614663,0.22103148036493292,0.6042950258010986,0.43583768008182483,0.4203880620826188,0.43583768008182483,19083,0.0943247916994183,1.2786249541476706,0.0104805324110464,23.030969973274644,Pik3ca,PIK3CA,V356A,V356A,targeting guide,Missense,0.4781264580340402,0.6486131200388532,1.0,0.9999998321245912,0.9999998321245912,0.17818727010380864,0.906057149943761,1.0,1.0,1.0
gRNA_8814,PIK3CA,0.4838251503162836,0.3439400271010929,0.29606951331312775,0.3746115635768347,0.3439400271010929,501.07381157074366,0.23315183764496075,0.28175585659633356,0.3624213004930703,0.2924429982447882,0.28175585659633356,19285,1.7889551464869071,8.955146486906923,0.0,39.78739953331605,Pik3ca,PIK3CA,V356A,V356A,targeting guide,Missense,0.410941203061457,0.8291510478194003,1.0,0.9999998321245912,0.9999998321245912,0.5470677406100741,0.746620483483071,1.0,1.0,1.0
gRNA_8824,PIK3CA,-0.0363747971594281,-0.06782874596474708,-0.009466458108099018,-0.037890000410758067,-0.0363747971594281,1023.6902691788442,-0.07770759965592369,0.03632841384739711,0.22984624197264586,0.06282235205470642,0.03632841384739711,30921,1.002554897965784,1.5620452119918502,0.4074900553022217,19.9928850942725,Pik3ca,PIK3CA,N1044S,N1044S,targeting guide,Missense,0.8614533890649672,0.386180049760006,1.0,0.9999998321245912,0.9999998321245912,0.7665755250588777,0.5135734409722872,1.0,1.0,1.0
gRNA_8825,PIK3CA,-0.27177849814210897,-0.1504096467990702,-0.2636517848544054,-0.22861330993186155,-0.2636517848544054,3434.4017627036137,-0.4676477333316871,-0.3223613498457564,-0.4157305249312513,-0.40191320270289826,-0.4157305249312513,90809,3.053662081952229,12.239976213811406,0.0,50.399189507647925,Pik3ca,PIK3CA,N1044S,N1044S,targeting guide,Missense,0.9049250142793106,0.301872726162503,1.0,0.9999998321245912,0.9999998321245912,0.9345543523621916,0.2357462276099524,1.0,1.0,1.0
gRNA_8826,PIK3CA,-0.37505082172872417,0.0352127707368473,-0.028306305122868074,-0.12271478537158165,-0.028306305122868074,1789.3671614369412,-0.47045483192399784,-0.11464901021105504,-0.028682378974111494,-0.20459540703638812,-0.11464901021105504,50627,30.629901040946528,71.13990558397693,0.2903588994015051,52.51150571829261,Pik3ca,PIK3CA,N1044S,N1044S,targeting guide,Missense,0.8662853091740496,0.36792490807162853,1.0,0.9999998321245912,0.9999998321245912,0.8839408633773959,0.3289624426649403,1.0,1.0,1.0
gRNA_8827,PIK3CA,-0.4051520593483264,-0.4607673392442236,-0.4807070028325041,-0.44887546714168475,-0.4607673392442236,1864.5938559917306,-0.666439857758832,-0.30175986215164763,-0.2270391520878532,-0.39841295733277765,-0.30175986215164763,43104,2.1111729769858947,58.94812546399406,0.0858389012620638,82.62342242019302,Pik3ca,PIK3CA,N1044S,N1044S,targeting guide,Missense,0.931092602205299,0.24543321978470797,1.0,0.9999998321245912,0.9999998321245912,0.9319513566743257,0.2314769647222954,1.0,1.0,1.0
gRNA_8831,PIK3CA,0.8217908590698625,0.2160715058213279,-0.22492202333669875,0.27098011385149723,0.2160715058213279,59.63597329181118,0.05405511567346638,-0.6487128342145839,-0.7204317821979704,-0.4383631669130293,-0.6487128342145839,2033,6.246925725528775,10.378750614854894,0.1967535661583866,48.45056566650271,Pik3ca,PIK3CA,L1036S,L1036S,targeting guide,Missense,0.3495602099909293,0.6655069519372616,1.0,0.9999998321245912,0.9999998321245912,0.9281021559704429,0.20923722885432045,1.0,1.0,1.0
gRNA_8833,PIK3CA,0.4990532776385408,0.31558353029545344,0.4801348678157408,0.4315905585832451,0.4801348678157408,797.5099314501457,0.7988741289789898,0.44163853461504365,0.8230232502236132,0.6878453046058821,0.7988741289789898,31530,54.8652077386616,78.3222327941643,2.029812876625436,31.56676181414526,Pik3ca,PIK3CA,W11R,W11R,targeting guide,Missense,0.33479893724950777,0.8727238448751242,1.0,0.9999998321245912,0.9999998321245912,3.40420899865075e-05,0.996381475430131,0.0013832513806092761,1.0,0.0013832513806092761
gRNA_8834,PIK3CA,0.17497728451174452,0.4463059976502377,0.418323961801338,0.3465357479877735,0.418323961801338,1007.6308077445009,0.47993414464655054,0.35636064299409786,0.3700949822523076,0.402129923297652,0.3700949822523076,36465,9.66406142876731,83.80638968874263,0.35650623885918,81.09419991772933,Pik3ca,PIK3CA,W11R,W11R,targeting guide,Missense,0.4517532701222685,0.7908549787618183,1.0,0.9999998321245912,0.9999998321245912,0.3170321087447618,0.8820488078877147,1.0,1.0,1.0
gRNA_8835,PIK3CA,-0.03292258458690512,0.0957823728914306,-0.033268467157434534,0.009863773715696985,-0.03292258458690512,1190.6892657083865,0.11853352434962082,-0.005343823450033783,-0.09701069818208516,0.005393000905833958,-0.005343823450033783,38276,4.932594837496081,43.46065419584074,0.5773853067196154,84.68492005434214,Pik3ca,PIK3CA,W11R,W11R,targeting guide,Missense,0.8221905166963795,0.44315531115406515,1.0,0.9999998321245912,0.9999998321245912,0.8011915079024644,0.47246145316911226,1.0,1.0,1.0
gRNA_8840,PIK3CA,-0.16416788433662058,-0.16190218569048753,-0.29054422294028237,-0.2055380976557968,-0.16416788433662058,1574.6563598250386,0.32291941246110306,0.14776592615938663,0.3180445754134953,0.26290997134466165,0.3180445754134953,40662,0.2754414441001426,1.3870444149328611,0.6492548325217647,11.730854360336432,Pik3ca,PIK3CA,M1004V,M1004V,targeting guide,Missense,0.9016897512377398,0.30878877724646475,1.0,0.9999998321245912,0.9999998321245912,0.5819029162563012,0.718511765476502,1.0,1.0,1.0
gRNA_8841,PIK3CA,0.3122112355142325,0.08393651319064813,0.3271525446194195,0.24110009777476674,0.3122112355142325,823.8166076225448,0.4158038924055179,0.12848135756118742,0.3779743037470836,0.30741985123792964,0.3779743037470836,29048,0.5232718259432663,1.2324428532084826,0.7126136050674745,20.083998898375103,Pik3ca,PIK3CA,M1004V,M1004V,targeting guide,Missense,0.6251985981811732,0.6734737383499083,1.0,0.9999998321245912,0.9999998321245912,0.4289835599885353,0.8040033187912393,1.0,1.0,1.0
gRNA_8852,PIK3CA,-0.09338071971095994,-0.0552578591124822,0.018784742511345952,-0.04328461210403206,-0.0552578591124822,1193.6127785234626,0.014072911749308694,-0.20670641179664012,0.19642692964970493,0.0012644765341244997,0.014072911749308694,35278,7.817903509269233,23.04835875049606,0.0028346278133681,40.55218549804411,Pik3ca,PIK3CA,H1047R,H1047R,targeting guide,Missense,0.8556988044051675,0.3950806494031791,1.0,0.9999998321245912,0.9999998321245912,0.7879224535370379,0.47720026872020427,1.0,1.0,1.0
gRNA_8854,PIK3CA,0.04915098776003448,-0.01568214133911996,0.16502800831006645,0.06616561824366032,0.04915098776003448,675.2683073347157,0.10923739062816763,-0.06896035993033606,0.10029021737205486,0.04685574935662881,0.10029021737205486,22403,2.7987323126367003,10.95835379190287,0.0,35.347944471722535,Pik3ca,PIK3CA,D350G,D350G,targeting guide,Missense,0.7993658351204325,0.47720764338111643,1.0,0.9999998321245912,0.9999998321245912,0.7689918977247614,0.5154854635462769,1.0,1.0,1.0
gRNA_8855,PIK3CA,-0.028419490089969808,0.20658478510815068,0.4153588123002143,0.19784136910613173,0.20658478510815068,1220.598071236867,0.13113516214833046,-0.06031042015887129,0.19020747072861496,0.08701073757269139,0.13113516214833046,37767,9.344136415389096,17.12871024968888,0.5533931739349167,37.95641697778484,Pik3ca,PIK3CA,D350G,D350G,targeting guide,Missense,0.6467786249564997,0.6102574336666811,1.0,0.9999998321245912,0.9999998321245912,0.7453766135593917,0.5399039150996432,1.0,1.0,1.0
gRNA_8857,PIK3CA,0.7865696422001733,0.7785755043439021,0.8443306941542847,0.8031586135661201,0.7865696422001733,429.89199764710685,0.35835348837233416,0.7775095534470019,0.5060379283051517,0.5473003233748293,0.5060379283051517,23458,3.1503111944752327,81.09386989513172,0.0724699462869809,89.44070253218518,Pik3ca,PIK3CA,*1069Wext*18,*1069Wext*4,targeting guide,Non_Stop,0.02848550472711209,0.9963974223236254,1.0,0.9999998321245912,0.9999998321245912,0.04101150452898446,0.9623392838113677,0.5102594168141089,1.0,0.5102594168141089
gRNA_8858,PIK3CA,0.6414429809796407,0.25825058342801127,0.23901147825925767,0.37956834755563656,0.25825058342801127,964.4029105253936,0.472029632408927,0.6464028655532881,0.3524517054722734,0.4902947344781628,0.472029632408927,36984,42.0641358425265,52.32803374432186,0.4163962794722042,15.81765087605451,Pik3ca,PIK3CA,Y1021H,Y1021H,targeting guide,Missense,0.41384484280565575,0.7698537455796722,1.0,0.9999998321245912,0.9999998321245912,0.11596879102194663,0.9511758543120602,0.9400500484354765,1.0,0.9400500484354765
gRNA_8861,PIK3CA,0.34915005367042556,0.16192866557904714,0.2636110194338905,0.25822991289445435,0.2636110194338905,945.145328745727,0.24002000210362512,0.27199062518382017,0.21905294220125718,0.24368785649623415,0.24002000210362512,32246,21.277057619549712,36.432425727221975,0.7628853191093469,23.680456490727533,Pik3ca,PIK3CA,Y1021C,Y1021C,targeting guide,Missense,0.6041084189559955,0.6864547996423855,1.0,0.9999998321245912,0.9999998321245912,0.6207996622412375,0.6876262408545957,1.0,1.0,1.0
gRNA_8862,PIK3CA,1.0989183540132104,0.5295785250673821,0.3560490518852218,0.6615153103219381,0.5295785250673821,185.63514856993663,0.7075850588047331,0.9828679223901688,0.9022837184949213,0.8642455665632743,0.9022837184949213,8924,2.8350515463917527,5.434782608695652,0.0,11.12729717615419,Pik3ca,PIK3CA,V344A,V344A,targeting guide,Missense,0.08015385666633276,0.9551445430127861,1.0,0.9999998321245912,0.9999998321245912,1.4088201807304867e-07,0.999968620249994,1.298630093618703e-05,1.0,1.298630093618703e-05
gRNA_8867,PIK3CA,0.7314968580158066,0.40992970562391073,0.5044514798709074,0.5486260145035415,0.5044514798709074,423.1615838395503,0.48812216987238793,0.0674409164516752,0.1410464224916374,0.2322031696052335,0.1410464224916374,18733,10.649655687823628,25.393690279186465,0.4697592483852025,35.48817594619121,Pik3ca,PIK3CA,Q958R,Q958R,targeting guide,Missense,0.19983373101529117,0.938076436785906,1.0,0.9999998321245912,0.9999998321245912,0.46735592628664,0.7148448333769919,1.0,1.0,1.0
gRNA_8868,PIK3CA,0.3112653625629664,-0.034350271327405514,0.18646015909898403,0.15445841677818162,0.18646015909898403,424.0578304093525,0.2033660384255172,0.16943048673156266,-0.001605221344349236,0.12373043460424353,0.16943048673156266,13348,0.1423434222355409,74.01108780341625,0.0599340725202277,84.88163020677256,Pik3ca,PIK3CA,Q958R,Q958R,targeting guide,Missense,0.7274329959616357,0.5566477800511587,1.0,0.9999998321245912,0.9999998321245912,0.7024840018187251,0.5960851122743869,1.0,1.0,1.0
gRNA_8869,PIK3CA,0.3446720912804309,0.5562989976649894,0.5460444073231534,0.4823384987561912,0.5460444073231534,491.38260157471956,-0.23110721143766563,0.4384630169186923,0.40886950505106895,0.20540843684403187,0.40886950505106895,18833,0.0106196569850793,0.0106196569850793,0.6637285615674613,16.80560717888812,Pik3ca,PIK3CA,F83S,F83S,targeting guide,Missense,0.26564196682611335,0.9139784737635065,1.0,0.9999998321245912,0.9999998321245912,0.42013219755966824,0.7288517104963326,1.0,1.0,1.0
gRNA_8891,PIK3CB,0.28874581963632595,0.2854315620792297,0.27100973450654614,0.2817290387407006,0.2854315620792297,1787.9276911399609,-0.1338825865862384,0.07890480086748636,0.17192361844064422,0.03898194424063073,0.07890480086748636,65779,0.5579288222685052,23.507502394381184,0.2675625959652776,90.85118350841454,Pik3cb,PIK3CB,N547S,N553S,targeting guide,Missense,0.6471789129722589,0.6630702641597528,1.0,0.9999998321245912,0.9999998321245912,0.7664645543596672,0.5120790044028369,1.0,1.0,1.0
gRNA_8893,PIK3CB,0.39745315331836384,0.342387911577112,0.16559446760806742,0.30181184416784773,0.342387911577112,970.587432693909,0.23801676998889043,0.08961612692297151,0.17911498001032208,0.16891595897406134,0.17911498001032208,37290,0.6731027085009386,70.7669616519174,0.0670421024403325,89.4958433896487,Pik3cb,PIK3CB,E1045G,E1051G,targeting guide,Missense,0.5136358099752838,0.7564974965920485,1.0,0.9999998321245912,0.9999998321245912,0.6805809040543349,0.6244926235111099,1.0,1.0,1.0
gRNA_8895,PIK3CB,0.3262666237490105,0.14924687290639047,0.14087530818133442,0.20546293494557846,0.14924687290639047,685.6531072187018,0.4277974402788582,0.24257006046076987,0.09764116934358881,0.25600289002773896,0.24257006046076987,22264,35.33507006827165,62.25296442687747,1.9942508084800572,43.343514193316565,Pik3cb,PIK3CB,C545R,C551R,targeting guide,Missense,0.670061024757526,0.6292773741977651,1.0,0.9999998321245912,0.9999998321245912,0.5121781501496081,0.7357887146448872,1.0,1.0,1.0
gRNA_8896,PIK3CB,0.2542384277256545,0.6187620486912861,0.5381259760819177,0.4703754841662861,0.5381259760819177,639.3387338466084,0.4387286571426748,0.49183233046157665,-0.13087504703031427,0.2665619801913124,0.4387286571426748,27852,6.437598736176935,77.71075685767629,0.0,88.2342381157547,Pik3cb,PIK3CB,C545R,C551R,targeting guide,Missense,0.2914904637137002,0.8727833563017131,1.0,0.9999998321245912,0.9999998321245912,0.33182900448646774,0.7885804213250202,1.0,1.0,1.0
gRNA_8897,PIK3CB,-0.9202211880173107,0.2327022701333068,-0.20292957881562024,-0.2968161655665414,-0.20292957881562024,96.5295521972396,-0.9272554812835097,0.25273294064078006,0.17518701901250142,-0.1664451738767427,0.17518701901250142,2071,18.34862385321101,45.82327378078223,0.0,75.22935779816514,Pik3cb,PIK3CB,C545R,C551R,targeting guide,Missense,0.8744941131326525,0.3028634132929544,1.0,0.9999998321245912,0.9999998321245912,0.7790891462508562,0.3628697677176454,1.0,1.0,1.0
gRNA_8935,PIK3CD,0.13897052219878792,0.349976470271987,0.2902569077371872,0.259734633402654,0.2902569077371872,990.0973686069574,0.49447199992799734,0.08241390499373621,0.25752967071170674,0.27813852521114674,0.25752967071170674,33484,0.597300203082069,4.802293632779835,0.1851630629554414,65.60446780551905,Pik3cd,PIK3CD,I945T,I942T,targeting guide,Missense,0.5908893162871054,0.695141328383065,1.0,0.9999998321245912,0.9999998321245912,0.4286622262415577,0.7599282772610476,1.0,1.0,1.0
gRNA_8936,PIK3CD,-0.06703814093914925,0.0016965078656362843,0.0016375446410368082,-0.02123469614415872,0.0016375446410368082,498.6027970241164,0.3633094821842718,0.003888724602243884,0.05945236647602275,0.14221685775417947,0.05945236647602275,12413,4.044147264964151,4.9222589220978,0.1047289132361234,46.60436639007492,Pik3cd,PIK3CD,I945T,I942T,targeting guide,Missense,0.8567701001923296,0.394099008715983,1.0,0.9999998321245912,0.9999998321245912,0.6779939134492381,0.5967423052986582,1.0,1.0,1.0
gRNA_8997,PIK3CG,0.7918519214843441,0.5881747572875227,0.5716558435552703,0.6505608407757123,0.5881747572875227,1210.763669898005,0.7121436620961228,0.23508124494698204,0.2983772031274996,0.4152007033902015,0.2983772031274996,56837,29.135950173302604,91.03049070147968,1.1471400672097405,65.45208227035207,Pik3cg,PIK3CG,L44P,L44P,targeting guide,Missense,0.09425445045022936,0.9779853289974064,1.0,0.9999998321245912,0.9999998321245912,0.15749359547585245,0.863044132952257,1.0,1.0,1.0
gRNA_8998,PIK3CG,0.7129051863320637,0.4188068672621602,0.0889665172885097,0.4068928569609112,0.4188068672621602,463.96667855965154,-0.35687479718069237,0.27387606689803046,0.15722999609161536,0.02474375526965115,0.15722999609161536,19313,43.60275462123958,95.17423497126288,0.2640708331175891,52.97985812665045,Pik3cg,PIK3CG,L44P,L44P,targeting guide,Missense,0.3262529378195494,0.8292853902174223,1.0,0.9999998321245912,0.9999998321245912,0.734351748540965,0.5172951204562368,1.0,1.0,1.0
gRNA_8999,PIK3CG,-0.009816993076369074,-0.22372093440038635,-0.3940388799215922,-0.20919226913278255,-0.22372093440038635,471.20903693478857,-0.41505316571820366,-0.6482566577884494,-0.5041154426224015,-0.5224750887096848,-0.5041154426224015,10902,5.1274995413685565,93.41405246743716,0.0091726288754357,89.94679875252247,Pik3cg,PIK3CG,L44P,L44P,targeting guide,Missense,0.8962241637878525,0.31776276692997735,1.0,0.9999998321245912,0.9999998321245912,0.9548836513326219,0.18047017121472256,1.0,1.0,1.0
gRNA_9000,PIK3CG,0.9480156469923907,0.6393166995330857,0.6223586342795329,0.7365636602683363,0.6393166995330857,638.4084584880845,0.5296598929860391,0.47198409225148075,0.3404291890148328,0.4473577247507842,0.47198409225148075,31755,25.1393481341521,76.52338214454416,0.5070067705873091,70.3794678003464,Pik3cg,PIK3CG,L44P,L44P,targeting guide,Missense,0.07982719537470538,0.9834093958767396,1.0,0.9999998321245912,0.9999998321245912,0.1933654118601418,0.9321787348900382,1.0,1.0,1.0
gRNA_9037,PIK3R1,0.10987566894585052,0.000702761890566531,0.037731828021609605,0.04943675295267555,0.037731828021609605,613.3293188141556,-0.15265733628729364,-0.12665615070164613,-0.40395762742583236,-0.22775703813825735,-0.15265733628729364,18758,51.06088069090522,57.905960123680565,0.6130717560507517,11.147243842627146,Pik3r1,PIK3R1,Non-coding,,targeting guide,Intron,0.8017728584403632,0.4758257310217344,1.0,0.9999998321245912,0.9999998321245912,0.8950207056254155,0.3190425555733176,1.0,1.0,1.0
gRNA_9041,PIK3R1,0.46363326382744346,0.4180491417157526,0.33931855356843577,0.40700031970387723,0.4180491417157526,817.2673778862538,0.27251486721998186,0.10381977253034026,0.18985951934329115,0.18873138636453776,0.18985951934329115,34865,18.88713609637172,78.10698408145706,0.831779721784024,74.54754051340886,Pik3r1,PIK3R1,D560G,D560G,targeting guide,Missense,0.37447450375099034,0.8614460665645968,1.0,0.9999998321245912,0.9999998321245912,0.6501987460651832,0.6563679499727841,1.0,1.0,1.0
gRNA_9055,PIK3R1,0.13082307883794514,0.10164723921885316,0.2846921571383101,0.17238749173170279,0.13082307883794514,951.7285013251245,-0.008258420518489773,0.22588837818886345,0.2666437025831964,0.1614245534178567,0.22588837818886345,29874,16.211421302805114,34.58860547633393,0.3146548838454843,48.1321550512151,Pik3r1,PIK3R1,K567E,K567E,targeting guide,Missense,0.7124766642810503,0.5911663237763398,1.0,0.9999998321245912,0.9999998321245912,0.6803833891394651,0.6158715777423922,1.0,1.0,1.0
gRNA_9056,PIK3R1,0.6755134910111233,0.953736048084867,0.899666879674693,0.8429721395902278,0.899666879674693,269.75993087616956,-0.5370767809143646,-0.8875346974501582,-0.7029938631890984,-0.7092017805178736,-0.7029938631890984,13673,50.66920207708623,85.7895121772837,0.8630147005046442,40.96394353836027,Pik3r1,PIK3R1,L570P,L570P,targeting guide,Missense,0.03706792962316115,0.9938488911983071,1.0,0.9999998321245912,0.9999998321245912,0.9765241955902082,0.11304528150983434,1.0,1.0,1.0
gRNA_9063,PIK3R1,0.21181747311814667,0.33304252777847365,0.18672407890660747,0.24386135993440927,0.21181747311814667,2424.711401889006,0.1788437489009139,0.17056971057572168,-0.23585382121903306,0.03785321275253418,0.17056971057572168,92582,0.1112527273120044,8.140891317966775,0.0032403706984078,84.04981529887019,Pik3r1,PIK3R1,N564D,N564D,targeting guide,Missense,0.6498747655576997,0.6506220765542976,1.0,0.9999998321245912,0.9999998321245912,0.7393275805242868,0.529500731483141,1.0,1.0,1.0
gRNA_9064,PIK3R1,0.7408754125505441,0.20616874482878675,0.46819980233903424,0.4717479865727883,0.46819980233903424,1102.6594492593624,0.20733523064820336,0.3715960859935192,-0.2400258258204016,0.1129684969404403,0.20733523064820336,43879,1.000478588846601,5.32373116980788,0.385150071788327,47.61275325326466,Pik3r1,PIK3R1,N564D,N564D,targeting guide,Missense,0.2604198805723455,0.8677085017824955,1.0,0.9999998321245912,0.9999998321245912,0.6622187485164521,0.5861289032191088,1.0,1.0,1.0
gRNA_9084,PIK3R2,-0.9097327472744865,-0.5521445990873137,-0.5226206006651095,-0.6614993156756366,-0.5521445990873137,2203.2583059456338,-1.1728038448612232,-0.7689780405921041,-0.6447210794825762,-0.8621676549786345,-0.7689780405921041,38957,52.812074851759625,62.068434427702336,1.4015452935287624,15.927817850450497,Pik3r2,PIK3R2,K558E,K564E,targeting guide,Missense,0.9516042048766348,0.18789041171117027,1.0,0.9999998321245912,0.9999998321245912,0.9890163379846124,0.03385797922243137,1.0,0.6469292458571707,0.6469292458571707
gRNA_9085,PIK3R2,0.22909897735527748,0.3598988103625151,0.25001654561203696,0.27967144444327646,0.25001654561203696,1052.5385652021187,-0.10099558528707663,0.1929355493123872,0.20894671196597706,0.10029555866376255,0.1929355493123872,39688,7.58919572666801,16.91947188066922,0.2771618625277162,50.19653295706511,Pik3r2,PIK3R2,K558E,K564E,targeting guide,Missense,0.5849324235738298,0.7012750436936785,1.0,0.9999998321245912,0.9999998321245912,0.7250180151390788,0.5582663120656106,1.0,1.0,1.0
gRNA_9105,PIK3R2,-0.5117852151376245,-0.4462565768126038,-0.5790769544740331,-0.5123729154747538,-0.5117852151376245,2321.9848015540265,-0.662258228576689,-0.6221034022787777,-0.8743364852295303,-0.719566038694999,-0.662258228576689,49397,1.1377209142255602,62.54428406583396,0.3846387432435168,88.3677146385408,Pik3r2,PIK3R2,N555D,N561D,targeting guide,Missense,0.9330849885207123,0.2405729187366567,1.0,0.9999998321245912,0.9999998321245912,0.9766347310664905,0.11307209026143568,1.0,1.0,1.0
gRNA_9114,PIK3R3,-0.8050506092706565,-0.9691486628239439,-1.0583104744214689,-0.9441699155053564,-0.9691486628239439,1049.8113103259689,-0.8189932499239643,-1.0108252583945145,-0.7572003089920012,-0.8623396057701601,-0.8189932499239643,16345,34.78127867849496,95.82747017436525,0.0,63.652493117161214,Pik3r3,PIK3R3,D11G,D11G,targeting guide,Missense,0.985734538108262,0.07195299751320854,1.0,0.9999998321245912,0.9999998321245912,0.9885693700584324,0.05444419737499879,1.0,0.8442795824818653,0.8442795824818653
gRNA_9115,PIK3R3,-0.9986664402297009,-0.6437431768021628,-0.7909006457854281,-0.8111034209390972,-0.7909006457854281,616.5394780365302,-1.0493684323370622,-0.02183728751271545,-0.5483112498519288,-0.5398389899005688,-0.5483112498519288,8076,0.3095591877166914,67.59534422981675,0.0,99.09608717186728,Pik3r3,PIK3R3,D11G,D11G,targeting guide,Missense,0.9699107226711097,0.13141560352304663,1.0,0.9999998321245912,0.9999998321245912,0.9532062824060692,0.10746532568980613,1.0,1.0,1.0
gRNA_9116,PIK3R3,-0.12912321769606985,-0.038103603238395505,-0.1940192223601754,-0.12041534776488026,-0.12912321769606985,196.5657922219879,-0.03697372340029236,0.008497161471561307,0.045016515671581964,0.005513317914283636,0.008497161471561307,4006,20.793809286070893,60.55916125811282,0.0249625561657513,70.34448327508737,Pik3r3,PIK3R3,D11G,D11G,targeting guide,Missense,0.8826112779906761,0.34702793960041195,1.0,0.9999998321245912,0.9999998321245912,0.811068926641502,0.4654750986303128,1.0,1.0,1.0
gRNA_9286,PMS2,0.050132058579184305,0.12814560427196192,0.18752692182329372,0.12193486155814665,0.12814560427196192,1607.0831523669888,-0.021134792368914364,0.11706245233298264,0.28223678916228,0.12605481637544944,0.11706245233298264,55379,29.632171039563733,58.93930912439733,0.5019953411943155,62.70969139926687,Pms2,PMS2,I193V,I193V,targeting guide,Missense,0.756260980773938,0.5389213360589706,1.0,0.9999998321245912,0.9999998321245912,0.7022613068678878,0.5898789860805866,1.0,1.0,1.0
gRNA_9392,POLE,0.642431371850916,0.4768686726475526,0.2335851221090755,0.4509617222025147,0.4768686726475526,1060.2311251571314,0.41369834317957244,0.08446483731613026,0.4428154778557339,0.3136595527838122,0.41369834317957244,43178,8.022604103941822,87.81323822316921,0.3497151327064709,81.94450877761822,Pole,POLE,V1445A,V1446A,targeting guide,Missense,0.28880523772091893,0.8687666915831536,1.0,0.9999998321245912,0.9999998321245912,0.3807629124114775,0.8126627675631384,1.0,1.0,1.0
gRNA_9410,POT1,-0.16111673812748062,-0.15867077858153092,-0.07277753039993648,-0.13085501570298266,-0.15867077858153092,965.8118601405517,0.1917595545481634,0.0037824691701812546,0.12015582492196798,0.10523261621343755,0.12015582492196798,27621,4.518301292494841,9.825857137685096,0.6227146012092248,45.51247239419283,Pot1b,POT1,N617S,N611S,targeting guide,Missense,0.8799648829557345,0.35265680096758795,1.0,0.9999998321245912,0.9999998321245912,0.7265743948748383,0.5706742190106078,1.0,1.0,1.0
gRNA_9411,POT1,0.2600939975126281,0.2634071112410355,0.3018253249874466,0.27510881124703673,0.2634071112410355,925.5090936374477,-0.06042666609371548,-0.03657773802217355,-0.08104507782952292,-0.05934982731513732,-0.06042666609371548,33330,12.616261626162617,16.33663366336634,0.9630963096309632,30.315031503150315,Pot1b,POT1,I461V,I455V,targeting guide,Missense,0.6461635833657782,0.6629638210739766,1.0,0.9999998321245912,0.9999998321245912,0.8557913009780029,0.39552208564702546,1.0,1.0,1.0
gRNA_9513,PRDM1,0.06296335595184033,-0.10763111967736043,-0.03971074134590127,-0.028126168357140453,-0.03971074134590127,1375.8091765217537,-0.18714396361627433,-0.026680404999772974,0.32247451347997996,0.036216714954644215,-0.026680404999772974,41586,54.20093300630021,59.41182128600971,0.3222238253258308,7.444813158274418,Prdm1,PRDM1,L597P,L566P,targeting guide,Missense,0.8445664444477633,0.4112011904233367,1.0,0.9999998321245912,0.9999998321245912,0.7506515027377157,0.5089918247077352,1.0,1.0,1.0
gRNA_9611,PRKD1,0.03728443477557808,0.3031209093604567,0.24457150206497255,0.19499228206700245,0.24457150206497255,836.7583057460253,0.20656449735444762,0.07361014219917794,0.14586893678189666,0.14201452544517407,0.14586893678189666,31368,72.15314970670748,93.03430247385872,1.2337413925019127,21.6590155572558,Prkd1,PRKD1,M413T,M407T,targeting guide,Missense,0.6990360555513792,0.5982278190168597,1.0,0.9999998321245912,0.9999998321245912,0.7084429052094159,0.5936828332685864,1.0,1.0,1.0
gRNA_9612,PRKD1,0.25611519893918455,0.38814411127528375,0.22369207117672255,0.2893171271303969,0.25611519893918455,1123.447191982016,0.18898345272312103,0.5420778337384394,0.3035412071372888,0.3448674978662831,0.3035412071372888,45553,37.25989506728426,44.37907492371524,0.083419313766382,26.817114130792703,Prkd1,PRKD1,M413T,M407T,targeting guide,Missense,0.5749061349734308,0.7090943156125287,1.0,0.9999998321245912,0.9999998321245912,0.2974573872154136,0.8385379539994512,1.0,1.0,1.0
gRNA_9624,PRKD1,1.1133962540644626,0.37876441756665435,0.2814161430609754,0.5911922715640309,0.37876441756665435,244.7668103601075,0.19795726984074166,0.737633050750426,0.33452268334532675,0.4233710013121648,0.33452268334532675,9419,0.8068797112219981,52.5321159358743,2.983331563860282,81.21881303747745,Prkd1,PRKD1,L692S,L686S,targeting guide,Missense,0.1233487647691713,0.8906464395311307,1.0,0.9999998321245912,0.9999998321245912,0.13552572511126276,0.8646080041912695,1.0,1.0,1.0
gRNA_9625,PRKD1,0.3819602062896638,0.25831215819762826,0.47282148016791153,0.37103128155173454,0.3819602062896638,493.1040665082239,0.40436614719986025,0.3582939845397392,0.40488287937442097,0.38918100370467346,0.40436614719986025,17922,4.586541680616003,5.289588215600938,0.3236245954692557,12.537663207231336,Prkd1,PRKD1,L692S,L686S,targeting guide,Missense,0.42213719555374474,0.8160889974167814,1.0,0.9999998321245912,0.9999998321245912,0.32388206474916775,0.8895443424174909,1.0,1.0,1.0
gRNA_9703,PTPN1,-0.46023345312107233,-0.5678634500722897,-0.8569336094328701,-0.6283435042087441,-0.5678634500722897,820.1158440902327,-0.5032065164252193,-0.38229584773449865,-0.8804652275914482,-0.5886558639170554,-0.5032065164252193,14575,49.47512864493997,88.5557461406518,1.6054888507718696,42.88164665523156,Ptpn1,PTPN1,K279E,K279E,targeting guide,Missense,0.9498939228370503,0.19185180624123105,1.0,0.9999998321245912,0.9999998321245912,0.9603270172175385,0.15558158030491362,1.0,1.0,1.0
gRNA_9705,PTPN11,-0.01999784999505097,0.1802296716797153,-0.033227507746811664,0.04233477131261756,-0.01999784999505097,1245.830548173092,0.2783442934151267,0.06787920249477745,0.06985424907350814,0.13869258166113743,0.06985424907350814,37726,3.496262524518899,59.50007952075491,0.5089328314690134,75.25844245348036,Ptpn11,PTPN11,F285S,F285S,targeting guide,Missense,0.817319903071964,0.44879697006870833,1.0,0.9999998321245912,0.9999998321245912,0.7177608417878847,0.5749967751022222,1.0,1.0,1.0
gRNA_9706,PTPN11,0.08288395845025102,0.13619038337196798,0.13102609018116013,0.11670014400112638,0.13102609018116013,1614.1106470333407,-0.08269509984053618,-0.15236563863069094,0.05051583221387783,-0.06151496875244975,-0.08269509984053618,53984,0.4945909899229401,15.849140486069944,0.0759484291641968,86.93501778304683,Ptpn11,PTPN11,F285S,F285S,targeting guide,Missense,0.7529292132659271,0.5456039731858424,1.0,0.9999998321245912,0.9999998321245912,0.8451277602688192,0.40869607055260354,1.0,1.0,1.0
gRNA_9730,PTPN11,0.9022867215090156,0.9665494707895761,1.0414949853429882,0.9701103925471933,0.9665494707895761,245.81657283697777,0.14401617754576235,0.3709211750451614,0.5383981028413556,0.35111181847742645,0.3709211750451614,14548,0.3093208688479516,29.04866648336541,0.4261754193016222,83.0835853725598,Ptpn11,PTPN11,N308D,N308D,targeting guide,Missense,0.014435183220808114,0.9983018485773643,1.0,0.9999998321245912,0.9999998321245912,0.2819458279463469,0.8482594709350701,1.0,1.0,1.0
gRNA_9744,PTPN11,-0.5232884773448134,-0.5677391993181469,-0.587440340647541,-0.5594893391035004,-0.5677391993181469,1587.6865775666438,-0.5651245917501562,-0.2296659114391361,-0.37214777386076636,-0.3889794256833528,-0.37214777386076636,31140,1.307000642260758,74.71740526653822,0.1316634553628773,91.7694283879255,Ptpn11,PTPN11,D61G,D61G,targeting guide,Missense,0.9371481978021643,0.2309241521441203,1.0,0.9999998321245912,0.9999998321245912,0.9331307503929,0.2340385518532931,1.0,1.0,1.0
gRNA_9745,PTPN11,-0.29968179001268114,-0.5648478777613338,-0.2780561758631729,-0.38086194787906263,-0.29968179001268114,1193.8040524049632,-0.10691285335469161,0.0895698579955565,-0.2121693624336733,-0.07650411926426946,-0.10691285335469161,24403,5.847641683399582,87.5343195508749,0.7662992255050609,85.0715076015244,Ptpn11,PTPN11,D61G,D61G,targeting guide,Missense,0.9267324030286267,0.25541010323823415,1.0,0.9999998321245912,0.9999998321245912,0.8433687612442784,0.4073990494478027,1.0,1.0,1.0
gRNA_9838,PTPRD,0.585908145198944,0.3933657352750771,0.4828911059470884,0.4873883288070365,0.4828911059470884,322.93406993330154,0.03881273692661951,0.1421399654793094,0.00033617138841575433,0.0604296245981149,0.03881273692661951,12795,7.987495115279406,69.08167252833138,0.0078155529503712,74.12270418132083,Ptprd,PTPRD,T456A,T456A,targeting guide,Missense,0.24913276107370996,0.9244762352804873,1.0,0.9999998321245912,0.9999998321245912,0.7668469833085187,0.5244820281021136,1.0,1.0,1.0
gRNA_9875,PTPRD,0.7818038987295606,0.3309051936978497,0.44454843778455844,0.5190858434039897,0.44454843778455844,306.612032045261,0.2880981763487027,0.6458258610147022,0.44180039707503443,0.4585748114794798,0.44180039707503443,11925,30.9769392033543,34.9685534591195,0.0,12.134171907756814,Ptprd,PTPRD,Y1140C,Y1140C,targeting guide,Missense,0.18201658231628212,0.9196038320777351,1.0,0.9999998321245912,0.9999998321245912,0.1407256441476261,0.9298049444561519,1.0,1.0,1.0
gRNA_9876,PTPRD,1.3281087778309708,0.7962917315505391,0.7211176746209451,0.9485060613341517,0.7962917315505391,227.99846674856587,0.8433499574379052,0.7917617058068369,0.8859210883344227,0.8403442505263882,0.8433499574379052,12950,72.1003861003861,88.03088803088804,0.277992277992278,16.416988416988417,Ptprd,PTPRD,Y1140C,Y1140C,targeting guide,Missense,0.000151982810303486,0.9974538982327269,0.05420720234157668,0.9999998321245912,0.05420720234157668,2.9698165959937018e-08,0.9999998218223562,3.177703757713261e-06,1.0,3.177703757713261e-06
gRNA_9881,PTPRD,1.0441674283954296,0.4368344340540208,0.19766374359913857,0.5595552020161964,0.4368344340540208,67.83846997216837,0.333076737062354,0.808543496735598,0.6903797117464585,0.6106666485148035,0.6903797117464585,1308,0.4587155963302752,1.91131498470948,0.0,63.608562691131496,Ptprd,PTPRD,K1148E,K1148E,targeting guide,Missense,0.13843293685844316,0.8842737549220413,1.0,0.9999998321245912,0.9999998321245912,0.00025893515395278624,0.9757007007558008,0.006023056841945245,1.0,0.006023056841945245
gRNA_10049,PTPRT,-0.48066165336508004,-0.21099359327298423,-0.3391699039760042,-0.3436083835380228,-0.3391699039760042,1693.5389468052033,-0.509215172193883,-0.204506649082348,-0.27073802659895313,-0.32815328262506144,-0.27073802659895313,44675,2.260772243984331,71.1247901510912,0.1857862339115836,93.80637940682708,Ptprt,PTPRT,Q894R,Q900R,targeting guide,Missense,0.9217703283409421,0.26580133093385305,1.0,0.9999998321245912,0.9999998321245912,0.9242650441146172,0.25399212091345197,1.0,1.0,1.0
gRNA_10106,PTPRT,0.010702370671163194,0.0862967708353845,-0.19191308749055713,-0.03163798199466981,0.010702370671163194,1115.7643087527692,0.27034277706710297,0.2732553391204753,0.13722878071075692,0.22694229896611173,0.27034277706710297,33295,4.421084246883916,91.11578315062322,0.0390449016368824,94.50968613905992,Ptprt,PTPRT,N470S,N466S,targeting guide,Missense,0.8396917320394356,0.41185051294852565,1.0,0.9999998321245912,0.9999998321245912,0.6233360645181534,0.6821346882609651,1.0,1.0,1.0
gRNA_10107,PTPRT,-0.5269666707174283,-0.673614796366903,-0.7216239821908266,-0.640735149758386,-0.673614796366903,1152.8076838033612,-0.5270879651987858,-0.1502945678867292,-0.6283403781510299,-0.4352409704121816,-0.5270879651987858,22477,24.39827379098634,68.9593807002714,0.4182052765048716,60.47515237798638,Ptprt,PTPRT,N470S,N466S,targeting guide,Missense,0.9473047617810046,0.20423873833357148,1.0,0.9999998321245912,0.9999998321245912,0.9411210363015641,0.20759592026568366,1.0,1.0,1.0
gRNA_10117,PTPRT,0.253543178823638,0.3677103022599019,0.5411743103700075,0.38747593048451584,0.3677103022599019,1383.2289530509331,-0.10224694225124512,0.13898631012202287,0.28837020779896266,0.10836985855658014,0.13898631012202287,52395,3.506059738524668,29.957056971085027,0.280561122244489,79.85685657028341,Ptprt,PTPRT,F668L,F664L,targeting guide,Missense,0.4056344882218628,0.821818993997831,1.0,0.9999998321245912,0.9999998321245912,0.7114342032402994,0.5664143948839164,1.0,1.0,1.0
gRNA_10118,PTPRT,0.015239532555170507,-0.17111284305327865,-0.30922959489690965,-0.15503430179833927,-0.17111284305327865,1903.5632978887168,-0.38597471528773636,-0.5890833098805512,-0.71144843577018,-0.5621688203128226,-0.5890833098805512,47763,0.2428658166363084,1.9701442539203984,0.2177417666394489,85.90750162259489,Ptprt,PTPRT,F668L,F664L,targeting guide,Missense,0.891164951675075,0.32587630938748,1.0,0.9999998321245912,0.9999998321245912,0.9573894387861688,0.1708837689227495,1.0,1.0,1.0
gRNA_10150,PTPRT,0.20623617799018115,0.29963022093413527,0.07837595713887717,0.1947474520210645,0.20623617799018115,2202.894671962147,0.32737216839820843,-0.12264506022529967,-0.11655139636622934,0.029391903935559807,-0.11655139636622934,81218,32.44231574281563,71.53340392523825,0.3410574010687286,48.75150828634047,Ptprt,PTPRT,Y360H,Y356H,targeting guide,Missense,0.6998116934456782,0.6001905467722155,1.0,0.9999998321245912,0.9999998321245912,0.757170737453239,0.4944914417061702,1.0,1.0,1.0
gRNA_10274,RAD21,-0.08631521764996039,0.06802113481752729,0.21970944484730945,0.06713845400495878,0.06802113481752729,831.2762890010632,-0.19767130440454816,-0.6259568742423214,-0.2957076755625127,-0.3731119514031274,-0.2957076755625127,21490,44.0995812005584,56.142391810144254,0.260586319218241,15.60260586319218,Rad21,RAD21,L324P,L324P,targeting guide,Missense,0.7908234041440568,0.4853449912790567,1.0,0.9999998321245912,0.9999998321245912,0.9258697702173514,0.24591828956486994,1.0,1.0,1.0
gRNA_10275,RAD21,-0.210863719884978,-0.19100837866655349,-0.08252085847719648,-0.161464319009576,-0.19100837866655349,632.8615159245708,-0.7067399236251887,-0.6426370386709712,-0.18774910888807692,-0.5123753570614124,-0.6426370386709712,16781,51.093498599606704,65.52648829032834,0.0595912043382396,17.77009713366307,Rad21,RAD21,L324P,L324P,targeting guide,Missense,0.8910059948084492,0.3307240875558561,1.0,0.9999998321245912,0.9999998321245912,0.9507535157513767,0.17933927115500556,1.0,1.0,1.0
gRNA_10306,RAD51C,-0.2667368723441351,-0.2590251124278811,-0.1324422759172501,-0.21940142022975548,-0.2590251124278811,1446.2855759855895,-0.23960859053255634,0.2009522105733048,-0.009754601280645179,-0.016136993746632234,-0.009754601280645179,39874,0.0827606961930079,0.1253949942318302,0.0150473993078196,46.33345036866128,Rad51c,RAD51C,L120P,L111P,targeting guide,Missense,0.9049250142793106,0.301872726162503,1.0,0.9999998321245912,0.9999998321245912,0.7920167229426248,0.46871944801013055,1.0,1.0,1.0
gRNA_10307,RAD51C,0.4343666382648615,0.2639354909304391,0.3996669200449652,0.3659896830800886,0.3996669200449652,862.7727214881414,0.6273758655051038,0.03711868704280375,-0.03508999679123202,0.2098015185855585,0.03711868704280375,31763,0.5635487831753928,8.654724049995277,0.0,57.566980448950034,Rad51c,RAD51C,L120P,L111P,targeting guide,Missense,0.4402888021180106,0.8102200589631371,1.0,0.9999998321245912,0.9999998321245912,0.2988615581581667,0.6937272050098255,1.0,1.0,1.0
gRNA_10336,RAF1,-0.4792954077644882,-0.17666717522594036,-0.2738364976918749,-0.3099330268941011,-0.2738364976918749,1450.960199775662,-0.6947409946026151,-0.6060344609032766,-0.5505626376011772,-0.6171126977023563,-0.6060344609032766,32219,1.3408237375461685,1.604643222942984,0.0496601384276358,35.460442595983736,Raf1,RAF1,K9E,K9E,targeting guide,Missense,0.9195040712010114,0.27089911308709497,1.0,0.9999998321245912,0.9999998321245912,0.9668878655885172,0.14799533320981062,1.0,1.0,1.0
gRNA_10337,RAF1,0.017864983331485864,-0.09421996450005432,-0.07015353861663513,-0.048836173261734526,-0.07015353861663513,1067.1807428516488,-0.1804280407814034,0.05450525492566843,0.3422105811971325,0.07209593178046585,0.05450525492566843,26627,34.98704322679986,54.34333571187141,0.202801667480377,45.70548691178127,Raf1,RAF1,K9E,K9E,targeting guide,Missense,0.8556988044051675,0.39508064940317933,1.0,0.9999998321245912,0.9999998321245912,0.7265694771493398,0.5337829497117423,1.0,1.0,1.0
gRNA_10342,RAF1,0.8289156721547779,0.7120407372037427,0.5624319828828435,0.7011294640804547,0.7120407372037427,246.16948549111098,0.609135203382875,0.7336013079424322,0.8389957292545119,0.727244080193273,0.7336013079424322,11616,78.79648760330579,96.12603305785125,1.4290633608815428,16.959366391184574,Raf1,RAF1,R391G,R391G,targeting guide,Missense,0.08055712903157157,0.9822821088771398,1.0,0.9999998321245912,0.9999998321245912,4.298545650739134e-05,0.9996353898605497,0.0015331479487636244,1.0,0.0015331479487636244
gRNA_10343,RAF1,0.3270583647574523,-0.006644541620468967,-0.1408531921748919,0.059853543654030485,-0.006644541620468967,723.8740497940984,0.09662647666188504,0.16032523914646576,0.4845623248453406,0.2471713468845638,0.16032523914646576,20663,28.863185403861973,58.23936504863766,1.1469776895900885,52.91100033876979,Raf1,RAF1,S259P,S259P,targeting guide,Missense,0.7635791550550005,0.490299048868015,1.0,0.9999998321245912,0.9999998321245912,0.44074762330554884,0.751852350493381,1.0,1.0,1.0
gRNA_10363,RARA,-0.36173817409658415,-0.8252426904427558,-0.3654282976828158,-0.5174697207407185,-0.3654282976828158,499.45127631891864,-0.8517659255975741,-0.9592860341343701,-0.5709627424076037,-0.7940049007131825,-0.8517659255975741,10027,70.45975865164057,88.71048169941159,0.3490575446295003,23.666101525880123,Rara,RARA,T253A,T253A,targeting guide,Missense,0.9427023341134197,0.21006654632560648,1.0,0.9999998321245912,0.9999998321245912,0.9848701467003441,0.07402260716570884,1.0,1.0,1.0
gRNA_10378,RARA,-0.09366658471122469,0.08811144525032906,0.006933226481738305,0.0004593623402808925,0.006933226481738305,1736.534088140514,-0.25763588743526233,-0.19655057428090125,0.06889157140218889,-0.12843163010465825,-0.19655057428090125,56896,12.730244656917886,21.95409167604049,0.3269122609673791,39.709294150731154,Rara,RARA,I61T,I61T,targeting guide,Missense,0.8233251768588358,0.4409922022913343,1.0,0.9999998321245912,0.9999998321245912,0.8635652029779616,0.37251729690967733,1.0,1.0,1.0
gRNA_10379,RARA,-1.1361447002942286,-1.0224399317362607,-1.0137058992427284,-1.0574301770910726,-1.0224399317362607,846.4506836001009,-1.431214845445186,-1.5040926200212204,-1.171611046458276,-1.3689728373082275,-1.431214845445186,12649,65.40437979286901,86.29931219859277,0.0079057633014467,27.74922918807811,Rara,RARA,I61T,I61T,targeting guide,Missense,0.9936497299404121,0.04287834275954762,1.0,0.9999998321245912,0.9999998321245912,0.9999953513307706,7.945763554954588e-08,1.0,7.084972503167841e-06,7.084972503167841e-06
gRNA_10380,RARA,-0.19674287167549026,0.027140456067282704,0.009172401330443563,-0.05347667142592133,0.009172401330443563,977.3653515437262,0.10376732382820775,-0.07454679908741293,0.09384962803676179,0.04102338425918554,0.09384962803676179,30098,40.07907502159612,54.608279619908295,0.0,33.65339889693668,Rara,RARA,I61T,I61T,targeting guide,Missense,0.86205346755445,0.38155619132380225,1.0,0.9999998321245912,0.9999998321245912,0.777278581581392,0.5057789779423594,1.0,1.0,1.0
gRNA_10397,RASA1,0.5869690120856005,0.4356356475986154,0.31137463171441804,0.44465976379954464,0.4356356475986154,858.6610463398179,0.5131366482931297,0.17953469741632294,0.07907703075349105,0.2572494588209812,0.17953469741632294,34081,17.053490214489013,29.95217276488366,0.4371937443150143,36.342830316011856,Rasa1,RASA1,R179G,R188G,targeting guide,Missense,0.3203494937129498,0.8738438690455863,1.0,0.9999998321245912,0.9999998321245912,0.4276819337377551,0.7454273892955285,1.0,1.0,1.0
gRNA_10406,RASA1,1.0327628441304946,0.7561613631709044,0.8781013490744702,0.8890085187919564,0.8781013490744702,437.5071249520859,0.4118123941825174,0.6582109767714185,0.4745486078313091,0.5148573262617483,0.4745486078313091,21049,15.563684735616896,18.651717421255167,0.1045180293600646,29.31255641598176,Rasa1,RASA1,N948D,N957D,targeting guide,Missense,0.023476407808248702,0.9967454901671885,1.0,0.9999998321245912,0.9999998321245912,0.08946024130698904,0.9736528466202721,0.859456507867949,1.0,0.859456507867949
gRNA_10436,RB1,0.5264671567892141,0.35375614619071855,0.4858715569454321,0.45536495330845495,0.4858715569454321,361.63515195689763,0.4489129791800815,0.3472406133869955,0.2780476947524106,0.3580670957731626,0.3472406133869955,14318,9.854728314010336,13.982399776505098,0.0,24.69618661824277,Rb1,RB1,Non-coding,,targeting guide,Intron,0.2814187963962677,0.9108288818742505,1.0,0.9999998321245912,0.9999998321245912,0.3925401754354462,0.8376010513627383,1.0,1.0,1.0
gRNA_10437,RB1,0.4712953528355609,0.32388749915219955,0.6165845933477145,0.4705891484451583,0.4712953528355609,1016.3018903725225,0.1025688038539974,0.20247729928983985,0.48115279594154103,0.2620662996951261,0.20247729928983985,41234,4.855216568850948,78.67293980695543,0.1358102536741524,80.39239462579425,Rb1,RB1,Non-coding,,targeting guide,Intron,0.27875667729112735,0.8980675544448805,1.0,0.9999998321245912,0.9999998321245912,0.4442387642207012,0.7592857368131973,1.0,1.0,1.0
gRNA_10447,RB1,0.34640650171996257,0.13038116027991112,0.32870170152639394,0.26849645450875587,0.32870170152639394,1344.1453232643362,0.5796228942546058,0.3311953055104056,0.19571922034559425,0.3688458067035352,0.3311953055104056,48560,0.9596375617792422,1.1264415156507412,0.242998352553542,10.411861614497528,Rb1,RB1,D694G,D701G,targeting guide,Missense,0.5617907001108515,0.7218834235582168,1.0,0.9999998321245912,0.9999998321245912,0.26433982821284663,0.8478030782832906,1.0,1.0,1.0
gRNA_10448,RB1,0.6231116403056848,0.2194414174997797,0.6491365437161621,0.4972298671738756,0.6231116403056848,790.7262261229625,0.5028348375039172,0.643338137055289,0.31820337728488923,0.4881254506146984,0.5028348375039172,28254,6.494655623982445,35.435690521696046,0.0637077935867487,67.07014935938275,Rb1,RB1,D694G,D701G,targeting guide,Missense,0.2329600351659183,0.8880560805252014,1.0,0.9999998321245912,0.9999998321245912,0.1158901455150865,0.944848337404015,0.9400500484354765,1.0,0.9400500484354765
gRNA_10456,RB1,0.07616080120028286,-0.12143531618368926,-0.327186363013014,-0.1241536259988068,-0.12143531618368926,763.7525766498013,-0.3168742364086737,0.007599207157469872,-0.046060486752924505,-0.11844517200137611,-0.046060486752924505,21791,0.3395897388830251,23.38580147767427,0.256986829424992,79.34927263549172,Rb1,RB1,D597G,D604G,targeting guide,Missense,0.8655782600135691,0.36625992615749686,1.0,0.9999998321245912,0.9999998321245912,0.8583638661050674,0.38272770956097324,1.0,1.0,1.0
gRNA_10466,RB1,0.317301764088831,-0.033933452796838265,0.3932916564730901,0.22555332258836094,0.317301764088831,1027.3266090137106,0.008768125170981533,0.30734180529193506,-0.1621344103990838,0.051325173354610926,0.008768125170981533,31481,69.48318033099329,74.49255106254566,0.0952955751087957,6.969283059623264,Rb1,RB1,Non-coding,,targeting guide,Intron,0.5978465663216286,0.6582176662639456,1.0,0.9999998321245912,0.9999998321245912,0.7448425267273819,0.5188245581525748,1.0,1.0,1.0
gRNA_10467,RB1,0.7240925169073603,0.5112676898734754,0.5596094281998591,0.5983232116602316,0.5596094281998591,555.0768041143776,0.09944487518690195,0.2823625577914357,0.06283906604891293,0.14821549967575018,0.09944487518690195,24106,17.547498548079314,19.82493984900025,0.2447523438148179,14.008960424790509,Rb1,RB1,Non-coding,,targeting guide,Intron,0.15504493379073014,0.9613697422271725,1.0,0.9999998321245912,0.9999998321245912,0.6907311370918092,0.6068746740349946,1.0,1.0,1.0
gRNA_10468,RB1,0.714055311063664,0.4509800778692844,0.3226345767507289,0.4958899885612258,0.4509800778692844,302.0214588892496,-0.0501470321397076,0.1033371097535377,0.18666874978315756,0.07995294246566255,0.1033371097535377,13074,19.144867676304116,20.42221202386416,1.0325837540156035,9.400336545816124,Rb1,RB1,Non-coding,,targeting guide,Intron,0.25407831020202987,0.9014664011967595,1.0,0.9999998321245912,0.9999998321245912,0.7453766135593917,0.5399039150996432,1.0,1.0,1.0
gRNA_10504,RBM10,-0.7729075824497624,-0.8085415028360903,-0.9229761360855019,-0.8348084071237848,-0.8085415028360903,1413.0210541652211,-1.2400008150861808,-0.8145240604597866,-1.003935443402556,-1.0194867729828412,-1.003935443402556,24849,36.97130669242223,94.2170711095014,0.1649965793392088,58.51744537003501,Rbm10,RBM10,M655V,M655V,targeting guide,Missense,0.9714894451952626,0.13316576109642636,1.0,0.9999998321245912,0.9999998321245912,0.9972087667042377,0.010224695870110679,1.0,0.25442847862833545,0.25442847862833545
gRNA_10546,RBM10,-0.23273112819019476,-0.37178686832595786,-0.2424007515753221,-0.2823062493638249,-0.2424007515753221,1231.2040624218946,-0.5650461437642388,-0.319720323616121,-0.3541441623953439,-0.4129702099252346,-0.3541441623953439,28574,70.92811646951775,93.07762301392874,0.2239798418142367,23.83985441310282,Rbm10,RBM10,H777R,H777R,targeting guide,Missense,0.9201226039599539,0.27096975820878194,1.0,0.9999998321245912,0.9999998321245912,0.9378109143873669,0.2245034172884294,1.0,1.0,1.0
gRNA_10547,RBM10,1.2232465244856325,0.951924064502843,1.078632703029616,1.0846010973393636,1.078632703029616,244.95808424160796,0.8728973856058229,1.0086515484653962,1.074130233471753,0.9852263891809908,1.0086515484653962,13361,12.723598533043932,97.23823067135692,0.0748446972531996,85.9441658558491,Rbm10,RBM10,H777R,H777R,targeting guide,Missense,0.00460304557127484,0.9995197884366857,0.5472509734737865,0.9999998321245912,0.5472509734737865,4.1025318572854354e-10,1.0,5.4871363591192696e-08,1.0,5.4871363591192696e-08
gRNA_10548,RBM10,0.8355639730877132,0.7996749837458847,0.8829708664155098,0.8394032744163692,0.8355639730877132,303.806681783254,0.4495699694107067,0.9032314544775137,0.6653149705387502,0.6727054648089902,0.6653149705387502,14224,54.04246344206975,98.28458942632172,3.937007874015748,40.15748031496063,Rbm10,RBM10,H777R,H777R,targeting guide,Missense,0.02848550472711209,0.9963974223236254,1.0,0.9999998321245912,0.9999998321245912,0.00018043275367256257,0.9943495502344734,0.00448983828906144,1.0,0.00448983828906144
gRNA_10571,RECQL,0.1886312347134253,0.25046844061317974,0.1967655262918412,0.21195506720614876,0.1967655262918412,1187.7498013952393,-0.10900626400022237,0.08653314235398546,0.17562118856052192,0.051049355638095005,0.08653314235398546,39461,3.5047261853475584,4.764197562149971,0.1621854489242543,29.50508096601708,Recql,RECQL,E205G,E205G,targeting guide,Missense,0.7071588922097178,0.6000020632068133,1.0,0.9999998321245912,0.9999998321245912,0.7664645543596672,0.5120790044028369,1.0,1.0,1.0
gRNA_10572,RECQL,0.5981734191078645,0.6006423186325085,0.5244452115550964,0.5744203164318231,0.5981734191078645,395.0277173943346,0.1185546049619437,0.08018806224022657,0.14340734014833456,0.11405000245016828,0.1185546049619437,17021,0.2937547735150696,1.2396451442335938,0.1821279595793431,52.89348451912343,Recql,RECQL,E205G,E205G,targeting guide,Missense,0.17126787303151608,0.9586612108848336,1.0,0.9999998321245912,0.9999998321245912,0.7288176942674105,0.5733247830303632,1.0,1.0,1.0
gRNA_10573,RECQL,-0.1666302673177565,-0.1764950085277567,-0.41876540411280966,-0.25396355998610765,-0.1764950085277567,2076.289440044877,0.21611605004323223,-0.03146699887252334,-0.013103409098520691,0.0571818806907294,-0.013103409098520691,54257,36.00088467847466,68.75241904270418,0.2396004202222754,48.03435501409956,Recql,RECQL,E205G,E205G,targeting guide,Missense,0.9068333414996583,0.29873702657029927,1.0,0.9999998321245912,0.9999998321245912,0.7592847585182964,0.5273898683034544,1.0,1.0,1.0
gRNA_10574,RECQL,0.2982459456935583,0.14126261327940504,-0.36865498515520306,0.023617857939253417,0.14126261327940504,847.8126324991327,0.07196656637250282,0.006970688461094799,-0.06761584988765588,0.003773801648647245,0.006970688461094799,24130,64.62080397845006,80.95731454620804,0.4765851636966431,22.917530045586407,Recql,RECQL,L500P,L500P,targeting guide,Missense,0.7654100331800142,0.4864687274665188,1.0,0.9999998321245912,0.9999998321245912,0.8179812742742681,0.453789206412603,1.0,1.0,1.0
gRNA_10595,RET,0.05119807269610854,0.24738811369123742,-0.07372237093499868,0.07495460515078244,0.05119807269610854,943.5695814839515,0.15453637436611256,0.13336369720249205,0.024694704222737153,0.10419825859711394,0.13336369720249205,30648,10.072435395458106,87.11824588880188,0.1598799269120334,85.06917253980684,Ret,RET,K809E,K808E,targeting guide,Missense,0.7863737250959374,0.49001360027388163,1.0,0.9999998321245912,0.9999998321245912,0.7274350804093941,0.5723856923732638,1.0,1.0,1.0
gRNA_10596,RET,0.6126429908028332,0.9353701967882374,0.5695354181359469,0.7058495352423392,0.6126429908028332,360.997572351896,0.8735967050274818,0.7375523049708734,0.45229321224479196,0.6878140740810491,0.7375523049708734,17539,12.36102400364901,87.758709162438,0.0057015793374764,84.30355208392724,Ret,RET,K809E,K808E,targeting guide,Missense,0.09073964062711781,0.9792425501694215,1.0,0.9999998321245912,0.9999998321245912,9.940117870451247e-05,0.995888183374713,0.0029544239226063427,1.0,0.0029544239226063427
gRNA_10597,RET,0.6391886252188501,0.44312570716037575,0.6459232549674799,0.5760791957822353,0.6391886252188501,644.8775595111211,0.6045235244824306,0.2872553349869465,0.28990254065415033,0.3938938000411758,0.28990254065415033,28442,21.978060614584063,70.01617326488994,0.0,67.74136839884677,Ret,RET,K809E,K808E,targeting guide,Missense,0.16209057203159224,0.9584214167233325,1.0,0.9999998321245912,0.9999998321245912,0.23414641960509808,0.8680433211783312,1.0,1.0,1.0
gRNA_10598,RET,-0.19519104916868849,-0.25584221862506074,-0.4291048807144515,-0.2933793828360669,-0.25584221862506074,1299.1959611117247,-0.36674187871330444,0.05813045938874992,-0.2601068415209587,-0.1895727536151711,-0.2601068415209587,31225,0.6405124099279423,86.29943955164131,0.0032025620496397,97.12730184147318,Ret,RET,K809E,K808E,targeting guide,Missense,0.9149723870713125,0.28185516661920873,1.0,0.9999998321245912,0.9999998321245912,0.8788881880743578,0.34031762540657523,1.0,1.0,1.0
gRNA_10617,RHEB,-0.16133562311039976,-0.004880463313270768,0.005066232641671755,-0.05371661792733293,-0.004880463313270768,1489.7478246809053,0.27672565673550437,0.17803587762801756,0.2043551606890806,0.21970556501753422,0.2043551606890806,44563,54.28494490945403,70.83230482687432,0.8213091578215111,26.198864528869244,Rheb,RHEB,Y35C,Y35C,targeting guide,Missense,0.8629017098152426,0.38268337857801404,1.0,0.9999998321245912,0.9999998321245912,0.6261000694069796,0.6824727537628748,1.0,1.0,1.0
gRNA_10618,RHEB,-0.02270547053551676,-0.1438190912086665,-0.11277817458976287,-0.09310091211131538,-0.11277817458976287,1178.5658998454253,0.96280665318515,0.5752385067281323,0.5967342864515507,0.7115931487882777,0.5967342864515507,33448,60.84967711073905,77.07486247309257,0.6607270987801961,21.30172207605836,Rheb,RHEB,Y35C,Y35C,targeting guide,Missense,0.8677712459143725,0.37492657519106576,1.0,0.9999998321245912,0.9999998321245912,0.00010695158834886132,0.9987318980002793,0.0030929243117103137,1.0,0.0030929243117103137
gRNA_10622,RHOA,0.25625881514286614,0.22273930983544105,0.09670779967229273,0.1919019748835333,0.22273930983544105,709.498584445761,0.3586242750830894,0.2721031217405554,0.4480057988959287,0.35957773190652453,0.3586242750830894,24471,1.5079073188672305,2.1127048342936536,0.3432634547014834,46.23023170283192,Rhoa,RHOA,L57S,L57S,targeting guide,Missense,0.7079264582185949,0.5981702403212055,1.0,0.9999998321245912,0.9999998321245912,0.3925401754354462,0.8376010513627383,1.0,1.0,1.0
gRNA_10623,RHOA,-0.2044865570095064,-0.05191577996191467,-0.34466377013841626,-0.20035536903661244,-0.2044865570095064,1523.1415454977628,0.2640489883886858,0.03983109844603809,-0.2611267968532945,0.01425109666047647,0.03983109844603809,40853,20.671676498665946,64.14216826181675,0.5360683425941791,59.18537194330894,Rhoa,RHOA,L57S,L57S,targeting guide,Missense,0.8992425045285047,0.3126461850343558,1.0,0.9999998321245912,0.9999998321245912,0.7667322727924442,0.4890214101170317,1.0,1.0,1.0
gRNA_10632,RHOA,0.33759761109703756,0.2246221431215488,0.6243433759420376,0.3955210433868747,0.33759761109703756,423.2454068496916,0.27672036287335655,0.4000587898835393,0.4659005787491345,0.3808932438353434,0.4000587898835393,15677,18.798239459080182,28.90221343369267,1.1226637749569437,33.96695796389616,Rhoa,RHOA,D59G,D59G,targeting guide,Missense,0.3873879090895495,0.8126239660130511,1.0,0.9999998321245912,0.9999998321245912,0.30618407450109947,0.8822951774015018,1.0,1.0,1.0
gRNA_10633,RHOA,0.8188582512647572,0.8472121169863291,0.8704483468301968,0.8455062383604277,0.8472121169863291,290.07621265862207,0.512870221631516,0.5264827561809065,0.496679259987198,0.5120107459332068,0.512870221631516,14180,2.411847672778561,58.01128349788435,7.489421720733428,85.02115655853315,Rhoa,RHOA,D59G,D59G,targeting guide,Missense,0.02848550472711209,0.9963974223236254,1.0,0.9999998321245912,0.9999998321245912,0.10369761110213105,0.9795591015907005,0.9169954039609935,1.0,0.9169954039609935
gRNA_10634,RHOA,0.6271551382001755,0.5398827844445891,0.3041918378878964,0.49040992017755364,0.5398827844445891,481.56387565769523,0.003137466636281904,0.7157822640331155,0.6726283532473494,0.46384936130558224,0.6726283532473494,21878,62.99936008775939,76.02614498583051,0.0091416034372428,18.379193710576835,Rhoa,RHOA,Y34C,Y34C,targeting guide,Missense,0.27556914589363557,0.8922683601700129,1.0,0.9999998321245912,0.9999998321245912,0.05354827434680852,0.909558897963427,0.616093048936399,1.0,0.616093048936399
gRNA_10635,RHOA,0.35860507591797286,0.4210057086300352,0.2015016869521678,0.3270374905000586,0.35860507591797286,787.1557803349538,-0.010334856743908813,0.26560265043844555,0.29642162149826423,0.18389647173093362,0.26560265043844555,28542,50.30131034966016,84.6576974283512,0.0035036087169784,38.119262840725945,Rhoa,RHOA,Y42C,Y42C,targeting guide,Missense,0.488481897025668,0.7742892474378892,1.0,0.9999998321245912,0.9999998321245912,0.6474091731053995,0.6445893407942642,1.0,1.0,1.0
gRNA_10636,RHOA,0.5958151401733126,0.3216660289074063,0.4052521195014061,0.4409110961940417,0.4052521195014061,1110.416974240411,0.4904424159316116,0.7965935151170025,0.17889050540177565,0.48864214548346324,0.4904424159316116,41236,16.201862450286157,38.75739644970414,0.1430788631293044,50.93122514307886,Rhoa,RHOA,Y42C,Y42C,targeting guide,Missense,0.329435875774153,0.8712066128408655,1.0,0.9999998321245912,0.9999998321245912,0.03138572307451519,0.9357237435980319,0.4250977682244463,1.0,0.4250977682244463
gRNA_10637,RHOA,0.3439306077903431,0.30345889894774164,0.3194755013045686,0.3222883360142178,0.3194755013045686,1242.3555045821518,-0.11077228642394103,0.005383260869265564,0.3805742848965304,0.0917284197806183,0.005383260869265564,45213,52.72377413575742,77.92006723729901,0.0575055846769734,31.342755402207327,Rhoa,RHOA,Y42C,Y42C,targeting guide,Missense,0.5341461935480158,0.758769050247438,1.0,0.9999998321245912,0.9999998321245912,0.6665633403517504,0.5692627180182344,1.0,1.0,1.0
gRNA_10656,RICTOR,-0.1803389877251583,0.36366436121419426,0.4143231747361286,0.1992161827417215,0.36366436121419426,386.1819667494585,-0.351871679760257,0.06944101633017234,-0.24220341088447825,-0.17487802477152095,-0.24220341088447825,12175,66.25051334702259,79.7864476386037,1.2238193018480492,25.437371663244356,Rictor,RICTOR,C1554R,C1555R,targeting guide,Missense,0.5531392098255421,0.6638491027884332,1.0,0.9999998321245912,0.9999998321245912,0.8754909431403513,0.34739877474520997,1.0,1.0,1.0
gRNA_10657,RICTOR,-0.5006743810374887,-0.9418711396191506,-0.9523902782934072,-0.7983119329833488,-0.9418711396191506,394.60347774693355,-0.922341174527204,-0.8122302313150351,-0.5519233698695225,-0.7621649252372539,-0.8122302313150351,4135,61.40266021765417,91.14873035066503,0.2660217654171705,31.825876662636038,Rictor,RICTOR,C1554R,C1555R,targeting guide,Missense,0.964195394465155,0.15185568440152045,1.0,0.9999998321245912,0.9999998321245912,0.9785100996039982,0.10593402156646195,1.0,1.0,1.0
gRNA_10664,RICTOR,-0.4376631754089987,-0.21107025220541695,-0.30110272779887226,-0.3166120518044293,-0.30110272779887226,973.3875681298571,-0.6855033784584681,-0.4993983582684254,-0.3852015746310989,-0.5233677704526641,-0.4993983582684254,24060,43.36658354114713,88.3956774729842,0.3075644222776392,51.50872817955112,Rictor,RICTOR,M1365T,M1366T,targeting guide,Missense,0.9172936488132101,0.27659597383235046,1.0,0.9999998321245912,0.9999998321245912,0.9527255431958762,0.18530128224091738,1.0,1.0,1.0
gRNA_10665,RICTOR,-0.7444633882431722,-0.5606084683263681,-0.40204175941281645,-0.5690378719941189,-0.5606084683263681,1291.4460923528502,-0.26030906306265633,-0.45002890966035836,-0.28796376086476827,-0.332767244529261,-0.28796376086476827,24212,72.4186353874112,92.27242689575417,1.1812324467206343,21.472823393358663,Rictor,RICTOR,M1365T,M1366T,targeting guide,Missense,0.9413127230342847,0.2180696322184764,1.0,0.9999998321245912,0.9999998321245912,0.9214071192879928,0.26669450648889137,1.0,1.0,1.0
gRNA_10679,RIT1,-0.8399349289836938,-0.6714261748815205,-0.5655252136894757,-0.6922954391848967,-0.6714261748815205,943.7453313233424,-0.27943732977449587,-0.5709101057594641,-0.08048921984354171,-0.3102788851258339,-0.27943732977449587,16215,1.628122109158187,71.64970706136293,0.5550416281221091,76.1763798951588,Rit1,RIT1,M90V,M90V,targeting guide,Missense,0.9539343785641661,0.1835420741617681,1.0,0.9999998321245912,0.9999998321245912,0.9191312262402602,0.2606742166034949,1.0,1.0,1.0
gRNA_10680,RIT1,-0.7440037854610917,-0.5450822815905703,-0.6482841885998841,-0.6457900852171821,-0.6482841885998841,2251.8674069050894,-0.17460153057296887,-0.3153317122164746,-0.30093451919650127,-0.26362258732864824,-0.30093451919650127,47141,3.894698882077173,70.72399821811163,0.0869731231836405,75.46509407946374,Rit1,RIT1,M90V,M90V,targeting guide,Missense,0.9472201612609857,0.20394225096800245,1.0,0.9999998321245912,0.9999998321245912,0.9032707442370782,0.30563748366529625,1.0,1.0,1.0
gRNA_10681,RIT1,0.08427875041946618,0.22334738176646854,0.11970626602639879,0.1424441327374445,0.11970626602639879,1307.2641706345196,0.2741878434142103,0.17088613387356477,0.2269173425123602,0.2239971066000451,0.2269173425123602,42628,0.1454443089049451,16.810547058271556,0.0656845266022332,88.72806605986675,Rit1,RIT1,F82L,F82L,targeting guide,Missense,0.7347663651548848,0.5673040438413084,1.0,0.9999998321245912,0.9999998321245912,0.6261000694069796,0.6824727537628748,1.0,1.0,1.0
gRNA_10684,RIT1,-0.16499879882107596,-0.16223911396106544,0.037467676628268685,-0.09659007871795759,-0.16223911396106544,372.48241041816215,-0.06214382788840889,-0.31156922752163724,0.07736679325733276,-0.09878208738423779,-0.06214382788840889,7706,51.47936672722554,90.2803010641059,1.3236439138333769,39.21619517259278,Rit1,RIT1,V121A,V121A,targeting guide,Missense,0.8633284660918471,0.37785115471017516,1.0,0.9999998321245912,0.9999998321245912,0.8575398152976108,0.3820440087798369,1.0,1.0,1.0
gRNA_10690,RNF43,0.38435270766652874,0.3358815242496215,0.3885036628101837,0.36957929824211133,0.38435270766652874,437.12457718908496,0.26731818331852136,0.4342465316003197,0.6811461009578917,0.4609036052922442,0.4342465316003197,14003,53.73134328358209,81.86102977933301,1.7996143683496395,35.51381846747126,Rnf43,RNF43,Non-coding,,targeting guide,Intron,0.4207979973827724,0.838608173814466,1.0,0.9999998321245912,0.9999998321245912,0.13898882939983873,0.9212301763473489,1.0,1.0,1.0
gRNA_10770,ROS1,0.6545619143552444,0.26038473648231636,0.27690025231773036,0.3972823010517637,0.27690025231773036,429.08810051425115,-0.1579363268660612,0.6077821219232076,0.4642431160188629,0.3046963036920031,0.4642431160188629,15673,0.0,0.0063803994130032,0.0,9.494034326548842,Ros1,ROS1,K308E,K298E,targeting guide,Missense,0.39093922713927187,0.7865114416967555,1.0,0.9999998321245912,0.9999998321245912,0.19992339058386588,0.8200268743127617,1.0,1.0,1.0
gRNA_10909,RTEL1,-0.5812933534541497,-0.49988459350059294,-0.5589068903071606,-0.5466949457539677,-0.5589068903071606,1019.6810622790308,-0.7051472493482126,0.012686472329585308,-0.3664932326100259,-0.35298466987621774,-0.3664932326100259,18623,26.639102185469586,83.24115341244698,5.165655372388982,55.65161359609085,Rtel1,RTEL1,T44A,T44A,targeting guide,Missense,0.9371481978021643,0.2309241521441203,1.0,0.9999998321245912,0.9999998321245912,0.914362914752452,0.2526401488313958,1.0,1.0,1.0
gRNA_10910,RTEL1,0.22129545163757297,0.03863328996967026,0.055124946005630816,0.10501789587095801,0.055124946005630816,757.6314045944426,0.32917443332908347,0.2655860807206011,0.2177118280117192,0.2708241140204679,0.2655860807206011,25113,1.712260582168598,51.82972962210807,0.4698761597578943,83.65388444232072,Rtel1,RTEL1,T44A,T44A,targeting guide,Missense,0.7684429896744469,0.5220097844459586,1.0,0.9999998321245912,0.9999998321245912,0.582448451979606,0.7198912255763876,1.0,1.0,1.0
gRNA_10929,RUNX1,0.8879426432402566,0.8640507818323546,0.9049995681109679,0.885664331061193,0.8879426432402566,230.6045511944528,0.5507792428844824,0.7761824647545892,0.9679974386581823,0.7649863820990846,0.7761824647545892,10068,47.95391338895511,75.9932459276917,0.4568931267381803,29.707985697258643,Runx1,RUNX1,W93R,W79R,targeting guide,Missense,0.02848550472711209,0.9963974223236254,1.0,0.9999998321245912,0.9999998321245912,4.1956702866740487e-05,0.9994000039662841,0.0015331479487636244,1.0,0.0015331479487636244
gRNA_10930,RUNX1,-0.8661250988955237,-1.2075848329905594,-1.2279593269853777,-1.1005564196238202,-1.2075848329905594,916.4182440502814,-1.5495312904967409,-1.5798950194571115,-1.2725955791274977,-1.4673406296937834,-1.5495312904967409,13189,45.07544165592539,75.85108802790204,0.4018500265372659,36.72757601031162,Runx1,RUNX1,W93R,W79R,targeting guide,Missense,0.9963553940440075,0.015789144942962942,1.0,0.6033708960346552,0.6033708960346552,0.9999998165164304,2.996239704826752e-08,1.0,3.2059764841646252e-06,3.2059764841646252e-06
gRNA_10932,RUNX1,0.20944528967402734,0.4168757858119075,0.2875832355042193,0.3046347703300514,0.2875832355042193,735.4480743693254,0.4009006618334681,0.41435244231631924,0.5682585557344522,0.46117055329474654,0.41435244231631924,26017,0.7994772648652804,36.97966714071569,0.0,94.57662297728407,Runx1,RUNX1,N96D,N82D,targeting guide,Missense,0.5692120399416873,0.71372697845086,1.0,0.9999998321245912,0.9999998321245912,0.15021109026559012,0.9557269424164515,1.0,1.0,1.0
gRNA_10955,RUNX1,0.6984147230718336,0.6585756082052694,0.7055935266207298,0.6875279526326109,0.6984147230718336,109.82700031919461,0.4362774305645905,-0.4755574199396387,-0.5650543898386875,-0.20144479307124522,-0.4755574199396387,907,32.08379272326351,49.39360529217199,2.7563395810363835,31.532524807056227,Runx1,RUNX1,D185G,D171G,targeting guide,Missense,0.09262314866930173,0.9827819715903596,1.0,0.9999998321245912,0.9999998321245912,0.706803658375377,0.36452049972969763,1.0,1.0,1.0
gRNA_10969,RUNX1,-0.615830087972017,-0.5242666063118245,-0.7897613319990389,-0.6432860087609601,-0.615830087972017,1701.0797747505653,-0.59353522218034,-0.23781564393768978,-0.35828268062756735,-0.3965445155818657,-0.35828268062756735,33913,83.44882493439094,90.54344941467872,0.0,10.438474921121694,Runx1,RUNX1,R149G,R135G,targeting guide,Missense,0.9501214524162132,0.1931181975014057,1.0,0.9999998321245912,0.9999998321245912,0.9331307503929,0.2340385518532931,1.0,1.0,1.0
gRNA_10970,RUNX1,0.4297349788220648,0.22577060705907231,0.2997115195687272,0.3184057018166215,0.2997115195687272,511.3299864461493,0.41953854920382416,0.26746195401205225,0.3960070647076282,0.36100252264116817,0.3960070647076282,16441,17.979441639802932,21.695760598503743,0.0,26.890091843561827,Runx1,RUNX1,R149G,R135G,targeting guide,Missense,0.5272374698863149,0.7454075068387191,1.0,0.9999998321245912,0.9999998321245912,0.3589802796945189,0.8619856968179737,1.0,1.0,1.0
gRNA_10971,RUNX1,-0.3583328570651838,-0.5295571733031599,-0.8590586180045335,-0.5823162161242924,-0.5295571733031599,643.827885130598,-0.04740502805139822,0.18352102630498104,-0.004449999931985312,0.04388866610719918,-0.004449999931985312,11621,83.70191893985027,97.65940968935548,0.6023578005335168,13.845624300834697,Runx1,RUNX1,R149G,R135G,targeting guide,Missense,0.9480091576083255,0.19602528995647886,1.0,0.9999998321245912,0.9999998321245912,0.7712119609748816,0.5082092671316134,1.0,1.0,1.0
gRNA_11017,SDHA,-0.47057075587690717,-0.07067849146847961,-0.0058141023188525605,-0.1823544498880798,-0.07067849146847961,1298.6221394672232,-0.037742395699681,0.0748273590100435,0.12352851514302553,0.05353782615112934,0.0748273590100435,35083,34.33856853746829,76.43017985919106,0.0028503833765641,45.57763019126072,Sdha,SDHA,H548R,H548R,targeting guide,Missense,0.8878839137786108,0.33209095800157395,1.0,0.9999998321245912,0.9999998321245912,0.782652976197935,0.5019284329938127,1.0,1.0,1.0
gRNA_11018,SDHA,0.21606619215199035,0.28236182620095635,0.4303505252656214,0.309592847872856,0.28236182620095635,1232.9010210114986,0.16839084939153495,-0.18505694686058957,0.09476009466445681,0.0260313323984674,0.09476009466445681,44589,1.2357307856197717,1.6663302608266612,0.1098925744017582,12.38870573459822,Sdha,SDHA,H548R,H548R,targeting guide,Missense,0.5468260252336061,0.7255618571131954,1.0,0.9999998321245912,0.9999998321245912,0.7640620457803445,0.5107230680364128,1.0,1.0,1.0
gRNA_11069,SETBP1,0.5731833324542507,0.5294068059100859,0.5598714392456245,0.5541538592033204,0.5598714392456245,226.4833660482707,-0.03906137577229411,0.423305231960749,0.4109096190410453,0.2650511584098334,0.4109096190410453,8183,32.225345227911525,70.49981669314433,1.4542343883661248,49.43174874740316,Setbp1,SETBP1,I862T,I871T,targeting guide,Missense,0.19054546506600217,0.952229602613737,1.0,0.9999998321245912,0.9999998321245912,0.4149487716444784,0.7717118812475429,1.0,1.0,1.0
gRNA_11070,SETBP1,1.0700357159691698,0.909783257076259,0.8997921592466704,0.9598703774306997,0.909783257076259,139.39302700321718,0.8164007731575148,1.0508933257086555,1.1858942887083994,1.0177294625248565,1.0508933257086555,6711,43.525555058858586,93.26478915213828,0.3576218149307107,51.24422589777976,Setbp1,SETBP1,I862T,I871T,targeting guide,Missense,0.017154821901747434,0.9978312497039603,1.0,0.9999998321245912,0.9999998321245912,4.1025318572854354e-10,1.0,5.4871363591192696e-08,1.0,5.4871363591192696e-08
gRNA_11071,SETBP1,-0.4899826408619428,-0.4249937781598312,-0.47550481672960093,-0.46349374525045833,-0.47550481672960093,774.7229780374229,-0.41182045014756885,-0.2875486315421209,0.03485571354829662,-0.22150445604713107,-0.2875486315421209,14066,40.985354756149576,95.35049054457558,1.542727143466515,53.93857528792834,Setbp1,SETBP1,I862T,I871T,targeting guide,Missense,0.931092602205299,0.24543321978470797,1.0,0.9999998321245912,0.9999998321245912,0.8857130605430751,0.32791179241756846,1.0,1.0,1.0
gRNA_11098,SETD2,-0.5173550479535921,-0.5887573365542857,-0.5495445058654722,-0.55188563012445,-0.5495445058654722,678.5759736031843,-0.5509652238280947,-0.45348550929693116,-0.6687121964043092,-0.5577209765097784,-0.5509652238280947,12543,11.560232799170851,67.44797895240373,1.7220760583592445,77.06290361157619,Setd2,SETD2,Y1640C,Y1666C,targeting guide,Missense,0.9371481978021643,0.2309241521441203,1.0,0.9999998321245912,0.9999998321245912,0.9611494322650583,0.1638296090717439,1.0,1.0,1.0
gRNA_11099,SETD2,0.1660709373210837,0.16738597395252053,0.14048975259768898,0.15798222129043107,0.1660709373210837,408.8444601219586,-1.026253104576399,-0.9300141040392872,-0.4333912931594067,-0.796552833925031,-0.9300141040392872,11779,27.20095084472366,77.28160285253416,0.7725613379743612,57.186518380168096,Setd2,SETD2,Y1640C,Y1666C,targeting guide,Missense,0.7341861276431956,0.5687721733232804,1.0,0.9999998321245912,0.9999998321245912,0.9844178589303882,0.05842291876915512,1.0,0.8887122812642246,0.8887122812642246
gRNA_11111,SETD2,-0.6239853119093746,-0.6726854454468638,-0.6536534199112665,-0.6501080590891682,-0.6536534199112665,1566.7170178522467,-0.5054447048020783,-0.4748863275420221,-0.636601794274366,-0.5389776088728221,-0.5054447048020783,30754,48.14658255836639,70.61520452624049,0.0910450673083176,27.095662352864668,Setd2,SETD2,L1306P,L1331P,targeting guide,Missense,0.9455493897023013,0.2091197854277743,1.0,0.9999998321245912,0.9999998321245912,0.958204889376621,0.17353677476471857,1.0,1.0,1.0
gRNA_11112,SETD2,-0.15994968665905046,-0.37775047272343276,-0.15554517871498416,-0.2310817793658225,-0.15994968665905046,938.7817340347106,-0.07383320508501473,-0.37642730593818163,-0.15631319632147692,-0.20219123578155776,-0.15631319632147692,22766,5.073355003074761,62.98866731090222,0.2328033031713959,86.36124044627954,Setd2,SETD2,T2289A,T2316A,targeting guide,Missense,0.8994131156639803,0.3131440619796658,1.0,0.9999998321245912,0.9999998321245912,0.8890954161381945,0.33142020286758456,1.0,1.0,1.0
gRNA_11113,SETD2,0.24878978595474924,0.12344445032973368,0.11839090830203357,0.16354171486217217,0.12344445032973368,1152.9989576848616,0.22577540781230165,0.25324617726229215,0.2682164747389991,0.24907935327119765,0.25324617726229215,38097,0.0524975719872955,4.2890516313620495,0.0104995143974591,60.98642937764128,Setd2,SETD2,T2289A,T2316A,targeting guide,Missense,0.7261813694017789,0.577288716600328,1.0,0.9999998321245912,0.9999998321245912,0.6092186780830946,0.6982481742375491,1.0,1.0,1.0
gRNA_11114,SETD2,0.14361547785829684,-0.013569441529452811,0.25405604864709774,0.12803402832531394,0.14361547785829684,781.9948814880483,-0.3268011610452873,0.07134216173495682,0.3019238855584373,0.015488295416035617,0.07134216173495682,22378,9.245687729019572,22.392528376083654,0.2100277057824649,37.65305210474573,Setd2,SETD2,T2289A,T2316A,targeting guide,Missense,0.7619772281696923,0.5224573614724202,1.0,0.9999998321245912,0.9999998321245912,0.7541686840688313,0.4932325967435832,1.0,1.0,1.0
gRNA_11122,SETD6,0.2514516659077634,-0.3723565454725217,-0.13590506933556273,-0.08560331630010702,-0.13590506933556273,1403.0211196193382,0.0012675330195567856,0.3171008355972239,-0.33020814848845964,-0.003946593290559648,0.0012675330195567856,37984,55.65501263689975,85.64922072451559,0.4475568660488626,34.203875315922495,Setd6,SETD6,Y262H,Y262H,targeting guide,Missense,0.838299159363319,0.3966673117429249,1.0,0.9999998321245912,0.9999998321245912,0.7658662452703048,0.47388161691512354,1.0,1.0,1.0
gRNA_11132,SF3B1,0.04882878244512101,0.14926987537575612,0.421671362554535,0.20659000679180406,0.14926987537575612,877.5008103636779,0.13848564926424933,0.24721266588846083,0.48868725267619906,0.29146185594296975,0.24721266588846083,30802,3.623141354457503,9.34679566261931,0.1720667489124082,38.81890786312577,Sf3b1,SF3B1,K666R,K666R,targeting guide,Missense,0.6240184124943471,0.6414992297948141,1.0,0.9999998321245912,0.9999998321245912,0.42356910324857966,0.7732081317603348,1.0,1.0,1.0
gRNA_11133,SF3B1,0.46120678002357574,0.1339160337849179,0.16643528631333024,0.25385270004060795,0.16643528631333024,897.872910892462,-0.0005980990189880201,0.2569548290438028,0.22904948829705116,0.1618020727739553,0.22904948829705116,33732,0.7055614846436618,43.71220206332266,0.5247242974030594,84.77706628720503,Sf3b1,SF3B1,K741E,K741E,targeting guide,Missense,0.5538983383617913,0.6935618455747248,1.0,0.9999998321245912,0.9999998321245912,0.6803833891394651,0.615871577742392,1.0,1.0,1.0
gRNA_11136,SF3B1,0.6074997894443059,0.18035348873390036,0.4810241822270134,0.4229591534684065,0.4810241822270134,436.10444982108237,0.02972347423144418,0.43779948590518947,0.2454323340880329,0.2376517647415555,0.2454323340880329,17736,25.693504736129903,32.32408660351827,0.016914749661705,20.44429409111412,Sf3b1,SF3B1,D894G,D894G,targeting guide,Missense,0.31851226106038194,0.850192237869161,1.0,0.9999998321245912,0.9999998321245912,0.5146005876380477,0.71329956959386,1.0,1.0,1.0
gRNA_11141,SF3B1,-0.08864357232461288,0.32031979859236154,0.15441573033346948,0.1286973188670727,0.15441573033346948,936.731955668325,-0.0327567435564782,0.15813338087341783,0.2416107863926911,0.12232914123654358,0.15813338087341783,33688,9.347542151507955,11.238423177392544,0.0415578247447162,11.131560199477558,Sf3b1,SF3B1,Y623C,Y623C,targeting guide,Missense,0.7202236082528803,0.5568916840731939,1.0,0.9999998321245912,0.9999998321245912,0.706129763528526,0.5906127716917089,1.0,1.0,1.0
gRNA_11142,SF3B1,-0.15891366849663616,-0.4122378463570106,-0.5560931494742982,-0.37574822144264836,-0.4122378463570106,1892.4724613923738,-0.2845091297131604,-0.31727856931710846,-0.4320946798878801,-0.344627459639383,-0.31727856931710846,42744,8.09938236945536,11.416807037244991,0.0514692120531536,15.459479693056336,Sf3b1,SF3B1,Q901R,Q901R,targeting guide,Missense,0.9169881475562062,0.2749875884937014,1.0,0.9999998321245912,0.9999998321245912,0.9213509870821298,0.2676298095865679,1.0,1.0,1.0
gRNA_11143,SF3B1,-0.049976231743929934,-0.11924314450345135,-0.2599297078249414,-0.14304969469077422,-0.11924314450345135,938.9635510264538,0.04686706378228689,0.28813658714170054,0.07411222255747334,0.13637195782715358,0.07411222255747334,25201,38.94686718781001,50.37895321614222,3.214158168326654,21.52692353478037,Sf3b1,SF3B1,Q901R,Q901R,targeting guide,Missense,0.8857238229485752,0.339231613140214,1.0,0.9999998321245912,0.9999998321245912,0.7069292515891799,0.5835607832133027,1.0,1.0,1.0
gRNA_11144,SF3B1,0.41627266397844825,0.14038898965910135,0.25229121384344144,0.269650955826997,0.25229121384344144,1026.7581958945484,0.12080772192122721,0.18715765870033957,0.2870186712362829,0.19832801728594987,0.18715765870033957,34995,36.41091584512073,61.12301757393913,0.2628946992427489,36.93670524360623,Sf3b1,SF3B1,Q901R,Q901R,targeting guide,Missense,0.5931663614877876,0.6871286021111016,1.0,0.9999998321245912,0.9999998321245912,0.6393539806174096,0.6651809023027291,1.0,1.0,1.0
gRNA_11157,SF3B1,0.31432598704552756,-0.013796083120358564,0.19008238967519872,0.16353743120012257,0.19008238967519872,330.84005703532114,-0.13628194144029349,-0.13480586218811372,-0.32094427077351423,-0.19734402480064048,-0.13628194144029349,9226,2.0052026880554954,4.24886191198786,0.0,52.0052026880555,Sf3b1,SF3B1,K700E,K700E,targeting guide,Missense,0.7217955661523647,0.5613218388134287,1.0,0.9999998321245912,0.9999998321245912,0.885961707437593,0.338692181841849,1.0,1.0,1.0
gRNA_11158,SF3B1,0.6158272814908302,0.7197540797376192,0.46585459959375786,0.6004786536074024,0.6158272814908302,566.6807529254065,0.4125575460080375,0.28964919890210744,0.2978962063476507,0.33336765041926525,0.2978962063476507,24667,3.3040094052783067,54.77358414075485,0.2959419467304496,85.93262253212795,Sf3b1,SF3B1,K700E,K700E,targeting guide,Missense,0.1495481183508341,0.9631594454883508,1.0,0.9999998321245912,0.9999998321245912,0.4414380098901124,0.8129556353835751,1.0,1.0,1.0
gRNA_11159,SF3B1,0.5791905884765531,0.5203046493196094,0.5921222735158501,0.5638725037706709,0.5791905884765531,988.6309355154539,0.2666484010708655,0.16878114136457725,0.33014075319198394,0.25519009854247554,0.2666484010708655,40423,2.914182519852559,16.834475422408033,0.0,60.20829725651238,Sf3b1,SF3B1,K666E,K666E,targeting guide,Missense,0.17636539831027456,0.9570097278821821,1.0,0.9999998321245912,0.9999998321245912,0.582448451979606,0.7198912255763876,1.0,1.0,1.0
gRNA_11169,SF3B1,-0.12762693147030638,-0.3614019303381303,-0.2212150215645703,-0.23674796112433563,-0.2212150215645703,1324.1749642231425,-0.020055322943513882,0.009014921545026219,0.004709900513297489,-0.002110166961730058,0.004709900513297489,34050,3.010279001468429,21.64757709251101,0.1938325991189427,67.43612334801762,Sf3b1,SF3B1,N626D,N626D,targeting guide,Missense,0.9018821578842546,0.3079867891791064,1.0,0.9999998321245912,0.9999998321245912,0.8110748544405367,0.4667370518898176,1.0,1.0,1.0
gRNA_11182,SH2B3,-0.2577077517607956,-0.03314218059626413,-0.10094149192264638,-0.1305971414265687,-0.10094149192264638,523.3398992155282,-0.4875231234349981,0.20589910858252713,0.3843530240788649,0.03424300307546465,0.20589910858252713,9365,4.890549919914576,9.684997330485851,0.800854244527496,35.92098238120662,Sh2b3,SH2B3,F403L,F431L,targeting guide,Missense,0.8825551870593193,0.3446643413780101,1.0,0.9999998321245912,0.9999998321245912,0.643280528347548,0.5444330179211183,1.0,1.0,1.0
gRNA_11195,SHQ1,0.30903882592536863,-0.05067586131809206,-0.03250723776467152,0.07528524228086836,-0.03250723776467152,942.6604965252349,0.14390350269556665,0.3438367321613847,-0.14421248926022928,0.1145092485322407,0.14390350269556665,27676,44.67047261164908,66.40771787830612,0.1734354675531146,34.390807920219686,Shq1,SHQ1,Y388C,Y386C,targeting guide,Missense,0.7804443433043946,0.48118198733611195,1.0,0.9999998321245912,0.9999998321245912,0.6923734166663247,0.576934408274481,1.0,1.0,1.0
gRNA_11208,SMAD2,-0.7154349973891658,-0.488302609989173,-0.8266273442035589,-0.6767883171939659,-0.7154349973891658,1790.1094950408808,-0.3807209019271883,-0.9179058174558199,-0.752042250091274,-0.683556323158094,-0.752042250091274,35224,1.4308426073131957,67.451169657052,0.3889393595275948,77.96388825800591,Smad2,SMAD2,H166R,H166R,targeting guide,Missense,0.955550161499757,0.17917081189190368,1.0,0.9999998321245912,0.9999998321245912,0.967266879372913,0.1351435340543292,1.0,1.0,1.0
gRNA_11209,SMAD2,0.4275451607656088,0.5608771911895255,0.4250398230014721,0.47115405831886875,0.4275451607656088,849.2602265316395,0.15308533156548995,0.24490532508831717,0.2008867560180907,0.19962580422396595,0.2008867560180907,31210,13.543735982057036,66.48510092918937,0.8234540211470683,56.06215956424223,Smad2,SMAD2,H166R,H166R,targeting guide,Missense,0.29212021405865307,0.9060216219183044,1.0,0.9999998321245912,0.9999998321245912,0.6525056785393271,0.6575856932518944,1.0,1.0,1.0
gRNA_11218,SMAD2,-0.3385433716932721,-0.5536799755730192,-0.30856845396217175,-0.40026393374282104,-0.3385433716932721,1542.2323296308123,-0.8038107351406356,-0.7006084609591277,-0.6647167669234701,-0.7230453210077444,-0.7006084609591277,34872,59.876118375774254,80.25923376921313,0.1921312227575131,26.33058040835054,Smad2,SMAD2,Y406C,Y406C,targeting guide,Missense,0.9289051270200763,0.2505459394572184,1.0,0.9999998321245912,0.9999998321245912,0.9762961692504524,0.11638022334793224,1.0,1.0,1.0
gRNA_11219,SMAD2,0.6951910698757855,0.28745929389191394,0.36403597992730113,0.4488954478983335,0.36403597992730113,459.82241112714127,0.41223582196359704,0.37119958927646673,0.4176399557539677,0.40035845566467715,0.41223582196359704,17466,6.84758960265659,37.85640673308141,0.2519180121378678,77.52776823542882,Smad2,SMAD2,Y406C,Y406C,targeting guide,Missense,0.30460204085885917,0.8626935664638258,1.0,0.9999998321245912,0.9999998321245912,0.31499163012075126,0.8957166772100822,1.0,1.0,1.0
gRNA_11223,SMAD2,-0.5402986772597627,-0.5028453944727396,-0.48960761804657194,-0.510917229926358,-0.5028453944727396,2638.1645501956714,-0.49055042257976683,-0.32023118414400387,-0.45197008991466625,-0.4209172322128123,-0.45197008991466625,55369,18.557315465332582,59.69044049919631,0.1137820802253968,66.57154725568459,Smad2,SMAD2,Y279C,Y279C,targeting guide,Missense,0.9371481978021643,0.2309241521441203,1.0,0.9999998321245912,0.9999998321245912,0.9366911046036538,0.230482544039193,1.0,1.0,1.0
gRNA_11224,SMAD2,-0.33801229219102413,-0.3402907839985826,-0.27433755708294394,-0.3175468777575169,-0.33801229219102413,1073.5081249165157,-0.32037882856261424,-0.667140577367999,-0.45563661056641264,-0.4810520054990086,-0.45563661056641264,24562,48.47325136389545,72.5714518361697,1.1399723149580652,29.484569660451104,Smad2,SMAD2,Y279C,Y279C,targeting guide,Missense,0.922381144065941,0.26587092506792626,1.0,0.9999998321245912,0.9999998321245912,0.9473934244102304,0.1984499770474084,1.0,1.0,1.0
gRNA_11284,SMAD4,0.19752495850798668,-0.031785724461022485,-0.0698409122018106,0.031966107281717865,-0.031785724461022485,249.6761733186197,0.07072770643527167,0.09122131873277736,0.19558295119163743,0.11917732545322883,0.09122131873277736,7622,47.46785620572028,93.2301233272107,0.1180792442928365,44.43715560220415,Smad4,SMAD4,L532P,L533P,targeting guide,Missense,0.8171183290327917,0.4466118603854786,1.0,0.9999998321245912,0.9999998321245912,0.7316713422202645,0.5663115372719525,1.0,1.0,1.0
gRNA_11285,SMAD4,-0.1339270076461955,-0.41263359334224936,-0.4102161750684634,-0.3189255920189694,-0.4102161750684634,403.75493299801434,-0.5623811461568466,0.05662780255903871,0.23060918171953124,-0.0917147206260922,0.05662780255903871,9725,61.12082262210797,97.24421593830334,1.0591259640102828,35.660668380462724,Smad4,SMAD4,L532P,L533P,targeting guide,Missense,0.90976728328453,0.2908593932782016,1.0,0.9999998321245912,0.9999998321245912,0.8109410239324422,0.4006551336734418,1.0,1.0,1.0
gRNA_11298,SMAD4,0.5459233374204528,0.5235863182974576,0.31280131791781396,0.46077032454524147,0.5235863182974576,1323.1428545801034,0.6908363871362703,0.5576616456355366,0.23609225087973937,0.4948634278838487,0.5576616456355366,55116,36.17461354234705,73.492270846941,0.6713114159227811,44.60410770012337,Smad4,SMAD4,W523R,W524R,targeting guide,Missense,0.3086075531989395,0.8833988637413059,1.0,0.9999998321245912,0.9999998321245912,0.07976079908547906,0.944872138360081,0.8001916517157548,1.0,0.8001916517157548
gRNA_11305,SMAD4,-0.050457545521778155,-0.04012780456157392,-0.21978610922632807,-0.10345715310322671,-0.050457545521778155,662.5727255176445,-0.05777978064842748,-0.30350994781167595,0.08308209800235973,-0.0927358768192479,-0.05777978064842748,19974,2.2278962651446883,96.95103634725145,0.0050065084609992,96.60058075498148,Smad4,SMAD4,D492G,D493G,targeting guide,Missense,0.8797821857276233,0.35211364266677087,1.0,0.9999998321245912,0.9999998321245912,0.8543734278893798,0.386079682439609,1.0,1.0,1.0
gRNA_11306,SMAD4,-0.574149861845022,-0.633049891557292,-0.8135143019804201,-0.6735713517942447,-0.633049891557292,997.620807945976,-0.4461966141548441,-0.029913758024286204,-0.2403870301210235,-0.2388324674333846,-0.2403870301210235,18103,0.0055239463072418,10.06463017179473,0.0,94.52576920952328,Smad4,SMAD4,D492G,D493G,targeting guide,Missense,0.9501214524162132,0.1931181975014057,1.0,0.9999998321245912,0.9999998321245912,0.8906436016346491,0.3204284445257188,1.0,1.0,1.0
gRNA_11312,SMAD4,-0.6014959570102779,-0.22932000738666206,-0.06100381849187702,-0.297273260962939,-0.22932000738666206,1223.1435091212736,-0.36684671971516464,-0.4109801643251545,-0.3696834201687988,-0.38250343473637266,-0.3696834201687988,28218,71.15316464667943,90.41392019278474,0.3614714012332554,20.07229428024665,Smad4,SMAD4,C522R,C523R,targeting guide,Missense,0.9095386490714075,0.28932561247329924,1.0,0.9999998321245912,0.9999998321245912,0.9282551147027411,0.2522616392072903,1.0,1.0,1.0
gRNA_11315,SMAD4,0.7281599581395377,0.4220864897884663,0.5264157725895169,0.5588874068391737,0.5264157725895169,53.17272637932189,-0.5756579695810814,-0.514673858795214,-0.10420745041991102,-0.3981797595987355,-0.514673858795214,1941,28.07831014940752,40.7521895929933,0.0,20.607934054611025,Smad4,SMAD4,K506E,K507E,targeting guide,Missense,0.19171683708732537,0.9425021890302188,1.0,0.9999998321245912,0.9999998321245912,0.9367912994227521,0.21749166672659626,1.0,1.0,1.0
gRNA_11319,SMAD4,0.19191147876263964,0.27354815454037873,0.5285878627064394,0.33134916533648595,0.27354815454037873,701.9751451067424,-0.20608782321652644,0.3553163039068107,0.5133996817879212,0.2208760541594018,0.3553163039068107,26877,59.60114596123079,71.86069873869852,0.1934739740298396,16.158797484838338,Smad4,SMAD4,L109P,L109P,targeting guide,Missense,0.4951589471149659,0.7440026686870689,1.0,0.9999998321245912,0.9999998321245912,0.411743796999229,0.7193423377020414,1.0,1.0,1.0
gRNA_11322,SMAD4,0.15108607442145044,0.15390121281891891,-0.16645272518953877,0.04617818735027687,0.15108607442145044,1076.6685831003467,-0.31689695472816787,0.05757147346274893,-0.11664571350485467,-0.12532373159009122,-0.11664571350485467,32025,20.084309133489462,42.60733801717409,0.8618266978922716,34.18891491022639,Smad4,SMAD4,C362R,C363R,targeting guide,Missense,0.7876713259211598,0.4839949006694009,1.0,0.9999998321245912,0.9999998321245912,0.8605861721068738,0.37679382241970116,1.0,1.0,1.0
gRNA_11323,SMAD4,0.01017634225045811,-0.07861520315593015,-0.09063465046520655,-0.0530245037902262,-0.07861520315593015,1129.9204355605902,0.11606969606931028,0.5555939861485056,0.34939686067093384,0.34035351429624994,0.34939686067093384,31597,64.43649713580403,82.24198499857582,0.1740671582745197,20.80577269993987,Smad4,SMAD4,Y352C,Y353C,targeting guide,Missense,0.8625030835387024,0.38420007846104304,1.0,0.9999998321245912,0.9999998321245912,0.29635100929788066,0.831351161588904,1.0,1.0,1.0
gRNA_11324,SMAD4,0.6437416009150467,0.4254217898343072,0.6930154077328085,0.5873929328273874,0.6437416009150467,377.0278352117453,0.9445157077186516,0.6795110180448689,0.7157300969699345,0.7799189409111517,0.7157300969699345,16396,56.58697243230056,87.61283239814588,0.1280800195169553,32.73359355940473,Smad4,SMAD4,Y352C,Y353C,targeting guide,Missense,0.15843729009811072,0.9551802751988392,1.0,0.9999998321245912,0.9999998321245912,3.7908222826291886e-05,0.9997795442897683,0.0014486356580047256,1.0,0.0014486356580047256
gRNA_11325,SMAD4,0.012247889136127219,-0.08463238674355085,0.11392676761591172,0.013847423336162698,0.012247889136127219,533.5903714258244,0.028473248791585727,-0.2423017272088293,-0.09792429931143512,-0.10391759257622624,-0.09792429931143512,14413,46.77027683341428,53.40317768681052,0.0069381808089918,12.384652744050513,Smad4,SMAD4,Y352C,Y353C,targeting guide,Missense,0.8233251768588358,0.4409922022913343,1.0,0.9999998321245912,0.9999998321245912,0.8579428751863294,0.38580996181160687,1.0,1.0,1.0
gRNA_11326,SMAD4,0.6689259156882974,0.5502507498416151,0.3097401985605566,0.5096389546968231,0.5502507498416151,553.1704317229752,0.840087915465663,0.39805021531471146,0.08068372042734918,0.4396072837359079,0.39805021531471146,23736,28.17660936973374,82.78985507246377,0.1095382541287495,59.49612403100775,Smad4,SMAD4,Y352C,Y353C,targeting guide,Missense,0.23914211947400824,0.904479636619525,1.0,0.9999998321245912,0.9999998321245912,0.0012435604882166536,0.8753612136339817,0.022441734675680444,1.0,0.022441734675680444
gRNA_11336,SMAD4,0.5918109266615114,0.7315687049092159,0.8596192213647406,0.7276662843118227,0.7315687049092159,371.9975651068466,0.5349130288604347,0.011377277494680137,0.17871460889430357,0.24166830508313944,0.17871460889430357,14131,39.33196518293114,46.39445191423112,0.1981459203170334,18.866322270186117,Smad4,SMAD4,D354G,D355G,targeting guide,Missense,0.0711463984892499,0.9858264501669893,1.0,0.9999998321245912,0.9999998321245912,0.3620342862375384,0.7444338221728706,1.0,1.0,1.0
gRNA_11337,SMAD4,0.5915394358451176,0.4092382568102536,0.5501867688937101,0.5169881538496938,0.5501867688937101,233.10543439506293,-0.11717196450669544,-0.21694011651669062,-0.05964991786085192,-0.13125399962807935,-0.11717196450669544,5468,32.66276517922458,41.91660570592538,0.8961228968544257,23.555230431602048,Smad4,SMAD4,D354G,D355G,targeting guide,Missense,0.2255024013571981,0.933293297139444,1.0,0.9999998321245912,0.9999998321245912,0.8735449398944385,0.36392311204609923,1.0,1.0,1.0
gRNA_11449,SMARCA4,-0.024744832910629847,0.05336361258132875,0.2039292411654256,0.07751600694537483,0.05336361258132875,561.8989058878947,-0.3729399826916491,-0.261425079757273,0.0426598742954262,-0.19723506271783198,-0.261425079757273,16560,6.551932367149759,54.02173913043479,0.0,57.79589371980677,Smarca4,SMARCA4,F1102L,F1102L,targeting guide,Missense,0.7912887923721745,0.4875108839538369,1.0,0.9999998321245912,0.9999998321245912,0.8788881880743578,0.3403176254065752,1.0,1.0,1.0
gRNA_11450,SMARCA4,0.1079466806310361,0.14705808234770062,0.3580446782117466,0.20434981373016115,0.14705808234770062,597.9859115309843,0.14491505264971402,0.029491123538625465,0.15035659567266316,0.10825425728700089,0.14491505264971402,18742,0.0693629281826912,25.765660014939705,0.4535268381175968,79.20712837477323,Smarca4,SMARCA4,F1102L,F1102L,targeting guide,Missense,0.62317575402416,0.6601345703826718,1.0,0.9999998321245912,0.9999998321245912,0.7226031467551786,0.577655699319567,1.0,1.0,1.0
gRNA_11454,SMARCA4,0.2536753950159226,0.30002097533631317,0.5324418766080998,0.3620460823201119,0.30002097533631317,864.3733079876671,0.27395025048572735,-0.2101591438610989,-0.11480944320219019,-0.017006112192520583,-0.11480944320219019,31709,6.155980951780252,38.452805197262606,2.1886530637989217,74.23129080071904,Smarca4,SMARCA4,M781V,M781V,targeting guide,Missense,0.4687320124080393,0.7731019077953991,1.0,0.9999998321245912,0.9999998321245912,0.7884248192304678,0.46056070353995404,1.0,1.0,1.0
gRNA_11499,SMARCA4,0.38510011029146246,0.29034301100645704,0.5640493506092096,0.4131641573023764,0.38510011029146246,915.9333987389658,0.3886583238204004,0.35423892833737836,0.4651334972505542,0.40267691646944437,0.3886583238204004,33607,8.4059868479781,26.90213348409557,0.246972356949445,47.82634570178832,Smarca4,SMARCA4,H1181R,H1181R,targeting guide,Missense,0.3721280052217482,0.8443624261413063,1.0,0.9999998321245912,0.9999998321245912,0.3051248143250258,0.8944296911766927,1.0,1.0,1.0
gRNA_11500,SMARCA4,0.253029396920849,0.1799855177103391,0.39771728221388825,0.2769107322816921,0.253029396920849,663.3378210436464,-0.10939657111889035,-0.033912981043552747,-0.05044367675811358,-0.06458440964018557,-0.05044367675811358,22777,44.58005883127717,81.47253808666636,0.6541686789305,43.16196162795803,Smarca4,SMARCA4,H1181R,H1181R,targeting guide,Missense,0.5879551775261858,0.6937240170653907,1.0,0.9999998321245912,0.9999998321245912,0.8524682751532378,0.4007302716418193,1.0,1.0,1.0
gRNA_11532,SMARCA4,0.21335245764060165,0.2460576328264541,0.31442009005519606,0.2579433935074173,0.2460576328264541,309.6724141492686,-0.20397192770657907,-0.7811496509871656,-0.4844938166709288,-0.4898717984548911,-0.4844938166709288,8073,19.38560634212808,91.217639043726,0.1610305958132045,76.37805029109377,Smarca4,SMARCA4,D1183G,D1183G,targeting guide,Missense,0.6624256065755874,0.6439668327829138,1.0,0.9999998321245912,0.9999998321245912,0.9439445426741009,0.20139502522677205,1.0,1.0,1.0
gRNA_11533,SMARCA4,-0.5332005639816826,-0.09729095728207954,-0.1134435508344449,-0.247978357366069,-0.1134435508344449,834.4793864379554,-0.3079645865024462,-0.11765138170868517,0.34160868043669523,-0.028002429258145372,-0.11765138170868517,15896,2.799446401610468,7.574232511323603,0.6731253145445395,45.79768495218923,Smarca4,SMARCA4,D1183G,D1183G,targeting guide,Missense,0.8934228255267047,0.3207283794215066,1.0,0.9999998321245912,0.9999998321245912,0.7718863196761964,0.45583416317666536,1.0,1.0,1.0
gRNA_11581,SMC1A,0.1772302642758416,-0.10119853909859501,-0.10485242332424363,-0.009606899382332348,-0.10119853909859501,520.6475054442923,0.10543105119988604,-0.7446713474730263,-0.9045682577898375,-0.5146028513543259,-0.7446713474730263,11214,49.830568931692525,75.77135723203139,0.0,35.402175851614054,Smc1a,SMC1A,L225P,L225P,targeting guide,Missense,0.8246363316319026,0.4358891745718917,1.0,0.9999998321245912,0.9999998321245912,0.9236664169702757,0.18844300432829303,1.0,1.0,1.0
gRNA_11582,SMC1A,0.17951343395350375,-0.1849075120633666,-0.006353477776891552,-0.003915851962251472,-0.006353477776891552,568.1780991978961,-0.18194411170349462,-0.14235598245665426,0.18859019420906434,-0.04523663331702818,-0.14235598245665426,11758,26.756251063105967,56.64228610307875,0.0,52.42388161251914,Smc1a,SMC1A,L225P,L225P,targeting guide,Missense,0.8338690130399634,0.41731768817968545,1.0,0.9999998321245912,0.9999998321245912,0.8099831304733361,0.4422190088636325,1.0,1.0,1.0
gRNA_11589,SMC3,-0.02150839442414327,0.09428073748518437,-0.2261491265949642,-0.051125594511307694,-0.02150839442414327,1056.3567220287284,-0.4549654129197498,-0.0709827998366139,-0.033020952571757974,-0.1863230551093739,-0.0709827998366139,30407,4.959384352287303,5.268523695201763,0.0032887164139836,3.7491367119413295,Smc3,SMC3,Non-coding,,targeting guide,Intron,0.8386076852277238,0.4119254039215461,1.0,0.9999998321245912,0.9999998321245912,0.8786833244515792,0.34036155709048266,1.0,1.0,1.0
gRNA_11590,SMG1,0.34353899173067287,0.2237483160470217,0.47680996170909,0.3480324231622615,0.34353899173067287,471.63327658218964,0.04185863398527775,-0.38777375127933245,-0.22569035607848698,-0.19053515779084726,-0.22569035607848698,17531,0.3707717757115966,24.86452569733615,0.6902059209400491,89.19057669271577,Smg1,SMG1,T1496A,T1498A,targeting guide,Missense,0.44281639314914145,0.799504688036903,1.0,0.9999998321245912,0.9999998321245912,0.8719727223593892,0.35439381022623795,1.0,1.0,1.0
gRNA_11607,SMO,-0.32212062136810415,-0.3926374848594916,-0.42419271028055605,-0.37965027216938396,-0.3926374848594916,1327.3246453901997,-0.7721234603631739,-0.16879612117772808,-0.32787093449478294,-0.422930172011895,-0.32787093449478294,27965,66.66189880207402,89.91954228499911,0.3397103522259967,24.18737707849097,Smo,SMO,I160V,I156V,targeting guide,Missense,0.9246110613196927,0.2608482868177522,1.0,0.9999998321245912,0.9999998321245912,0.9298917879570041,0.23179562293187803,1.0,1.0,1.0
gRNA_11608,SMO,-0.5424853585616944,-0.584431969392158,-0.6301784796095196,-0.585698602521124,-0.584431969392158,777.9343020057809,-1.1972570407957106,-0.7557692246625992,-0.39096659392888655,-0.7813309531290655,-0.7557692246625992,14762,43.117463758298335,84.75138870071805,0.0,45.5222869529874,Smo,SMO,I160V,I156V,targeting guide,Missense,0.9371481978021643,0.2309241521441203,1.0,0.9999998321245912,0.9999998321245912,0.9821286722589676,0.04262509664623381,1.0,0.7384298308143519,0.7384298308143519
gRNA_11609,SMO,0.06786073742345688,0.1271812027065943,0.10197298222636565,0.09900497411880561,0.10197298222636565,1340.2942574678905,0.40551625389468304,0.16247954690029018,0.26290124932232684,0.2769656833724334,0.26290124932232684,44284,71.47954114352814,85.37846626321019,1.4948965766416764,15.877066209014542,Smo,SMO,I160V,I156V,targeting guide,Missense,0.7613604365281892,0.5340703022888365,1.0,0.9999998321245912,0.9999998321245912,0.48495880541407554,0.7716444532650603,1.0,1.0,1.0
gRNA_11670,SOCS1,-1.0478409244195213,-1.3414854912129364,-1.2985491454786602,-1.229291853703706,-1.2985491454786602,697.5711916552303,-1.3357685080901542,-1.4760479695176274,-1.2891179594725832,-1.366978145693455,-1.3357685080901542,4907,2.527002241695537,45.34338699816588,0.0,90.50336254330549,Socs1,SOCS1,F102S,F101S,targeting guide,Missense,0.9991202882317983,0.007589119101939616,1.0,0.3702412341397616,0.3702412341397616,0.9999985434754615,2.028115239238095e-06,1.0,0.0001669294850757509,0.0001669294850757509
gRNA_11671,SOCS1,-2.612914637801663,-2.766964743922425,-2.87375144440268,-2.7512102753755894,-2.766964743922425,3598.582506247838,-3.1560955922525045,-2.880668915554533,-2.78575778765832,-2.9408407651551194,-2.880668915554533,13068,5.762167125803489,21.32690541781451,0.145393327211509,47.268135904499545,Socs1,SOCS1,F102S,F101S,targeting guide,Missense,1.0,4.1025318572854354e-10,1.0,1.4632363624318055e-07,1.4632363624318055e-07,1.0,4.1025318572854354e-10,1.0,4.877454541439351e-08,4.877454541439351e-08
gRNA_11689,SOS1,-0.08966478040971851,0.03516373376863941,0.17392852468552233,0.039809159348147743,0.03516373376863941,962.6814455918894,0.4224315572132564,0.15690896912107977,0.23627478109162844,0.27187176914198824,0.23627478109162844,31266,10.445851723917354,74.76172199833685,0.3997953048039403,69.59956502270838,Sos1,SOS1,I663V,I663V,targeting guide,Missense,0.8031241971051151,0.470490569560749,1.0,0.9999998321245912,0.9999998321245912,0.49156246587099817,0.7606321392262246,1.0,1.0,1.0
gRNA_11701,SOS1,0.19308935845401892,0.4203543263601179,0.42827378918786546,0.34723915800066746,0.4203543263601179,657.4083307171317,0.2286299855233619,0.3090839794252393,0.3264153750513983,0.28804311333333316,0.3090839794252393,24643,52.91969321916974,79.17461348050156,0.0,31.74126526802743,Sos1,SOS1,I1124V,I1138V,targeting guide,Missense,0.4634640581666366,0.7884767408069628,1.0,0.9999998321245912,0.9999998321245912,0.5666660808611836,0.732756899513342,1.0,1.0,1.0
gRNA_11702,SOS1,0.4521336646952911,0.2603828556499336,0.42355498930925806,0.3786905032181609,0.42355498930925806,1119.022978516262,0.49416418322222183,0.1912582565916771,0.36926331496604864,0.3515619182599825,0.36926331496604864,42965,38.39404166181776,59.0084952868614,0.300244384964506,38.83858954963343,Sos1,SOS1,I1124V,I1138V,targeting guide,Missense,0.42234682732306844,0.8168729323791538,1.0,0.9999998321245912,0.9999998321245912,0.35737029141107335,0.8384229877365426,1.0,1.0,1.0
gRNA_11703,SOS1,0.39883663791811175,0.03813946143881403,0.128537201432461,0.18850443359646227,0.128537201432461,1152.5985163248627,0.37320052320391117,0.3299230256986526,0.311303288611424,0.3381422791713293,0.3299230256986526,40261,20.675095005091777,29.604331735426346,0.0,21.38049228782196,Sos1,SOS1,I1124V,I1138V,targeting guide,Missense,0.6370339163365455,0.6309304727402476,1.0,0.9999998321245912,0.9999998321245912,0.487616834993263,0.7942245994437225,1.0,1.0,1.0
gRNA_11748,SOX2,0.3564799461324777,0.3519142272692633,0.18721025132331617,0.2985348082416857,0.3519142272692633,1176.9619932184687,0.3699402013427025,0.3551171449355438,0.00943799780527972,0.24483178136117537,0.3551171449355438,45984,22.012004175365345,48.14718162839248,0.5654140570633264,43.72607863604732,Sox2,SOX2,N210D,N208D,targeting guide,Missense,0.5071363368222923,0.7636271680103559,1.0,0.9999998321245912,0.9999998321245912,0.5623179643087435,0.7058082460453503,1.0,1.0,1.0
gRNA_11796,SOX9,0.03221377326067209,0.45861832365814764,0.22583994203333685,0.23889067965071886,0.22583994203333685,206.51907120540196,-0.3874483765874689,0.23424147158494238,0.2193225199588606,0.022038538318778028,0.2193225199588606,6111,40.173457699230894,74.50499099983637,0.0,40.664375715922105,Sox9,SOX9,M109T,M109T,targeting guide,Missense,0.5615111984702446,0.6792664288883249,1.0,0.9999998321245912,0.9999998321245912,0.7450224346807035,0.5090044771075533,1.0,1.0,1.0
gRNA_11797,SOX9,-0.2433611750873722,-0.1474524517397493,-0.2607548467379115,-0.21718949118834432,-0.2433611750873722,773.7525111956843,-0.28700630560754536,-0.2523923471509951,-0.21813570894878578,-0.25251145390244206,-0.2523923471509951,19415,58.64022662889519,91.70229204223538,0.0,37.03837239248004,Sox9,SOX9,M109T,M109T,targeting guide,Missense,0.9049250142793106,0.301872726162503,1.0,0.9999998321245912,0.9999998321245912,0.9021502727884075,0.3092453785978893,1.0,1.0,1.0
gRNA_11798,SOX9,-0.4312436499108702,-0.5578593951741448,-0.5685881471299922,-0.5192303974050024,-0.5578593951741448,569.9962691153295,-0.7753362707857436,-0.14404184050247745,-0.5273996399952727,-0.4822592504278313,-0.5273996399952727,7434,74.22652676889965,98.52031207963412,3.3494753833736888,20.581113801452787,Sox9,SOX9,M109T,M109T,targeting guide,Missense,0.9330849885207123,0.2405729187366567,1.0,0.9999998321245912,0.9999998321245912,0.9444236941225386,0.1964554147601115,1.0,1.0,1.0
gRNA_11967,STAG2,0.21674885639217265,-0.01980694575842294,0.1562731790035009,0.11773836321241687,0.1562731790035009,737.8071189078312,0.21208092181240057,-0.14938897858932124,-0.012975346992396369,0.016572198743560987,-0.012975346992396369,17911,27.54173412986433,34.39785606610462,0.5080676679135727,28.792362235497738,Stag2,STAG2,Q615R,Q615R,targeting guide,Missense,0.7655143777342704,0.5194953119264503,1.0,0.9999998321245912,0.9999998321245912,0.7821261279288786,0.4885745110203402,1.0,1.0,1.0
gRNA_11968,STAG2,0.1529487244830836,0.11518329016228884,0.181631352743126,0.14992112246283282,0.1529487244830836,736.0557882409013,0.4103348015754165,0.39837399426394854,0.24701588026862742,0.3519082253693308,0.39837399426394854,23305,20.420510620038616,44.09354215833512,0.1072731173567903,49.56018021883716,Stag2,STAG2,Q615R,Q615R,targeting guide,Missense,0.7341861276431956,0.5687721733232807,1.0,0.9999998321245912,0.9999998321245912,0.3713475235108827,0.8495966093885405,1.0,1.0,1.0
gRNA_11992,STAT3,0.41897097130677274,0.356282110346357,0.09902503798507672,0.2914260398794022,0.356282110346357,909.3797906137571,0.42993996826889774,-0.13023284875129088,0.10362550022644369,0.13444420658135017,0.10362550022644369,34783,30.36253342149901,72.6878072621683,2.1964752896529918,41.439783802432224,Stat3,STAT3,E100G,E100G,targeting guide,Missense,0.5042188943806545,0.75911907620103,1.0,0.9999998321245912,0.9999998321245912,0.5864148978970969,0.6303249654847514,1.0,1.0,1.0
gRNA_11993,STAT3,-0.014172106907303958,-0.32149680155099974,-0.18741967800659148,-0.17436286215496508,-0.18741967800659148,677.5107168995501,-0.044383157239309586,-0.3800439641060244,0.07061247212752426,-0.11793821640593659,-0.044383157239309586,15585,17.26018607635547,88.25152390118703,0.2566570420275906,72.65319217196023,Stat3,STAT3,E100G,E100G,targeting guide,Missense,0.8962241637878524,0.31776276692997735,1.0,0.9999998321245912,0.9999998321245912,0.8541463851048164,0.385428235152025,1.0,1.0,1.0
gRNA_11994,STAT3,0.27822660856787224,0.284103484299954,0.37655496132196503,0.3129616847299304,0.284103484299954,714.0253996412722,0.44830207252738824,0.315220007438538,0.20998124148383343,0.3245011071499199,0.315220007438538,24430,30.98239869013508,48.563241915677445,0.0573065902578796,39.58248055669259,Stat3,STAT3,E100G,E100G,targeting guide,Missense,0.5525065260800845,0.7328325709643175,1.0,0.9999998321245912,0.9999998321245912,0.43162681624853716,0.8028243004277934,1.0,1.0,1.0
gRNA_12001,STAT3,-0.1237311391240346,-0.2642061714264991,-0.09106552857990398,-0.15966761304347923,-0.1237311391240346,1757.041875463361,-0.11739395857261457,-0.20569846965790442,-0.33989636682515567,-0.2209962650185582,-0.20569846965790442,46251,47.44762275410261,83.17009361959742,0.5297182763615922,38.92240167780156,Stat3,STAT3,Y657C,Y657C,targeting guide,Missense,0.8884988104768209,0.3342811768554016,1.0,0.9999998321245912,0.9999998321245912,0.8965096385263986,0.3179569995843926,1.0,1.0,1.0
gRNA_12002,STAT3,0.2966796915127663,0.334804872479675,0.5903546781505359,0.40727974738099243,0.334804872479675,869.0246148691875,0.1466057264679268,0.4818954043908236,0.5180013060393088,0.3821674789660198,0.4818954043908236,36912,32.77795838751626,70.27795838751626,0.349479843953186,43.07813177286519,Stat3,STAT3,Y657C,Y657C,targeting guide,Missense,0.37473637290580664,0.8359540034616495,1.0,0.9999998321245912,0.9999998321245912,0.22131588579673003,0.8943533212649323,1.0,1.0,1.0
gRNA_12006,STAT3,-0.950477919789142,-0.8046109832282482,-1.0660094732087877,-0.940366125408726,-0.950477919789142,1369.8698214581384,-0.7038363997254025,-0.6880322094663203,-1.1316051094358925,-0.841157906209205,-0.7038363997254025,21381,44.52551330620644,73.32678546372948,0.3601328282119639,42.75758851316589,Stat3,STAT3,Y674C,Y674C,targeting guide,Missense,0.9839411392432722,0.07760718924936841,1.0,0.9999998321245912,0.9999998321245912,0.9885126494774843,0.039862834141807746,1.0,0.7108872088622381,0.7108872088622381
gRNA_12007,STAT3,-0.05619966762910039,-0.18369564337359928,-0.05630208244236486,-0.09873246448168817,-0.05630208244236486,1643.625605359674,0.21909621582772307,0.19523126210575484,0.08462714603504672,0.16631820798950822,0.19523126210575484,47510,55.49147547884657,75.71248158282467,0.4167543675015786,30.368343506630183,Stat3,STAT3,Y674C,Y674C,targeting guide,Missense,0.8797821857276233,0.35211364266677087,1.0,0.9999998321245912,0.9999998321245912,0.6903069231516608,0.61353883962177,1.0,1.0,1.0
gRNA_12024,STAT3,-1.5384113504658432,-1.5875317485674691,-1.4438889021834589,-1.5232773337389238,-1.5384113504658432,1131.6289566104658,-1.8919612043312666,-1.401802996234368,-1.2415216926279888,-1.5117619643978746,-1.401802996234368,9765,60.46082949308755,93.46646185355864,0.0204813108038914,34.285714285714285,Stat3,STAT3,H410R,H410R,targeting guide,Missense,0.9999889428209591,0.00022180962081352686,1.0,0.02157602675186125,0.02157602675186125,0.9999951192981731,3.7390832686601053e-06,1.0,0.00028577279267616516,0.00028577279267616516
gRNA_12025,STAT3,4.809800635402729e-06,-0.21799125199652683,-0.6126902027251442,-0.27689221497367855,-0.21799125199652683,1024.4629093165427,-0.1378168701319392,-0.03361782160823436,0.026614027153571824,-0.04827355486220058,-0.03361782160823436,23723,43.80980483075496,72.81541120431648,0.940016018210176,39.358428529275386,Stat3,STAT3,H410R,H410R,targeting guide,Missense,0.8990952892325493,0.3090829357819338,1.0,0.9999998321245912,0.9999998321245912,0.8281014532262523,0.43831702496098346,1.0,1.0,1.0
gRNA_12026,STAT3,0.37482606930765416,0.17379876723834883,0.052196653965472135,0.20027383017049172,0.17379876723834883,355.8331775513832,0.443745144758709,0.6609101602476748,0.6658512919718315,0.5901688656594052,0.6609101602476748,9876,52.66302146618064,91.69704333738356,0.9416767922235724,41.130012150668286,Stat3,STAT3,H410R,H410R,targeting guide,Missense,0.627429191005199,0.6439523843355175,1.0,0.9999998321245912,0.9999998321245912,0.03958943146339553,0.9896494606418329,0.4983610784215673,1.0,0.4983610784215673
gRNA_12062,STAT6,0.4505064032395155,0.5928226691131249,0.6117015958749609,0.5516768894092005,0.5928226691131249,407.92343128001244,0.12651415021733142,0.2739792898323353,-0.014855576643064116,0.12854595446886755,0.12651415021733142,17539,8.210274245966133,57.02149495410228,0.0,82.41632932322254,Stat6,STAT6,Q286R,Q286R,targeting guide,Missense,0.17998047311827228,0.9539402148029292,1.0,0.9999998321245912,0.9999998321245912,0.7045775242044845,0.590205915814892,1.0,1.0,1.0
gRNA_12063,STAT6,0.027595953328163086,0.06853690194093127,-0.11477013495622167,-0.006212426562375768,0.027595953328163086,568.7841558370405,0.15921855453254682,0.24029831662779141,0.185984662692296,0.1951671779508781,0.185984662692296,18571,12.74567874643261,81.39572451671961,0.1830811480264929,72.89322061278337,Stat6,STAT6,Q286R,Q286R,targeting guide,Missense,0.8314498415331895,0.43310103155782353,1.0,0.9999998321245912,0.9999998321245912,0.6486952343210175,0.6615598699944414,1.0,1.0,1.0
gRNA_12064,STAT6,0.49753469303508313,0.5423711781423839,0.5820736024960056,0.5406598245578242,0.5423711781423839,861.6888361596388,0.7123580521518724,-0.4143286430105742,0.36670723948666417,0.22157888287598748,0.36670723948666417,34252,0.0291953754525283,39.75242321616256,0.8320682003970572,84.29580754408502,Stat6,STAT6,Q286R,Q286R,targeting guide,Missense,0.20519161720468262,0.9465248925379123,1.0,0.9999998321245912,0.9999998321245912,0.19079402696395792,0.7152505694288764,1.0,1.0,1.0
gRNA_12065,STAT6,0.08957759388688244,0.4129414936928861,0.4691619125597002,0.3238936667131562,0.4129414936928861,641.3291355426279,-0.5327732449425506,0.017586373108798667,0.09031364298029622,-0.1416244096178186,0.017586373108798667,23610,1.4019483269800932,12.998729351969503,0.0550614146548072,84.09148665819568,Stat6,STAT6,D419G,D419G,targeting guide,Missense,0.4414546870374456,0.7912669837980362,1.0,0.9999998321245912,0.9999998321245912,0.8513639849426964,0.36526683133857984,1.0,1.0,1.0
gRNA_12079,STK11,0.4062464396088153,0.5661963379192121,0.5869045971731323,0.5197824582337199,0.5661963379192121,846.3869256396007,-0.29183620278529465,-0.3622579455877867,0.155251144290889,-0.1662810013607308,-0.29183620278529465,37212,0.3681608083413952,69.89680748145759,0.0214984413630011,88.6353864344835,Stk11,STK11,Non-coding,,targeting guide,Intron,0.2319208748842807,0.9312169093183462,1.0,0.9999998321245912,0.9999998321245912,0.8453182733497631,0.3760671026676317,1.0,1.0,1.0
gRNA_12080,STK11,0.4667646403208816,0.6619237249568308,0.4206352874767508,0.5164412175848211,0.4667646403208816,462.6915193496484,0.5504315165454998,0.12394535717994325,0.22190933011104427,0.2987620679454958,0.22190933011104427,17619,25.131959816107614,78.72751007435154,0.1475679663999091,56.58096373233441,Stk11,STK11,Non-coding,,targeting guide,Intron,0.2178621998142013,0.9334624830631003,1.0,0.9999998321245912,0.9999998321245912,0.3400018679220234,0.783933917944461,1.0,1.0,1.0
gRNA_12081,STK11,0.18218072512649386,0.3604592557795191,0.16245295958292919,0.2350309801629807,0.18218072512649386,1687.6859230254736,0.21002111897438447,0.05194483579013347,0.12235898704964134,0.12810831393805308,0.12235898704964134,56374,0.3104267924929932,70.31610316812716,0.0869195018980381,90.11246319225177,Stk11,STK11,Non-coding,,targeting guide,Intron,0.6112573185904779,0.6704834060369388,1.0,0.9999998321245912,0.9999998321245912,0.7181562093004681,0.5828386792276161,1.0,1.0,1.0
gRNA_12151,SUZ12,-0.17313533546416043,-0.07375995679379577,0.022444230120234904,-0.07481702071257376,-0.07375995679379577,980.5390364717613,0.31988863954362085,-0.2679656032195005,-0.08930667752137089,-0.012461213732416857,-0.08930667752137089,27679,31.79666895480328,52.91014848802341,0.0036128472849452,29.44109252501897,Suz12,SUZ12,E612G,E610G,targeting guide,Missense,0.8677121218811925,0.37187321795220973,1.0,0.9999998321245912,0.9999998321245912,0.7810125192695573,0.45495546052128144,1.0,1.0,1.0
gRNA_12164,SYK,0.2733047318893002,-0.15636374382345367,-0.18061733260821358,-0.021225448180789013,-0.15636374382345367,724.2266733212975,0.9705739708684029,0.32614430907653974,0.34525447219692534,0.547324250713956,0.34525447219692534,22163,0.1759689572711275,81.72178856652981,0.1669449081803005,99.18332355728016,Syk,SYK,N451S,N457S,targeting guide,Missense,0.8194622554496485,0.4234870090746433,1.0,0.9999998321245912,0.9999998321245912,0.0011947765244361317,0.9119912099947156,0.022041566916321743,1.0,0.022041566916321743
gRNA_12197,TBL1XR1,0.1787172885035465,0.18893931958350704,0.20200046509045932,0.18988569105917097,0.18893931958350704,559.7311352308892,-0.25664781953830845,0.18883797358709117,0.13028166137574698,0.020823938474843234,0.13028166137574698,20420,19.17238001958864,44.960822722820765,0.0,57.79138099902057,Tbl1xr1,TBL1XR1,D370G,D370G,targeting guide,Missense,0.7205153177817629,0.5849374976361672,1.0,0.9999998321245912,0.9999998321245912,0.7671175438724036,0.4963252275310399,1.0,1.0,1.0
gRNA_12203,TBX3,0.12869137420687804,-0.0043388758111527,-0.06503975686483651,0.019770913843629608,-0.0043388758111527,1488.4933458366943,-0.10367190791845748,-0.16613791467216907,0.11931125288366645,-0.050166189902320045,-0.10367190791845748,50338,49.866899757638365,60.42353689061941,0.109261392983432,17.795701060828797,Tbx3,TBX3,Y284C,Y284C,targeting guide,Missense,0.8233251768588359,0.4409922022913343,1.0,0.9999998321245912,0.9999998321245912,0.8258085783463249,0.4319191068236622,1.0,1.0,1.0
gRNA_12243,TBX3,0.4906067615354165,0.16958602476053683,0.21001661413238606,0.2900698001427798,0.21001661413238606,519.4511454106846,0.12276848980561435,0.4624178549017047,0.08591707951831407,0.22370114140854436,0.12276848980561435,17003,0.0117626301240957,0.0646944656825266,0.0,22.76068929012527,Tbx3,TBX3,N297S,N297S,targeting guide,Missense,0.5293434266858781,0.7112427283341202,1.0,0.9999998321245912,0.9999998321245912,0.5043983811944257,0.7038836180869286,1.0,1.0,1.0
gRNA_12244,TBX3,0.7696223163806457,0.3241000997089372,0.46681549129488786,0.5201793024614902,0.46681549129488786,625.0262119496431,-0.09571926544010957,0.36828460358591275,0.2802743750899003,0.18427990441190115,0.2802743750899003,26107,0.6205232313172713,2.478262534952312,0.6588271344850041,37.13946451143372,Tbx3,TBX3,N297S,N297S,targeting guide,Missense,0.17732364627182629,0.9211390079287363,1.0,0.9999998321245912,0.9999998321245912,0.6273257813367792,0.6361021736079979,1.0,1.0,1.0
gRNA_12270,TCF3,-0.43510817539253677,-0.8112050982516611,-0.7049727633976242,-0.6504286790139406,-0.7049727633976242,1370.7183007529404,-0.7631409438065042,-0.6377060819232154,-0.7557366662144136,-0.7188612306480445,-0.7557366662144136,21437,37.118066893688486,72.54746466389886,0.0139944954984372,42.84181555254933,Tcf3,TCF3,Y187C,Y185C,targeting guide,Missense,0.9504239571608037,0.191517782903036,1.0,0.9999998321245912,0.9999998321245912,0.9742034852065404,0.12411298319389985,1.0,1.0,1.0
gRNA_12271,TCF3,0.9785995143106511,0.6095389712103886,0.6094654125448942,0.7325346326886445,0.6095389712103886,855.4489461523525,1.1873742381391312,0.9334793201390558,0.5935947236621479,0.9048160939801116,0.9334793201390558,42080,64.33460076045627,85.0522813688213,0.0023764258555133,25.79372623574144,Tcf3,TCF3,Y187C,Y185C,targeting guide,Missense,0.07566312535734285,0.9820924078269506,1.0,0.9999998321245912,0.9999998321245912,2.2044200167876147e-07,0.999858315873619,1.572486278641832e-05,1.0,1.572486278641832e-05
gRNA_12272,TCF3,0.9184569862830793,0.8194145840466888,0.7991180669644999,0.8456632124314227,0.8194145840466888,666.6532349896546,0.5026165759474517,0.8350684320556678,0.9329326527196223,0.7568725535742473,0.8350684320556678,33048,49.29193899782135,85.56342290002421,0.0,38.55603969983055,Tcf3,TCF3,Y187C,Y185C,targeting guide,Missense,0.02848550472711209,0.9963974223236254,1.0,0.9999998321245912,0.9999998321245912,4.2867976263796635e-07,0.9986069359055069,2.6981608589566117e-05,1.0,2.6981608589566117e-05
gRNA_12369,TET2,0.0347014394148802,0.1539543263553264,0.08428079429013462,0.09097885335344708,0.08428079429013462,951.6301347845723,0.35710744723057,-0.07149401765263859,-0.04100107973198828,0.08153744994864771,-0.04100107973198828,26281,1.1148738632472128,71.34812221757163,0.0114150907499714,82.13157794604467,Tet2,TET2,I1795T,I1873T,targeting guide,Missense,0.7642664548394387,0.5293554656656332,1.0,0.9999998321245912,0.9999998321245912,0.7230433340586617,0.5320240601743389,1.0,1.0,1.0
gRNA_12370,TET2,0.14992748086563168,-0.17242125683683704,0.0570049687060629,0.01150373091161918,0.0570049687060629,1651.2036610330981,0.27281688811884935,0.10750444744447403,0.10369874691634443,0.1613400274932226,0.10750444744447403,45274,0.2738878826699651,2.266201351769227,0.2076246852498122,58.41763484560675,Tet2,TET2,I1795T,I1873T,targeting guide,Missense,0.8123616580144211,0.45009280214863245,1.0,0.9999998321245912,0.9999998321245912,0.6743976023985494,0.6303531924582426,1.0,1.0,1.0
gRNA_12383,TET2,0.5079928508315661,0.6377202904844975,0.525700421874149,0.5571378543967375,0.525700421874149,464.7955320461536,0.20638648361313577,0.5862684278496061,0.6199369497158708,0.47086395372620427,0.5862684278496061,20373,54.13537525155844,82.1086732439994,0.0539930299906739,30.810386295587293,Tet2,TET2,Y1215C,Y1294C,targeting guide,Missense,0.1874753117408959,0.9518748916786499,1.0,0.9999998321245912,0.9999998321245912,0.08356351684893071,0.9419916282634081,0.8203024131041822,1.0,0.8203024131041822
gRNA_12386,TET2,0.3473330816087732,0.3191069287112629,0.5364774123855351,0.4009724742351904,0.3473330816087732,754.3586987430627,0.14133075157669858,0.21790621891073722,-0.6645094142589756,-0.10175748125717993,0.14133075157669858,26426,14.353288428063273,43.13933247559222,0.832513433739499,66.17724967834708,Tet2,TET2,S1820P,S1898P,targeting guide,Missense,0.38468804265897627,0.8476999368681035,1.0,0.9999998321245912,0.9999998321245912,0.7966754079028844,0.4048391430886529,1.0,1.0,1.0
gRNA_12394,TGFBR1,-0.06715969736666394,0.0291237543754765,-0.05022283193477622,-0.029419591641987885,-0.05022283193477622,623.680369612548,0.3238501520785174,0.021250594664424242,0.33285289452478556,0.2259845470892424,0.3238501520785174,18705,0.0,25.65624164661855,0.0267308206361935,90.40363539160651,Tgfbr1,TGFBR1,T200A,T200A,targeting guide,Missense,0.8556988044051675,0.39508064940317933,1.0,0.9999998321245912,0.9999998321245912,0.6159174720352454,0.6721693641887885,1.0,1.0,1.0
gRNA_12403,TGFBR1,-0.17752264301380563,-0.042134214807136826,-0.1313664676209689,-0.1170077751473038,-0.1313664676209689,1528.2783131887932,-0.18440280764889846,-0.21714756997638754,-0.006851106046539465,-0.1361338278906085,-0.18440280764889846,44758,9.36145493543054,14.022074266052996,0.4088654542204745,17.710800303856296,Tgfbr1,TGFBR1,D163G,D163G,targeting guide,Missense,0.8826112779906761,0.34702793960041206,1.0,0.9999998321245912,0.9999998321245912,0.8635271989780196,0.3777859485230423,1.0,1.0,1.0
gRNA_12483,TNFRSF14,0.38534995078804185,0.3839201634352142,0.5884781609397113,0.4525827583876558,0.38534995078804185,1067.811192508558,0.7746888441804224,0.030555510171927276,-0.0845915929125815,0.2402175871465894,0.030555510171927276,41077,24.880103220780487,54.83847408525452,0.185018380115393,45.44392238965845,Tnfrsf10b,TNFRSF14,M1T,M1T,targeting guide,Missense,0.29397551441432507,0.9016546222545025,1.0,0.9999998321245912,0.9999998321245912,0.16656657196858504,0.6736835889786154,1.0,1.0,1.0
gRNA_12498,TP53,-0.35474494416116,-0.10032105426957699,-0.06686424183770978,-0.1739767467561489,-0.10032105426957699,1592.777453335457,0.10671224444073056,-0.08917194967898757,-0.16019075491188423,-0.047550153383380415,-0.08917194967898757,44121,2.5566056979669542,7.12812492917205,0.0,62.752430815258045,Trp53,TP53,T250A,T253A,targeting guide,Missense,0.8883448445714911,0.33317978747896465,1.0,0.9999998321245912,0.9999998321245912,0.8258085783463249,0.4319191068236622,1.0,1.0,1.0
gRNA_12499,TP53,0.9913784644259206,0.5395735395491299,1.1987823483609825,0.9099114507786776,0.9913784644259206,83.7570275297592,0.6957267176144089,-0.28603632003112467,0.11745634198590992,0.17571557985639805,0.11745634198590992,5143,69.41473847948669,77.77561734396267,0.0,9.527513124635426,Trp53,TP53,T250A,T253A,targeting guide,Missense,0.01844935244282623,0.9925681730439145,1.0,0.9999998321245912,0.9999998321245912,0.2840962237728837,0.6575110260125068,1.0,1.0,1.0
gRNA_12500,TP53,-0.3099688521037888,-0.20433226371711782,0.0005717826470588306,-0.17124311105794923,-0.20433226371711782,2435.923449713178,0.1202370383956863,0.1544593344353879,-0.007706386632610615,0.08899666206615452,0.1202370383956863,69784,59.24567236042646,65.99507050326723,0.0544537429783331,14.550613321105123,Trp53,TP53,T250A,T253A,targeting guide,Missense,0.894123962869495,0.3211983513243045,1.0,0.9999998321245912,0.9999998321245912,0.7362266158767752,0.5610986676644936,1.0,1.0,1.0
gRNA_12501,TP53,-0.23247445523776875,-0.014789893876616321,0.09851225542533994,-0.04958403122968171,-0.014789893876616321,1403.6315004109838,0.1626564552895188,0.0041323044261267,0.20601307074773542,0.12426727682112697,0.1626564552895188,41155,34.819584497630906,53.043372615721054,0.0,41.08127809500669,Trp53,TP53,I251T,I254T,targeting guide,Missense,0.8451934558632608,0.3975658012733183,1.0,0.9999998321245912,0.9999998321245912,0.7084072619401992,0.590247559429919,1.0,1.0,1.0
gRNA_12502,TP53,-0.49710426697563614,-0.43416387360812864,-0.34588639382502046,-0.4257181781362618,-0.43416387360812864,1289.5673167715024,-0.41106962915087497,-0.09249632464448684,0.043213746181001225,-0.15345073587145355,-0.09249632464448684,29982,15.309185511306785,21.88312987792676,0.4202521512907745,53.7589220198786,Trp53,TP53,I251T,I254T,targeting guide,Missense,0.9289051270200763,0.2505459394572184,1.0,0.9999998321245912,0.9999998321245912,0.8669906669141985,0.36153213186621785,1.0,1.0,1.0
gRNA_12508,TP53,0.603464933555066,0.6024644242654672,0.5052782099479336,0.570402522589489,0.6024644242654672,789.5148248734595,0.2755212764237783,0.8100534824703763,0.5217574611179195,0.5357774066706914,0.5217574611179195,37105,12.14122085972241,43.2502358172753,0.0026950545748551,64.48726586713381,Trp53,TP53,H190R,H193R,targeting guide,Missense,0.17536088220702592,0.9569434531679265,1.0,0.9999998321245912,0.9999998321245912,0.0005755077987581742,0.9563181760186368,0.011403580456874934,1.0,0.011403580456874934
gRNA_12509,TP53,0.47851815962886474,0.2155739422562608,0.21693043174907398,0.30367417787806655,0.21693043174907398,829.2672993413134,0.3857841292054898,0.4640799697347141,0.3362944631778418,0.3953861873726819,0.3857841292054898,30427,49.93262562855359,78.837874256417,0.0197193282282183,32.329838630164,Trp53,TP53,H190R,H193R,targeting guide,Missense,0.5248344197701134,0.723493921686539,1.0,0.9999998321245912,0.9999998321245912,0.31847052311134305,0.8838620387168806,1.0,1.0,1.0
gRNA_12510,TP53,0.7911743586545172,0.5118989618301528,0.5646230541585872,0.6225654582144191,0.5646230541585872,904.2791537737444,0.723002707788043,0.42345991320916837,0.578692135645573,0.5750515855475947,0.578692135645573,42752,50.52161302395209,64.5654004491018,0.077189371257485,17.823727544910177,Trp53,TP53,H190R,H193R,targeting guide,Missense,0.1132633407742394,0.9693176880982237,1.0,0.9999998321245912,0.9999998321245912,0.032551209537474826,0.9882826909925597,0.4299974593221983,1.0,0.4299974593221983
gRNA_12521,TP53,0.30258735277070015,0.463668624068404,0.2784783262885546,0.3482447677092196,0.30258735277070015,1360.5365492153142,0.36803943339064904,0.5797942939923858,0.6968013406765915,0.5482116893532089,0.5797942939923858,51335,35.11444433622285,69.56267653647609,0.2045388136748806,39.513002824583616,Trp53,TP53,I192T,I195T,targeting guide,Missense,0.4835996843748016,0.7732407138533386,1.0,0.9999998321245912,0.9999998321245912,0.0633131593959593,0.9708393256021391,0.6774508055367645,1.0,0.6774508055367645
gRNA_12522,TP53,0.1625280832997286,0.16326045458583888,0.5691749758886091,0.29832117125805885,0.16326045458583888,890.1759915753279,0.06627797890811402,0.3559826504454443,-0.3513929097580049,0.02362257319851781,0.06627797890811402,25819,0.193655834850304,11.421821139470932,0.2323870018203648,39.83500522870754,Trp53,TP53,I192T,I195T,targeting guide,Missense,0.4955818096576573,0.7193415813670717,1.0,0.9999998321245912,0.9999998321245912,0.7321415732551272,0.5013840086742534,1.0,1.0,1.0
gRNA_12523,TP53,0.5974068526805593,0.48218367577614174,0.5897638532662963,0.5564514605743325,0.5897638532662963,612.4589685645201,0.8130746201715298,0.4169303095631325,0.5333072593029666,0.5877707296792096,0.5333072593029666,25365,16.771141336487286,85.4997043169722,1.3798541297062883,74.53972008673368,Trp53,TP53,I192T,I195T,targeting guide,Missense,0.1805622675927914,0.9552581206086441,1.0,0.9999998321245912,0.9999998321245912,0.0003427847057465773,0.9876448822679209,0.007138020389207413,1.0,0.007138020389207413
gRNA_12528,TP53,0.9021594573074486,0.5163812612962138,0.7498018983475672,0.7227808723170766,0.7498018983475672,298.1798664590559,0.4167800654400405,0.6039117885412795,0.8725084417295391,0.631066765236953,0.6039117885412795,12261,13.87325666748226,60.41921539841775,0.3262376641383248,73.59921702960607,Trp53,TP53,Y217C,Y220C,targeting guide,Missense,0.07194478354431365,0.9828523866321525,1.0,0.9999998321245912,0.9999998321245912,0.00025059935139190776,0.9906185494204477,0.0059586956886520295,1.0,0.0059586956886520295
gRNA_12529,TP53,0.7610028274135868,0.653554187284435,0.614550982754354,0.6763693324841252,0.653554187284435,409.00731660851517,0.691780660505187,0.6102460928752753,0.8691255223230212,0.7237174252344944,0.691780660505187,20486,21.48784535780533,89.37811188128478,0.0878648833349604,75.18793322268866,Trp53,TP53,Y217C,Y220C,targeting guide,Missense,0.07824496855693681,0.9845843207154182,1.0,0.9999998321245912,0.9999998321245912,7.008991034957215e-05,0.9993588619140533,0.0022726122446679454,1.0,0.0022726122446679454
gRNA_12530,TP53,0.34675257113519437,0.04380882503241961,0.3516365346084651,0.24739931025869302,0.34675257113519437,763.0919244080063,-0.0027744135476489257,0.43307069040693935,0.07472412230263263,0.16834013305397436,0.07472412230263263,22511,22.16694060681445,30.77606503487184,0.3598240860023988,24.219270578828127,Trp53,TP53,L341P,L344P,targeting guide,Missense,0.5434069874629017,0.7184031936326483,1.0,0.9999998321245912,0.9999998321245912,0.585511911481768,0.6410954951496688,1.0,1.0,1.0
gRNA_12534,TP53,0.0940017062221555,-0.6554363641805226,-0.3850145196546195,-0.3154830592043289,-0.3850145196546195,1872.2301696449501,0.06758568906147516,0.3762458425745279,-0.6541824647349945,-0.07011697769966381,0.06758568906147516,43673,0.180889794609942,71.43544066127814,0.1579923522542532,95.68383211595264,Trp53,TP53,N236S,N239S,targeting guide,Missense,0.8837211697701799,0.3152921888893639,1.0,0.9999998321245912,0.9999998321245912,0.7204864411539955,0.4382338159263385,1.0,1.0,1.0
gRNA_12535,TP53,0.2849773293015637,0.24832336580921047,0.3245583436534898,0.28595301292142133,0.2849773293015637,712.9650302894987,0.4860067862389005,0.11190979913115598,0.16967578304500902,0.2558641228050218,0.16967578304500902,24106,0.1161536546917779,51.84601344063719,0.0,96.81821953040736,Trp53,TP53,N236S,N239S,targeting guide,Missense,0.6242410002732683,0.6808231598344201,1.0,0.9999998321245912,0.9999998321245912,0.4320997611449816,0.7627321952630963,1.0,1.0,1.0
gRNA_12536,TP53,0.45452679447687705,0.20115986423763493,0.298516118145985,0.31806759228683235,0.298516118145985,467.1545765846595,0.6385114041353437,0.22747630441252253,0.3386124345949397,0.401533381047602,0.3386124345949397,12326,0.0243387960408891,82.22456595813728,0.3001784845042998,98.62891448969656,Trp53,TP53,N236S,N239S,targeting guide,Missense,0.5044085465727615,0.749302030627444,1.0,0.9999998321245912,0.9999998321245912,0.2088222260277056,0.8599729627542184,1.0,1.0,1.0
gRNA_12537,TP53,0.11071767754115196,0.23833597503655016,0.5523197591793099,0.300457803919004,0.23833597503655016,306.3616310875056,0.041441965234664264,0.1386981342269501,0.34440806801647694,0.17484938915936377,0.1386981342269501,8797,0.6934182107536659,22.86006593156758,0.0113675116516994,90.76958053882004,Trp53,TP53,N236S,N239S,targeting guide,Missense,0.4966835558210597,0.7253250072666699,1.0,0.9999998321245912,0.9999998321245912,0.6555744264218832,0.6345433925110537,1.0,1.0,1.0
gRNA_12538,TP53,0.43426124159156565,0.21039447398678593,0.4505974905817389,0.36508440205336345,0.43426124159156565,411.81548629863516,0.3990328025699614,0.16910324079817202,0.1230810404816069,0.2304056946165801,0.16910324079817202,12765,0.2506854680767724,30.896983940462203,0.7833920877399139,94.17939678809245,Trp53,TP53,N236S,N239S,targeting guide,Missense,0.41316587062957305,0.8138669880639043,1.0,0.9999998321245912,0.9999998321245912,0.5280192478322525,0.7297026637859741,1.0,1.0,1.0
gRNA_12547,TP53,0.17838445873411177,0.403222776986148,0.5292349268395595,0.37028072085327307,0.403222776986148,528.3622186648114,-0.17238892928530855,-0.11769250000066016,0.5648257228070892,0.09158143117370683,-0.11769250000066016,19228,28.33888079883503,48.40337008529228,0.4784688995215311,31.9377990430622,Trp53,TP53,S212G,S215G,targeting guide,Missense,0.41511850474663725,0.806398093976534,1.0,0.9999998321245912,0.9999998321245912,0.4240561483956158,0.5958385932657551,1.0,1.0,1.0
gRNA_12548,TP53,0.47185485179322645,0.3668175027756913,0.22780622642452722,0.3554928603311483,0.3668175027756913,565.0230459524024,0.34404319300042335,0.43255089017252674,0.14178303987559393,0.306125707682848,0.34404319300042335,22853,25.0689187415219,90.62705115302148,0.0,68.91874152190084,Trp53,TP53,H176R,H179R,targeting guide,Missense,0.4307225201085175,0.8088522658293961,1.0,0.9999998321245912,0.9999998321245912,0.46262668717423183,0.7826156100974283,1.0,1.0,1.0
gRNA_12549,TP53,0.5131134081928937,0.27894321548147477,0.3393270869287127,0.37712790353436043,0.3393270869287127,1425.5642388230383,0.4346867030043869,0.49978771591088944,0.3593021797652872,0.43125886622685455,0.4346867030043869,54806,34.50899536547094,75.0100353975842,0.1240740064956391,47.6809108491771,Trp53,TP53,H176R,H179R,targeting guide,Missense,0.43938621269119615,0.8044808518066177,1.0,0.9999998321245912,0.9999998321245912,0.2494174788842072,0.9172055470773673,1.0,1.0,1.0
gRNA_12556,TP53,-0.4187443186394136,-0.47441747668804934,-0.19477638484817889,-0.36264606005854727,-0.4187443186394136,1217.8102106968026,-0.47168804947263204,-0.3180801618636855,-0.0704355852485453,-0.28673459886162095,-0.3180801618636855,28505,0.0175407823188914,54.05367479389581,0.2631117347833713,96.20768286265567,Trp53,TP53,L249P,L252P,targeting guide,Missense,0.9196345930973462,0.2710640086288258,1.0,0.9999998321245912,0.9999998321245912,0.9124459737231023,0.2792077765770409,1.0,1.0,1.0
gRNA_12557,TP53,0.015831622208992577,0.22272891108624038,-0.04312633549003044,0.06514473260173417,0.015831622208992577,1030.0736098405566,0.6547187649198156,0.23768045614840155,0.22956755874582285,0.37398892660468,0.23768045614840155,32825,0.0639756283320639,24.164508758568164,0.2071591774562071,92.06702208682408,Trp53,TP53,K117R,K120R,targeting guide,Missense,0.802948083451247,0.4675035807723418,1.0,0.9999998321245912,0.9999998321245912,0.23216764031883988,0.8273714281870619,1.0,1.0,1.0
gRNA_12558,TP53,-0.7005606780421174,-0.5472411269995764,-0.6886750212602097,-0.6454922754339678,-0.6886750212602097,1925.926787873146,-0.3626803528922779,-0.3331673267467331,-0.3555004188557997,-0.3504493661649369,-0.3555004188557997,37540,0.5540756526371869,75.79914757591902,0.740543420351625,95.25306339904104,Trp53,TP53,K117R,K120R,targeting guide,Missense,0.9455493897023013,0.2091197854277743,1.0,0.9999998321245912,0.9999998321245912,0.9255722950536995,0.2586314007250605,1.0,1.0,1.0
gRNA_12560,TP53,0.1906129174184928,0.056402625394108376,0.045460284145033204,0.09749194231921145,0.056402625394108376,1165.6893397303825,0.31160828236632465,0.4428448447657045,0.009760907791021544,0.2547380116410169,0.31160828236632465,40390,1.3146818519435504,69.23248328794256,0.3441445902451102,84.30056944788315,Trp53,TP53,V271A,V274A,targeting guide,Missense,0.7727931579638011,0.5172041916317969,1.0,0.9999998321245912,0.9999998321245912,0.48808580447793315,0.7350052330271843,1.0,1.0,1.0
gRNA_12561,TP53,0.24505382490160504,0.08383191513200913,0.19779535397131515,0.1755603646683098,0.19779535397131515,1352.4976160898568,0.5559114273075338,0.31958330017325276,0.5291347544706062,0.46820982731713096,0.5291347544706062,43005,0.0023253110103476,7.445645855133123,0.1092896174863388,93.19613998372284,Trp53,TP53,V271A,V274A,targeting guide,Missense,0.7206503864040723,0.5836052739369857,1.0,0.9999998321245912,0.9999998321245912,0.14070767213001112,0.9438475549171632,1.0,1.0,1.0
gRNA_12562,TP53,0.055615293232693416,0.09976109138536163,-0.07460366268124267,0.026924240645604117,0.055615293232693416,2017.8655800313547,0.512207247321721,0.21187164549247,0.12890769598453916,0.2843288629329101,0.21187164549247,67053,68.21320448003819,81.4504943850387,0.2058073464274529,16.549595096416265,Trp53,TP53,C239R,C242R,targeting guide,Missense,0.8040586760896656,0.47039222303194506,1.0,0.9999998321245912,0.9999998321245912,0.41284008400761746,0.7678506238005077,1.0,1.0,1.0
gRNA_12567,TP53,-0.17324856503560096,-0.3162431238688515,-0.4996001744152066,-0.32969728777321966,-0.3162431238688515,949.9937818588825,-0.5320574603472363,-0.39966904447295304,-0.2507020709548096,-0.39414285859166637,-0.39966904447295304,18363,22.33295213200457,48.053150356695525,0.1470347982355824,48.265533954146925,Trp53,TP53,Non-coding,,targeting guide,Intron,0.9217703283409421,0.26580133093385305,1.0,0.9999998321245912,0.9999998321245912,0.9341277929691698,0.23300114085139773,1.0,1.0,1.0
gRNA_12576,TP53,-0.3289065529329966,-0.10023925335285278,-0.04990525259306973,-0.15968368629297303,-0.10023925335285278,1540.2682912200594,0.181289336273298,0.22897698138053083,0.15716146277633802,0.18914259347672227,0.181289336273298,43181,39.93886199949051,82.7979898566499,0.1389500011579166,50.59632708830273,Trp53,TP53,I252T,I255T,targeting guide,Missense,0.8883448445714911,0.33317978747896465,1.0,0.9999998321245912,0.9999998321245912,0.6540329154997431,0.6564105223685295,1.0,1.0,1.0
gRNA_12577,TP53,-0.004483653332814411,0.14687843175999948,-0.1956784878006614,-0.017761236457825447,-0.004483653332814411,1137.6970471648237,0.18683448768106597,0.19557076371815796,0.2649956925312118,0.2158003146434786,0.19557076371815796,35229,31.04544551363933,78.97186976638565,0.0425785574384739,59.229611967413206,Trp53,TP53,I252T,I255T,targeting guide,Missense,0.8313962109333114,0.4214687575721017,1.0,0.9999998321245912,0.9999998321245912,0.6261000694069796,0.6824727537628748,1.0,1.0,1.0
gRNA_12578,TP53,0.8259901272374957,0.24647384421020105,0.49176976670058253,0.5214112460494263,0.49176976670058253,121.99920145977227,0.6159933073269936,0.42497911634965707,-0.02703343917440487,0.3379796615007486,0.42497911634965707,3704,42.11663066954643,49.54103671706264,0.3779697624190065,19.168466522678184,Trp53,TP53,M243T,M246T,targeting guide,Missense,0.19246544641364102,0.892070063957785,1.0,0.9999998321245912,0.9999998321245912,0.18351661955561294,0.8477813825096937,1.0,1.0,1.0
gRNA_12579,TP53,0.7348345305674853,0.023849563780878016,-0.030017282920367056,0.24288893714266538,0.023849563780878016,183.63516166076002,0.03260133404469467,0.6921737167392291,0.5298373277158932,0.4182041261666057,0.5298373277158932,6358,67.96162315193457,94.6524064171123,6.03963510537905,22.837370242214533,Trp53,TP53,M243T,M246T,targeting guide,Missense,0.4545913471770824,0.6289742999473287,1.0,0.9999998321245912,0.9999998321245912,0.11224710782692048,0.8925438059360253,0.9383156669906633,1.0,0.9383156669906633
gRNA_12580,TP53,-0.36301388962521414,-0.41344770861808233,-0.42374137674120704,-0.4000676583281679,-0.41344770861808233,932.1151110041219,0.05571116258770563,0.07378462489426879,-0.11278746269759916,0.005569441594791756,0.05571116258770563,20282,83.65052756138448,94.6307070308648,0.0936791243467113,12.212799526673898,Trp53,TP53,M243T,M246T,targeting guide,Missense,0.9246110613196927,0.2608482868177522,1.0,0.9999998321245912,0.9999998321245912,0.8134936001280323,0.4587562289029563,1.0,1.0,1.0
gRNA_12581,TP53,0.016805934447185367,0.3835524780827164,-0.18669008911484994,0.07122277447168394,0.016805934447185367,95.97993615791286,0.5975578772574262,0.3428090654972712,0.913855009928791,0.6180739842278294,0.5975578772574262,568,26.408450704225352,51.93661971830986,1.7605633802816902,49.11971830985916,Trp53,TP53,C138R,C141R,targeting guide,Missense,0.7045088832958966,0.521415555978106,1.0,0.9999998321245912,0.9999998321245912,0.00034689444882129484,0.9743833240815455,0.007138020389207413,1.0,0.007138020389207413
gRNA_12582,TP53,-0.6115481713165862,-0.6821208165602253,-0.7149769112036973,-0.6695486330268362,-0.6821208165602253,280.2162363981955,-0.4562776592611996,-0.42775221103933886,-0.21561563213159166,-0.36654850081071005,-0.42775221103933886,2360,16.016949152542374,33.05084745762712,0.0,47.41525423728813,Trp53,TP53,C138R,C141R,targeting guide,Missense,0.9473047617810046,0.20423873833357148,1.0,0.9999998321245912,0.9999998321245912,0.925008355208044,0.2563699239682784,1.0,1.0,1.0
gRNA_12583,TP53,-0.5229185689952522,-0.38263940979261923,-0.35680966434480005,-0.4207892143775572,-0.38263940979261923,1025.3266221045342,-0.38524407222292023,-0.0659142809134701,0.2449501305496633,-0.06873607419557566,-0.0659142809134701,21398,28.007290400972053,39.31675857556781,0.0,24.29198990559865,Trp53,TP53,L254P,L257P,targeting guide,Missense,0.9289051270200763,0.2505459394572184,1.0,0.9999998321245912,0.9999998321245912,0.8152003056783822,0.42237726525589947,1.0,1.0,1.0
gRNA_12584,TP53,-0.5057498658806024,-0.1722364860984981,-0.10479534059031743,-0.2609272308564727,-0.1722364860984981,992.9027188689643,-0.13506419952621693,-0.13452881486052898,-0.2692857237993407,-0.17962624606202884,-0.13506419952621693,25148,46.60808016542071,61.69476697948147,0.0198822968029266,24.68188325115317,Trp53,TP53,L254P,L257P,targeting guide,Missense,0.9041142248882952,0.30077550867333175,1.0,0.9999998321245912,0.9999998321245912,0.8832894222576514,0.3446439864730589,1.0,1.0,1.0
gRNA_12585,TP53,0.10986468307561287,0.044837957679319425,0.09807005377454929,0.08425756484316053,0.09807005377454929,640.238233592168,0.16589125941221353,0.5511945683495086,0.2677779810996992,0.3282879362871404,0.2677779810996992,21157,0.2126955617526114,9.54766743867278,0.0,86.91685966819492,Trp53,TP53,E255G,E258G,targeting guide,Missense,0.7655677906862404,0.5279850937294213,1.0,0.9999998321245912,0.9999998321245912,0.3120787272705349,0.8215210966959255,1.0,1.0,1.0
gRNA_12586,TP53,0.10737064293647366,0.146657926108415,0.08250703825326905,0.11217853576605258,0.10737064293647366,866.903416632182,0.2702642423295033,0.1708332571652586,0.08001932649668218,0.17370560866381468,0.1708332571652586,28157,9.692083673686827,25.43949994672728,0.0248606030471996,45.02255211847853,Trp53,TP53,E255G,E258G,targeting guide,Missense,0.747704540800664,0.5518822709797606,1.0,0.9999998321245912,0.9999998321245912,0.6681899129486948,0.6334592712163019,1.0,1.0,1.0
gRNA_12587,TP53,0.0660747243206479,-0.12412584526099825,-0.015403385360876222,-0.02448483543374219,-0.015403385360876222,460.1182004384456,0.22728641182886927,0.08932367500785972,-0.0937114269763262,0.07429955328680092,0.08932367500785972,13279,24.24128322915882,61.12659085774531,0.331350252278033,54.35650274870096,Trp53,TP53,E255G,E258G,targeting guide,Missense,0.8441608323137045,0.41168609134103235,1.0,0.9999998321245912,0.9999998321245912,0.7622144967020886,0.5175484084832727,1.0,1.0,1.0
gRNA_12588,TP53,0.056378481517988376,0.5151499418924858,0.5072321174238916,0.35958684694478854,0.5072321174238916,926.0125250256012,-0.17024363517863206,-0.1295656633289004,0.21918948556691498,-0.026873270980205827,-0.1295656633289004,34545,14.100448690114344,65.48270371978579,0.0,71.50094080185265,Trp53,TP53,Non-coding,,targeting guide,Intron,0.38133579451424027,0.8057262534541028,1.0,0.9999998321245912,0.9999998321245912,0.8035351613340063,0.4541501797554275,1.0,1.0,1.0
gRNA_12589,TP53,-0.19198453081213518,0.23247350988747917,0.5015826360142558,0.18069053836319993,0.23247350988747917,216.64720956336802,-0.15813254591695308,-0.005309966079889235,0.11744578785529437,-0.015332241380515981,-0.005309966079889235,3964,29.969727547931384,48.86478304742684,0.9838546922300706,45.20686175580222,Trp53,TP53,Non-coding,,targeting guide,Intron,0.5820509636957663,0.6155768899292167,1.0,0.9999998321245912,0.9999998321245912,0.8049999850005998,0.4653753069132891,1.0,1.0,1.0
gRNA_12590,TP53,0.11888332975222067,0.0010910097775640498,-0.04945285611553406,0.023507161138083554,0.0010910097775640498,1055.0667303566186,0.052737940291763756,0.35761951315336293,0.21260799411298628,0.20765514918603767,0.21260799411298628,31476,11.605667810395222,16.854111068750793,0.1334349980937857,38.353030880670985,Trp53,TP53,V140A,V143A,targeting guide,Missense,0.8233251768588359,0.4409922022913343,1.0,0.9999998321245912,0.9999998321245912,0.6297759136784833,0.6592079225926588,1.0,1.0,1.0
gRNA_12591,TP53,0.4656615484001748,0.49242955764671864,0.6634353259512041,0.5405088106660325,0.49242955764671864,248.01846634561556,0.63465204626333,0.06270763622001517,0.5305008995446099,0.409286860675985,0.5305008995446099,8138,44.40894568690096,63.04988940771688,0.0,28.10272794298353,Trp53,TP53,D278G,D281G,targeting guide,Missense,0.18627510704006972,0.950135634237237,1.0,0.9999998321245912,0.9999998321245912,0.12125885833581768,0.8955317197222574,0.9682610329800366,1.0,0.9682610329800366
gRNA_12592,TP53,0.02437713955361489,-0.23488170587599116,-0.046682310070799586,-0.08572895879772528,-0.046682310070799586,514.7180151177776,-0.2501101598707888,-0.16341082861074455,-0.14937544141596507,-0.1876321432991661,-0.16341082861074455,12790,0.9616888193901486,18.405003909304146,0.0390930414386239,88.17826426896012,Trp53,TP53,D278G,D281G,targeting guide,Missense,0.8738690283409937,0.3584797366417053,1.0,0.9999998321245912,0.9999998321245912,0.8863942949835045,0.3401626785897767,1.0,1.0,1.0
gRNA_12595,TP53,-0.7174281928452102,-0.7191556697506825,-0.6062630883159106,-0.6809489836372679,-0.7174281928452102,1304.7793384140273,-0.5385163871257129,-0.3660934444736246,-0.16706128011001226,-0.3572237039031166,-0.3660934444736246,23168,32.69595994475138,80.33062845303867,0.0215814917127071,52.53798342541437,Trp53,TP53,C235R,C238R,targeting guide,Missense,0.9490322296427287,0.1994533912240929,1.0,0.9999998321245912,0.9999998321245912,0.9264773571749513,0.24619445170355267,1.0,1.0,1.0
gRNA_12596,TP53,-0.30225146215753035,-0.14031577240724882,-0.21631247476696466,-0.21962656977724795,-0.21631247476696466,1638.197037091066,-0.10637162594408082,0.15475734648135595,0.004490474899027668,0.017625398478767595,0.004490474899027668,47162,6.935668546711335,82.8315168991985,0.1569059836308892,79.18451295534541,Trp53,TP53,C235R,C238R,targeting guide,Missense,0.9018821578842546,0.3079867891791064,1.0,0.9999998321245912,0.9999998321245912,0.7875444861889451,0.4868716493051327,1.0,1.0,1.0
gRNA_12597,TP53,1.2266668547255108,1.024991265709072,0.9221292615134568,1.0579291273160132,1.024991265709072,394.9671117304202,1.3079762099717975,1.1704315334586552,1.1253009247199324,1.2012362227167952,1.1704315334586552,21531,1.2818726487390275,25.591008313594354,0.2647345687613209,93.09367888161256,Trp53,TP53,Non-coding,,targeting guide,Intron,0.007584560485151777,0.9990322089480771,0.7377708835556729,0.9999998321245912,0.7377708835556729,4.1025318572854354e-10,1.0,5.4871363591192696e-08,1.0,5.4871363591192696e-08
gRNA_12598,TP53,0.3105963175490435,0.03134406079182118,0.31755342160900635,0.219831266649957,0.3105963175490435,677.5107168995501,0.5458864742356586,0.7161946869135418,0.740911713600857,0.6676642915833524,0.7161946869135418,24254,30.46920095654325,78.55611445534757,0.1360600313350375,58.57178197410736,Trp53,TP53,Y123H,Y126H,targeting guide,Missense,0.6628568596036555,0.629429678700365,1.0,0.9999998321245912,0.9999998321245912,0.009463291400328293,0.9985577121805814,0.1426157999767785,1.0,0.1426157999767785
gRNA_12599,TP53,-0.7540787669102498,-0.571891185886233,-0.5121270910515459,-0.6126990146160095,-0.571891185886233,744.8842525233488,-0.07753487964671193,-0.11872329832879136,0.09052467560964982,-0.03524450078861783,-0.07753487964671193,13606,40.12935469645745,84.44803763045715,0.3674849331177421,48.72850213141261,Trp53,TP53,Y123H,Y126H,targeting guide,Missense,0.9468307400852048,0.20394540876883024,1.0,0.9999998321245912,0.9999998321245912,0.8311738098185182,0.4300733908022355,1.0,1.0,1.0
gRNA_12600,TP53,-0.04964080945499264,-0.13942819339728307,-0.08326189325164245,-0.09077696536797271,-0.08326189325164245,691.6924422555295,0.2820730974189337,0.5442920899921928,0.21460674543840255,0.34699064428317633,0.2820730974189337,19414,3.327495621716287,69.51169259297414,0.2369424126918718,79.91655506335634,Trp53,TP53,Y123H,Y126H,targeting guide,Missense,0.8710817446608401,0.3691596611373832,1.0,0.9999998321245912,0.9999998321245912,0.3045665272109912,0.8309332704116442,1.0,1.0,1.0
gRNA_12601,TP53,0.6958487848005244,0.7266846768520568,0.7302098507041492,0.7175811041189101,0.7266846768520568,454.5942583661283,0.5743553885030015,0.9862251051929519,1.016150411070456,0.8589103015888031,0.9862251051929519,24690,3.0498177399756985,77.06763872012961,0.0243013365735115,86.0145808019441,Trp53,TP53,I248T,I251T,targeting guide,Missense,0.08279440488854976,0.9852213751130006,1.0,0.9999998321245912,0.9999998321245912,2.45597614991301e-07,0.9997955431793071,1.6424340502543252e-05,1.0,1.6424340502543252e-05
gRNA_12602,TP53,0.19997184710163848,0.3511862043238464,0.3216256137499075,0.29092788839179745,0.3216256137499075,1036.1306160880717,0.4391250515135782,0.9123571337314348,0.6549642435624343,0.6688154762691491,0.6549642435624343,38964,2.2815932655784827,24.8819423057181,0.1154912226670773,84.927112206139,Trp53,TP53,L262P,L265P,targeting guide,Missense,0.5564457520889519,0.7290450014362144,1.0,0.9999998321245912,0.9999998321245912,0.00018655957870619572,0.9937740435388944,0.004536789754900668,1.0,0.004536789754900668
gRNA_12604,TP53,0.10565828607763277,-0.5973849047248274,-0.7025284145906557,-0.39808501107928346,-0.5973849047248274,892.1759784845045,0.035260599696401454,-0.04803857852873313,-0.33817304498829265,-0.11698367460687477,-0.04803857852873313,21454,47.18001305117927,89.70821292066748,0.4195021907336627,45.7816724154004,Trp53,TP53,R277G,R280G,targeting guide,Missense,0.8888803118577923,0.3033453561388651,1.0,0.9999998321245912,0.9999998321245912,0.8605339693622215,0.37506653486660785,1.0,1.0,1.0
gRNA_12606,TP53,0.382975514649606,0.6507790579296453,0.43102540479782886,0.4882599924590267,0.43102540479782886,758.1459083073817,0.38140937064755287,0.5170478153013462,0.16413637328810343,0.35419785307900087,0.38140937064755287,30125,51.79087136929461,69.2780082987552,0.0033195020746887,27.097095435684647,Trp53,TP53,Non-coding,,targeting guide,Intron,0.23534915050036542,0.9239638849265764,1.0,0.9999998321245912,0.9999998321245912,0.2936045687187519,0.8654558367402962,1.0,1.0,1.0
gRNA_12607,TP53,0.20592636048773527,0.20477382168926606,0.21854968089016494,0.20974995435572208,0.20592636048773527,739.0254657727088,0.3273178151291156,0.3854488350711298,0.22381319824191787,0.3121932828140544,0.3273178151291156,23041,28.570808558656307,78.83772405711558,0.0,56.79875005425112,Trp53,TP53,Non-coding,,targeting guide,Intron,0.711825948643358,0.5949121499102419,1.0,0.9999998321245912,0.9999998321245912,0.48952464436417553,0.7805003422158077,1.0,1.0,1.0
gRNA_12608,TP53,0.40998187934171987,0.48913548782308697,0.43628157329856504,0.4451329801544573,0.43628157329856504,784.9645590198561,0.5438165515569273,0.7241993932385595,0.7691001105434077,0.6790386851129648,0.7241993932385595,31234,9.652942306460908,55.33713261189729,0.2945508100147275,74.15636806044695,Trp53,TP53,Non-coding,,targeting guide,Intron,0.3010178930080747,0.9039340720710054,1.0,0.9999998321245912,0.9999998321245912,0.00611889621590536,0.9989055730176495,0.09628263163262846,1.0,0.09628263163262846
gRNA_12609,TP53,-0.006288750986939976,-0.01196119754273111,-0.01881265661734666,-0.01235420171567258,-0.01196119754273111,747.5708643846452,0.3513716884115176,0.1934234468499571,0.4404278170555465,0.3284076507723404,0.3513716884115176,21619,56.44109348258476,85.89203940977843,0.1063878995328183,35.135760210925575,Trp53,TP53,I229T,I232T,targeting guide,Missense,0.8580599407428503,0.39212651027108036,1.0,0.9999998321245912,0.9999998321245912,0.418819210456119,0.8163423033341688,1.0,1.0,1.0
gRNA_12610,TP53,-0.5493639772288588,-0.5796953958455394,-0.6375494796919742,-0.5888696175887908,-0.5796953958455394,1559.7747456758714,-0.6980321886075949,-0.9286987341308338,-0.9870950468802029,-0.8712753232062105,-0.9286987341308338,30579,45.47565322607018,65.55479250466007,0.2321854867719676,32.4340233493574,Trp53,TP53,I229T,I232T,targeting guide,Missense,0.9371481978021643,0.2309241521441203,1.0,0.9999998321245912,0.9999998321245912,0.9913371911802289,0.045110069726986106,1.0,0.7661551525059546,0.7661551525059546
gRNA_12618,TP53,0.11905775091943792,-0.08893619316740872,-0.2449172652695004,-0.0715985691724904,-0.08893619316740872,627.1232994795565,0.2925032774852812,0.694182651823237,0.8222793826387165,0.6029884373157449,0.694182651823237,18344,26.951591801133883,49.187745311818574,0.005451373746184,38.23048408198866,Trp53,TP53,V214A,V217A,targeting guide,Missense,0.8486856914422236,0.39156416205255634,1.0,0.9999998321245912,0.9999998321245912,0.00026844057809019957,0.9723637576427575,0.0061113067777981605,1.0,0.0061113067777981605
gRNA_12624,TP53,-0.014430913451418883,-0.044275111664190625,-0.16822826050862721,-0.07564476187474557,-0.044275111664190625,903.5698433004196,-0.26070583241305734,-0.2585284032265128,-0.03990548156116298,-0.18637990573357774,-0.2585284032265128,24204,11.54354652123616,44.641381589819865,0.1569988431664187,63.31598082961494,Trp53,TP53,Y217H,Y220H,targeting guide,Missense,0.8765535486801106,0.35769306873537066,1.0,0.9999998321245912,0.9999998321245912,0.8892282788930437,0.33048557863655476,1.0,1.0,1.0
gRNA_12625,TP53,-0.5413883032225544,-0.1912007684755102,-0.6089614743333234,-0.44718351534379597,-0.5413883032225544,1896.0979873142062,0.09699164708573187,0.21948767972723324,-0.16452130939268822,0.05065267247342562,0.09699164708573187,42614,9.19650818979678,85.15276669639086,0.8142863847561833,82.20068522081945,Trp53,TP53,Y217H,Y220H,targeting guide,Missense,0.9261370117117216,0.2553426956127755,1.0,0.9999998321245912,0.9999998321245912,0.7571072927617536,0.5211034048893013,1.0,1.0,1.0
gRNA_12635,TP53,-0.14686400754264353,-0.19015509350343737,0.04261466193600349,-0.09813481303669247,-0.14686400754264353,527.6608810993096,-0.03707465062521597,0.021345579561882246,0.17637297662596169,0.05354796852087599,0.021345579561882246,14198,23.517396816453022,72.32004507677138,0.0,65.36131849556276,Trp53,TP53,N236D,N239D,targeting guide,Missense,0.8635463531360785,0.37692318570856986,1.0,0.9999998321245912,0.9999998321245912,0.7636335127848393,0.5199886644927432,1.0,1.0,1.0
gRNA_12652,TP53BP1,0.18563468777568576,-0.16513499086683753,-0.16359228869415157,-0.047697530595101116,-0.16359228869415157,1137.7501286658244,0.1458259548370096,0.2169001809364042,-0.39878894470322246,-0.012020936309936206,0.1458259548370096,31991,71.12312837985684,83.47035103622893,0.3782313775749429,15.044856365852896,Trp53bp1,TP53BP1,S890G,S900G,targeting guide,Missense,0.8393128801463172,0.40524255818682065,1.0,0.9999998321245912,0.9999998321245912,0.7683575800823933,0.48067007538090434,1.0,1.0,1.0
gRNA_12653,TP53BP1,0.09135856301808046,-0.12764237230675732,-0.14041872232683197,-0.05890084387183628,-0.12764237230675732,1169.3862852291634,-0.37177342815921993,-0.2913957157657741,-0.44523604254806104,-0.36946839549101834,-0.37177342815921993,30070,63.52178250748254,80.82474226804123,0.0,21.865646824077157,Trp53bp1,TP53BP1,S890G,S900G,targeting guide,Missense,0.8357998695525741,0.41875056193345955,1.0,0.9999998321245912,0.9999998321245912,0.9260081570702761,0.25654201965351336,1.0,1.0,1.0
gRNA_12654,TP53BP1,-0.22423970660034684,-0.2556993560338984,-0.1366031592354443,-0.20551407395656318,-0.22423970660034684,800.29779199021,-0.5971121956555159,-0.3293280922808047,-0.38842439954389674,-0.43828822916007243,-0.38842439954389674,15765,30.789724072312087,42.92419917538852,0.247383444338725,36.6825245797653,Trp53bp1,TP53BP1,S890G,S900G,targeting guide,Missense,0.8993903617633554,0.3136968832428071,1.0,0.9999998321245912,0.9999998321245912,0.9399335923548454,0.21986321015390825,1.0,1.0,1.0
gRNA_12655,TP53BP1,0.4320551914002882,-0.08510338465669183,0.028499642186441864,0.1251504829766794,0.028499642186441864,592.4809704275875,0.20504003942946575,0.2751906828869157,0.11098945574017029,0.19707339268551727,0.20504003942946575,17702,44.96102135351938,49.4746356343916,0.4236809400067789,11.207773132979325,Trp53bp1,TP53BP1,S890G,S900G,targeting guide,Missense,0.6578239242640715,0.5646130281113171,1.0,0.9999998321245912,0.9999998321245912,0.6501987460651835,0.6563679499727841,1.0,1.0,1.0
gRNA_12754,TRAF7,0.13105162254745661,-0.14912167515949845,0.3341966063549504,0.10537551791430284,0.13105162254745661,137.78095264084197,0.04118970199781205,-0.3724183566722662,-0.5620494703624117,-0.2977593750122886,-0.3724183566722662,1289,0.3103180760279286,8.068269976726144,32.42823894491854,31.885182311869663,Traf7,TRAF7,N519S,N520S,targeting guide,Missense,0.7103416921864067,0.5572388692956385,1.0,0.9999998321245912,0.9999998321245912,0.9019199339256505,0.2811790262178069,1.0,1.0,1.0
gRNA_12779,TRAF7,0.011100067270864246,0.08628727751634063,-0.006271123126588564,0.030372073886872103,0.011100067270864246,1643.4437883679307,0.10141384020821533,-0.2651490791719491,-0.12045354375148086,-0.09472959423840488,-0.12045354375148086,52203,68.44242668045898,80.39576269563052,1.0650728885313103,16.13125682432044,Traf7,TRAF7,Y562C,Y563C,targeting guide,Missense,0.8233056573458161,0.4430769263100597,1.0,0.9999998321245912,0.9999998321245912,0.8388763127424473,0.40548816826264356,1.0,1.0,1.0
gRNA_12826,TSC1,0.9947789728335662,0.8331442440072294,0.9462185917367272,0.9247139361925076,0.9462185917367272,266.90734387920367,0.538174876837126,0.6383110929288236,0.7800900940065046,0.6521920212574847,0.6383110929288236,13541,10.508825049848609,60.26142825492947,0.0,81.02060409127833,Tsc1,TSC1,T488A,T491A,targeting guide,Missense,0.021889691075448536,0.997324754295419,1.0,0.9999998321245912,0.9999998321245912,0.004985217147182502,0.9985198705977796,0.07961466190276534,1.0,0.07961466190276534
gRNA_12831,TSC1,-0.41399558892933197,-0.18625070012748474,-0.3545620425768142,-0.318269443877877,-0.3545620425768142,794.8432822379102,-0.6703385543058473,-0.5316415972558352,-0.37646061306873424,-0.5261469215434723,-0.5316415972558352,17589,4.252657911194497,93.4959349593496,1.0972767070328049,88.3563590880664,Tsc1,TSC1,S1035G,S1038G,targeting guide,Missense,0.9172936488132101,0.27659597383235046,1.0,0.9999998321245912,0.9999998321245912,0.9546486714646386,0.1798047155603692,1.0,1.0,1.0
gRNA_12832,TSC1,0.1289560579491263,0.5404097852001212,0.4345500813815539,0.3679719748436005,0.4345500813815539,132.18095299739855,0.08926399793937556,0.837119719762229,-0.5160032842878222,0.13679347780459414,0.08926399793937556,1592,0.0,72.11055276381909,0.0,99.0577889447236,Tsc1,TSC1,S1035G,S1038G,targeting guide,Missense,0.3933383533865104,0.8148329211588896,1.0,0.9999998321245912,0.9999998321245912,0.002725170509837542,0.5796243286774296,0.04486049916194108,1.0,0.04486049916194108
gRNA_12844,TSC2,0.31595201181424887,0.3680448139392104,0.27334662452376135,0.31911448342574017,0.31595201181424887,865.3867978686479,0.6270757699317744,0.4591121740866752,0.5203203116812349,0.5355027518998948,0.5203203116812349,37104,0.5201595515308323,80.50614489003881,0.043122035360069,89.95526088831393,Tsc2,TSC2,I606T,I606T,targeting guide,Missense,0.5375639946162514,0.7491195200057146,1.0,0.9999998321245912,0.9999998321245912,0.0653771577563909,0.9843146940469486,0.6926094930627551,1.0,0.6926094930627551
gRNA_12845,TSC2,0.5281363881269162,0.6754656050946539,0.4908446148126471,0.5648155360114058,0.5281363881269162,822.4794649828959,0.5554928863140904,0.6373821231971932,0.4528701277722525,0.5485817124278454,0.5554928863140904,37578,0.0053222630262387,23.700037255841185,0.1916014689445952,88.50125073181117,Tsc2,TSC2,I606T,I606T,targeting guide,Missense,0.17499026661397202,0.9551838557331196,1.0,0.9999998321245912,0.9999998321245912,0.0568814948148716,0.9866535854982212,0.6406652573885538,1.0,0.6406652573885538
gRNA_12850,TSC2,-0.10750865373343749,0.09061353287373397,0.17594205606220642,0.05301564506750097,0.09061353287373397,2319.8636033170205,-0.23426950881745784,-0.023677012378728494,0.05270665048867543,-0.06841329023583696,-0.023677012378728494,72830,40.2636276259783,60.29383495812165,0.1798709323081148,26.46436907867637,Tsc2,TSC2,M1V,M1V,targeting guide,Missense,0.7829239969424442,0.49708360669136076,1.0,0.9999998321245912,0.9999998321245912,0.8370400467045611,0.41842396542627114,1.0,1.0,1.0
gRNA_12890,TSC2,-0.048712189250740494,-0.09171588229846224,-0.030967220883108784,-0.057131764144103835,-0.048712189250740494,1047.5432910176,-0.10282673282391655,0.038634229348767125,0.06633789956092234,0.0007151320285909701,0.038634229348767125,30872,37.39634620367971,82.95866804871729,0.745011661052086,49.711712878984194,Tsc2,TSC2,V217A,V217A,targeting guide,Missense,0.8648187128674079,0.380294797286558,1.0,0.9999998321245912,0.9999998321245912,0.8134936001280323,0.45875622890295664,1.0,1.0,1.0
gRNA_12891,TSC2,0.07763093512497003,0.27679281720048143,0.39654147300971126,0.25032174177838756,0.27679281720048143,492.59400282422257,0.518907659124774,0.47144872569692986,0.46445902667823025,0.484938470499978,0.47144872569692986,18453,18.788272909554003,84.38194331545006,2.7746165935078304,65.60992792499864,Tsc2,TSC2,V217A,V217A,targeting guide,Missense,0.5965518239054488,0.6794510001637948,1.0,0.9999998321245912,0.9999998321245912,0.13597040234870056,0.9696878115062821,1.0,1.0,1.0
gRNA_12894,TSHR,0.508436771068383,0.374753122417914,0.6008779092825035,0.49468926758960013,0.508436771068383,628.0564951453651,0.16281205653542855,0.01997659058137691,-0.2069118243164007,-0.00804105906653175,0.01997659058137691,26259,62.33672264747325,84.62241517194104,0.3655889409345367,23.873719486652195,Tshr,TSHR,V420A,V420A,targeting guide,Missense,0.24232849621841263,0.9266430634192728,1.0,0.9999998321245912,0.9999998321245912,0.7897614347111827,0.4772692863606659,1.0,1.0,1.0
gRNA_12922,U2AF1,0.17582077107416247,0.1405171676266958,0.03776700493408499,0.11803498121164774,0.1405171676266958,1391.3848321477653,0.4065259165640637,0.017844831115671398,-0.1136892398319354,0.10356050261593325,0.017844831115671398,46691,6.883553575635562,49.59842367908162,0.250583624253068,78.40269002591505,U2af1,U2AF1,Q157R,Q157R,targeting guide,Missense,0.7603867958141908,0.5341751853943095,1.0,0.9999998321245912,0.9999998321245912,0.6214457685241095,0.5925816417901721,1.0,1.0,1.0
gRNA_12923,U2AF1,0.5905874795889119,0.594583829981657,0.5007660476213396,0.5619791190639695,0.5905874795889119,1462.7351297946304,0.977054022112266,1.1816555980573997,0.9442513779454085,1.0343203327050248,0.977054022112266,67405,0.8129960685409094,61.37971960537052,0.0,92.77204955122023,U2af1,U2AF1,Q157R,Q157R,targeting guide,Missense,0.17536088220702592,0.9569434531679265,1.0,0.9999998321245912,0.9999998321245912,4.1025318572854354e-10,1.0,5.4871363591192696e-08,1.0,5.4871363591192696e-08
gRNA_12925,U2AF1,-0.05578775073945958,0.018814324973424234,0.16151653354063772,0.04151436925820079,0.018814324973424234,999.0234830769796,-0.045636098588665484,-0.3866977444833268,-0.20811068855602505,-0.21348151054267242,-0.20811068855602505,27898,0.003584486343107,0.003584486343107,0.1756398308122446,14.348698831457453,U2af1,U2AF1,K23R,K23R,targeting guide,Missense,0.8110714536543799,0.4585793421330032,1.0,0.9999998321245912,0.9999998321245912,0.8879821437451757,0.33192056156065924,1.0,1.0,1.0
gRNA_12930,U2AF1,0.10755568270107237,-0.011089616304296489,-0.06741572352880912,0.009683447622655586,-0.011089616304296489,868.7821922135297,-0.003827651344101643,-0.21218058866937342,-0.17696825279608147,-0.1309921642698522,-0.17696825279608147,26831,0.1490812865715031,0.1639894152286534,0.0186351608214378,15.810070440907904,U2af1,U2AF1,N170S,N170S,targeting guide,Missense,0.8258315845146351,0.4367223880108234,1.0,0.9999998321245912,0.9999998321245912,0.8611264604370695,0.38230972514196015,1.0,1.0,1.0
gRNA_12954,UPF1,0.013917066158399462,0.25829645299581017,0.1516641504336127,0.1412925565292741,0.1516641504336127,948.0095755218088,-0.266022253540372,-0.2043064077856307,0.042090685685252496,-0.14274599188025008,-0.2043064077856307,29744,2.020575578267886,83.1428187197418,0.1916352877891339,90.49220010758472,Upf1,UPF1,I511V,I516V,targeting guide,Missense,0.7540827939390675,0.5333480518695999,1.0,0.9999998321245912,0.9999998321245912,0.8662558404103181,0.3673310189266852,1.0,1.0,1.0
gRNA_12989,VHL,-0.17683766348952185,-0.23834160135101434,-0.26596960310949086,-0.22704962265000903,-0.23834160135101434,118.4517431396501,0.5443790480495423,-0.9120117587049461,-0.6556246997014542,-0.34108580345228595,-0.6556246997014542,698,0.4297994269340974,2.4355300859598854,2.5787965616045847,64.32664756446992,Vhl,VHL,S31P,S65P,targeting guide,Missense,0.9126236383664401,0.2871918255646832,1.0,0.9999998321245912,0.9999998321245912,0.553951634207589,0.2888968377199433,1.0,1.0,1.0
gRNA_12990,VHL,0.4912310390168508,0.21865119405639594,0.4381614238762578,0.38268121898316815,0.4381614238762578,284.90722606179304,-0.6349177478791865,0.2472649448128478,0.15611593584844174,-0.077178955739299,0.15611593584844174,9353,20.76339142521116,47.770768737303534,0.1603763498342777,55.03047150646852,Vhl,VHL,S31P,S65P,targeting guide,Missense,0.3833873896134041,0.830349337671209,1.0,0.9999998321245912,0.9999998321245912,0.776141871087488,0.430352895903381,1.0,1.0,1.0
gRNA_12991,VHL,0.025181357433698943,0.10738547286736307,0.11969511868080172,0.0840873163272879,0.10738547286736307,320.4221451156562,-0.2429215697313152,0.2415433815016542,0.13708191660424515,0.04523457612486138,0.13708191660424515,8808,17.881471389645775,25.442779291553137,0.0,40.39509536784741,Vhl,VHL,S31P,S65P,targeting guide,Missense,0.7738300182400573,0.5153285709224431,1.0,0.9999998321245912,0.9999998321245912,0.7530565753608679,0.5152708073670145,1.0,1.0,1.0
gRNA_12999,VHL,0.9105850256432747,0.8642685684000035,0.5978714970073115,0.7909083636835299,0.8642685684000035,387.8762490524304,0.5020257653561458,0.9115057938288633,0.7373538933132058,0.716961817499405,0.7373538933132058,17804,13.665468434059765,42.15344866322175,0.2190518984497866,73.35430240395416,Vhl,VHL,R86G,R120G,targeting guide,Missense,0.05075277083144059,0.990233530312214,1.0,0.9999998321245912,0.9999998321245912,8.14639736981501e-05,0.9978088056588521,0.002563719172265312,1.0,0.002563719172265312
gRNA_13002,VHL,-1.2806273829725432,-1.0542956452642822,-1.315851879582009,-1.216924969272945,-1.2806273829725432,4011.125260513447,-1.4411089499226741,-1.055698432948068,-1.2959625173374523,-1.2642566334027314,-1.2959625173374523,52142,54.9710406198458,63.982969583061646,0.015342717962487,13.292547274749722,Vhl,VHL,L124P,L158P,targeting guide,Missense,0.9989731866719284,0.009147973750361867,1.0,0.3915332765154879,0.3915332765154879,0.9999479266446505,9.265678961549992e-06,1.0,0.0006609517659238995,0.0006609517659238995
gRNA_13003,VHL,0.15601843549027103,-0.05016180965463238,-0.009097597476535359,0.032253009453034436,-0.009097597476535359,812.0213849300154,-0.11997204697028765,-0.12434913390395874,-0.24811652367521836,-0.16414590151648825,-0.12434913390395874,25628,20.51662244420165,30.15451849539566,1.3305759325737474,26.68175433120025,Vhl,VHL,L124P,L158P,targeting guide,Missense,0.8209883744768864,0.44231466208738834,1.0,0.9999998321245912,0.9999998321245912,0.8799380319839718,0.3517895497063656,1.0,1.0,1.0
gRNA_13004,VHL,-0.6357102976505091,-0.8453696198624563,-0.7941995057629647,-0.7584264744253101,-0.7941995057629647,902.1759130303875,-1.1402814408665607,-0.4612295022550275,-0.6581129325192352,-0.7532079585469411,-0.6581129325192352,16039,37.83278259243095,55.3899869069144,0.1122264480329197,28.156368850925865,Vhl,VHL,L124P,L158P,targeting guide,Missense,0.9616218965872334,0.16067566272976277,1.0,0.9999998321245912,0.9999998321245912,0.9835079388216746,0.04798316511494565,1.0,0.7984361718584027,0.7984361718584027
gRNA_13005,VHL,-0.06835361884294695,0.5398665156279667,0.092296868050537,0.18793658827851892,0.092296868050537,200.82199337904603,-0.33465018427599136,0.041982746942393595,0.2310700491582792,-0.0205324627251062,0.041982746942393595,3449,23.94897071614961,94.78109596984632,0.3479269353435779,74.48535807480428,Vhl,VHL,D87G,D121G,targeting guide,Missense,0.5768221111387919,0.6268027023241423,1.0,0.9999998321245912,0.9999998321245912,0.7894627502618776,0.4603708537634549,1.0,1.0,1.0
gRNA_13006,VHL,-0.24128474511370573,-0.6055759742493321,-0.6016263953218417,-0.48282903822829315,-0.6016263953218417,550.7842736544512,-0.7708033379967139,-0.5961560383831362,-0.3358999262251774,-0.5676197675350091,-0.5961560383831362,11005,45.988187187641984,89.23216719672877,0.3362108132666969,46.45161290322581,Vhl,VHL,D87G,D121G,targeting guide,Missense,0.9309707365139895,0.2452808795845727,1.0,0.9999998321245912,0.9999998321245912,0.9573894387861688,0.1708837689227495,1.0,1.0,1.0
gRNA_13007,VHL,0.7565792866315805,0.5625447308976002,0.3585600556416555,0.5592280243902787,0.5625447308976002,145.51419905857585,-1.4185423845183394,-0.5571063938520306,-1.072893595300158,-1.0161807912235092,-1.072893595300158,2794,33.28561202576951,95.91982820329277,2.111667859699356,62.3478883321403,Vhl,VHL,N44S,N78S,targeting guide,Missense,0.16575343231691175,0.9456224779720677,1.0,0.9999998321245912,0.9999998321245912,0.99683317236457,0.00011099989831352408,1.0,0.005398631417975944,0.005398631417975944
gRNA_13008,VHL,-2.4099289561807695,-3.1542628806279818,-2.3474677171306837,-2.637219851313145,-2.4099289561807695,0.4747564855296597,-3.4739354348848916,-2.6702149420748706,-2.794704365313425,-2.979618247424396,-2.794704365313425,0,0.0,0.0,0.0,0.0,Vhl,VHL,N44S,N78S,targeting guide,Missense,1.0,4.1025318572854354e-10,1.0,1.4632363624318055e-07,1.4632363624318055e-07,1.0,4.1025318572854354e-10,1.0,4.877454541439351e-08,4.877454541439351e-08
gRNA_13009,VHL,-0.0951998245443469,0.07813965564027321,0.012374865889701677,-0.001561767671457338,0.012374865889701677,2568.5892480218918,-0.2648728040401153,-0.01986963205585037,-0.017929432245947816,-0.10089062278063783,-0.01986963205585037,78055,8.032797386458267,10.460572673115111,0.0166549228108385,16.785599897508167,Vhl,VHL,L84P,L118P,targeting guide,Missense,0.8349833502997257,0.42642115564266936,1.0,0.9999998321245912,0.9999998321245912,0.850831681746506,0.39647045981217743,1.0,1.0,1.0
gRNA_13010,VHL,-0.2617031460463648,0.06620438925179996,0.08908772756226109,-0.03547034307743459,0.06620438925179996,1623.746947595737,-0.06638322396341732,-0.08272430769617284,-0.071542436229779,-0.0735499892964564,-0.071542436229779,50454,20.927973996115277,25.16153327783724,0.4281127363539065,21.6593332540532,Vhl,VHL,L144P,L178P,targeting guide,Missense,0.8241001822072829,0.4293698897752459,1.0,0.9999998321245912,0.9999998321245912,0.8621542378882222,0.384976765570676,1.0,1.0,1.0
gRNA_13011,VHL,-0.066443723466412,-0.011842329799049107,-0.09259354774858099,-0.0569598670046807,-0.066443723466412,367.437126362412,0.04420094370574319,0.6572042726332032,0.3247347166128227,0.34204664431725645,0.3247347166128227,7918,56.9335690831018,91.2351603940389,0.0,35.79186663298813,Vhl,VHL,L135P,L169P,targeting guide,Missense,0.8648187128674079,0.380294797286558,1.0,0.9999998321245912,0.9999998321245912,0.23584380942961722,0.8072718798319892,1.0,1.0,1.0
gRNA_13058,XIAP,0.1850657846675507,0.02821838648513569,0.063952424288475,0.09241219848038713,0.063952424288475,703.0352289885044,0.03997184994902581,0.17832311041323945,0.3116511188520218,0.17664869307142902,0.17832311041323945,18054,3.805250913924892,10.446438462390606,0.3932646504929655,48.71496621247369,Xiap,XIAP,F288L,F289L,targeting guide,Missense,0.7810052251489504,0.504673347267959,1.0,0.9999998321245912,0.9999998321245912,0.6556094293494545,0.641207513655121,1.0,1.0,1.0
gRNA_13059,XIAP,0.16657017936336752,0.18857916293081597,0.4630176838669484,0.27272234205371065,0.18857916293081597,827.1957795290532,0.1473910232528643,0.2772051748992476,0.14561363597547888,0.19006994470919691,0.1473910232528643,30659,0.7045239570762256,1.1318046903030106,0.003261684986464,22.62957043608728,Xiap,XIAP,F288L,F289L,targeting guide,Missense,0.5447930121027307,0.7051773961220831,1.0,0.9999998321245912,0.9999998321245912,0.6501980828120362,0.6575345411059035,1.0,1.0,1.0
gRNA_13260,controlsgRNA,0.7445875012635126,0.2515312911963836,0.3728856505018374,0.4563348143205779,0.3728856505018374,754.3841886378723,0.46172752192844885,0.7179100132587664,0.5921191841759819,0.5905855731210657,0.5921191841759819,30454,15.331319366914034,83.82478492152097,0.003283640901031,73.34668680633087,ST,,Non-coding,,safe-targeting control,,0.29410034907193416,0.8608118267433726,1.0,0.9999998321245912,0.9999998321245912,0.034379770206179106,0.9927445871163252,0.4432090857905017,1.0,0.4432090857905017
gRNA_13261,controlsgRNA,0.9515610530315439,0.22352894091343237,0.4285979072390676,0.5345626337280146,0.4285979072390676,288.60417156057406,-0.015559896479586988,-0.04753895142113154,-0.22941362299160814,-0.0975041569641089,-0.04753895142113154,10546,0.0094822681585435,0.4456666034515456,0.0,42.006447942347805,ST,,Non-coding,,safe-targeting control,,0.21236798497030884,0.8804723813950917,1.0,0.9999998321245912,0.9999998321245912,0.8608798210100991,0.3992758199857751,1.0,1.0,1.0
gRNA_13262,controlsgRNA,0.9845453019445325,0.5440920136077048,0.5696636632538818,0.6994336596020396,0.5696636632538818,181.5826715044507,0.09849228690847957,0.5154335404811705,0.7092193973232679,0.4410484082376393,0.5154335404811705,8290,0.9891435464414958,1.1821471652593487,0.0,14.957780458383596,ST,,Non-coding,,safe-targeting control,,0.09252817332432325,0.9775167614099971,1.0,0.9999998321245912,0.9999998321245912,0.1054261078105163,0.9190458665119352,0.917121425668719,1.0,0.917121425668719
gRNA_13263,controlsgRNA,0.45007244276108654,0.07342533873273534,0.31178532743438686,0.27842770297606956,0.31178532743438686,1049.0840423589955,0.36951478779311653,0.08740886972145923,0.14284984173875043,0.1999244997511087,0.14284984173875043,38750,10.812903225806451,17.82193548387097,0.1264516129032258,14.343225806451612,ST,,Non-coding,,safe-targeting control,,0.5454210509622026,0.722392581780573,1.0,0.9999998321245912,0.9999998321245912,0.6392476629986859,0.6633671594424875,1.0,1.0,1.0
gRNA_13264,controlsgRNA,0.03198486865633578,0.0820798573308129,-0.005068877447201361,0.036331949513315774,0.03198486865633578,1305.6278177088298,-0.0339054971651142,-0.43459604332894225,-0.32856874020504034,-0.2656900935663656,-0.32856874020504034,41822,7.8929749892401135,63.9902443689924,0.2271531729711635,71.73018985223088,ST,,Non-coding,,safe-targeting control,,0.8200531386828148,0.4661134680578828,1.0,0.9999998321245912,0.9999998321245912,0.9025238974385004,0.31481647335157453,1.0,1.0,1.0
gRNA_13265,controlsgRNA,0.08717677110324358,0.0831468589767798,0.14480601267642226,0.10504321425214853,0.08717677110324358,704.2066737242478,-0.1778176533893058,0.13267211383467448,-0.04635622765462597,-0.03050058906975243,-0.04635622765462597,22796,0.0043867345148271,0.0175469380593086,0.1052816283558518,36.98017195999298,ST,,Non-coding,,safe-targeting control,,0.7568286605580912,0.557493389117192,1.0,0.9999998321245912,0.9999998321245912,0.821790803170144,0.4539798381215997,1.0,1.0,1.0
gRNA_13266,controlsgRNA,0.47508033702422253,0.33960019456195223,0.32291676716118195,0.3791990995824522,0.33960019456195223,682.528967154194,0.34441888157415224,0.6126127793602586,0.4472338898430002,0.4680885169258037,0.4472338898430002,24772,5.857419667366381,58.19069917648958,0.2462457613434522,75.53285968028419,ST,,Non-coding,,safe-targeting control,,0.42660529635082856,0.8343332012026675,1.0,0.9999998321245912,0.9999998321245912,0.15503522402164285,0.943733680612219,1.0,1.0,1.0
gRNA_13267,controlsgRNA,0.21553105264495231,0.014982712723106705,-0.2273922090569321,0.0010405187703756331,0.014982712723106705,504.0066777537509,0.2853998341656651,0.5062637311819385,0.4344618108350551,0.4087084587275529,0.4344618108350551,15160,35.468337730870715,66.91952506596306,0.0,37.8957783641161,ST,,Non-coding,,safe-targeting control,,0.8305860677940472,0.435664581384712,1.0,0.9999998321245912,0.9999998321245912,0.2759862474151308,0.9032168659533739,1.0,1.0,1.0
gRNA_13268,controlsgRNA,0.7585892079286796,0.42556063190087884,0.5901061627775119,0.5914186675356902,0.5901061627775119,260.57878456414676,0.43505213820562705,0.29791126871664486,0.3813946713449428,0.3714526927557382,0.3813946713449428,11581,3.5057421638891286,8.893877903462569,1.364303600725326,27.916414817373287,ST,,Non-coding,,safe-targeting control,,0.15012337932924213,0.9598666853583016,1.0,0.9999998321245912,0.9999998321245912,0.36313444436168135,0.8721580249602613,1.0,1.0,1.0
gRNA_13269,controlsgRNA,1.1314042261615989,0.6485151668517115,0.7323717811942763,0.8374303914025288,0.7323717811942763,524.6059165102739,0.5573032589878884,0.6737394591424909,0.5708184381379136,0.6006203854227642,0.5708184381379136,25950,1.048169556840077,20.685934489402698,0.0,69.27167630057804,ST,,Non-coding,,safe-targeting control,,0.03298987001025497,0.993775524840445,1.0,0.9999998321245912,0.9999998321245912,0.03246713238558794,0.9965194533927811,0.4299974593221983,1.0,0.4299974593221983
gRNA_13270,controlsgRNA,0.5187144379560372,0.18318166087714213,0.2854657755127688,0.32912062478198273,0.2854657755127688,531.2525073076891,0.5326569975030797,0.15507780482685574,0.35952100938276865,0.34908527057090133,0.35952100938276865,20382,11.618094397016977,92.49828279854772,0.210970464135021,84.41762339319007,ST,,Non-coding,,safe-targeting control,,0.5080216021321535,0.7492652374418105,1.0,0.9999998321245912,0.9999998321245912,0.32145357910417605,0.8475636508716412,1.0,1.0,1.0
gRNA_13271,controlsgRNA,0.030919291629343145,-0.03798623136726249,-0.22767189285759318,-0.07824627753183751,-0.03798623136726249,1188.113435378726,0.5328514275590126,0.3739528319753827,0.5196088222102937,0.47547102724822965,0.5196088222102937,34736,27.829917088899126,45.94656840165822,0.2677337632427453,22.82358360202672,ST,,Non-coding,,safe-targeting control,,0.8738690283409937,0.3773470717811363,1.0,0.9999998321245912,0.9999998321245912,0.13889216891837297,0.9638272560444808,1.0,1.0,1.0
gRNA_13272,controlsgRNA,0.7607609241977812,0.33981621172431875,0.349795732192833,0.48345762270497766,0.349795732192833,385.03432346045565,0.07786225098004412,0.5344452407736182,0.37894570016951473,0.330417730641059,0.37894570016951473,15166,18.0996966899644,60.444415139127,0.6791507319003033,59.9301068178821,ST,,Non-coding,,safe-targeting control,,0.22686436585370218,0.9086685276564073,1.0,0.9999998321245912,0.9999998321245912,0.2965969341231471,0.8350698583365761,1.0,1.0,1.0
gRNA_13273,controlsgRNA,1.2380273901968262,1.003165766886507,1.0733613498573205,1.104851502313551,1.0733613498573205,244.65784220961797,0.3733225155882623,0.7027767883859499,0.8058048186617109,0.6273013742119744,0.7027767883859499,14167,0.0,0.0070586574433542,1.0235053292863698,8.02569351309381,ST,,Non-coding,,safe-targeting control,,0.0034883118325638295,0.9998024982188124,0.46656170760541216,0.9999998321245912,0.46656170760541216,0.010551121207852836,0.9860191848091753,0.15680138461670187,1.0,0.15680138461670187
gRNA_13274,controlsgRNA,0.7485554684086309,0.6110894299177054,0.7638877641434196,0.7078442208232519,0.7485554684086309,506.23820637125647,0.47353925854169526,0.46042445087149353,0.46556668740412793,0.4665101322724389,0.46556668740412793,24486,26.30074328187536,30.03348852405456,0.0,12.599036183941845,ST,,Non-coding,,safe-targeting control,,0.06750374523194098,0.989152128985629,1.0,0.9999998321245912,0.9999998321245912,0.1776411181920702,0.9620488984707923,1.0,1.0,1.0
gRNA_13275,controlsgRNA,0.5474083656467676,0.3179006362418701,0.3451792016414786,0.4034960678433721,0.3451792016414786,1289.4461054436733,0.6140813455723311,0.39087839975547944,0.3379658474300119,0.4476418642526075,0.39087839975547944,48885,5.300194333640175,15.728751150659711,0.1677406157307967,31.306126623708703,ST,,Non-coding,,safe-targeting control,,0.38678155803386877,0.8537210732177236,1.0,0.9999998321245912,0.9999998321245912,0.17246247211814936,0.9250684222864616,1.0,1.0,1.0
gRNA_13276,controlsgRNA,0.6299296504579814,0.4352742190384225,0.3172078135111619,0.4608038943358553,0.4352742190384225,579.8143866694692,0.39300561330230266,0.418921887528523,0.167247484478961,0.3263916617699289,0.39300561330230266,22964,24.11600766417001,80.04703013412298,0.3396620797770423,60.43807699007142,ST,,Non-coding,,safe-targeting control,,0.30496789698902227,0.8885614203209298,1.0,0.9999998321245912,0.9999998321245912,0.3943536116610679,0.844739696673717,1.0,1.0,1.0
gRNA_13277,controlsgRNA,0.4196874375739414,0.3423489596099571,0.4804622999961403,0.4141662323933463,0.4196874375739414,457.3358506676351,0.3983375684936131,0.25359015611849317,0.25181650298999114,0.3012480758673658,0.25359015611849317,17499,0.0171438367906737,0.0228584490542316,0.0,7.93188182181839,ST,,Non-coding,,safe-targeting control,,0.35930181777293896,0.8796179259062216,1.0,0.9999998321245912,0.9999998321245912,0.4892998550913893,0.7899664417809875,1.0,1.0,1.0
gRNA_13278,controlsgRNA,0.6770486483190896,0.2620088121620471,0.3271967473102516,0.42208473593046275,0.3271967473102516,364.56801813990484,0.2516087418871561,0.32408065991513696,0.481791856430534,0.35249375274427575,0.32408065991513696,14079,21.72029263442006,50.95532353150082,1.5910220896370482,48.59009872860288,ST,,Non-coding,,safe-targeting control,,0.36248068456972743,0.8272581599304483,1.0,0.9999998321245912,0.9999998321245912,0.3885989272964402,0.8317929112644473,1.0,1.0,1.0
gRNA_13279,controlsgRNA,0.43084647814810123,0.33307041308160806,0.3594817354152742,0.3744662088816611,0.3594817354152742,490.7240607152389,0.7789033211036626,0.3724061065233382,0.5087756107593175,0.5533616794621061,0.5087756107593175,19614,16.391353115121852,69.9245436932803,0.2345263587233608,64.82104619149587,ST,,Non-coding,,safe-targeting control,,0.4168456947435077,0.8495200829387889,1.0,0.9999998321245912,0.9999998321245912,0.03839236037122777,0.9711286851268298,0.48904554282397283,1.0,0.48904554282397283
gRNA_13280,controlsgRNA,-0.15552483977414105,-0.167909612944661,-0.28208481577313865,-0.20183975616398023,-0.167909612944661,1593.8077496220026,-0.0777192013430907,0.01706184770522927,-0.13824562243494984,-0.06630099202427042,-0.0777192013430907,41698,48.06465537915487,84.95371480646554,0.1822629382704206,37.68046429085328,ST,,Non-coding,,safe-targeting control,,0.9046058730956994,0.31965428293772996,1.0,0.9999998321245912,0.9999998321245912,0.8524790946823597,0.41550236022392406,1.0,1.0,1.0
gRNA_13281,controlsgRNA,0.9497768669522302,0.272283732375929,0.6394288421127697,0.6204964804803096,0.6394288421127697,177.50216203244057,-0.19939191532603118,0.34416235359069025,0.034987850900369495,0.05991942972167619,0.034987850900369495,7951,7.244371777134952,9.608854232172051,0.4653502704062383,9.35731354546598,ST,,Non-coding,,safe-targeting control,,0.15187155165377117,0.9247792004209573,1.0,0.9999998321245912,0.9999998321245912,0.7341899600402029,0.5379386561918431,1.0,1.0,1.0
gRNA_13282,controlsgRNA,0.7198593048526182,0.015736280224715845,-0.12137102018211257,0.2047415216317405,0.015736280224715845,216.8470654858744,0.2304335756419047,-0.03635641795651874,-0.30130393369671704,-0.03574225867044369,-0.03635641795651874,6883,6.3344471887258464,12.218509370913845,0.0,33.328490483800664,ST,,Non-coding,,safe-targeting control,,0.4965323369778706,0.6179368132075773,1.0,0.9999998321245912,0.9999998321245912,0.8099424527010946,0.4539682848248907,1.0,1.0,1.0
gRNA_13283,controlsgRNA,1.228981199040051,1.036406904224737,1.2886528238644355,1.1846803090430746,1.228981199040051,118.37261705872848,0.5150529579787246,0.7761828395260404,0.7521488375846073,0.6811282116964574,0.7521488375846073,7714,2.68343271973036,19.23774954627949,0.0,33.225304640912626,ST,,Non-coding,,safe-targeting control,,0.0012120094757646427,0.999949108236208,0.25937002781363355,0.9999998321245912,0.25937002781363355,0.008106572553400157,0.9982784638405066,0.1257106178570749,1.0,0.1257106178570749
gRNA_13284,controlsgRNA,0.45305041490531206,0.2953911858270433,0.5691121014988432,0.4391845674103995,0.45305041490531206,732.7075093341082,0.1467269728826135,0.09192490231685785,0.40024177464920996,0.2129645499495604,0.1467269728826135,28082,49.16672601666548,74.38572751228546,0.3560999928780001,27.91823944163521,ST,,Non-coding,,safe-targeting control,,0.33134240730537023,0.8770122099748004,1.0,0.9999998321245912,0.9999998321245912,0.5545832889604418,0.7119497608861627,1.0,1.0,1.0
gRNA_13285,controlsgRNA,0.29476046261588,0.05014375725222233,-0.1635904119517665,0.060437935972111945,0.05014375725222233,911.3273682814682,0.09529534532302127,0.37386610744742776,0.2794047971062545,0.2495220832922345,0.2794047971062545,27502,1.221729328776089,1.774416406079558,0.1272634717475092,19.32223111046469,ST,,Non-coding,,safe-targeting control,,0.7818667465873628,0.4992384389828127,1.0,0.9999998321245912,0.9999998321245912,0.5688295304511239,0.7265013694490774,1.0,1.0,1.0
gRNA_13599,controlsgRNA,-0.7092472985960805,-0.7594360264964395,-1.0069299116767008,-0.825204412256407,-0.7594360264964395,694.196673925723,-0.637213475230281,-0.7816767985775531,-0.8484454989714879,-0.7557785909264406,-0.7816767985775531,0,0.0,0.0,0.0,0.0,NT,,Non-coding,,non-targeting control,,0.9737274477403354,0.12982514727764577,1.0,0.9999998321245912,0.9999998321245912,0.9785325908260367,0.11977863625397854,1.0,1.0,1.0
gRNA_13600,controlsgRNA,-1.7633465058019917,-1.4388336059720455,-1.3680881963127367,-1.5234227693622582,-1.4388336059720455,986.5389971992912,-0.790139852184647,-0.9793055703851371,-0.6952771259867978,-0.821574182852194,-0.790139852184647,0,0.0,0.0,0.0,0.0,NT,,Non-coding,,non-targeting control,,0.9999827916795568,0.0008526384175259505,1.0,0.0760269255627306,0.0760269255627306,0.9878040462318897,0.07025921078428071,1.0,1.0,1.0
gRNA_13601,controlsgRNA,-0.7374317666891613,-0.6527651906783565,-0.8521394354571168,-0.7474454642748781,-0.7374317666891613,1925.4419425618305,-0.9512978357187718,-0.49432493133221195,-0.9616367862982075,-0.802419851116397,-0.9512978357187718,0,0.0,0.0,0.0,0.0,NT,,Non-coding,,non-targeting control,,0.9620630128302188,0.17458375714770108,1.0,0.9999998321245912,0.9999998321245912,0.9886221103696758,0.06235786447116714,1.0,0.9267071525576227,0.9267071525576227
gRNA_13602,controlsgRNA,-0.45712402789185813,-1.1530042109310181,-0.956590818748824,-0.8555730191905667,-0.956590818748824,685.7806231397021,-0.2563557003945629,-0.5356090323285254,-0.4532230732032555,-0.415062601975448,-0.4532230732032555,0,0.0,0.0,0.0,0.0,NT,,Non-coding,,non-targeting control,,0.9793404794593907,0.09038954223420989,1.0,0.9999998321245912,0.9999998321245912,0.9420331210046087,0.22778770178346117,1.0,1.0,1.0
gRNA_13603,controlsgRNA,-1.5038790094260863,-1.195405801152004,-1.001442277137666,-1.2335756959052522,-1.195405801152004,998.9631583017517,-1.2074716911273409,-0.9531036920550754,-1.1209904865908231,-1.0938552899244132,-1.1209904865908231,0,0.0,0.0,0.0,0.0,NT,,Non-coding,,non-targeting control,,0.9986902856475045,0.007814987780371664,1.0,0.3702412341397616,0.3702412341397616,0.9994126375481969,0.007141170261549718,1.0,0.19641363825578678,0.19641363825578678
gRNA_13604,controlsgRNA,-0.4778843393223577,-0.6386752305555701,-0.9539351458830926,-0.6901649052536735,-0.6386752305555701,1855.503006404564,-0.5071968007435184,-0.9229598945753821,-0.9273530133100014,-0.7858365695429672,-0.9229598945753821,0,0.0,0.0,0.0,0.0,NT,,Non-coding,,non-targeting control,,0.9550715733242592,0.19185180624123105,1.0,0.9999998321245912,0.9999998321245912,0.9826829852294693,0.09795858711368201,1.0,1.0,1.0
gRNA_13605,controlsgRNA,-1.145800109903901,-1.0229338891024957,-0.7456864236734364,-0.971473474226611,-1.0229338891024957,808.0553169712587,-0.457535603975729,-1.406086095798002,-1.0598947592662997,-0.9745054863466769,-1.0598947592662997,0,0.0,0.0,0.0,0.0,NT,,Non-coding,,non-targeting control,,0.9893200583016931,0.06266583231457572,1.0,0.9999998321245912,0.9999998321245912,0.9956449425144652,0.007159001768201574,1.0,0.19641363825578678,0.19641363825578678
gRNA_13606,controlsgRNA,-1.3406113628432377,-1.0283074775197698,-1.0301642477192106,-1.133027696027406,-1.0301642477192106,3237.756750119036,-0.8634604707144115,-0.9339955021963211,-0.9870105246331498,-0.9281554991812943,-0.9339955021963211,0,0.0,0.0,0.0,0.0,NT,,Non-coding,,non-targeting control,,0.9980016120696971,0.019685567877598644,1.0,0.7263295734148466,0.7263295734148466,0.9946680746237248,0.04278752290699983,1.0,0.7384298308143519,0.7384298308143519
gRNA_13607,controlsgRNA,-1.186472553147587,-1.189529406949984,-1.017549745074797,-1.1311839017241228,-1.186472553147587,1616.777296245576,-1.150520094386687,-1.250150228452259,-1.054137066648584,-1.15160246316251,-1.150520094386687,0,0.0,0.0,0.0,0.0,NT,,Non-coding,,non-targeting control,,0.9976707403546127,0.023255772828794794,1.0,0.8026992557035623,0.8026992557035623,0.9998471743100813,0.0030550302844905178,1.0,0.09339664012585298,0.09339664012585298
gRNA_13608,controlsgRNA,-0.9784777879418703,-0.9904785263945115,-0.774720378028054,-0.9145588974548119,-0.9784777879418703,340.42201420742214,-0.933678749233608,-0.6102060842273447,-0.3903609995302572,-0.64474861099707,-0.6102060842273447,0,0.0,0.0,0.0,0.0,NT,,Non-coding,,non-targeting control,,0.981230111266109,0.10828066204722696,1.0,0.9999998321245912,0.9999998321245912,0.9700278478053225,0.13548206082284434,1.0,1.0,1.0
