	sgRNA	gene	d0_rep1	d0_rep2	d0_rep3	d5_rep1	d5_rep2	d5_rep3	d15_rep1	d15_rep2	d15_rep3
0	gRNA_1	ABL1	208.61604675651776	242.60447264951236	272.98497917955433	268.16310762198947	255.21758842110663	187.3941549874591	201.83376024694473	191.9486888383008	181.2682485442362
1	gRNA_2	ABL1	61.462673922152554	75.2722345817373	69.63095121101675	207.9139798137399	224.8383094521962	137.64028050435465	114.78817890463063	46.64955068456961	40.94764843148035
2	gRNA_3	ABL1	122.09649435780304	127.45371121207206	144.7216020056246	206.97988480896083	213.70978885768216	151.80379221852309	168.23722007973578	143.2927058662228	117.41238826160753
3	gRNA_67	AGO2	136.9520991543399	117.51438233010353	173.28611721832578	164.7120858427082	178.32003853105218	171.6327086183589	55.654874620426966	53.504861000223215	34.26868748305292
4	gRNA_84	AKT1	1827.558179776536	1678.6556791022215	580.5480557218522	1026.0255214994029	883.1087622490203	901.9614793156074	762.709333593961	792.8751589470577	769.4537533763084
5	gRNA_85	AKT1	310.18247783326984	330.1796570058814	198.44821095139775	393.1761557615875	376.10180265156254	322.41963332919806	464.58245948393	547.338007763221	415.7185038927731
6	gRNA_95	AKT1	561.5163581248936	482.54229608678924	177.55892558809273	377.4522231811399	394.9306265958351	306.44028677987984	275.89886016101906	204.1544852539767	176.83641464387782
7	gRNA_120	AKT3	1171.4250082694075	974.9633153916326	467.0812556802635	942.6575423228717	1095.9219404426894	994.7143226950591	498.5183586427269	667.1387355965331	621.642729769989
8	gRNA_121	AKT3	664.2941904511488	559.1478552746443	379.3304319381981	511.4948563669355	539.3376853056905	532.1122400922967	510.5656028440999	468.08393240664026	385.1326079607222
9	gRNA_122	AKT3	476.27196493618214	486.23924158557026	305.4266723574144	541.1523727686708	593.556259576593	575.4743759556738	457.20140141689166	507.7945714302435	564.0913092611096
10	gRNA_196	ALK	389.81617049796756	354.8461622190594	537.8990981051045	648.5732983182631	755.2098881177568	521.2172310813978	448.7174266271924	346.2767722858196	329.1416923463352
11	gRNA_197	ALK	763.5653349498951	818.7219138202004	816.6602811919363	1004.3078126382899	1024.2985709291818	921.3545953550074	1242.3084284556587	975.711301146258	1148.5316023464002
12	gRNA_198	ALK	520.1374417602909	563.1478290929974	547.1568495729327	749.2998763336055	865.5457415951189	691.252005044825	737.9361272080392	745.8076015359239	725.0105739811651
13	gRNA_235	AMER1	1530.9561475297999	1608.0500806418963	2042.4024007485962	1540.2448216302776	1415.2735622426067	1886.0713265733918	1768.06034617332	2115.8664485228896	1997.5086851460408
14	gRNA_283	ANKRD11	1158.2908684063748	992.841986246393	1464.3072535353137	1277.0635540337764	1252.14316319601	1339.8682081603326	1092.9056324090552	1082.4702191107658	1159.1430356289484
15	gRNA_284	ANKRD11	1097.2745002077233	1142.2955534594075	1384.4690378854093	1162.7147571987393	1203.726187339309	1530.8213994246855	1408.5094945858666	1687.4095537945398	1727.541338398857
16	gRNA_285	ANKRD11	1221.0924594990308	1236.355543854622	1799.7227105620182	1383.7060670793862	1395.864578456914	1776.612802710562	1214.1416321538572	1338.2067344227705	1249.5898993137273
17	gRNA_292	APC	931.1850131048112	894.6002050410822	1235.4746275100179	1136.637938315324	1461.264415126096	946.2678492932625	1014.0046668648524	1091.248360368615	1274.9324988002838
18	gRNA_293	APC	473.3390987531748	384.17930355364945	604.9188886457081	602.5691193328942	699.1453507150628	594.7948586016677	526.4306357008373	437.40223867682477	439.8126994637356
19	gRNA_299	APC	1338.9809284638234	1286.5370335757802	1783.7392422158532	1660.198188493989	1598.4985885238475	1380.5429084676882	1364.3079859315337	1453.82739499044	1490.7191156106917
20	gRNA_300	APC	281.4913956081987	230.66515685836723	347.917377812319	468.2929623959039	553.89442314496	447.9301371347521	492.9189352815255	379.96811444689763	388.94023990328367
21	gRNA_497	ARAF	159.96872289489704	183.08971068553006	120.82552556729838	191.87868223169932	218.93122743046362	207.80413853454286	126.1567051228276	118.6303089989324	107.36273674107653
22	gRNA_498	ARAF	987.7383240684514	1119.0835841801763	1142.4223563462044	889.4919683008633	886.5897212975412	1013.235838013587	881.4001409018533	851.4797020113648	911.6469593624552
23	gRNA_528	ARID1A	1266.1693375726427	1521.2021642525006	1236.8988969666068	1182.408593549498	1220.023404702839	1262.5136441829513	1667.2707256716933	1690.586404916428	1704.9452275266071
24	gRNA_594	ARID1A	861.4338043176381	880.7215080046749	999.2041498780904	1087.5201093140247	1158.9483959424253	1030.3773188574012	1059.9029704771253	949.1260733367722	915.2673307176774
25	gRNA_671	ARID1A	250.31375292362128	216.1197975189011	322.12227543187413	194.99233224762952	245.46035472449475	291.5504411316515	143.88821243329897	122.3923695380106	178.02239836369202
26	gRNA_736	ARID1B	211.4851549790249	230.7863681861961	210.47537525148246	389.361934492073	422.67281537647204	514.2444253144228	285.1463926817912	220.20594355404367	204.36372098272358
27	gRNA_740	ARID1B	637.3245731595819	564.9659990104308	792.7642047536101	688.1166535205768	660.5383503587392	745.000716165259	594.9811520016073	699.32525354198	659.1572674335862
28	gRNA_741	ARID1B	1184.0490844484389	1183.143770937742	1493.7421556381528	1331.2410643109622	1361.582406009359	1470.02724914387	1323.2455479493894	1249.6729097364635	1199.84100327731
29	gRNA_767	ARID1B	1126.2843722352955	1160.3560413059113	1340.6331890548374	1261.8066689557184	1188.8529986774465	1033.7910883474829	1456.5287918955642	1153.113355900123	1214.384908893979
30	gRNA_768	ARID1B	571.9726636469196	549.511554712248	636.7275731761952	538.8949765071214	470.98430762564203	538.7945122856479	682.1115730918184	511.9746386958859	518.711826929271
31	gRNA_769	ARID1B	1110.2811241497557	1140.3561722141453	1143.530121479107	1189.102941083748	1000.4592756271896	1106.2792149666627	1038.268834763392	1285.9558936022397	1295.031801841346
32	gRNA_806	ARID1B	132.6803158008293	129.27188112950532	56.4960217780295	34.09446767443582	74.20771789801549	50.98864217100632	56.67295159519088	26.250822428234514	93.4430330822044
33	gRNA_807	ARID1B	246.23324345161114	208.90772351308246	158.88517049059277	145.01824949194963	170.25054255493532	96.82031341018721	282.5163604969844	210.09018077118895	271.5278516416761
34	gRNA_828	ARID2	476.14444901518175	493.8149495748755	735.0021656808349	629.1908269690975	578.4193618959033	645.347700412238	588.6181709093328	412.2382337376573	550.6085469726954
35	gRNA_829	ARID2	460.523748692643	487.26953787211573	656.9838498921275	649.740917074237	603.3662350769703	629.0051868958899	525.3277189781764	456.1289400269029	471.8342598987195
36	gRNA_830	ARID2	845.5580721530987	868.9640092052731	1169.6417281832382	1078.5683655182254	939.8589431006653	995.295389842307	906.8520652709509	1070.0972200044644	942.8570572523029
37	gRNA_831	ARID2	456.6982710626335	444.23951649286175	680.3260437640024	574.6241104399206	595.0330300820262	486.13530206630384	518.6253788943142	378.79769561251777	397.80390770400044
38	gRNA_871	ARID2	1069.1572396271538	1022.9630012118708	1011.8643228255481	1187.7796398269775	1438.110763273055	1305.5126130792985	1325.366541646814	1637.8339560240204	1512.1292427631274
39	gRNA_895	ARID5B	235.58566404808474	181.75638607941232	91.07411914077305	303.11382905080615	368.401499301804	329.2471723093613	329.7721000756092	282.07093908555174	251.4285486006141
40	gRNA_896	ARID5B	809.4073085495089	805.5704847507665	306.930067894925	594.862835543467	743.3957240742917	947.9384173416004	747.0988199809144	758.3478033328512	764.8970790843906
41	gRNA_901	ARID5B	1311.3099736067547	1133.8713661753002	406.94543417983994	520.3687589123366	570.0861569009592	614.2606080344735	653.3508985547379	411.23501759390314	403.4841455199528
42	gRNA_974	ASXL2	1183.8578105669385	1302.6581401770218	1416.356848496818	1163.7266934539166	1115.647375050975	1167.799699181538	1339.449939797715	1578.9786089237748	1469.6835096329341
43	gRNA_978	ASXL2	928.9534844873057	943.2665531643793	1204.8528341933547	807.4472903811022	821.8755280773102	852.352871619315	712.5690425868386	967.8527746868502	860.3375584315452
44	gRNA_979	ASXL2	600.34495606949	528.0571496865354	685.3901129429854	611.6765456294902	644.6103256215674	697.6437436645522	644.6124045213478	694.6435782044605	568.523143161468
45	gRNA_992	ATM	576.3082049609304	508.4209145782561	711.6599718089599	682.4342422415042	673.1436414586864	561.4561310283174	637.5707054458974	555.9489463304443	506.47746855645056
46	gRNA_993	ATM	556.4794792453812	463.2090892980822	615.1261530845958	711.7803936416465	655.7388462160815	537.7050113845581	639.6068593954252	642.9779468011199	694.674358832233
47	gRNA_999	ATM	1850.3197716750926	1890.7755028027696	2374.494562376593	1996.472390214452	2016.6356087764893	1850.9167641648917	1757.116018694608	1698.779336757087	1514.0642688322978
48	gRNA_1000	ATM	1582.4088216534276	1502.9598594142537	655.4804543546168	1267.9561277371806	918.8677052020086	1225.3253467590835	1078.9070740060515	1288.2131299256869	1171.6270747848873
49	gRNA_1008	ATM	1709.3509210092425	2066.22889983508	1917.620571135217	2097.432491980989	2279.4480169398234	2261.513337088964	2398.928711535355	2269.860126589157	2305.7396119061777
50	gRNA_1009	ATM	2314.605240037245	2049.8047649142663	1349.8909405226657	1285.0033615743985	1270.813761728986	1252.9260362533605	1010.0171987136937	1581.4866492831602	1335.4800887065887
51	gRNA_1010	ATM	782.5014492184422	812.2977134452696	390.09157894353706	702.9843323466437	873.878946590063	651.5941722451533	745.7413840145626	621.2415970197792	667.1470524933873
52	gRNA_1011	ATM	1238.5621406760743	1196.052777351518	1096.7666076544356	1220.7064887454396	1017.9695544773255	976.4833409501551	822.7758751050316	677.9233091418906	647.7343716059019
53	gRNA_1014	ATM	1804.8603458384798	1762.1702839763232	2207.775909874761	1866.7888670509585	1865.4775991846539	2169.1962940699486	1629.1776788659436	2113.1912054728787	2067.2944640277406
54	gRNA_1017	ATM	634.0091592135735	701.0257144983536	778.1258797831122	607.4731181079843	715.7062770974202	655.8069090627009	581.2371128422946	719.4731777623765	676.010720294104
55	gRNA_1018	ATM	321.6589107232984	280.78604091561095	386.2144009783782	545.2001177893801	631.1611656613727	462.7473493895745	405.27947570393235	308.40536285909917	341.68815169805407
56	gRNA_1035	ATM	357.9371902478884	335.5735610942668	397.1338001455604	552.8285603284091	700.5693794167305	565.4509676656469	463.4795427612691	366.508297851529	308.97996910949354
57	gRNA_1036	ATM	513.4428559077744	494.845245861421	131.58667257263733	184.09455719187378	178.79471476494138	199.74183186647775	233.13962722093493	184.2573650695187	231.14198497221304
58	gRNA_1045	ATM	854.8029764256216	958.4179691429898	1079.3588698516812	806.0461478739336	740.6531502784874	819.3046776195887	794.9484377948181	892.7787665959121	834.9325387492091
59	gRNA_1046	ATM	800.0986463164859	971.0845529011083	1055.1462890896687	1043.0727553366212	1138.3790924738923	982.1487456358226	1155.0083278696536	1153.5313626266873	1023.8160511785682
60	gRNA_1047	ATM	267.59216021916416	285.1496487174508	291.0257256296814	385.62555447295676	328.5814374588746	439.867830466687	232.63058873355297	270.9519601589429	254.4247179980395
61	gRNA_1048	ATM	604.6167394230007	683.692494618823	673.916831209352	1010.768636421345	1136.1111949119772	911.1132868847625	784.0889500640031	728.8365284374156	704.5991699612046
62	gRNA_1049	ATM	2301.9811638582137	2097.319605423189	1377.5059427643075	1445.0449723932113	1359.5254756625056	1319.095057646219	1080.0099907287124	1059.1454437684813	1155.8347652526247
63	gRNA_1056	ATM	365.65190346840757	396.60346465611013	414.14590754370647	598.832739313778	531.42641474087	525.8657682593814	280.9044052869416	436.98423195026055	388.7529793159446
64	gRNA_1065	ATM	866.5981991181509	786.7827289372894	1044.6225203270947	944.6035735828281	906.9480575510124	991.3005532049775	710.2783693936198	693.9747674419577	709.9673067982584
65	gRNA_1066	ATM	1573.4827071834054	1515.626443172372	2158.242983217833	1443.6438298860428	1472.9730955620303	1546.8007459740036	1303.732405933081	1190.3995559096538	1500.7063469354432
66	gRNA_1069	ATP6V1B2	458.8022837591388	525.0268664908133	565.6723525085895	670.3688484297746	755.6318225478806	773.6182731672197	733.8638193089837	851.9813100832419	809.9020402415512
67	gRNA_1082	ATR	809.2160346680084	868.0549242465564	1157.2189334785455	1051.5574516300308	914.1736846668816	1023.767680057456	897.7742122459728	765.7047217203819	784.497020559215
68	gRNA_1083	ATR	995.0067315654695	1051.629480243402	1434.0019645423372	1163.259645951527	955.1540661926515	1001.6871284620345	724.8708060319025	846.380019947281	827.9414768218832
69	gRNA_1095	ATR	705.7368647762517	662.4199065848538	992.2410547569887	963.6746799304005	864.3326801085132	755.6778249959398	715.2839145195422	745.5567974999854	752.2257793411123
70	gRNA_1109	ATR	378.65852741043983	363.149138175338	439.30800127677844	440.03658850133723	461.0161067139684	484.10156705093607	551.2886818346561	377.4600740875122	380.82561445192323
71	gRNA_1121	ATRX	1480.268568932174	1400.536287398846	1785.5591420770502	1826.077893092671	1803.8751723865855	1947.156010427831	2026.4822182675587	1799.2681538231313	2130.463702156793
72	gRNA_1122	ATRX	840.7762251155867	852.6004799483737	961.4610092784825	1220.5508062446431	1154.2543754072985	1284.8847293519968	1092.4814336695704	949.9620867899006	994.1664581832129
73	gRNA_1127	ATRX	620.4287136270399	683.9955229383953	885.0252151082072	843.0207418131049	736.9612240149045	737.3742098576298	780.1863216607414	549.2608387054164	689.3062219951792
74	gRNA_1145	ATRX	763.9478827128961	745.8739057950409	845.541300728324	775.376695217021	734.2186502191	835.1387573820949	794.7787582990242	792.707956256432	815.3325972743846
75	gRNA_1146	ATRX	1110.791187833757	1072.7808569495423	1815.0731702608107	1747.691753941628	1189.2749331075704	1202.37319444279	1074.4105673675108	1453.492989609189	1550.2055621887419
76	gRNA_1148	ATRX	453.00030935362435	569.1477898205272	395.31390028436334	590.8150905227577	605.5286490313546	577.3628441842296	614.7488132616064	743.8011692484155	591.3689348168367
77	gRNA_1149	ATRX	637.9621527645834	585.8143473969989	254.78598056758403	646.9386320598998	668.2386537084977	535.2354760087543	687.2867977135348	581.1129512696118	631.2554399200623
78	gRNA_1150	ATRX	1139.737301900829	1156.2954618236438	1639.2550184529932	1559.7051342298414	1442.9102674157127	1229.465450183225	1287.4431743368586	1168.2451994017488	1325.6801179691763
79	gRNA_1151	ATRX	482.07393934169653	397.1489156313401	612.5941184951042	585.4440442452781	704.1558220727824	516.7865940836324	536.6114054484764	396.52118081884174	485.37944238291345
80	gRNA_1281	B2M	1252.142586262608	1109.9927345930098	831.3777322433557	934.3285285302583	896.8216312280423	963.2640633502647	818.0248492228001	748.9844526578121	653.3521892260744
81	gRNA_1282	B2M	1230.2098478505534	1309.264157543696	1462.1708493504302	1459.912651219278	1145.4992359822306	1396.5222550170063	1344.7100041673284	1603.6410057910653	1441.7816821194103
82	gRNA_1283	B2M	400.91005562499504	414.96698082218614	578.2533993751256	434.8212247246541	429.10731543585933	361.1332320145918	339.6983505795573	286.5854117324456	282.3889657073432
83	gRNA_1284	B2M	710.0086481297623	708.7832394794021	578.1742732942039	864.5049269230234	862.9613932106108	996.3848907433969	1006.4539293020199	1093.505596692062	1015.0772237694108
84	gRNA_1285	B2M	552.2076958918706	564.178125379543	236.74523411745696	428.04903594000587	486.22668891386274	429.11808824260015	471.4544790635864	464.907081284752	440.18722063841375
85	gRNA_1313	BAP1	1021.8488329360363	1281.3855521430526	1258.500317058206	829.5542054942067	825.0400363032384	811.0971041647116	1060.666528208198	976.9653213259509	996.1014842523833
86	gRNA_1314	BAP1	846.9607472841021	810.9037831752374	473.56959431583556	389.05056949048	329.42530631912206	394.25405940772407	308.90152209294905	311.247808599736	301.1150244412519
87	gRNA_1317	BAP1	1143.1802317678373	1055.3870314060973	514.0821477476999	763.0777776540966	776.6758022503028	741.5869466751774	574.958971497917	469.08714855039443	544.741048569404
88	gRNA_1318	BAP1	603.0865483709969	639.1473316417081	625.8081740090131	743.072576301745	703.5229204275968	583.5366826237389	688.2200349404018	684.94582214817	606.3497818039637
89	gRNA_1321	BAP1	813.87036578452	898.3577562037775	967.0789610239168	1216.1138549719424	1415.4845294576687	1267.8885152949947	1019.3495709823628	1272.74688104281	1248.2790752023539
90	gRNA_1322	BAP1	1125.0092130252922	1147.386429228221	575.8796169474772	1095.77128185624	1116.438502107457	1017.7391084047587	1338.347023075054	1204.3609805768995	1214.4473290897588
91	gRNA_1337	BAP1	1096.2543728397209	984.9632499375155	739.1958479696801	688.6615422733646	713.2801541242087	734.7594076950141	542.210828809678	608.7849965681648	664.1508830959617
92	gRNA_1338	BAP1	1001.7650753784864	1162.234816887259	780.7370404535254	899.2221246006452	909.6906313468169	981.2771449149507	853.2333446000519	851.3124993207391	986.4887741023102
93	gRNA_1339	BAP1	909.6348224557577	934.2363092411274	802.3384605451249	815.3870979217243	859.8496267884482	768.4613022353944	674.985034268471	669.479573265293	722.5137661499773
94	gRNA_1340	BAP1	2001.9999597049691	1939.5630622538954	1179.611614379361	1377.4009257971275	1175.7202895398448	1173.5377372606113	1607.6283829001077	1825.7697802873045	1841.2709351094627
95	gRNA_1341	BAP1	581.9189054849444	607.8142033979415	683.2537087581019	856.4094368816048	911.7475616936701	626.8261850937101	754.9889165353347	671.3188028621756	794.6715124713055
96	gRNA_1342	BAP1	1375.5779977909142	1278.3552689473304	1118.2097755841917	950.2081436115024	900.5662992953905	922.5167296495032	698.4008046880409	880.071362108359	813.8969327714517
97	gRNA_1343	BAP1	732.5789661468183	788.9039271742948	360.57755075977656	728.7497862284661	778.2053145595015	797.3693928109792	701.3701958644356	744.3027773202926	691.8654500221467
98	gRNA_1361	BAP1	1467.5807347926425	1796.1094557684107	1428.2257606350597	1531.0595540832833	1602.6124492175543	2034.8245162688634	1922.7232065895373	2224.548197429593	1884.465710589012
99	gRNA_1362	BAP1	1072.4088956126616	1232.113147380611	1279.9434849879626	1202.0245886498583	1072.2936123557593	1238.907791326004	1225.8495173636422	1281.3578196100332	1331.5476163724677
100	gRNA_1373	BCL2	3112.854905499226	3335.735741850902	2720.196409923107	2457.059068820928	2253.18259866462	2488.2021579090647	2739.0512608543972	2649.661038345429	2616.467346497503
101	gRNA_1374	BCL2	1271.3974903336557	1182.5377142985972	862.3951559646268	559.211542861066	586.9107923021438	573.0774739732761	434.46434898049773	406.1353355298193	545.2404101356416
102	gRNA_1375	BCL2	2232.740018755042	1859.9878255342328	1354.717631458884	1282.3567590608577	1108.3162643275746	1236.3656225567943	1120.7330697192685	953.4733432930403	1054.9637288726365
103	gRNA_1376	BCL2	223.4078935925545	190.9078413304931	210.7127534942473	349.19584928657326	292.66426909458994	469.06645461589574	303.3020987317476	277.0548583667809	343.6855979630043
104	gRNA_1377	BCL2	318.15222289578963	341.8765501413688	285.72427820793354	376.20676317476784	456.48031159013794	515.4065596089187	434.71886822418867	430.88133374242256	424.33249091037106
105	gRNA_1378	BCL2	176.3545187434377	159.99895273412756	143.69296295364367	299.0660840300969	370.6166550599537	437.4709284842893	218.03815209527028	260.08378526827255	248.9317407694263
106	gRNA_1379	BCL2	1213.6965360810125	1213.3253915671341	250.11754179320903	440.81500100531974	341.2394703625872	450.8354728709918	397.81357788899703	293.94233011997625	352.67410615528047
107	gRNA_1380	BCL2	176.3545187434377	169.51404196869498	162.44584413206525	100.33737176335107	175.73569014654416	167.7831387678413	75.76189487201414	74.99040674562535	109.48502339758618
108	gRNA_1381	BCL2	1255.0754524456152	951.0846838093423	280.1854525434208	536.4040564943773	669.8736496252272	686.4582010800295	588.2788119177449	508.04537546618195	489.37433491281394
109	gRNA_1382	BCL2	1161.6062823523832	1098.4776584492658	337.3144829688232	588.4020117604118	566.4997142449072	682.5359978361059	506.7478141887352	634.7850149604608	520.95895397734
110	gRNA_1383	BCL2	371.19884603192133	333.39175719334685	292.4499950862704	421.4325296561542	535.1710828082183	673.093656693327	411.5576170483098	515.3186925083999	444.9311555176707
111	gRNA_1384	BCL2	343.2091013723518	333.08872887377464	295.61503832313474	412.63646836115134	486.64862334398646	384.52118469132114	451.4322985598962	270.5339534323786	324.08565648817984
112	gRNA_1385	BCL2	560.3049568753906	512.6633110522671	326.7907142062491	432.8751934646977	543.9262222332862	599.6612959598692	452.7897345262481	550.3476561944835	601.1689055542489
113	gRNA_1406	BCL2	227.29712918306416	196.1805340910496	246.63599423265822	169.84960836899307	260.59725240518446	231.62789157170818	209.38449780977706	192.0322901836136	211.4172031058292
114	gRNA_1407	BCL2	590.4624721919656	553.2691058749434	421.02987658388656	651.7647895845917	744.34507654207	867.8237844147912	788.7551361983377	642.1419333479914	595.3638273467373
115	gRNA_1459	BCOR	1708.33079364124	1655.9285551343057	1915.642419112177	1423.7943110344877	1524.2381288220668	1922.2427564895759	1692.128771805512	1646.1940905553051	1708.5655988818296
116	gRNA_1460	BCOR	1560.7311150833737	1408.4756293716382	1898.0764291475796	1483.420708839551	1428.1425623613814	1749.157380003097	1150.936019970598	1270.2388406834243	1401.5206558415066
117	gRNA_1461	BCOR	681.9551455096927	622.6019853930653	812.6248510649342	951.8428098698657	1034.9524152898066	922.0809292890673	691.6984646041785	715.5439145326727	728.5685251406077
118	gRNA_1463	BCOR	574.0129183829247	685.6924815279997	739.6706044552099	627.6340019611325	438.54809830987836	564.4341001579631	561.0452528428103	674.495653984064	713.2755771745823
119	gRNA_1491	BCOR	1156.5056455123704	1134.1743944948726	1497.698459684233	1487.5462951106588	1356.0972584177503	1320.9108924813688	1426.495521140029	1447.4736927466638	1257.4548439819691
120	gRNA_1492	BCOR	890.3161604242098	882.660889249937	1153.5791337561514	1043.0727553366212	827.5716428839809	771.511904758446	849.1610367009963	930.5665746773197	894.7935065019373
121	gRNA_1545	BRAF	678.0021519586827	636.8443164129592	891.0387972582497	987.33842005147	899.036786986192	783.3511478836227	896.6712955233119	670.4827894090472	749.5417109225855
122	gRNA_1548	BRAF	665.8243815031526	691.8136535833584	886.2912324029531	755.9163826174572	878.7839343402517	656.0974426363249	773.5688213247761	622.9972252713491	770.5148967045632
123	gRNA_1549	BRAF	383.7591642504525	483.4513810455059	543.4379237696171	548.0024028037172	556.0040952955787	346.09811957955145	514.0440325078765	439.40867096433317	452.60883959857324
124	gRNA_1550	BRAF	491.19132769321914	506.7845616525662	451.41429165778476	879.4504469994883	847.1915938847355	870.438586577407	504.8813397350013	530.8685427365897	580.7575015342884
125	gRNA_1551	BRAF	952.9264776353651	952.8422480628611	1310.1696479000177	1341.8274743651248	1548.4993585541827	1192.495052939575	1007.8113652683719	997.0296442010346	990.1091454575326
126	gRNA_1552	BRAF	648.67349012861	664.6017104857738	922.6892296268936	949.42973110752	1120.024944763509	888.8148351091229	627.8989741856402	495.2543696333161	544.3665273947258
127	gRNA_1558	BRAF	1430.1548119790496	1651.3225246768084	1826.4673259135225	1224.2871862637594	1287.5329135226398	1195.3277552824088	1366.8531783684434	1699.1973434836514	1450.7701903116865
128	gRNA_1559	BRAF	901.7288353537381	888.9638782970391	1185.704322610325	1101.4536931353125	1027.8850135852338	1019.5549432399084	1056.6790600570394	1030.470182326174	1003.9664289206249
129	gRNA_1569	BRAF	915.1817650192716	858.1155953645879	1173.3606539865539	1218.9161399862796	1082.6837476975566	1067.710883068081	1024.4399558561825	907.9942114428505	1006.6504973391518
130	gRNA_1570	BRAF	1064.6941823921425	1098.2352357936081	1347.2797798522527	1447.76941615715	1531.2000469191087	1199.3952253131442	1029.615180477899	1082.0522123842015	1087.1725498949595
131	gRNA_1573	BRAF	130.83133494632472	138.8475760279872	129.8458987923619	189.07639721736214	256.3251663001814	216.66541253007384	184.35677218016434	189.77505386016674	189.25803360403722
132	gRNA_1583	BRCA1	1108.1133534927503	1165.083283091238	1398.3161020466912	1321.8222730127732	1128.5691169735148	1060.6654439076997	1100.6260494676815	1254.7725918005474	1286.1057138448493
133	gRNA_1588	BRCA2	701.8476291857419	627.8746781536217	982.9833032891605	916.6585646898543	1014.435853625039	867.6785176279793	822.0123173739587	735.8590414436949	641.6171924194917
134	gRNA_1590	BRCA2	2229.0420570460324	2276.8335819377667	2778.4332054814117	1932.3311998862894	1814.0543405133212	1805.0850929257108	2302.2962386806807	2410.4775894053687	2399.68200655462
135	gRNA_1591	BRCA2	1339.0446864243236	1361.2638171822875	1322.6715686856319	1384.4844795833687	1483.3104891000623	1490.291965904142	1287.3583345889615	1500.1425402937584	1608.8805462216555
136	gRNA_1592	BRCA2	522.177696496296	634.4200898563815	645.3523159966508	872.9117819660348	784.8507818339507	760.3989955673293	633.5832372947388	551.7688790648018	533.6926739163979
137	gRNA_1696	BTK	1166.9619510343964	1081.508072553222	1794.1047588165839	1086.041125556458	1005.997165022564	1082.8186288965273	1535.9387959271492	1121.8464527531178	1097.3470418070497
138	gRNA_1725	CARD11	335.4943881518327	352.5431469903106	336.0484656740775	573.0672854319555	638.2285673659455	653.8458074407391	542.8047070449569	480.7913368941933	527.2009735553095
139	gRNA_1726	CARD11	246.16948549111098	297.57380981991145	223.76855684631292	552.7507190780109	653.4182068504009	532.9112074197626	543.0592262886479	494.00034945362347	457.2903542820504
140	gRNA_1733	CARD11	881.0074981911868	816.5401099192806	1065.9074360950076	1041.2824065774612	1108.685456953933	881.1156954080878	924.0745340940405	908.9974275866048	947.9130931104582
141	gRNA_1738	CARD11	329.05483414131675	288.24053757708737	359.469785626874	392.47558450800324	366.0808599361234	341.9580161554099	301.1811050343228	272.62398706519986	325.3340604037738
142	gRNA_1817	CARD11	984.5504260434436	982.9026573644245	1348.2292928233119	998.3140363576241	902.8869386610713	1053.4021045671007	1069.3201824936914	1144.4188159875869	1036.362510530287
143	gRNA_1848	CARM1	1148.2171106473497	960.4785617160809	315.4756846344589	413.4148808651339	475.62558635700333	528.771103995621	693.7346185537062	526.855678161573	603.7905537769961
144	gRNA_1855	CASP8	920.2824018592842	1045.9931534993589	957.1882009087155	998.6254013592173	826.464065004906	839.0609606260185	1077.8889970312875	1172.3416653220784	1211.0142183218754
145	gRNA_1857	CASP8	708.0959093147575	769.0858750742723	1010.7565576926455	841.3860755547414	874.8282990578416	767.3718013343045	669.2159314114755	784.7658284517114	740.0538411640717
146	gRNA_1858	CASP8	336.8970632828362	349.3916524667596	402.276995405465	439.8030647501424	445.61550001445124	387.5717872143728	453.72297175311496	383.81377633128875	486.87752708162617
147	gRNA_1871	CBFB	1393.238952849458	1310.5974821498137	2207.696783793839	1571.6926867911727	1487.6353170088307	1573.2393011737847	1286.7644563536826	1157.2934231657657	1278.615290351286
148	gRNA_1875	CBFB	783.9041243494456	899.5698694820665	1070.9715052739907	1163.4153284523236	968.814193367908	866.2984831532655	810.0499129204828	806.585779578365	913.9565066063038
149	gRNA_1876	CBFB	374.0679542544284	305.0283064813879	453.4715697617466	516.4766963924238	529.8969024316715	379.8000141199317	320.609407302734	201.3956408586527	251.865489971072
150	gRNA_1882	CBL	565.8518994389044	515.5117772562459	853.21653057772	584.8991554924903	616.1824933919795	639.3191287595407	546.6224957003216	676.2512822356338	493.93100920473177
151	gRNA_1898	CBL	694.7067376097243	629.7534537349694	881.3854153858133	952.0763336210605	867.4444465306758	738.2458105785017	881.0607819102653	717.9683535467453	798.4167242180872
152	gRNA_1901	CBL	1338.5983807008222	1271.2644062693407	2120.2624643754602	1838.298969405197	1814.6345003547415	1417.2227721377142	1675.0759824782165	1449.480125034172	1602.7009468394656
153	gRNA_1904	CBL	370.05120274291846	365.93699871540235	305.34754627649284	346.39356427223606	400.36303238367844	344.13701795758965	500.55451259225475	386.82342476255127	350.05245793253323
154	gRNA_1905	CBL	584.9792875889519	666.3592747392926	418.4187159134734	840.2184567987676	901.9375861932928	849.1570023094514	857.9843704822835	715.4603131873598	627.6350685648399
155	gRNA_1906	CBL	728.1159089118071	638.2988523469058	943.9741453948068	825.8956667254887	916.5470658363278	813.4213727537034	705.6970230071822	728.2513190202257	842.7974834174507
156	gRNA_1925	CCND1	2226.6192545470267	2111.5619364430827	2587.1854678938803	2017.0224803195913	2153.5005895478826	2544.4204044053026	1880.3033326410412	1936.9595695533933	2369.0336904267897
157	gRNA_1928	CCND1	135.80445586533708	98.90844350836977	142.18956741613306	174.67576589368488	183.80518612266098	229.88469012996438	143.88821243329897	205.24130274304375	159.04665884666454
158	gRNA_1929	CCND1	201.47515518050008	191.69571496138087	189.66521596909905	169.9274496193913	220.09154711330393	200.75869937416164	464.836978727621	339.8394686967303	525.1411070945795
159	gRNA_1930	CCND1	997.3020181434753	867.2670506156687	226.6962218404125	398.70288453986365	411.59703658572346	453.30500824679547	523.3764047765457	380.2189184828362	374.6460150697333
160	gRNA_1953	CCND3	684.4417059691988	761.3283500932237	605.8684016167674	663.8301833963211	704.3140474840787	757.5662932244956	647.3272764540515	782.6757948188903	913.4571450400663
161	gRNA_1961	CCND3	892.1013833182142	1047.7507177528778	821.0913417235464	772.7300927034803	798.7746180280346	910.9680200979504	1349.970068536942	1154.78538280638	1377.863401641002
162	gRNA_1962	CCND3	791.4275636884644	1005.2055416849392	706.8332808727416	1021.2772052251096	954.7321317625276	1109.4750842765266	1146.1849940883662	1147.0104576922854	1157.582530734456
163	gRNA_1963	CCND3	1512.4025810242538	1693.5646724251744	1347.7545363377822	1464.427443742377	1494.8082023209347	1887.5966278349176	2155.268955575193	1967.6412632832087	2372.841322369351
164	gRNA_1972	CD79A	1012.6039286635132	981.4481214304778	1489.4693472683857	1126.3628932627541	1007.5794191355282	948.9552848492842	1053.8793483764389	891.691949106845	1044.976497547885
165	gRNA_1973	CD79A	861.3062883966378	786.2372779620594	972.4595345265863	963.518997429604	866.1786432403046	992.7532210730974	813.7828618279505	1086.5666850310956	1054.7764682852971
166	gRNA_1977	CD79A	378.21222168693873	337.93718198693006	315.9504411199885	728.4384212268731	863.3305858369691	804.5600987581723	637.9100644374853	528.0260969959528	447.92732491509605
167	gRNA_1978	CD79A	400.3362339804936	395.93680235305123	453.78807408543304	504.4891438310925	470.5096313917528	398.6120630120836	449.8203433498534	388.2446476328697	391.9988294964888
168	gRNA_1980	CD79B	315.9844522387843	300.4222760238903	233.10543439506293	249.09200127441696	296.3561953581727	323.8723011973179	228.64312058239432	247.45998212603237	311.9761385069189
169	gRNA_1981	CD79B	2481.7786124686595	2250.3489068071553	2322.1922228874087	2111.5995995534718	2038.3652319278626	2796.385646130688	2344.885792124971	2314.1688396049667	2169.2266437359835
170	gRNA_1983	CD79B	1314.4341136712624	1304.4157044305407	1532.6721874515847	913.5449146739242	857.2652784039402	1045.4850646858474	948.0841827488892	1439.2807609060044	1348.713170211884
171	gRNA_1984	CD79B	1893.9302166572006	1881.1998079042876	2473.2439113667624	1497.5878164120338	1393.491197287468	1833.5573831408597	1511.1655895412273	1889.055998689131	1876.3510851376516
172	gRNA_1985	CD79B	2303.447596949717	2488.2261376713413	2877.340806633424	1908.0447297620337	1814.8982093735688	2060.7546377148024	2335.04438136892	2776.4006778397074	2344.627393876928
173	gRNA_1989	CDC73	732.2601763443175	676.2986036212611	1101.118542105124	988.5060388074442	967.8120990963641	948.5194844888483	709.1754526709589	625.0872589041703	716.3965869635671
174	gRNA_1994	CDC73	807.5583276950043	690.6015403050695	865.3228209587264	860.8463881543054	896.5579222092149	1043.1607960968558	724.0224085529326	1020.1872168526936	995.0403409241285
175	gRNA_1995	CDC73	734.5554629223232	705.0862939806212	907.3387699281012	638.9209832688795	733.3747813588525	634.0895244343094	731.2337871241768	832.5021966253481	811.1504441571451
176	gRNA_1996	CDC73	363.802922613903	380.96720336618404	388.9838138106345	529.631867709729	508.9056645330146	399.6289305197675	500.2151536006667	434.4761915908751	405.4191715891233
177	gRNA_2011	CDH1	930.4199175788093	903.3274206447619	398.71632176399254	541.3858965198656	723.0373878208204	626.3177513398682	492.9189352815255	721.2288060139464	619.1459219388012
178	gRNA_2012	CDH1	686.2269288632032	703.0863070714447	656.9047238112058	770.8619026939222	815.9157042518123	868.2595847752273	739.8874414096701	796.2192127595717	779.37856450528
179	gRNA_2043	CDK12	932.7789621173151	952.539219743289	1322.829820847475	1166.9181847202453	920.0280248848487	958.5428927788752	675.6637522516469	1048.0264648418722	1066.8859862665583
180	gRNA_2044	CDK12	290.03496231521984	438.5425840849042	419.2891028036111	419.7978633977908	323.5182242973895	308.6192885820596	346.48553041131663	360.1545956077525	351.8002234143647
181	gRNA_2105	CDK8	173.0391047974295	200.05929658157388	212.3744011936011	349.97426179055583	311.38760943133155	266.4192870131783	310.9376760424769	228.31527404938998	196.37393592292253
182	gRNA_2133	CHEK2	1029.4997881960553	1014.7812365834212	1296.7182141433439	1116.4770544621756	1120.8688136237563	1179.3484087330905	1048.2799250152373	1239.3899442629831	1156.3965470146418
183	gRNA_2134	CHEK2	446.815787185109	391.02774357598145	548.9767494341298	511.72838011813036	588.8622390414662	522.3793653758938	577.5890036827238	438.90706289245605	474.83042929614487
184	gRNA_2135	CHEK2	595.6906249529785	478.8453505880083	812.0709684984829	607.8623243599757	619.6107106367349	631.1841886980696	605.5012807408343	579.7753297446062	572.830136670267
185	gRNA_2154	CIC	1674.6665904971567	1671.6254220881463	1840.7100204794122	1483.965597592339	1278.3558396674482	1488.5487644623981	1446.9419003832043	1409.769486010569	1766.8036415442855
186	gRNA_2202	CIC	1398.6583794919713	1292.5975999672246	1575.9541537157054	1538.6879966223123	1282.6806675762166	1319.530858006655	1229.8369855148007	909.3318329678561	1106.959751957123
187	gRNA_2203	CIC	861.4975622781383	934.7817602163574	1174.15191479577	1190.659766091713	1276.9318109657804	1127.9239662016482	1150.511821231113	878.9009432739791	865.3311740939209
188	gRNA_2215	CREBBP	647.3983309186068	552.117598260569	479.66230254679954	552.6728778276126	692.6581088519101	531.0953725846127	479.1748961222127	453.5372983222046	419.9630772057924
189	gRNA_2234	CREBBP	2335.199061278796	2311.3788103689985	1225.3464891520518	1767.6191140435812	1417.8579106271147	1623.5742428041372	1539.077866599338	1867.6540542890416	1915.2388671084018
190	gRNA_2240	CREBBP	1456.1680598631142	1218.3556616720327	1134.430622173122	1045.2523103477722	1051.4605998683985	1002.6313625763122	814.3767400632294	768.2963634250802	809.9020402415512
191	gRNA_2265	CREBBP	373.876680372928	369.45212722243997	374.97849748750957	432.0967809607152	508.9056645330146	591.0905555379621	468.0608891477067	561.9682431929695	530.4468237358536
192	gRNA_2268	CREBBP	290.09872027572	279.149687989921	343.4863172807088	267.9295838707947	255.3230720286375	232.28159211236212	195.8101381462583	201.81364758521693	209.8566982113368
193	gRNA_2269	CREBBP	613.8616436955236	492.9664702800733	437.4881014155814	612.4549581334726	691.8142399916626	541.2640476614516	594.8963122537102	556.1161490210701	556.2887847886477
194	gRNA_2270	CREBBP	564.0666765449	613.5717414698134	661.8896669092672	673.7938634472978	701.5714736882744	580.1955465270634	637.8252246895883	572.4184113570756	650.2311794370896
195	gRNA_2281	CREBBP	1584.959140073434	1673.625408997323	2123.7440119360112	1810.821008014613	1779.9303934770624	2092.059630272785	1632.1470700423386	1622.7021125223948	1466.5000796481697
196	gRNA_2284	CREBBP	1059.5297875916297	1236.2949381907076	1192.034409084054	1243.3582926113318	1356.2554838290464	1383.8114111709576	1749.9046401233638	1707.0558699430592	1262.5108798401245
197	gRNA_2285	CREBBP	1115.5730348712689	1278.5976916029883	1397.2874629947103	1194.1626223596345	1233.6835318780957	1287.3542647278005	1237.048364086045	1449.8981317607363	1426.488734153385
198	gRNA_2292	CREBBP	1480.3323268926742	1525.8081947099984	1862.2323144900902	1447.5358924059556	1346.5509919362003	1224.7442796118355	1561.7300792878348	1855.949865945243	1712.9974327821878
199	gRNA_2293	CREBBP	1867.5344210101352	1824.2910894886263	2412.158576895279	1874.4951508403858	1833.779775121607	1900.3801050743723	1778.8349941562383	2085.6027615196385	2038.3939133817416
200	gRNA_2294	CREBBP	1462.54385591313	1355.8699130939021	2010.1980858135007	1621.822452047649	1467.540689774187	1481.6485920888288	1016.5498593017621	1242.733998075497	1165.2602148153587
201	gRNA_2297	CREBBP	2118.358237617758	2282.9547539931255	2183.800707355513	2266.659370346796	2279.8172095661816	2422.904737237078	3086.300348996787	3032.0535918063993	2995.7948762507135
202	gRNA_2298	CREBBP	821.4575630840388	739.5709167479389	894.1247144141925	808.4592266362795	862.0120407428324	742.3132806092373	993.3886081258833	963.8399101118335	963.143620880704
203	gRNA_2316	CREBBP	467.98343007116154	542.117663714686	611.4863533622016	650.986377080609	643.2390387236652	552.2316900657564	629.1715704040952	486.6434310660927	453.48272233948893
204	gRNA_2326	CREBBP	768.8572456714084	671.4501505081057	814.7612552498177	908.4073921476393	850.0923930918364	871.8912544455269	1174.8608288775497	826.482899762823	903.7195944984337
205	gRNA_2384	CSF3R	305.2093569142575	301.0889383269492	290.9465995487598	560.9240503698277	581.636611925597	606.6341017268444	581.9158308254704	437.4858400221376	417.4038491788249
206	gRNA_2385	CSF3R	825.0280088720477	880.6609023407603	772.507928037678	1353.815026926456	1450.2941199428785	1470.02724914387	990.8434156889734	1411.357911571513	1334.5437857698932
207	gRNA_2386	CSF3R	681.9551455096927	719.8740759757451	786.7506226035678	798.7290703364976	836.6959749354071	821.9921131756104	1073.986368628026	1182.6246307955587	1027.7485235126892
208	gRNA_2387	CSF3R	953.9466050033677	1001.2661735305005	1147.6446776870307	1177.6602772752044	1181.0999535239225	1186.6117480736898	1372.7071209733358	1125.4413106015702	1187.0448631424724
209	gRNA_2388	CSF3R	559.4123454283884	597.4506348685718	570.419917363886	1332.5643655677325	1559.8915881675239	1147.2444488476422	1280.06211626982	910.6694544928616	832.4357309180212
210	gRNA_2398	CTCF	28.05350262006963	33.51493214468657	34.26159303905711	38.29789519594161	28.90250846347725	36.09879652277798	48.019297309697656	49.15759104395508	46.19094487697479
211	gRNA_2399	CTCF	1768.6458242743897	1622.0499890061326	1176.6839493852615	1274.8839990226254	1290.1700037109133	1109.8382512435562	947.1509455220223	1044.5988096840454	1031.1816342805723
212	gRNA_2401	CTCF	132.36152599832852	119.93860888668124	148.28227564709704	132.64149067862704	175.47198112771682	196.98176291705005	236.78773638050558	255.7365153120044	215.22483504839062
213	gRNA_2415	CTCF	926.7857138303003	968.2360866971295	1460.430075570155	1350.0008056569416	1081.94536244484	1455.9363708231078	917.966072245457	1053.1261469059561	1056.8987549418068
214	gRNA_2416	CTCF	3945.3425957497925	4046.8826022229678	3286.106140674461	3052.2332693659882	2674.5896107507206	2713.4383108610455	3022.75537782194	3594.2726390353073	3431.924784163447
215	gRNA_2417	CTCF	2284.2564508391697	2264.2276038435625	1278.440089450452	1754.5417839766744	1642.01057663036	1853.9673666879435	1948.684169446017	1958.695919334734	1886.4631568539621
216	gRNA_2440	CTCF	923.2152680422914	971.0239472371939	1233.2590972442126	710.3014098840796	745.8218470475032	661.9807475022103	573.8560547752561	752.4121078156389	677.3215444054775
217	gRNA_2441	CTCF	955.2217642133709	1090.9019504599605	833.9888929137688	1304.385832923564	1497.9199687430973	1230.7002178711268	1295.7574696307638	1326.75335011491	1431.1078286410825
218	gRNA_2445	CTNNB1	1039.3185141130796	850.7823100309404	1217.2756288980474	1292.4761216126308	1358.5233813909617	1299.919841787037	1145.9304748446755	992.1807661728893	1033.2415007413022
219	gRNA_2446	CTNNB1	480.67126421069304	501.7542915476675	736.6638133801887	840.5298218003608	664.8631782675077	800.0568283670008	481.2110500717405	581.4473566508633	593.1791204944478
220	gRNA_2457	CTNNB1	1108.8784490187522	1156.053039167986	1271.6352464911934	852.3616918608956	760.1148758679456	745.436516525695	988.6375822436517	1081.885009693576	852.3477733717442
221	gRNA_2458	CTNNB1	315.0280828312819	294.05868131287383	399.6658347350519	347.7168655290064	332.74803995634664	261.1170492945409	368.37418536874065	219.28632875560234	249.0565811609857
222	gRNA_2466	CTNNB1	1358.682138258372	1373.384949965176	1556.726516051754	1283.2130128152385	1217.544539925862	1366.0162297864897	1454.3229584502424	1588.9271690160037	1324.8062352282607
223	gRNA_2472	CTNNB1	265.6794214041594	253.21046383453975	351.4780514537914	279.8392951817278	325.7333800555392	330.6998401774811	193.94366369252447	288.6754453652668	226.52289048451556
224	gRNA_2473	CTNNB1	386.1182087889584	364.240040125798	496.75353602586733	315.7241116153235	359.17168364284686	358.51842985197607	226.7766461286605	239.6014556666246	266.28455519618166
225	gRNA_2474	CTNNB1	91.81146312022788	87.09033904505353	104.44642681652513	191.25595222851325	221.3573504036752	209.54733997628665	157.54741184471476	120.05153186925084	152.4301180940168
226	gRNA_2494	CTNNB1	590.0799244289645	637.6927957077614	717.3570496353158	393.40967951278225	426.10103262122755	446.4048358732262	501.3180703233276	502.69488936615966	486.87752708162617
227	gRNA_2521	CUL3	438.3997363990881	377.6338918508897	562.6655614335683	558.5109716074818	621.6148991798227	410.8871064976962	537.0356041879614	506.4569499052379	651.1050621780054
228	gRNA_2526	CUL3	638.599732369585	585.6325304052555	718.7813190919047	727.1929612205009	784.323363796296	676.1442592163787	928.3165214888901	665.7175127262149	826.3185517316111
229	gRNA_2527	CUL3	400.01744417799284	344.0583540422887	439.3871273577	473.11911992059567	448.93823365167583	446.8406362336622	554.0883935152569	407.2221530188864	514.9041949867094
230	gRNA_2568	DAXX	1053.536539304615	1267.9917004179608	1258.500317058206	1675.2993910712505	1642.801703686842	1893.625199487615	1493.179562987065	1759.5575147995282	1689.3401785816834
231	gRNA_2569	DAXX	946.8694713878501	1040.5992494109735	331.4591529806241	1081.759856784554	953.3608448646255	1151.5298190585959	1081.621945938755	1055.7177886106542	1109.206879005192
232	gRNA_2620	DICER1	2143.797663857321	2005.0777849454078	2883.5917670262315	2156.4361597828665	2332.9282059580096	2036.059283956765	2175.630495070471	2018.387279888108	2121.100672789838
233	gRNA_2645	DIS3	141.67018823135163	154.0595976705122	218.30885726272183	154.9819295429263	175.36649752018587	137.85818068457263	256.13119890101984	200.97763413208844	178.33449934259048
234	gRNA_2648	DIS3	690.562470177214	668.4804729762981	720.6803450340234	826.5962379790731	791.970925342289	726.551834240137	736.1544925022025	686.4506463638013	642.4910751604075
235	gRNA_2649	DIS3	1534.8453831203096	1647.9892131615138	1686.3350366013512	1676.4670098272243	1743.9604833090123	1708.9184800561775	1626.208287689549	1686.4899389960983	1778.975579721326
236	gRNA_2657	DIS3	936.4769238263243	964.0542958870329	977.1279733009612	980.4883900164238	985.5860869653274	1104.971813885355	906.1733472877751	1105.2933863811736	1087.0477095033998
237	gRNA_2658	DIS3	876.4806829956755	851.3883666700848	335.73196135039103	529.8653914609238	627.943915631679	559.7129295865736	517.9466609111381	529.2801171756456	513.6557910711156
238	gRNA_2671	DNMT1	131.9789782353276	152.42324474482228	189.42783772633422	218.0333423655131	312.81163813299924	260.318081967075	326.1239909160385	197.1319722476974	181.0809879568971
239	gRNA_2679	DNMT3A	847.3432950471032	992.5995635907353	601.5164671660788	840.2184567987676	811.063458305389	728.8761028291289	1484.6107484494687	1233.955856817648	1114.4501754506862
240	gRNA_2683	DNMT3A	829.2997922255583	892.3577954762478	736.189056894659	917.0477709418457	983.1072221883502	909.8058858034547	1250.8772429932549	1046.3544379356154	1174.810504769652
241	gRNA_2684	DNMT3A	472.70151914817325	532.3601518244608	457.42787380782715	527.9972014513656	611.9631490907419	537.9955449581821	686.9474387219469	627.7625019541815	653.6018700091932
242	gRNA_2691	DNMT3A	2753.451282159834	2927.253567067561	1833.1139167109377	1234.9514375683202	1523.605227176881	1416.859605170684	1534.7510394565911	1764.4899941729864	1770.424012899508
243	gRNA_2692	DNMT3A	1905.7891973102303	2159.622227927235	2299.403911581985	1716.866618783919	1625.9243264818917	1644.4200267116566	1845.0948372637893	2021.4805296646832	2107.9300114803223
244	gRNA_2693	DNMT3A	1427.1581878355423	1578.2926996599053	2335.5645305631606	1644.7856209151344	1641.1139659663468	1905.3918092193858	1557.91229063247	1910.541544434533	1680.4140905851868
245	gRNA_2694	DNMT3A	1338.2795908983214	1599.7471046856178	1930.2807440826748	1674.6766610680643	1751.5025612474744	1709.4269138100194	1656.6657571845692	1635.9947264271377	1610.2537905288088
246	gRNA_2696	DNMT3A	1035.49303648307	890.1759915753279	760.7972680612796	688.8172247741611	663.9138257997294	727.350801567603	653.9447767900169	605.0229360290866	719.704857339891
247	gRNA_2697	DNMT3A	1008.0771134680019	1055.8112710534986	1547.3105124220824	1372.8082920236304	1184.73913798374	1345.7515130262182	1264.1970834130827	1381.3450286042003	1275.931221932759
248	gRNA_2698	DNMT3A	2495.996637660195	2534.9531045493763	2209.595809735958	1851.6098232232987	1715.7436182944862	1476.4916211570035	1893.1141345734868	2019.1396919959238	1983.6514016829485
249	gRNA_2702	DNMT3A	262.23649153715087	258.96800190641176	290.3135909013869	330.43610794059373	363.91844598173907	324.38073495115987	303.6414577233355	274.12881128083114	255.73554210941313
250	gRNA_2703	DNMT3A	608.0596692900092	563.5720687403985	256.0519978623298	624.9873994475918	699.830994164014	822.1373799624224	521.1705713312239	485.80741761296423	489.99853687061096
251	gRNA_2723	DNMT3A	1034.4091511545673	1117.3866255905718	1023.8914871256327	895.9527920839186	1007.5794191355282	1120.370093287425	1783.7556995342638	1578.8114062331492	1529.6693177772217
252	gRNA_2724	DNMT3A	600.2174401484897	748.1163153598752	542.3301586367146	755.3714938646694	900.6190410991561	1025.8740484662296	1002.6361406466552	838.3542907972476	808.2166949554993
253	gRNA_2739	DNMT3A	1820.6085620820188	1646.1710432440805	2270.0481355600677	1613.7269620062305	1706.3028354204673	2077.4603181981806	1624.5114927316092	1815.5704161591368	1824.4799024447243
254	gRNA_2747	DNMT3A	384.58801773695455	432.42141202954554	284.22088267042295	677.1410372144229	908.2666026451491	883.3673306036736	695.5162532595431	581.7817620321147	586.0632181755625
255	gRNA_2748	DNMT3A	206.83082386251337	251.45289958102094	195.12491555269014	244.42152625052165	285.54412558625154	301.28331584805443	176.80603461733202	142.37309106778147	133.01743720653144
256	gRNA_2775	DNMT3A	1566.0230258048869	1587.2017322553284	709.9191980286844	1512.2219714869057	1535.2611658090498	1532.2014338993993	1507.3478008858626	1665.3387986319476	1604.8232334959755
257	gRNA_2776	DNMT3A	940.4936753378342	1148.113697195194	1200.342647580823	1028.438600261749	886.7479467088376	1273.336019800444	806.6563230046031	1169.6664222720672	998.4734516920118
258	gRNA_2777	DNMT3A	614.7542551425258	537.9358729045895	621.8518699629326	760.8982226429455	822.9831059563851	647.5993356078238	558.6697399016945	504.5341189630424	517.7131037967957
259	gRNA_2778	DNMT3A	581.9826634454445	671.6925731637635	606.2640320213754	837.6496955356253	725.1470599714393	871.092287118061	988.9769412352397	847.466837436348	786.4320466283856
260	gRNA_2784	DNMT3A	526.194448007806	491.9361739935278	441.2861532998187	650.675012079016	852.2548070462207	746.8165510004088	735.0515757795416	570.4955804148801	741.1774046881062
261	gRNA_2785	DNMT3A	428.4534945610634	508.4815202421705	383.9988707125731	629.7357157218854	729.3136624689113	745.9449502795369	800.2933419123286	500.93926111458984	817.954245497132
262	gRNA_2794	DNMT3A	1334.2628393868117	1453.142003676582	1408.206862161892	1150.0266333838238	1306.3617374669125	1252.8534028599543	1448.214496601659	1424.8177281668818	1393.9678121521636
263	gRNA_2802	DNMT3A	2119.7609127487613	2105.0771304042373	1990.337439502177	1512.7668602396934	1287.6383971301707	1323.1625276769546	1198.2765992971197	1249.338504355212	1321.7476456350557
264	gRNA_2803	DNMT3A	1493.0839189927058	1618.0500151877793	2184.5919681647288	1528.3351103193447	1386.8457300130187	1383.012443843492	1549.7676748343588	1624.2905380833388	1411.0709457958
265	gRNA_2810	DNMT3A	693.2403045182207	761.9950123962825	607.8465536398076	924.5983722304763	935.3231479768349	1085.651331239361	942.5695991355848	1073.1904697810396	1053.5904845654832
266	gRNA_2842	DOT1L	1072.9827172571631	1205.0224156108554	898.1601445411945	1321.8222730127732	1681.0395114168075	1533.508834980707	1584.8064907158168	1705.885451108679	1831.2212835889316
267	gRNA_2891	DROSHA	679.2135532081858	707.0256752258833	698.3667902141294	769.7721251883466	740.1257322408326	748.6323858355586	730.130870401516	595.4923826634217	590.6823126632601
268	gRNA_2892	DROSHA	406.83954595150976	338.6038442899889	454.0254523281979	489.3101000034328	475.62558635700333	473.64235840047326	426.15005368659246	442.7527247768471	460.661044854154
269	gRNA_2914	DROSHA	425.96693410155723	438.30016142924643	461.70068217759405	481.21460996201426	520.4033777538868	426.4306526865785	571.3957020862433	517.3251247959082	637.8719806727099
270	gRNA_2917	DTX1	580.0061666699396	470.11813498432855	165.05700480247836	288.8688802279254	327.57934318733066	381.0347818078335	201.4095615074598	331.73013820138397	288.19404391485483
271	gRNA_2918	DTX1	1450.5573593391002	1306.4156913397173	1275.2750462135875	920.7841509609619	906.2096722982959	1256.8482394972839	1374.6584351749668	1452.0717667388703	1278.178348980828
272	gRNA_2947	EED	760.5049528458875	694.1166688121072	955.6056792902834	749.6890825855968	848.9320734089961	832.4513218260732	525.1580394823825	660.4506279715054	684.9368082906005
273	gRNA_2949	EED	1097.465774089224	1125.083544907706	1618.2866070087666	1408.9266322084209	1390.90684890296	1039.311226246338	967.9366837567856	1193.492805686229	1194.5977068318155
274	gRNA_2950	EED	303.3603760597529	296.7253305251093	458.2191346170432	492.8129562713543	591.0246529958505	464.27265065110026	376.9429999063369	361.4922171327581	393.9338555656593
275	gRNA_2951	EED	566.4894790439059	473.87568614702406	603.8111235128056	637.0527932593213	603.1552678619084	728.5129358620989	601.2592933459846	555.4473382585672	571.5817327546732
276	gRNA_2952	EED	267.4008863376637	195.69568877973407	271.6398358038869	289.49161023111145	416.29105712085027	349.802422643257	221.09238301956202	183.2541489257645	179.27080227928593
277	gRNA_2956	EED	507.258333739259	488.1786228308324	831.4568583242774	555.864369093941	517.7662875656135	478.07299539823873	429.5436436024722	402.54047768136684	462.90817190222305
278	gRNA_2957	EED	890.7624661477108	1000.5389055635272	1233.4173494060558	934.4063697806565	770.3467857984466	997.9101920049229	674.136636789501	912.5922854350573	955.4035166040218
279	gRNA_2963	EGFR	807.9408754580053	785.8736439785727	1126.2015097572744	885.5220645305523	910.6399838145953	845.8884996061818	833.6353628358466	796.7208208314488	839.4267928453472
280	gRNA_2971	EGFR	2326.3367047692736	2087.9257275164505	1895.0696380725583	1668.449361036204	1519.6495918944709	1642.386291696289	1568.941457859079	1506.2454385015965	1854.7536973978767
281	gRNA_2975	EGFR	455.16808001062975	448.42130730295827	446.58760072156656	512.2732688709181	663.0172151357162	561.8192979953475	531.266501330966	480.70773554888046	577.3243907664051
282	gRNA_2981	EGFR	1094.724181787717	1121.8108390563261	1268.3119510924857	1064.1677341945483	1145.0245597483413	1081.8743947822495	1104.0196393835613	1396.0588653792618	1484.726776815841
283	gRNA_3011	EGFR	869.9773710246593	858.7216520037324	676.3697397179218	1097.950836867391	1098.137096200839	1263.4578782972292	1303.4778866893903	1293.9816227522733	1405.141027196729
284	gRNA_3012	EGFR	877.9471160871791	813.0855870761573	402.91000405283785	990.7634350689934	1216.542445654318	961.3755951217089	861.632479641854	593.151544994662	613.7777851017474
285	gRNA_3021	EGFR	1066.861953049148	1074.4172098752322	1468.4218097432374	1387.1310820969093	1407.995193322972	1228.1580491019172	1273.6142954296488	1210.2966760941117	1112.639989773075
286	gRNA_3025	EIF1AX	920.6649496222851	773.8737225235132	1252.5658609890856	1063.1557979393708	1065.9118541001374	949.6089853899382	1135.8345448449334	932.7402096554538	1112.452729185736
287	gRNA_3026	EIF1AX	1886.5980511996825	1915.1995853602898	2751.7677162108293	2218.086430098285	1908.3566856459804	2039.8362204138766	1651.6602120586465	1804.2842345419022	1984.4628642280843
288	gRNA_3030	EIF1AX	1442.1413085530794	1593.5047213024302	1750.9019186333849	1895.7458121991094	1473.4477717959196	1592.9229507868085	2122.605652634851	2389.9116584584076	1988.2080759748662
289	gRNA_3031	EIF1AX	730.6024693713133	826.6612557929924	797.9865260944364	1114.453181951821	1026.671952098628	1054.4916054681903	1463.4008114752207	1149.9365047782348	1228.367032748631
290	gRNA_3032	EIF1AX	572.9927910149222	656.7835798408107	693.381847116068	795.7711028213639	735.9591297433604	655.4437420956709	719.86526090598	694.0583687872705	651.791684331582
291	gRNA_3033	EIF1AX	571.8451477259193	585.8143473969989	712.5303586990976	598.521374312185	537.0697877437752	485.69950170586793	638.8433016643522	608.1997871509749	560.4709379058874
292	gRNA_3034	EIF1AX	722.5689663482934	676.2379979573467	915.9635127485568	811.1058291498202	820.7679501982353	829.5459860898336	1173.5882326590947	940.4315334242359	1003.6543279417266
293	gRNA_3046	ELF3	475.06056368667913	585.2082907578545	637.9144643900195	698.3138573227483	538.7047836605049	582.7377152962731	541.701790322296	676.1676808903209	756.7200334372504
294	gRNA_3047	ELF3	70.13375655017407	106.05991185027395	63.45911689913118	164.63424459230995	142.29738655923654	131.0306417044094	117.92724957681934	159.17696147566406	101.24555755466636
295	gRNA_3048	ELF3	348.56477005436517	398.2398175818	493.6676188699244	395.9784407759247	334.11932685424887	359.026863605818	315.9432211683994	379.71731041095916	414.2828393898401
296	gRNA_3056	EP300	662.6364834781447	569.3296068122706	799.4107955510253	726.8815962189079	692.4998834406136	658.1311776516927	613.3913772952545	561.6338378117181	587.6861432658346
297	gRNA_3060	EP300	538.244702542336	558.3599816437566	709.9191980286844	903.8925996245406	814.1752247275516	650.7952049176874	636.2132694795455	732.8493930124323	654.1636517712105
298	gRNA_3061	EP300	583.1940646949475	521.3299209920323	570.6572956066509	564.5825891385457	530.0551278429679	412.41240775922205	485.2833579707961	482.2961611098246	516.7143806643206
299	gRNA_3084	EP300	311.9677007272743	267.0285552070326	115.12844774094248	419.3308158954013	491.4481274866442	461.80311527529653	253.4163269683161	240.6882731556916	205.30002391941903
300	gRNA_3085	EP300	540.0299254363404	586.5416153639721	233.50106479967098	619.0714644173244	628.5240754730992	553.7569913272823	627.4747754461553	410.14820010483606	441.6853053371265
301	gRNA_3086	EP300	680.9350181416901	657.9956931190997	272.74760093678947	770.7840614435239	735.5899371170023	729.8929703368126	709.0057731751649	656.3541620511756	689.555902778298
302	gRNA_3089	EP300	1561.1136628463746	1708.6554827398706	2340.865977984909	2113.856995815021	1874.1799968059563	1739.8603056471302	1574.2015222286927	1753.036609865126	1800.4481270695417
303	gRNA_3106	EP300	448.53725211861325	380.72478071052626	491.2147103613546	472.8077549190027	512.6503326003628	507.41688633425946	639.7765388912192	517.2415234505953	432.13501538283305
304	gRNA_3107	EP300	740.3574373278375	616.66263032945	284.7747652368742	735.8333400147073	889.6487459159384	719.7969286533797	680.5844576296724	569.993972343003	530.8213449105319
305	gRNA_3114	EP300	2069.1370921116354	2055.683514313967	3043.426450487884	1956.6176700105452	1539.111317483929	1631.5639160787962	1738.366434409373	1770.17488565426	1777.5399152183934
306	gRNA_3115	EP300	896.436924632225	918.842470606859	927.3576684012686	808.303544135483	828.1518027254011	895.2065737288503	919.2386684639118	995.8592253666545	1114.9495370169238
307	gRNA_3142	EPHA3	948.463420400354	849.3883797609083	1416.7524789014262	947.0944935955722	944.1310292056684	967.8399671348421	988.4679027478576	1085.730671577967	1004.0288491164047
308	gRNA_3143	EPHA3	693.2403045182207	720.2983156231462	667.6658708165447	1102.543470640888	1087.4832518402143	992.4626874994733	974.2148251011629	908.5794208600405	1055.837611613552
309	gRNA_3220	EPHA3	707.0120239862548	616.5414190016211	817.1350376774659	723.3787399509864	731.0541419931718	763.8127650574108	803.4324125845174	708.688604217019	703.7877074160685
310	gRNA_3221	EPHA3	837.5245691300787	731.6315747751469	1106.7364938505584	842.164488058724	813.542323082366	605.1814338587245	672.6095213273552	827.3189132159515	733.437300411424
311	gRNA_3224	EPHA5	866.4706831971506	1026.962975030224	1030.2215735993616	979.398612510848	1047.8741572123467	891.5022706651447	1222.6256069435565	1319.9816411445693	1250.900723425101
312	gRNA_3225	EPHA5	327.2696112473123	309.63433693888544	312.07326315482965	455.60483858098826	298.57135111632243	280.0743649735048	307.5440861265972	322.6175915622834	313.78632418453003
313	gRNA_3249	EPHA5	810.0448881545105	876.1154775471773	908.6839133037686	956.6689673945576	990.2801075004542	1071.9236198856286	1045.4802133346366	975.8785038368837	954.7793146462247
314	gRNA_3250	EPHA5	872.0176257606643	1030.781131856834	947.0600625507495	1234.173025064338	1060.954124546183	1153.9993544343993	1299.8297775298195	1382.6826501292057	1517.7470603833
315	gRNA_3251	EPHA5	1531.8487589768022	1459.1419644041118	1571.364841022252	1898.314573462252	1942.691599897301	2022.8400063568747	2010.4475059150273	1848.3421435217736	1851.3205866299936
316	gRNA_3283	EPHA5	982.9564770309396	1126.9623204890538	1159.8300941489588	1041.515930328656	1010.0582839125051	856.7108752236745	1401.6374750062103	1274.0009012225023	1258.890508484902
317	gRNA_3313	EPHA7	966.7619550638994	941.448383246946	1355.4297661871783	1183.8097360566667	1084.2132600067553	1075.7731897361462	1141.7733271977227	931.2353854398225	1164.8232734449007
318	gRNA_3314	EPHA7	697.7033617532317	599.8748614251494	1041.2200988474654	840.1406155483694	904.4691927740353	940.7477113944071	666.9252582182568	563.7238714445393	630.9433389411637
319	gRNA_3340	EPHA7	1066.479405286147	1325.2034471531942	1909.7870891239777	1361.9883582182729	1070.0784565976094	1339.9408415537387	795.202957038509	1281.1070155740947	1264.882847279753
320	gRNA_3341	EPHA7	1520.8186318102746	1464.7176854842405	2311.4310758820698	1909.0566660172112	1687.3685278686635	1801.2355230751934	1656.8354366803633	1700.03335693678	1490.656695414912
321	gRNA_3383	EPHA7	946.4869236248492	872.4791377123107	1106.024359122264	970.4468687150488	921.7157626053438	967.9126005282482	803.9414510718993	781.7561800204488	1024.440253136365
322	gRNA_3415	EPHB1	1444.8829008545863	1305.6278177088298	1826.388199832601	1674.209613565675	1655.0905439641963	1648.0516963819564	1556.3003354224272	1288.714737997564	1351.459658826191
323	gRNA_3416	EPHB1	820.0548879530354	766.2374088702934	962.173144006777	896.9647283390958	855.8412497022725	828.8922855491796	930.182995942624	858.6694177082697	718.456453424297
324	gRNA_3469	ERBB2	952.7352037538648	880.8427193325037	1077.6972221523274	851.583279356913	730.2102731329243	872.9081219532108	894.7199813216811	1062.9911056528722	1038.6096375783561
325	gRNA_3470	ERBB2	603.5966120549981	627.9352838175363	634.9076733149983	676.8296722128298	674.1984775339959	586.5146517533847	527.6183921713953	667.0551342512204	505.166644445077
326	gRNA_3471	ERBB2	1079.5497871886794	992.3571409350775	912.9567216735356	1123.2492432468239	1013.4865011572607	1185.0138134187578	1151.0208597184949	1346.2324635728037	1300.2126780910605
327	gRNA_3502	ERBB2	1358.682138258372	1494.4750664662317	1399.977749746045	1606.8769319711841	1762.0509220005683	2025.5274419128962	1807.1714699538336	1456.75344207639	1541.1546338006858
328	gRNA_3503	ERBB2	495.2080792047291	485.6331849464258	431.23714102277427	639.5437132720656	622.6697352551321	672.3673227592672	679.3118614112176	634.2834068885836	684.187765941244
329	gRNA_3510	ERBB2	178.90483716344403	184.90788060296333	141.16092836415214	288.4018327255359	199.68046905606727	187.24888820064714	238.9935698258274	211.09339691494316	218.4706852289348
330	gRNA_3511	ERBB2	605.1268031070019	620.7232098117175	621.9309960438542	902.1022508653807	773.4058104168438	720.1600956204097	799.8691431728437	795.0487939251918	728.5685251406077
331	gRNA_3515	ERBB2	1472.4900977511547	1600.3531613247621	1733.652432992474	1205.3717624169833	1166.648699292184	1336.0186383098153	1215.2445488765181	1571.120082464367	1262.2611990570056
332	gRNA_3516	ERBB3	782.7564810604428	777.4494566944653	821.0913417235464	727.4264849716957	808.6900771359428	844.2179315578439	953.5987663621938	1060.7338693294253	1036.1128297471682
333	gRNA_3517	ERBB3	768.5384558689076	803.3280751859321	786.1176139561949	1054.8267841467575	998.9825051217565	972.8516712798555	731.4034666199709	926.7209127929287	891.2979755382743
334	gRNA_3518	ERBB3	1438.5071048045702	1472.8994501126901	934.3207635223703	801.1421490988436	681.5823300611614	851.4086375050372	688.7290734277838	879.8205580724206	935.4914741502989
335	gRNA_3522	ERBB3	1151.9150723563591	1119.5078238275773	322.6761579983254	758.4851438805996	920.8191519413308	855.5487409291787	916.1844375396203	851.2288979754262	864.1451903741067
336	gRNA_3523	ERBB3	755.4680739663751	693.2075838533905	319.2737365186961	663.8301833963211	727.362215729589	596.9012270104415	741.414556871816	566.9843239117404	560.1588369269888
337	gRNA_3524	ERBB3	512.869034263273	492.9664702800733	412.64251200619594	614.5566718942255	581.636611925597	639.1738619727288	551.7128805741412	556.7849597835728	543.8047456327087
338	gRNA_3525	ERBB3	511.5938750532698	505.6330540381918	433.0570408839713	728.1270562252801	838.8056470860259	607.6509692345282	678.6331434280416	633.3637920901424	650.5432804159881
339	gRNA_3543	ERBB3	1677.1531509566628	1588.7168738531893	1619.3943721416692	1768.397526547564	1808.6219347254778	2046.591126000634	1846.876471969626	1779.538236329299	1782.9080520554471
340	gRNA_3544	ERBB3	1553.0164018628545	1633.9286991333631	1669.56030744597	1656.1504434732797	1597.8129450748966	1720.1040226407004	1614.33072298397	1550.9721582439706	1702.6981004785382
341	gRNA_3545	ERBB3	875.8431033906738	955.6301086029256	660.5445235335998	868.5526719437327	845.4511143604751	763.086431123351	711.2116066204867	740.289912745276	708.5316422953255
342	gRNA_3569	ERBB3	840.2024034710854	786.3584892898882	1045.8094115409187	807.5251316315005	770.9269456398667	1014.615872488301	823.1152340966196	849.0552629972922	814.645975120808
343	gRNA_3570	ERBB3	620.3649556665397	579.6325696777258	599.3009369002737	698.8587460755361	869.5013768775291	915.180756915498	848.2277994741293	743.2159598312256	663.089739767707
344	gRNA_3571	ERBB3	586.3819627199554	504.6027577516462	501.26372263839903	651.2199008318038	773.089359594251	765.6285998925607	758.1279872075235	639.9682983698574	694.8616194195721
345	gRNA_3572	ERBB3	781.1625320479388	810.3583322000073	854.245169629701	1061.6768141818038	1175.4038387172518	1316.2623553033854	934.7643423290615	1318.8112223101894	1276.742684477895
346	gRNA_3577	ERBB3	794.1691559899712	763.6313653219725	694.8852426535785	897.7431408430783	964.6475908704359	936.4623411834536	1178.9331367766056	1036.3222764980735	1206.5199642257373
347	gRNA_3578	ERBB3	943.2990255998412	985.448095248831	681.4338088969049	1434.614244839845	1653.0863554211085	1415.7701042695942	1333.2566382012344	1283.2806505522287	1504.7636596611233
348	gRNA_3579	ERBB3	176.864582427439	210.6652877666013	135.0682201331882	231.9669261868008	258.3293548432693	305.5686860590079	372.8706920072813	289.09345209183107	277.707451023866
349	gRNA_3580	ERBB3	951.5875604648619	1000.1146659161261	361.7644419736007	945.3819860868106	927.0426847856562	867.8964178081973	1162.389385936692	879.6533553817949	999.9091161949448
350	gRNA_3626	ERBB4	1001.7650753784864	1118.8411615245186	1512.2576585738093	1553.6335166987776	1374.6623733431954	1198.5962579856784	1369.2286913095593	1119.004007012481	1276.6802642821153
351	gRNA_3666	ERCC2	3.7617196695093367	8.302975956278589	15.825216184321988	17.280757588412676	11.866905847230623	7.335972734005182	8.144615798111264	3.4276551578267997	2.059866460729957
352	gRNA_3676	ERCC2	1200.3711223364792	1191.8709865414214	1391.8277634111191	1421.0698672705487	1673.3919498708142	1210.7260346844791	1394.8502951744508	1330.9334173805526	1460.2580600702001
353	gRNA_3677	ERCC2	1357.3432210878689	1470.6570405478558	1539.081400006235	1672.6527885577098	1976.1826452883743	1492.1804341326977	1645.0427117226811	1941.6412448909127	1900.0083393381562
354	gRNA_3679	ERCC2	1931.6749292732943	1740.7158789506104	605.7892755358458	1076.6223342582691	1197.9245889251072	1225.2527133656774	956.9923562780735	895.5376109912361	1137.2959671060548
355	gRNA_3680	ERCC2	1779.229645717416	1921.0783347599906	2106.96928278063	1052.0244991324205	1332.4161885270544	1283.940495237719	1447.0267401311012	1403.164979730854	1671.6752631760294
356	gRNA_3681	ERCC2	1309.6522666337505	1417.9907186062055	1609.10798162186	1446.3682736499818	1591.589412230571	1703.9067759111642	1319.3429195461276	1543.2808344751884	1355.0176099856335
357	gRNA_3682	ERCC2	870.2961608271601	897.1456429254887	655.4804543546168	1136.7936208161204	1355.8335493989227	1240.43309258753	1793.8516295340057	1393.3836223292506	1313.445759596356
358	gRNA_3685	ERCC2	672.3914514346689	493.2694985996456	688.0803996943201	709.9122036320883	691.4450473653044	725.6076001258591	436.07630419054055	641.7239266214273	582.9422083865778
359	gRNA_3686	ERCC2	389.178590892966	361.2703625939903	349.8955298353592	485.0288312315287	558.1137674461976	571.9153396787804	505.8994167097653	397.35719427197023	481.571810440352
360	gRNA_3692	ERCC2	1340.5111195158272	1473.687323743578	732.6283832531865	1207.8626824297273	1258.5249214516316	1132.4272365928198	1225.0859596325693	1036.9074859152634	1178.9302376911119
361	gRNA_3693	ERCC2	2435.426575185045	2354.8936770595683	2448.0026915527687	2504.0751840614744	2262.8343487537004	2188.3715099291303	2594.314650942128	2387.8216248255867	2517.968277557143
362	gRNA_3694	ERCC2	561.7076320063942	697.934825638717	569.7869087165133	696.0564610611989	865.2820325762916	836.0103581029668	898.7922892207367	1073.6084765076039	790.8638805287441
363	gRNA_3698	ERCC2	1309.014687028749	1376.5364444887268	1342.9278454015641	1913.3379347891153	2030.1375105404493	1636.5756202238097	2202.609534901715	2158.0015265605653	2493.99892237774
364	gRNA_3699	ERCC2	2295.5416098476976	2039.0169567374955	1489.390221187464	1262.1958752077096	1441.380755106514	1560.891624294766	1109.8735819884537	987.3318881447441	1301.2114012235359
365	gRNA_3703	ERCC2	211.35763905802457	179.81700483415017	186.42104665131302	215.15321610077766	299.2569945652736	312.68675861279513	275.64434091732807	209.5885726993119	216.72291974710333
366	gRNA_3704	ERCC2	1898.1382420502111	1876.169537799389	1515.0270714060657	1514.168002746862	1699.7101099497836	1192.3497861527633	1242.6477874472466	1095.762833015509	1129.6182830251523
367	gRNA_3705	ERCC2	590.7812619944664	498.542191360202	544.9413193071276	627.478319460336	581.7420955331279	572.4964068260282	430.98591931672104	552.772095208556	531.1958660852101
368	gRNA_3711	ERCC2	1395.4704814669635	1439.7481519514902	1904.090011297622	1494.7855313976966	1574.0791333804352	1679.5745891201568	1476.1267736597697	1430.0010115762784	1588.4691422016951
369	gRNA_3712	ERCC2	2005.9529532559786	1824.654723472113	1681.7457239078979	1000.0265438663857	756.2647241930662	949.0279182426902	1090.5301194679394	1361.615111110368	1299.9629973079418
370	gRNA_3754	ERCC4	574.0129183829247	726.7831216619915	764.5161938645953	901.868727114186	761.8026135884405	836.8093254304328	772.9749430894971	914.5151163772528	806.9682910399056
371	gRNA_3755	ERCC4	717.3408135872804	727.2073613093927	1012.259953230156	844.3440430698752	1071.7661943181045	907.6268840012749	703.6608690576544	814.1099006565214	853.2840763084397
372	gRNA_3804	ERG	297.4946436937384	269.8164157470969	331.7756573043105	366.0095593725964	361.49232300852753	263.2234177033147	444.7299584760338	299.4600189106243	287.757102544397
373	gRNA_3805	ERG	397.65839963948696	359.33098134872813	423.00802860692676	589.5696305163856	635.2750263550794	463.76421689725834	711.6358053599718	571.8332019398856	573.267078040725
374	gRNA_3806	ERG	855.6318299121236	818.2370685088849	976.178460329902	964.0638861823918	1142.4402113638334	1032.3384204793629	1262.4154487072458	1009.0682379260847	1056.8363347460272
375	gRNA_3838	ESR1	787.4745701374545	835.509682724501	394.28526123238237	334.01680545891344	380.6903395791584	388.0075875748087	243.405236716471	415.58228755017126	380.5135134730248
376	gRNA_3842	ESR1	1645.465444588084	1721.5038834897323	1419.7592699764473	1543.3584716462078	1301.5094915204893	1688.653763295906	1855.8694852467072	1966.4708444488288	1902.7548279524628
377	gRNA_3843	ESR1	2256.7130119031012	1972.7143604150954	1513.4445497876334	1385.496415838546	1297.0791800041898	1561.9811251958558	955.8045998075156	1381.6794339854519	1351.959020392428
378	gRNA_3861	ESR1	2314.158934313744	1935.502482771628	1425.29809564096	1075.4547155022951	815.7047370367503	1247.042731387475	825.2362277940443	1038.4959114762073	1025.50139646462
379	gRNA_3868	ESR1	1821.3736576080205	1681.5647509701148	1899.5006986041683	1997.172961468036	1948.3877147039718	2150.5295119646084	1891.162820371856	2217.5256844233136	2368.90885003523
380	gRNA_3905	ETV6	405.7556606230071	333.93720816857683	215.77682267323033	332.14861544935536	248.1501867165337	341.013782041132	161.7045594916674	248.37959692447373	231.51650614689117
381	gRNA_3906	ETV6	119.99248166129783	82.60551991538479	114.02068260803993	127.6596506531387	132.3819274513283	144.03201912408196	117.16369184574641	136.9390036224463	142.87982813972334
382	gRNA_3907	ETV6	172.97534683692933	151.63537111393455	154.37498387806102	264.03752135088195	200.68256332761118	189.64579018304488	122.50859596325692	227.47926059626153	223.71398167442925
383	gRNA_3908	ETV6	723.3340618742953	792.8432953287336	637.7562122281762	750.3118125887829	809.3757205848939	828.6743853689617	862.1415181292361	906.4893872272193	802.4740369437674
384	gRNA_3909	ETV6	1480.9699064976758	1627.989344069748	688.1595257752417	1486.2229938538885	1495.8102965924786	1677.6134874981951	1783.4163405426757	1895.9949103500974	1766.1170193907092
385	gRNA_3923	ETV6	1823.2863964230255	1805.4427280112347	2620.2601697191135	1895.2787646967201	1442.5410747893545	1707.3205454012457	1519.5647245830296	2071.892140888331	2040.3289394509122
386	gRNA_3924	ETV6	1878.6283061371628	2046.0472137515708	2054.350438967759	1727.6865525892763	1615.3232239250324	1897.4747693381325	1958.271060958377	2244.6961216499894	2089.8905748999905
387	gRNA_3925	ETV6	817.9508752565301	823.7521839250992	1170.5912411542977	1406.9027596980661	1317.5957416689573	1095.311572562358	827.1027022477782	764.7015055766278	717.8946716622797
388	gRNA_3926	ETV6	1072.6001694941622	1112.2351441578444	1565.5095110340528	1347.5877268945956	1396.181029279507	1414.8985035487224	1287.5280140847556	1107.5506227046205	1063.7649764775736
389	gRNA_3964	EZH2	1331.7125209668054	1412.172574870419	1524.2056967929725	1409.3936797108104	1208.8421423045595	1243.4836951105813	1640.8855640757286	1659.570305805361	1515.437513139451
390	gRNA_3975	EZH2	978.1108720329278	1034.8417113391015	1292.0497753689688	1177.2710710232132	1048.8235096801252	1063.0623458900977	1141.9430066935167	1083.6406379451457	927.4392688947181
391	gRNA_3976	EZH2	16.322037888040512	20.787742722653693	17.32861172183258	0.3113650015930212	0.7383852527165721	3.776936457111579	21.549295965836052	4.76527668283238	5.805078207511696
392	gRNA_3985	EZH2	568.2747019379104	565.3902386578318	734.4482831143836	785.418216518396	754.6824700801021	616.3669764432474	725.0404855276964	666.6371275246562	565.7142343513817
393	gRNA_3995	FAS	3534.8688460497738	3588.218937718468	3977.826340091175	2440.1675174845072	2356.345566829878	2468.445874902635	3274.8991085718008	3773.0959166594907	3289.232216611063
394	gRNA_3996	FAS	1100.8449459957324	1077.689915726612	1432.1820646811402	1030.3846315217054	1128.6218587772805	1002.9945295433422	1046.4982903094003	1007.6470150557662	1046.2249014634788
395	gRNA_4012	FAT1	837.9708748535799	948.842274244508	1235.0789971054096	837.571854285227	894.3427664510651	732.8709394664584	771.1933083836603	896.0392190631133	855.1566821818304
396	gRNA_4021	FAT1	2.9328661830072797	1.7575642535188254	5.301447421747866	0.0778412503982553	0.052741803765469435	0.0726333934059919	0.08483974789699233	0.08360134531284878	0.06242019577969566
397	gRNA_4032	FAT1	890.9537400292113	1044.902251548899	1057.9948280028466	928.0233872479996	1100.2467683514578	1055.2905727956563	901.5071611534405	755.4217562469015	841.6114996976366
398	gRNA_4033	FAT1	2534.5064458022907	2596.2254307668773	912.1654608643195	1363.9343894782294	1513.3733172463799	1815.8348351497978	2620.699812538093	1974.2457695629237	2025.0984116806665
399	gRNA_4104	FBXW7	1280.9611844086792	1158.7196883802214	1714.583047490366	1437.027323602191	1437.425119824104	1343.6451446174442	1456.0197534081824	1239.8079509895474	1216.9441369209464
400	gRNA_4105	FBXW7	804.3704296699964	772.1767639339088	1006.5628754038001	1268.5010164899682	1526.0313501500927	1316.5528888770093	1306.786636857373	947.7884518117665	1029.5587091903
401	gRNA_4106	FBXW7	737.7433609473311	616.0565736903055	956.3178140185778	948.6513186035373	886.8006885126031	852.7886719797509	927.8923227494051	643.5631562183099	754.2856458018424
402	gRNA_4111	FBXW7	1190.998702142956	1238.1737137720554	1592.6497567901652	1199.8450336387073	998.1913780652744	1176.515706390257	1529.5758148348748	1188.6439276580838	1058.958621402537
403	gRNA_4116	FBXW7	980.597432492434	1075.871745809179	1164.8150372470202	1075.0655092503039	961.7467916633351	1046.5745655869373	1304.750482907845	1209.2934599503576	1347.0278249258322
404	gRNA_4117	FBXW7	1329.991056033301	1411.0210672560447	1470.7955921708856	1051.635292880429	1225.6140359019787	1163.2237953969604	1450.5051697948777	1509.756695004736	1548.9571582731478
405	gRNA_4118	FBXW7	1057.4257748951245	1009.4479381589501	1382.4117597814475	1233.5502950611517	1174.401744445708	1300.2103753606611	1205.657657364158	1218.907614661335	1187.6066449044895
406	gRNA_4119	FBXW7	1025.1642468820444	866.479176984781	1334.8569851475597	1490.8156276273855	1662.8963309214857	1513.3893850072475	1278.3653213118803	1075.5313074497997	1135.3609410368842
407	gRNA_4141	FBXW7	812.212658811516	808.6613736104031	1074.4530528345415	1160.768725938783	1378.1960741954817	1187.8465157615917	775.7746547700979	935.3318513601521	865.6432750728194
408	gRNA_4142	FBXW7	536.6507535298321	610.7232752658347	537.2660894577316	853.2179456152762	845.6093397717715	1015.3422064223607	828.4601382141301	790.1163145517337	753.5990236482658
409	gRNA_4143	FBXW7	528.4897345858117	554.17819083366	534.9714331110048	743.3839413033381	679.4726579105428	581.1397806413412	764.8303272913859	745.4731961546726	652.5407266809385
410	gRNA_4144	FBXW7	258.72980370964217	252.422590203652	292.37086900534877	388.73920448888697	415.60541367189916	458.8251461456509	269.3661995729507	321.1127673466521	323.39903433460324
411	gRNA_4191	FGF4	1383.1014371299327	1514.8385695414843	1669.0855509604403	1197.5876373771578	1204.8337652183839	1445.331895385833	1363.0353897130788	1799.0173497871926	1432.418652752456
412	gRNA_4192	FGF4	734.0453992383219	818.1158571810561	576.9873820803798	924.4426897296798	855.4193152721488	697.0626765173043	869.9467749357593	787.0230647751584	880.3744412768275
413	gRNA_4193	FGF4	749.6023416003605	785.085770347685	709.0488111385467	1017.3851427051968	814.9663517840337	1361.948759755754	933.3220666148126	1089.9943401889223	969.510480850233
414	gRNA_4194	FGF4	1236.6494018610695	1410.6574332725581	1198.9975042051556	1296.5238666333403	1076.4074730494656	1355.992821496463	1393.917057947584	1505.325823703155	1502.142011438376
415	gRNA_4195	FGF4	2495.8691217391947	2508.7108520744227	2400.447916918881	2370.88880463006	2080.7169003515346	2414.261363421765	2210.1602724645472	2413.4036364913186	2754.291138779071
416	gRNA_4213	FGFR1	519.4998621552894	539.511620166365	821.4869721281545	725.8696599637307	716.233695135075	563.4898660436852	642.4914108239228	526.855678161573	611.2185570747799
417	gRNA_4225	FGFR1	1198.7771733239754	1427.8694418242594	1465.7315229919027	1437.1830061029875	1500.8207679501982	1371.6816344721572	1162.9832641719709	1274.168103913128	1233.3606484110064
418	gRNA_4226	FGFR1	949.1647579658559	1041.2053060501178	1283.504158629435	1057.473386660298	1002.9381404041667	1090.5904019909685	899.2164879602217	992.5987728994536	958.0875850225486
419	gRNA_4246	FGFR2	347.99094840986373	385.14899417628055	473.56959431583556	520.3687589123366	652.8380470089807	493.25337462009105	474.5087099878781	561.717439157031	505.7908464028739
420	gRNA_4247	FGFR2	2469.282052210629	2515.6198977606696	3762.919904308083	2543.696380514187	2049.7047197374386	2133.969098268042	2466.2066316176697	2676.4970701908533	3156.3396197960906
421	gRNA_4248	FGFR2	892.4839310812151	882.5396779221081	1106.973872093323	1093.7474093458852	1117.124145556408	929.3442686296664	981.9352421597891	1056.3029980278443	1071.2553999711367
422	gRNA_4261	FGFR2	1234.035325480563	1099.023109424496	1739.2703847379082	1323.846145523128	1446.7604190905922	1464.7976448186387	1327.826894335827	1142.8303904266427	1250.2141012715242
423	gRNA_4262	FGFR2	351.05133051387133	354.3613169077439	417.5483290233357	453.7366485714301	492.55570536571906	414.30087598777783	563.2510862881321	445.8459745534225	436.44200889163204
424	gRNA_4263	FGFR2	619.7273760615382	519.9965963859146	699.7119335897968	711.2355048888586	875.5139425067927	596.5380600434115	836.7744335080354	690.4635109388181	725.3850951558433
425	gRNA_4302	FGFR3	175.46190729643547	121.75677880411449	116.8692215212179	189.38776221895515	200.3133707012529	189.2826232160149	159.49872604634558	121.89076146613351	149.8708900670493
426	gRNA_4303	FGFR3	1120.7374296717815	1353.9911375125544	1539.0022739253134	1248.8071801392098	1170.9735272009525	1130.756668544482	928.231681740993	933.4926217632694	1131.740569681662
427	gRNA_4304	FGFR3	1115.700550792269	1098.4170527853514	1801.7799886659802	1215.0240774663669	1221.7638842270994	1285.2478963190267	964.0340553535239	1243.1520048020614	1022.4428068714149
428	gRNA_4329	FGFR3	953.9466050033677	1101.8715756284748	1028.480799819086	1376.933878294738	1198.7157159815893	1263.0220779367933	1305.259521395227	1236.3802958317206	1245.5950067838269
429	gRNA_4330	FGFR3	1107.156984085248	1259.4463018060246	1086.321964972783	1302.6733254148023	1328.566036852175	1301.299876261751	1617.0455949166737	1702.4577959508524	1843.455641961752
430	gRNA_4331	FGFR3	703.2503043167455	746.7829907537574	595.819389339723	1109.0821356743415	1133.157653901111	1188.4275829088397	1183.59932291094	1165.0683482798604	999.5970152160464
431	gRNA_4357	FGFR4	623.8716434940484	677.6925338912932	709.7609458668412	840.2962980491659	815.2828026066265	801.6547630219327	840.5922221634	801.4024961689684	765.8958022168657
432	gRNA_4419	FLT1	958.91972592238	973.5693851216004	1420.0757743001338	821.2251917015934	900.9354919217488	827.8754180414958	726.9917997293272	845.794810530091	916.2036336543729
433	gRNA_4421	FLT1	761.1425324508891	767.5707334764112	336.9979786451368	545.0444352885836	584.906603759056	565.015167305211	479.0052166264187	474.9392427222939	473.89412635944944
434	gRNA_4422	FLT1	640.1299234215887	688.9651873793795	548.739371191365	798.4955465853028	814.438933746379	730.5466708774667	968.7002414878584	822.1356298065549	860.9617603893422
435	gRNA_4440	FLT3	2202.9650512014678	2008.1080681411297	783.3482011239385	1252.621401408724	1350.559369022376	1423.3239771838173	1383.057570216769	1342.7212070696642	1248.3414953981335
436	gRNA_4447	FLT3	927.7420832378027	869.2064318609309	741.6487564782501	1153.5294896517453	1251.3520361395279	1073.2310209669363	892.3444683805653	919.6147984413365	1077.372579157547
437	gRNA_4459	FLT3	1405.9905449494895	1394.4151153434873	1237.2945273712148	1077.4785880126499	1143.4950474391428	897.821375891466	1099.6928122408144	993.7691917338335	937.114399240571
438	gRNA_4460	FLT3	518.926040510788	502.96640482595626	716.5657888260997	748.7549875808177	782.3191752532082	1045.8482316528775	557.3123039353426	571.7496005945727	522.581879067612
439	gRNA_4461	FLT3	436.16820778158257	399.9973818353189	235.00446033718154	385.703395723355	473.7268814214465	329.82823945660925	388.39636587243086	291.6850937965294	321.58884865699207
440	gRNA_4547	FOXA1	1510.87238997225	1371.0213290725128	1712.763147629169	1452.9847799338334	1464.7453741746172	1264.2568456246952	1602.283478782597	1574.2133322409425	1361.8214113256201
441	gRNA_4548	FOXA1	1425.436722902038	1503.6265217173125	1889.451686327124	1697.7955124363464	1630.1964125868947	1365.5804294260538	1482.404915004147	1501.1457564375125	1440.0963368333587
442	gRNA_4549	FOXA1	1082.8014431741874	1253.9917920537248	1144.7170126929311	1311.391545459407	1400.8750498146337	1433.7831858342802	1692.4681307971	1580.1490277581545	1563.501063889817
443	gRNA_4550	FOXA1	829.172276304558	829.5097219969712	570.5781695257293	946.7831285939792	998.24411986904	1255.758738596194	798.4268674585949	1105.9621971436763	960.9589140284146
444	gRNA_4562	FOXA1	1082.4826533716866	1012.4782213546722	1258.8168213818926	920.5506272097671	867.9718645683305	884.1662979311394	1038.268834763392	1313.9623442820441	1063.0783543239968
445	gRNA_4567	FOXA1	702.8039985932444	798.782650392349	561.320418057901	1013.1038739332927	695.6643916665419	861.50467918847	1033.7723281248516	1270.40604337405	1194.2231856571373
446	gRNA_4577	FOXA1	296.9845800097371	397.63376094265567	209.3676101185799	325.22074416391064	505.8993817183828	457.372478277531	509.71720536512987	343.3507251998699	412.5350739080086
447	gRNA_4578	FOXA1	147.72719447886666	126.18099226986877	123.12018191402508	199.7406485219231	263.1816007896925	202.50190081590543	280.48020654745665	175.22841977573103	124.34102999315375
448	gRNA_4586	FOXA1	1928.8695790112874	1908.0481170183855	1945.077321215016	1457.7330962081269	1611.2093632313258	1590.6713155912228	1876.9945824730585	2224.2137920483415	2208.6762074687513
449	gRNA_4587	FOXA1	712.6864824707689	793.1463236483058	571.4485564158671	730.6958174884224	686.3290924000537	595.7390927159456	807.419880735676	788.5278889907896	773.8231670808871
450	gRNA_4589	FOXA1	1144.20035913584	1188.8407033456992	1269.0240858207803	1429.087516061569	1400.0839227581516	1425.1398120189672	1325.875580134196	1414.0331546215243	1346.4660431638151
451	gRNA_4590	FOXA1	2040.7010417285649	2156.7131560593425	2521.9064511335523	1914.505553545089	1874.4437058247838	1893.697832881021	1797.4148989456794	1850.5993798452205	1942.1419714894507
452	gRNA_4591	FOXA1	1735.1091370513066	1789.9276780491377	1995.6388869239247	1365.335531985398	1274.8748806189271	1400.226558080712	1955.64102877357	2084.599545375884	1819.860807957027
453	gRNA_4621	FOXO1	252.92782930412778	254.60439410457192	198.8438413560058	280.3841839345156	381.0067904017512	407.4733370076146	342.1587032685701	245.45354983852403	296.0589885830965
454	gRNA_4622	FOXO1	1166.8981930738962	978.720866554328	215.38119226862227	658.7705021204346	634.6948665136592	619.272312179487	511.1594810793788	482.1289584191989	531.0086054978709
455	gRNA_4627	FOXO1	649.5023436151121	605.6323994970214	290.70922130599496	407.2654220836717	522.9877261383949	496.0860769629247	563.844964523411	410.56620683140034	394.9325786981344
456	gRNA_4628	FOXO1	185.02560137145923	207.87742722653695	162.44584413206525	299.76665528368113	406.58656522800385	328.81137194892534	334.6928054536348	176.0644332288595	264.6616301059096
457	gRNA_4665	FOXP1	251.27012233112364	237.02875156938364	271.3233314802005	410.6125958507967	466.9231887357009	375.4420105155722	327.3965871344934	334.65618528733364	307.4818844107808
458	gRNA_4704	FYN	673.6028526841719	591.1476458214697	510.6797262680706	585.9889329980659	583.5880586649192	639.2464953661347	732.2518640989408	785.3510378689014	866.8916789884133
459	gRNA_4734	GATA2	737.4245711448303	701.2681371540114	909.3169219511416	669.3569121745974	779.8930522799966	802.0179299889626	1272.7658979506791	1010.6566634870287	1049.9076930144809
460	gRNA_4735	GATA2	1400.061054622975	1903.3814808969735	735.9516786518941	1294.5778353733838	1475.1355095164145	1452.1594343659963	1589.1333178585635	1466.4511981326802	1353.0825839164627
461	gRNA_4770	GATA3	1062.3351378536368	1020.8418029748653	429.1798629188124	976.5184862461127	1187.4817117795444	1264.1115788378831	1170.873360726391	1042.9267827777885	1121.8157585526906
462	gRNA_4782	GATA3	475.6981432916807	431.20929875125665	112.67553923237257	362.35102060387845	413.33751610998394	392.58349135938624	306.1018104123483	244.70113773070835	214.66305328637335
463	gRNA_4783	GATA3	854.9304923466219	909.0849587166339	642.4246510025512	917.6705009450318	1002.7271731891049	950.553219504216	950.2900161942111	856.9973908020128	978.6862496298481
464	gRNA_4826	GLI1	386.6920304334598	447.69403933598494	384.07799679349466	349.5850555385645	378.47518382100867	536.9060440570921	355.8179026799859	412.32183508297015	416.7172270252482
465	gRNA_4827	GLI1	163.60292664340608	194.66539249318853	170.04194790053978	258.97784007499536	336.9146424538188	379.5094805463077	205.31218991072143	172.9711834522841	149.5587890881508
466	gRNA_4828	GLI1	1435.8292704635637	1320.1125713843812	323.7047970503063	530.5659627145081	695.7171334703073	822.4279135360463	737.7664477122453	507.2093620130535	651.9789449189212
467	gRNA_4829	GLI1	3859.2693490745787	2060.7137844188655	420.15948969374887	770.6283789427274	767.1822775725184	819.6678445866187	781.0347191397115	669.3959719199802	749.1671897479073
468	gRNA_4858	GNA13	701.6563553042415	706.3590129228245	766.0195894021059	840.5298218003608	842.3920897420778	895.8602742695042	814.9706182985084	807.4217930314935	779.9403462672973
469	gRNA_4884	GNAS	1005.9731007714969	987.2662651662642	1177.0795797898697	1120.8361644844779	1051.9352761022878	1042.9428959166378	1417.5873476108447	1616.8500183504952	1200.4027850393272
470	gRNA_4885	GNAS	465.6243855326557	376.7854125560875	542.5675368794795	509.3153013557844	521.88014825932	459.3335798994928	364.72607620917	438.48905616589184	363.28553943782873
471	gRNA_4888	GNAS	76.70082648169037	77.81767246614386	58.7906781247562	87.88277169963024	59.91468907757328	25.712221265721137	52.26128470454728	65.1254479987092	62.79471695437383
472	gRNA_4889	GNAS	724.800494965799	733.6921673482381	828.6083194110994	930.5921485111421	1040.701271900243	878.2829930652541	1159.1654755166062	1103.2033527483525	1083.4897583439572
473	gRNA_4893	GNB1	807.8771174975051	836.8430073306188	868.0922337909827	816.6325579280963	915.2285207421911	892.5917715662345	888.1873207336126	1076.868928974805	1056.087292396671
474	gRNA_4894	GNB1	1016.4294062935228	1155.1439542092696	1337.3098936561298	1240.011118844207	1133.737813742531	1082.0196615690616	1104.3589983751492	1012.9975011557887	1051.343357517414
475	gRNA_4961	GRIN2A	453.25534119562496	439.81530302710746	564.8019656184518	578.1269667078421	640.7074321429227	580.0502797402514	447.8690291482225	509.63380102712614	573.7664396069624
476	gRNA_4969	GRIN2A	1231.3574911395563	1268.7189683849342	1804.865905821923	1429.9437698159497	1400.242148169448	1430.3694163441985	1399.4316415608885	1421.2228703184292	1360.011225648009
477	gRNA_5176	HRAS	1097.465774089224	1101.8715756284748	776.2268538409936	681.9671947391147	726.2018960467486	744.129115444387	748.1168969556784	891.7755504521579	830.8128058277492
478	gRNA_5194	IDH2	2329.205812991781	2125.2588164877466	620.5067265872652	650.0522820758299	757.1613348570793	864.1921147444917	778.2350074591106	509.717402372439	744.9850366306677
479	gRNA_5227	IGF1R	796.081894804976	849.9338307361381	1079.7545002562892	1030.3846315217054	876.4105531708055	914.96285673528	896.5016160275179	987.5826921806827	922.8825946028004
480	gRNA_5228	IGF1R	364.6955340609052	384.54293753713614	445.55896166958564	691.4638272877017	658.0067437779967	650.5773047374695	579.3706383885606	527.6916916147014	585.6262768051047
481	gRNA_5229	IGF1R	1443.671499605083	1529.1415062252925	1670.8263247407158	1579.0097643286088	1359.9474100926293	1316.5528888770093	1580.649343068864	1617.2680250770595	1831.907905742508
482	gRNA_5236	IGF1R	489.9799264437161	389.9974472894359	359.39065954595236	521.8477426699035	732.9001051249633	787.7091514879822	616.1062492279583	606.444158899405	507.7258724720445
483	gRNA_5237	IGF1R	626.4219619140548	555.0266701284622	532.0437681169053	688.1944947709751	559.2213453252724	737.5921100378478	707.987696200401	681.3509642997175	730.6908117971174
484	gRNA_5319	IKZF1	1321.5750052472802	1405.2635291841725	1580.068709923629	1595.0450619106493	1305.7815776254924	1918.1026530654342	1005.690371570947	1681.8082636585789	1561.9405589953246
485	gRNA_5372	INHA	1509.9160205647477	1245.264576450045	282.4009828092259	423.8456084185001	482.6402462578108	478.94459611911066	384.6634169649632	327.29926689980294	307.5443046065605
486	gRNA_5373	INHA	3162.5223567288494	2549.316646897099	937.4858067592347	2076.8045606254514	1827.1343078471577	2123.5825230109854	1719.9562091157254	1948.3293525159406	1730.2878270131637
487	gRNA_5374	INHA	739.9748895648366	663.8744425188005	157.69827927676863	339.93274048918084	339.02431460443756	358.3731630651641	422.07774578753686	238.01303010568046	186.38670459817124
488	gRNA_5454	INPP4A	1716.0455068617591	1627.1408647749456	2365.6324413133725	1533.083426593638	1442.3301075742927	1783.0771747236952	1686.6990279401045	1771.6797098698912	1929.0337303757146
489	gRNA_5455	INPP4A	2093.620148943696	2189.743242892713	3176.43739251711	2066.0624680704923	2021.4351129191468	2280.97908652177	1658.7019111340971	2264.1752351078835	2441.565957922796
490	gRNA_5456	INPP4A	1452.5338561146052	1426.4755115542273	1999.0413084035536	1556.9028492155041	1156.8387237918066	1768.695762829309	1184.023521650425	1374.5733196338595	1496.2745130350845
491	gRNA_5477	INPP4A	2335.5178510812966	2341.3180083427333	2955.833878907661	2267.6713066019734	2125.4946917484185	2629.5467414771247	2724.4588242161144	2991.339736639042	2642.9959297038736
492	gRNA_5501	INPPL1	1126.3481301957956	939.2665793460261	378.0644146434523	845.9008680778403	824.8290690881765	1061.1012442681358	711.4661258641777	712.4506647560972	674.1381144207131
493	gRNA_5509	INPPL1	1041.8688325330859	1213.8102368784494	931.6304767710355	1226.9337887773	1237.6919089642713	1397.0306887708484	1261.482211480379	1216.9011823738267	1203.3989544367525
494	gRNA_5561	INSR	556.0969314823802	497.33007808191314	765.8613372402626	832.667855510137	949.8798858161045	784.6585489649306	691.9529838478694	679.3445320122091	834.8701185534295
495	gRNA_5614	IRF4	886.8094725967011	907.8728454383449	1251.8537262607908	1115.8543244589898	1084.8989034557062	945.1783483921727	878.3459099775616	942.1871616758057	854.5324802240335
496	gRNA_5615	IRF4	373.30285872842654	327.87664177713265	320.30237557067704	487.13054499228167	474.6234920854594	517.8760949847223	506.6629744408382	462.98425034255655	410.66246803461775
497	gRNA_5618	IRF8	1005.2717632059951	995.9328751060297	304.16065506266864	741.2822275425851	888.6466516443944	811.1697375581176	480.6171718364615	505.7045377974222	393.43449399942176
498	gRNA_5620	IRF8	447.5171247506108	438.9668237323053	548.5019929486001	516.8659026444152	591.6575546410361	433.83925881398966	534.9146104905367	424.19322611739466	507.6634522762648
499	gRNA_5621	IRF8	1079.4860292281792	984.0541649787989	489.9486930666088	790.010850291893	795.2409171757481	659.8743790934365	724.5314470403146	705.5953544404437	731.2525935591347
500	gRNA_5623	IRS1	725.6931064128012	842.1157000911752	574.1388431672018	1002.3617813783336	1051.8825342985224	1346.25994678006	1211.0874012295653	1045.267620446548	1154.8360421201494
501	gRNA_5624	IRS1	1747.733213230338	1566.7776235161614	407.1036863416832	714.1934724039924	603.0497842543775	821.3384126349565	640.9642953617771	877.1453150224094	811.0256037655856
502	gRNA_5625	IRS1	1260.303605206628	1191.3255355661915	463.5997081197127	1199.8450336387073	1095.6582314238622	1242.5394609963037	1069.9989004768672	852.1485127738675	1181.6767263054185
503	gRNA_5626	IRS1	1241.3674909380811	1251.6281711610616	1521.7527882844024	1168.085803476219	885.218434399639	1277.7666567982096	935.4430603122374	1184.3802590471287	1112.3278887941767
504	gRNA_5627	IRS1	2038.1507233085588	2344.9543481776	2721.778931541539	1675.2215498208523	1652.0842611495646	1712.840683300101	1471.715106769126	2486.053205568184	2173.2839564616634
505	gRNA_5628	IRS1	696.173170701228	678.1167735386945	810.4093207991291	692.5536047932774	801.8336426464318	784.1501152110886	768.8177954425445	603.3509091228296	768.4550302438333
506	gRNA_5740	JAK1	1214.9079373305153	1117.5078369184007	967.0789610239168	893.3061895703778	766.918568553691	840.7315286743564	676.3424702348229	746.2256082624881	767.9556686775957
507	gRNA_5741	JAK1	1189.5960270119526	1103.3867172263356	842.5345096533027	1207.3956349273378	1124.6134816911047	1251.1828348116164	1066.7749900567815	1164.2323348267319	1078.184041702683
508	gRNA_5742	JAK1	979.2585153219305	942.7211021891493	1145.350021340304	1556.4358017131146	1509.2067147489079	1473.3683852405459	1309.9257075295616	1362.9527326353736	1377.051939095866
509	gRNA_5769	JAK2	322.9978278938017	377.5732861869752	320.93538421804993	450.07810980271216	463.6004550984763	339.9242811400421	720.7136583849499	519.4151584287295	624.3892183842958
510	gRNA_5772	JAK2	1751.1123851368461	1828.7153029543806	1961.0607895611809	1625.091784564376	1733.0429299295602	1596.1914534900782	2163.6680906169954	2060.856763307035	2042.8257472820997
511	gRNA_5773	JAK2	986.9094705819494	982.417812053109	1228.8280367126026	1122.6265132436379	1055.099784328216	968.638934462308	1207.693811313686	989.8399285041295	830.2510240657319
512	gRNA_5776	JAK2	471.2350860566696	472.90599552439295	624.5421567142674	640.4778082768446	625.7815016772948	612.0816062322938	716.2171517464093	438.48905616589184	504.54244248727997
513	gRNA_5777	JAK2	818.0783911775304	687.0864117980318	971.9847780410566	1064.3234166953448	991.967845220949	1049.915701683613	1008.6597627473417	762.1098638719295	789.5530564173704
514	gRNA_5792	JAK3	487.7483978262106	499.8755159663197	475.7851245816406	651.5312658333969	604.9484891899344	591.526355898398	674.815354772677	637.2930553198462	516.027758510744
515	gRNA_5854	KDM5C	218.4985306340423	212.8470916675212	189.3487116454126	469.69410490307246	451.1006476060601	337.1642121906144	247.56238436342363	268.4439197995574	272.33931418681215
516	gRNA_5860	KDM5C	917.4132936367771	1002.7207094644472	1269.736220549075	1073.5086842423386	1019.4463249827586	937.5518420845435	899.8103661955006	1071.5184428747827	1258.3287267228848
517	gRNA_5861	KDM5C	759.4210675173848	717.389243755253	1051.1899850435882	962.6627436752233	1004.8368453397236	786.9828175539224	799.4449444333587	850.225681831672	778.2550009812455
518	gRNA_5864	KDM5C	930.9937392233106	925.6909106291911	1317.6074995066488	1238.6878175874365	1173.7161009967567	1254.5966043016983	887.9328014899218	1078.9589626076263	1074.5636703474609
519	gRNA_5865	KDM5C	424.62801693105393	372.23998776250437	543.675302012382	559.2893841114643	658.9033544420097	618.1101778849911	448.46290738350143	376.45685794375805	400.17587514362884
520	gRNA_5912	KDM6A	416.21196614503305	325.45241522055494	503.40012682328256	521.2250126667175	458.95917636711505	571.1163723513143	355.47854368839785	413.7430579532886	346.5569269688703
521	gRNA_6000	KDR	1300.8536680847287	1168.8408342539333	658.8037497533244	934.0171635286653	1010.3219929313324	912.5659547528822	1220.7591324898226	1200.6825213831341	1194.098345265578
522	gRNA_6063	KEAP1	809.2797926285086	749.9950909412229	933.5295027131542	725.1690887101463	1050.9859236345096	959.5597602865591	871.8980891373901	991.8463607916378	953.2812299475122
523	gRNA_6064	KEAP1	1857.3969052906102	1664.7769820658143	1290.9420102360664	936.1188772894182	865.7039670064153	911.4038204583865	1007.047807537299	1100.695312388967	1154.7112017285901
524	gRNA_6080	KEAP1	1217.075707987521	1164.1135924686068	509.0972046496384	1035.5221540479902	962.5906605235828	1540.6269075344944	1116.74560156811	1027.12612851366	1219.8778861225921
525	gRNA_6081	KEAP1	368.83980149341545	370.1793951894133	273.5388617460056	572.0553491767782	584.3791857214013	746.2354838531608	615.1730120010914	478.95210729731065	553.9792375447989
526	gRNA_6086	KEAP1	1129.1534804578025	1073.5081249165157	370.626563036821	586.3781392500572	605.58139083512	739.0447779059676	708.7512539314739	509.3829969911876	510.909302456809
527	gRNA_6087	KEAP1	1041.486284770085	842.1157000911752	424.19491982075095	961.8064899208424	878.1510326950662	1109.4750842765266	989.7404989663125	875.3060854255266	882.2470471502185
528	gRNA_6103	KIT	981.4900439394361	816.055264607965	748.6118515993518	693.5655410484546	643.3972641349616	552.4495902459745	620.9421148580869	432.4697593033667	394.37079693611713
529	gRNA_6104	KIT	585.043045549452	536.1177029871562	679.9304133593943	912.1437721667556	871.7165326356788	786.4743838000803	703.8305485534484	530.2833333193997	571.831413537792
530	gRNA_6105	KIT	1854.7190709496035	1545.9292751295932	1335.0943633903248	1037.9352328103362	1066.2810467264956	1073.3762877537483	1228.140190556861	936.502270194532	1144.661550208059
531	gRNA_6109	KIT	1254.5016308011136	1132.5380415691825	671.0682922961739	553.1399253300021	520.192410538825	575.7649095292979	496.82156368478707	500.6884570786513	511.40866402304647
532	gRNA_6110	KIT	607.2945737640073	656.4199458573241	750.9856340270001	668.1114521682252	765.4417980482579	670.6967547109293	887.3389232546427	881.9105917052417	804.8460043833958
533	gRNA_6111	KIT	447.19833494810996	527.1480647278188	404.96728215679974	680.7217347327426	714.8624082371728	658.0585442582867	689.4077914109596	588.4698696571426	578.8224754651178
534	gRNA_6112	KIT	438.97355804358955	365.4521534040868	416.67794213319803	356.9799743263988	356.42910984704247	504.43891720461374	329.17822184033025	351.042048968652	331.07671841550575
535	gRNA_6113	KIT	1481.3524542606767	1441.0814765576079	751.2230122697648	690.296208531728	614.1783048488916	685.8771339327815	716.2171517464093	665.3831073449634	783.4358772309603
536	gRNA_6117	KIT	784.4141880334469	752.7223458173728	957.7420834751669	1123.0157194956291	1107.9470717012164	896.0055410563161	984.6501140924929	748.5664459312479	773.3862257104292
537	gRNA_6125	KIT	453.3828571166253	419.5730112796837	194.57103298623886	322.0292528975821	389.4454790042263	328.37557158848944	318.14905461372126	368.43112879372455	339.69070543310374
538	gRNA_6134	KLF4	822.5414484125415	798.782650392349	1171.8572584490432	994.6554975889062	940.8082955684438	1082.6733621097153	800.2085021644316	917.106758081951	997.2250477764178
539	gRNA_6135	KLF4	497.184575980234	447.6334336720705	656.5882194875194	591.0486142739525	668.1331701009668	662.6344480428642	555.4458294816087	513.0614561849529	556.226364592868
540	gRNA_6257	KMT2B	1243.2164717925855	1353.082052553838	1578.486188305197	1398.962952157444	1244.4956016500166	1197.8699240516185	1566.5659449179634	1705.885451108679	1747.266120265241
541	gRNA_6265	KMT2B	95.19063502673626	119.39315791145125	108.32360478168401	104.61864053525512	100.2621689581574	93.2612771332936	111.22490949295694	92.0450811894465	70.97176260151397
542	gRNA_6266	KMT2B	903.2590264057419	1021.8114935974965	944.528027961258	1049.455737869278	1224.400974415373	1363.2561608370622	1287.8673730763435	1556.5734483799313	1424.4288676926549
543	gRNA_6383	KMT2C	710.9650175372647	738.1769864779068	1022.3880915881223	842.3201705595205	927.4118774120145	894.9160401552263	637.5707054458974	729.2545351639799	626.5115050408053
544	gRNA_6384	KMT2C	1234.035325480563	1406.4756424624613	1771.5538257539251	1294.4999941229855	1181.8910805804046	1127.1249988741824	1095.111465854377	1211.3834935831787	1253.0230100816107
545	gRNA_6472	KMT2D	707.9683933937572	649.5715058349921	143.69296295364367	332.45998045094836	364.9732820570485	336.14734468293057	355.9875821757798	310.0773897653561	243.1266625619146
546	gRNA_6473	KMT2D	115.21063462378595	90.66607321600561	118.21436489688527	148.2097407582781	184.91276400173584	123.54940218359224	126.41122436651858	101.49203320979841	114.72831984308063
547	gRNA_6479	KMT2D	760.8875006088886	807.8128943156008	986.4648508497113	890.7374283072353	1009.372640463554	1152.4740531728735	1035.7236423264821	1040.418742418403	1008.7103637998819
548	gRNA_6480	KMT2D	109.21738633677109	102.48417767932186	80.23384605451248	122.52212812685384	104.90344768951871	170.03477396342706	133.6226029377629	139.78144936308317	163.29123215968386
549	gRNA_6487	KMT2D	945.5305542173468	776.6009773996631	259.45441934195907	330.2804254397972	296.7781297882965	409.65233880979434	370.8345380577535	260.58539334014966	252.17759094997047
550	gRNA_6488	KMT2D	123.5629274493067	93.27211676432664	93.68527981118618	90.3736917123744	113.86955432964851	137.4223803241367	113.17622369458778	86.10938567223424	82.20739784185918
551	gRNA_6525	KMT2D	489.7248946017155	388.72472834723266	484.96374996854735	511.57269761733374	567.0798740863273	563.0540656832492	508.953647634057	492.07751851142785	453.42030214370925
552	gRNA_6526	KMT2D	1637.4956995255643	1781.3822794372013	2025.232041188607	1601.1945206921114	1526.3478009726855	1666.5005783070783	1814.807047264563	1731.5510641197238	1785.966641648652
553	gRNA_6527	KMT2D	2568.4894387488753	2477.195906838913	2090.115427544327	1520.4731440291207	1682.8854745485987	1272.1738855059482	1813.3647715503141	1643.6024488506068	1935.775111519922
554	gRNA_6604	KMT2D	303.93419770425436	302.36165726915243	186.18366840854821	429.1388134455815	581.9003209444243	521.0719642945859	452.3655357867631	397.35719427197023	405.04465041444513
555	gRNA_6629	KMT2D	520.3287156417915	505.6936597021062	206.28169296263715	400.64891579982003	562.3331117474352	379.3642137594957	434.1249899889097	320.86196331071363	356.9186794682998
556	gRNA_6712	KRAS	1140.6936713083312	1000.6601168913562	502.7671181759096	891.5936820616162	932.527832377265	848.7212019490154	915.0815208169593	860.5086473051525	867.3910405546509
557	gRNA_6717	KRAS	498.3322192692369	517.6935811571658	649.0712417999664	731.3185474916085	692.3943998330827	559.6402961931677	401.88588578805263	419.7623548158137	363.09827885048963
558	gRNA_6743	LATS1	716.8945078637793	869.1458261970164	684.9944825383774	1315.984179232904	1323.9774999245792	1301.3725096551568	1544.2530912210543	1519.8724577875905	1282.298081902288
559	gRNA_6744	LATS1	422.01394055054743	426.17902864635795	338.580500263569	584.7434729916938	603.102526058143	536.0344433362203	642.6610903197169	706.9329759654493	673.5139124629161
560	gRNA_6745	LATS1	1502.5200971467293	1468.2934196551926	639.8134903321381	1359.3417557047323	1191.0154126318307	1108.0224164084066	1214.0567924059603	1403.3321824214795	1143.3507260966853
561	gRNA_6759	LATS1	833.4440596580687	746.9648077455008	998.5711412307177	698.23601607235	866.7588030817247	1060.8833440879177	755.6676345185107	683.0229912059746	629.8197754171291
562	gRNA_6781	LCK	313.3703758582778	371.45211413161655	279.2359395723615	564.1933828865544	640.9711411617501	601.3318640082069	559.0939386411794	532.5405696428467	504.6048626830597
563	gRNA_6782	LCK	145.62318178236143	128.7870358181898	113.78330436527511	204.72248854741144	280.5863960322974	260.6086155406989	210.82677352402595	155.24769824596018	193.68986750439564
564	gRNA_6797	LYN	1175.6330336624178	1046.7810271302467	253.51996327283828	441.5934135093023	442.1345409659303	595.2306589621037	452.95941402204204	491.2415050582994	428.3898036360513
565	gRNA_6829	MAP2K1	2649.8445963470767	2426.7719944620967	1478.7873263439685	1462.4814124824204	1552.824186462951	1440.1022910606016	1539.417225590926	1230.2773976238825	1374.18061009
566	gRNA_6830	MAP2K1	1148.4721424893505	1125.2653618994493	984.2493205839062	977.5304225012899	1197.449912691218	1321.0561592681809	1113.7762103917153	1348.406098550938	1452.705216380857
567	gRNA_6831	MAP2K1	1488.1745560341935	1427.2027795212007	567.0966219651784	778.4903452329512	909.6378895430513	880.6798950476518	973.9603058574719	869.7047952895657	896.4164315922094
568	gRNA_6832	MAP2K1	1058.2546283816266	934.9635772081007	620.4276005063437	749.6890825855968	784.3761056000614	774.1993403144677	744.3839480482108	602.7656997056397	589.246648160327
569	gRNA_6833	MAP2K1	470.0236848071666	483.330169717677	431.7118975083039	757.4732076254223	781.0533719628368	711.0082880512548	938.7518104802201	693.807564751332	772.1378217948353
570	gRNA_6834	MAP2K1	610.9287775125164	535.2086180284396	195.36229379545495	261.5466013381378	281.85219932266864	306.51292017328586	238.23001209475444	251.72365073698765	243.87570491127093
571	gRNA_6835	MAP2K1	1000.1711263659823	884.6002704951992	397.3711783883252	557.9660828546939	708.9553262154401	661.4723137483683	725.9737227545634	469.5051552769587	625.138260733652
572	gRNA_6837	MAP2K1	133.38165336633105	102.30236068757853	172.96961289463934	69.66791910643849	75.52626299215224	95.44027893547336	26.470001343861604	45.980739922066824	35.76677218176562
573	gRNA_6841	MAP2K1	221.62267069855008	238.72571015898805	174.39388235122834	330.2804254397972	352.5789581721632	357.4289289508862	345.4674534365528	293.6915260840377	218.22100444581602
574	gRNA_6842	MAP2K1	1027.4595334600501	1001.0843565387572	398.32069135938445	917.3591359434387	1033.0537103542497	905.1573486254712	843.4767735918977	675.3316674371923	690.8043066938919
575	gRNA_6848	MAP2K2	944.5741848098444	1122.174473039813	1125.8850054335878	968.3451549542959	829.259380604476	987.8141503214899	1146.1849940883662	971.6148352259285	1052.0299796709908
576	gRNA_6849	MAP2K2	1394.7053859409616	1524.4748701038804	1886.7613995757893	1370.473054511683	1291.2775815899881	1573.6024681408146	1291.1761232443262	1477.737379749915	1327.1157824721095
577	gRNA_6888	MAP2K4	332.37024808732497	263.2103983804227	399.032826087679	662.8182471411438	588.5985300226389	448.14803731497005	552.391598557317	410.56620683140034	437.00379065364933
578	gRNA_6889	MAP2K4	299.5986563902436	252.7256185232242	375.7697582967257	415.59443587628505	410.48945870664863	365.7817691925752	460.67983108066835	374.1160202749983	357.0435198598592
579	gRNA_6890	MAP2K4	282.19273317370045	257.0286206611496	337.9474916161961	453.1917598186423	411.28058576313066	363.0217002431475	492.8340955336285	301.6336538887584	285.697236083667
580	gRNA_6894	MAP2K4	447.9634304741118	399.1489025405167	592.1795896173289	640.8670145288359	663.3336659583091	522.0161984088638	635.7890707400605	608.9521992587905	547.4875371837106
581	gRNA_6895	MAP2K4	550.6775048398669	475.51203907271395	540.4311326945959	1025.2471089954206	1085.6900305121883	909.3700854430188	902.1858791366163	639.2994876073545	746.0461799589225
582	gRNA_6912	MAP3K1	1133.042716048312	1008.5994588641481	1635.9317230542856	1332.175159315741	1163.747900085083	1106.5697485402868	1122.9389031645903	1242.148788658307	1181.4270455222997
583	gRNA_6913	MAP3K1	1641.002387353073	1647.5043678501984	2407.0945077162964	1537.90958411833	1412.8474392693952	1510.1935156973836	1946.6480154964888	2376.7026458989776	2143.946464445207
584	gRNA_6914	MAP3K1	1380.9974244334276	1470.0509839087113	1722.891285987135	1037.3903440575484	939.4370086705416	1254.0155371544504	1457.8013881140191	1924.0849623752147	1815.553814448228
585	gRNA_6915	MAP3K1	1409.1784429744976	1130.2956320043481	1724.8694380101751	1442.242687378874	1257.1536345537295	1464.3618444582028	1574.1166824807956	1759.3067107635898	1764.494094300437
586	gRNA_6992	MAX	1246.4043698175938	1131.6895622743803	1599.7711040731099	760.119810138963	865.1238071649951	890.1222361904308	805.2988870382512	931.2353854398225	925.1921418466491
587	gRNA_7029	MED12	627.5058472425575	650.1775624741365	761.9050331941822	855.1639768752326	960.1117957466056	860.5604450741921	1002.0422624113763	854.1549450613759	814.0217731630111
588	gRNA_7143	MET	286.2732426457105	325.20999256489716	410.5061078213124	375.5840331715818	292.18959286070066	294.81894383492113	377.87623713320386	307.9873561325349	357.9798227965546
589	gRNA_7144	MET	669.0760374886606	647.2078849423289	916.9921518005377	876.4146382339565	946.5044103751145	734.9046744818261	731.9125051073528	551.6016763741762	569.5842864897229
590	gRNA_7148	MET	1109.0059649397526	1254.7796656846124	1535.6789785266058	1146.3680946151057	960.4282465691983	969.7284353633979	858.0692102301804	1282.7790424803516	1254.0217332140858
591	gRNA_7150	MET	907.4032938382522	1005.5691756684259	1024.682747934849	1142.0868258432017	839.5440323387425	1081.3659610284076	908.1246614894059	963.4219033852693	991.1078685900076
592	gRNA_7152	MET	865.833103592149	674.6016450316567	980.846899104277	1089.7775055755742	1076.1965058344038	835.356657562313	866.0441465324976	673.8268432215611	751.1646360128575
593	gRNA_7170	MGA	1267.125706980145	1093.6292053361105	885.9747280792666	870.5765444540873	896.9271148355732	784.5132821781186	554.0035537673599	708.3541988357676	739.5544795978341
594	gRNA_7171	MGA	1076.106857321671	893.4486974267078	978.1566123529423	806.5131953763231	797.1923639150706	717.6179268512	715.1142350237484	710.945840540466	655.9738374488217
595	gRNA_7188	MGA	539.3923458313388	490.84527204306784	764.990950350125	798.9625940876924	746.0855560663306	630.8210217310397	711.6358053599718	507.71097008493064	595.8007687171951
596	gRNA_7203	MGA	1566.6606054098886	1561.6261420834335	982.5876728845524	1152.3618708957715	1072.4518377670554	1004.7377309850859	1037.1659180407312	1045.936431209051	1037.423653858542
597	gRNA_7204	MGA	1096.9557104052226	1016.3569838451966	753.6759207783348	979.7878187628394	879.7332868080301	738.3910773653138	721.3923763681257	700.0776656497956	794.4218316881867
598	gRNA_7205	MGA	1349.2459601043488	1337.6882139195693	1297.1138445479519	1542.190852890234	1511.4218705070575	1505.2544449457764	1867.3228512128012	1629.8918282192997	1734.2202993472845
599	gRNA_7214	MITF	725.4380745708005	726.1164593589327	1089.8035125333338	1030.1511077705106	883.1615040527856	756.9125926838417	908.4640204809939	750.9908849453205	843.8586267457057
600	gRNA_7264	MLH1	964.2116366438931	952.7210367350323	1290.2298755077718	1371.6406732676567	1525.1347394860795	1101.8485779688972	1032.4997319063966	1127.3641415437658	1164.4487522702225
601	gRNA_7308	MSH3	678.0659099191829	697.1469520078293	852.6626480112687	811.2615116506167	742.6573388215752	663.723948943954	855.0998190537857	631.6081638385724	681.0043359564796
602	gRNA_7309	MSH3	651.4788403906169	667.5713880175814	886.3703584838747	653.0880908413619	743.9231421119464	790.3239536505979	729.536992166237	694.3927741685219	764.6473983012719
603	gRNA_7310	MSH3	726.2669280573026	670.662276877218	1182.0645228879312	1186.6120210710037	957.9493817922214	924.6230980582769	765.2545260308708	713.6210835904772	634.6261304921658
604	gRNA_7384	MTOR	1147.452015121348	992.6601692546499	477.2885201191512	740.8151800401956	856.2104423286308	858.5267100588243	1113.6065308959212	1247.9172814848937	1331.7348769598068
605	gRNA_7392	MTOR	1130.874945391307	1227.3252999313702	1111.088428301247	995.511751343287	1009.0561896409613	1057.39694120443	1483.847190718396	1371.1456644760328	1709.6267422100843
606	gRNA_7393	MTOR	1856.631809764608	1790.7761573439398	987.6517420635354	1410.4056159659876	1201.61651518869	1655.7508360829916	1414.1937576949651	1565.017184256529	1815.4913942524481
607	gRNA_7428	MTOR	659.129795650636	640.5412619117402	774.8025843844046	662.5068821395508	668.3441373160287	713.9862571809003	723.5982098134475	581.8653633774275	474.5807485130261
608	gRNA_7429	MTOR	1090.3248825132061	1034.9629226669304	423.9575415779861	634.2505082449841	621.7203827873536	601.767664368643	1622.6450182778754	1484.0910819936914	1310.8241113736087
609	gRNA_7430	MTOR	673.4753367631716	540.1176768055094	221.31564833774303	359.0816880871517	317.03098243423676	287.62823788772795	355.1391846968099	299.9616269825014	292.37619703209447
610	gRNA_7467	MTOR	1136.8681936783216	1030.781131856834	849.4184786934828	912.0659309163574	802.8357369179757	922.1535626824732	628.6625319167132	586.7978427508856	618.3968795894449
611	gRNA_7468	MTOR	926.1481342252987	1053.1446218412632	1308.508000200664	1116.7884194637686	954.4156809399349	1085.433431059143	1345.7280811420924	1307.0234326210777	1055.2134096557552
612	gRNA_7473	MTOR	597.0933000839821	694.2984858038504	701.7692116937586	828.4644279886311	763.648576720232	712.3883225259686	526.1761164571463	663.9618844746449	553.2301951954427
613	gRNA_7478	MTOR	680.7437442601896	747.3284417289875	736.0308047328158	782.693772754457	782.0554662343808	733.2341064334883	788.5006169546467	742.2963450327843	857.8407506003575
614	gRNA_7479	MTOR	871.890109839664	887.2669197074346	1044.7807724889378	1147.613554621478	1286.319852036034	1063.2802460703156	1078.6525547623605	1137.5635056719332	1095.5368561294383
615	gRNA_7481	MYC	340.97757275484634	313.5130994294098	244.73696829053955	370.21298689410224	450.1512951382816	493.543908193715	563.5904452797201	521.5887934068635	752.6003005157907
616	gRNA_7482	MYC	2105.7341614387265	1818.6547627445832	694.0148557634409	1057.5512279106965	1094.550653544787	993.6248217939693	1109.3645435010717	1034.2322428652521	980.6836958947986
617	gRNA_7509	MYD88	993.093992750465	943.2665531643793	1274.4837854043715	1178.127324777594	1225.8250031170405	1120.1521931072073	1008.5749229994448	879.8205580724206	840.1134149989239
618	gRNA_7510	MYD88	583.1940646949475	643.935179090949	574.297095329045	830.5661417493841	898.8258197711301	808.3370352152839	788.1612579630587	824.3092647846889	810.963183569806
619	gRNA_7511	MYD88	956.879471186375	930.5393637423465	420.6342461792785	953.8666823802204	1050.0893129704964	889.9769694036188	824.8968688024564	623.582434688539	639.0579643925241
620	gRNA_7512	MYD88	2317.346832338752	1978.7143211426255	539.6398718853799	847.5355343362037	909.8488567581132	1004.2292972312441	1154.2447701385806	999.3704818697942	838.9274312791097
621	gRNA_7513	MYD88	1726.820602186286	1517.1415847702328	406.3124255324671	770.8619026939222	774.3024210808568	689.4361702096752	987.4498257730936	747.2288244062423	801.2256330281735
622	gRNA_7514	MYD88	711.0287754977647	737.2072958552757	479.26667214219145	809.8603691434481	887.4335901577887	1060.4475437274818	1026.9851482930922	1040.1679383824644	1116.0731005409584
623	gRNA_7557	NCOA3	6241.968090925993	3532.7647552367534	765.4657068356547	1068.449002966452	1085.8482559234849	1128.5050333488962	986.7711077899179	1116.8303720343467	1131.0539475280855
624	gRNA_7558	NCOA3	1097.1469842867232	1061.2051751418837	293.3203819764081	610.7424506247111	638.6505017960694	630.7483883376337	761.0125386360212	499.6852409348971	599.4211400724174
625	gRNA_7602	NCOR1	506.36572229225675	585.5719247413411	765.2283285928899	780.1250114913146	754.4715028650403	613.4616407070076	745.7413840145626	604.8557333384608	671.9534075684238
626	gRNA_7627	NEGR1	1002.4664129439881	955.2058689555244	983.7745640983765	1145.0447933583355	1200.5616791133807	1551.594549938799	1142.0278464414139	1419.3000393762336	1271.9987495986381
627	gRNA_7664	NF1	776.1256531684264	829.4491163330567	328.2149836628381	400.5710745494218	403.4220570020757	440.3762642205289	683.2993295623762	505.95534183336076	486.4405857111683
628	gRNA_7667	NF1	874.4404282596703	832.5400051926932	1182.3810272116175	1155.9425684140913	1230.0443474182782	1007.4251665411076	1377.7126660992583	1058.142227624727	1153.3379574214368
629	gRNA_7683	NF1	792.4476910564669	822.7218876385535	805.7408820247541	1027.193140255377	952.7806850232054	1020.1360103871563	900.5739239265736	1054.8817751575257	924.1309985183942
630	gRNA_7684	NF1	1118.6334169752765	1187.6285900674106	1636.722983863502	1363.7787069774326	907.9501518225563	1304.0599452111787	1070.6776184600433	1206.9526222815978	1079.9942273802942
631	gRNA_7765	NF1	533.3990975443239	497.26947241799877	585.058242334384	678.0751322192019	823.6687494053361	692.9952064865688	1173.842751902786	695.6467943482147	799.7275483294608
632	gRNA_7787	NF2	1172.6364095189103	1271.2038006054263	1633.9535710312455	1154.385743406126	1200.1397446832568	969.365268396368	1366.1744603852674	1360.7790976572394	1279.86369426688
633	gRNA_7812	NFE2	167.9384679574168	136.0597154879229	179.45795153021137	213.20718484082127	332.9590071714086	292.3494084591174	194.45270217990642	148.64319196624513	168.84662958407677
634	gRNA_7813	NFE2	1343.3802277383343	1311.0823274611294	413.433772815412	639.6993957728621	765.7582488708507	739.1900446927797	681.4328551086423	542.4891297350757	591.6186155999554
635	gRNA_7814	NFE2	464.03043652015174	486.5422699051424	480.05793295140757	688.7393835237629	638.6505017960694	630.5304881574158	848.1429597262322	694.2255714778962	700.1049158650665
636	gRNA_7815	NFE2L2	945.3392803358463	1051.8112972351453	1278.440089450452	988.2725150562493	948.2976317031404	968.2757674952782	1137.0223013154912	1350.579733529072	1321.8100658308351
637	gRNA_7816	NFE2L2	900.7087079857355	984.7814329457723	1312.7808085704305	1009.6010176653713	876.0413605444473	659.0027783725645	995.8489608148959	960.9974643711967	914.9552297387789
638	gRNA_7822	NFE2L2	904.2153958132443	807.6310773238575	539.8772501281446	620.3947656740946	636.1716370190924	675.2726584955068	369.39226234350457	385.9874113094228	309.54175087151077
639	gRNA_7823	NFE2L2	752.216417980867	641.4503468704569	918.0207908525186	618.1373694125454	665.0741454825695	686.5308344734356	665.7375017476988	681.6017683356561	617.7726776316479
640	gRNA_7826	NFE2L2	1667.2706670791383	1477.929720217589	1291.179388478831	1130.9555270362512	1232.4704703914897	1133.2988373136918	1274.8020519002068	1105.627791762425	1116.8221428903148
641	gRNA_7827	NFE2L2	1068.137112259151	1297.2642360886366	1064.0084101528892	1231.2928987996024	1201.5110315811594	1222.0568440558138	1659.719988108861	1459.6794891623395	1438.5358319388663
642	gRNA_7828	NFE2L2	746.2231696938521	634.9655408316115	862.2369038027837	792.4239290542389	801.5699336276045	791.9218883055297	853.0636651042579	775.068072395421	724.8857335896057
643	gRNA_7829	NFE2L2	659.129795650636	637.5715843799326	1017.6405267328255	802.9324978580034	754.3660192575094	737.4468432510358	596.2537482200621	501.5244705317798	637.2477787149129
644	gRNA_7839	NKX2-1	905.745586865248	837.3884583058486	296.5645512941941	719.875883683065	891.2837418326679	797.2967594175732	746.1655827540475	548.6756292882266	487.8762502141013
645	gRNA_7843	NKX2-1	1055.4492781196195	927.751503202282	192.4346288013554	379.16473068990155	323.8346751199823	370.1397727969347	462.1221067949172	357.2285485218028	476.6406149737561
646	gRNA_7873	NKX3-1	1553.3989496258555	1698.8979708496452	1845.3784592537872	1164.8943122098906	1218.0192161597513	1332.2417018527037	1276.3291673623526	1844.4128802920695	1657.3810383424793
647	gRNA_7885	NOTCH1	1645.847992351085	1969.0174149163145	2029.9004799629815	1489.9593738730048	1319.2834793894524	1202.300561049384	1483.5926714747047	1439.3643622513173	1324.2444534662434
648	gRNA_7886	NOTCH1	687.4383301127062	658.6623554221585	789.7574136785888	938.6876385525607	1003.623783853118	823.0089806832943	757.2795897285536	710.4442324685889	728.4436847490483
649	gRNA_7901	NOTCH1	1671.2236606301478	2312.4697123194587	1395.3884370525914	1597.8473469249864	1444.4397797249114	1666.2826781268602	2274.723320614158	2046.8953386397893	1961.4298119853768
650	gRNA_7902	NOTCH1	590.271198310465	641.0867128869702	414.3832857864713	870.2651794524943	1023.1382512463415	1076.4268902768001	1135.1558268617573	971.7820379165541	1152.3392342889615
651	gRNA_7917	NOTCH1	1390.6248764689515	1443.445097450271	1461.5378407030576	1460.457539972066	1488.0045096351892	1308.1274152419144	1366.6834988726494	1616.1812075879925	1836.0276386639682
652	gRNA_7918	NOTCH1	1145.1567285433423	1222.8404808017015	1286.1153192998481	1416.6329159978482	1632.1478593262173	1677.250320531165	1704.0911762589878	1912.4643753767286	2047.944203336035
653	gRNA_7919	NOTCH1	741.1862908143396	761.7525897406247	886.8451149694043	806.2796716251283	859.269466947028	910.6048531309204	770.8539493920723	857.7498029098284	883.6827116531515
654	gRNA_7935	NOTCH1	1334.7729030708128	1323.0216432522745	1310.2487739809392	1221.173536247829	1366.1709429369548	1293.4554697739038	1519.1405258435448	1580.6506358300317	1551.8909074747935
655	gRNA_7956	NOTCH1	1358.873412139873	1446.172352326421	1658.6409082787877	1402.0766021733746	1338.112303333725	1709.1363802363956	1771.708455332891	1721.9369094087463	1563.1265427151386
656	gRNA_8028	NOTCH2	2777.934338991895	3226.1607014935903	4091.847022699215	2493.9558215097013	2342.527214243325	2413.3897627008932	3010.9626528642575	3308.2724367200517	3540.848025799016
657	gRNA_8198	NOTCH3	678.1296678796832	628.1171008092795	669.4857706777418	1051.4796103796325	922.3486642505295	1128.79556692252	831.3446896426278	961.6662751336995	900.4737443178896
658	gRNA_8216	NPM1	1126.093098353795	1160.7802809533125	1660.619060301828	1861.8070270254702	1754.4033604545752	1628.7312137359625	1686.2748292006197	1384.772683762027	1370.1857175600994
659	gRNA_8217	NRAS	3172.7236304088747	3370.7658155934496	1960.2695287519646	2352.2069045344783	2107.035060430504	2363.4179880375705	2356.0846388473738	3230.021577507225	3033.059733131192
660	gRNA_8225	NRAS	864.9404921451468	704.8438713249635	797.9865260944364	1016.6067302012142	1229.464187576858	1257.64720682475	867.7409414904375	807.9234011033706	945.5411256708298
661	gRNA_8226	NSD1	1813.467670506001	2099.92564897151	2214.8181310767845	1626.0258795691548	1539.4277683065218	1793.463749980752	2191.665207423003	2215.7700561717443	2343.7535111360125
662	gRNA_8227	NSD1	485.7719010507057	552.6024435718846	524.6850425911955	647.3278383118911	586.699825087082	503.9304834507718	645.2062827566267	561.5502364664052	577.0747099832863
663	gRNA_8228	NSD1	987.7383240684514	939.4483963377694	1031.0128344085776	1554.1784054515654	1327.9331352069894	1506.198679060054	1247.0594543378902	1252.4317541317873	1408.9486591392904
664	gRNA_8241	NSD1	587.1470582459573	639.7533882808524	680.405169844924	1033.887487789627	1038.011439908204	712.2430557391567	779.1682446859776	590.5599032899637	706.5966162261549
665	gRNA_8302	NTRK2	1151.0224609093568	1341.5063707461793	1238.0857881804309	1169.0977397313964	1135.2673260517297	994.6416893016532	1544.6772899605392	1398.9849124652114	1359.387023690212
666	gRNA_8366	NTRK3	786.3906848089518	727.8740236124515	968.7406087232706	752.0243200975444	803.3631549556304	705.8513171194293	876.4794355238278	940.0135266976716	762.6499520363216
667	gRNA_8367	NTRK3	881.5175618751879	925.0848539900466	1278.6774676932168	936.0410360390199	862.0647825465979	683.6981321306017	947.8296635051984	961.0810657165096	995.976643860824
668	gRNA_8409	NTRK3	740.1024054858369	755.3889950296083	944.4489018803363	996.2901638472695	972.506119631491	1038.6575257056843	956.9923562780735	889.4347127833981	769.7658543552069
669	gRNA_8410	NTRK3	391.8564252339726	355.6946415138616	325.2081925878169	489.77714750582226	469.5075371202089	584.2630165577989	593.5388762873583	561.4666351210924	491.43420137354394
670	gRNA_8493	PAX5	2155.59288654985	2087.5014878690495	1096.845733735357	1159.8346309340038	1293.9674135820271	1209.2007334229534	1116.4062425765221	1390.8755819698652	1309.0763458917775
671	gRNA_8494	PAX5	1310.8636678832536	1350.9608543168324	1493.1882730717014	1559.0045629762571	1658.5715030127174	1708.0468793353057	1802.1659248279109	2133.7571364198393	2032.0894736079922
672	gRNA_8513	PAX5	403.3966160845012	464.8454422237721	539.9563762090662	758.9521913829891	791.3907655008688	864.6279151049276	564.014644019205	583.4537889383716	603.2911922107585
673	gRNA_8569	PDGFRA	1280.1960888826775	1537.5050878454856	1302.0196615650918	1491.4383576305715	1777.609754111382	1914.3983500017287	1851.9668568434456	1924.2521650658402	1927.3483850896628
674	gRNA_8650	PDGFRB	1055.895583843121	1172.1135401053134	1179.7698665412045	1029.9175840193157	1109.8985184405387	1295.2713046090537	973.9603058574719	1266.2259761084076	1151.3405111564864
675	gRNA_8651	PDGFRB	630.5024713860648	593.6324780419619	641.0795076268838	712.247441144036	720.9804574739672	874.6513233949545	675.9182714953379	749.4024593843764	872.8840177832641
676	gRNA_8652	PDGFRB	698.659731160734	777.0858227109786	954.4187880764592	756.5391126206432	762.0663226072679	667.8640523680955	676.3424702348229	640.8879131682987	584.3154526937311
677	gRNA_8668	PDGFRB	1108.1133534927503	1176.2953309154097	1248.213926538397	1408.5374259564296	1488.3737022615474	1313.2117527803337	1216.941343834458	1549.3837326830264	1471.8682164852237
678	gRNA_8672	PDGFRB	1639.5997122220695	1882.472526846491	2119.550329647166	1508.4077502173911	1485.0509686243229	1787.9436120818968	1510.4868715580512	2030.007866886594	1749.5132473133099
679	gRNA_8673	PDGFRB	614.3717073795249	646.3594056475266	693.381847116068	605.0600393456384	618.9250671877838	619.998646113547	538.1385209106223	540.0646907210031	595.613508129856
680	gRNA_8695	PHF6	817.8871172960299	708.1771828402577	876.4004722877518	659.6267558748154	747.6678101792946	523.2509660967656	982.2746011513772	768.7979714969573	794.7963528628649
681	gRNA_8696	PHF6	907.9771154827536	817.0249552305961	1221.231932944128	1108.926453173545	1104.3606290451644	1061.3191444483537	987.9588642604756	944.5279993445655	1007.2122791011692
682	gRNA_8699	PHF6	579.4323450254382	616.0565736903055	823.7025023939595	869.2532431973169	740.6531502784874	748.5597524421527	922.6322583797916	769.7175862953986	839.3643726495676
683	gRNA_8775	PIK3CA	1127.1132257217976	1176.052908259752	1694.0102664507474	1795.3305991853601	1673.3392080670487	1428.1177811486127	1392.559621981232	1270.7404487553015	1145.5978531447545
684	gRNA_8782	PIK3CA	694.5154637282238	630.1776933823706	1022.8628480736519	866.1395931813867	1057.578649105193	863.5384142038378	786.0402642656339	659.1130064464998	644.6757820126967
685	gRNA_8783	PIK3CA	1772.280028022899	1602.23193690611	2386.2843484339132	1944.0073874460277	1977.7648994013384	1851.4978313121396	1970.657664151338	1877.6862157265834	1817.2391597342796
686	gRNA_8784	PIK3CA	1512.0200332612528	1468.2328139912781	2524.438485723044	2074.9363706158933	1676.503716292977	1945.1222754124633	1214.6506706412392	1419.6344447574852	1496.586614013983
687	gRNA_8789	PIK3CA	806.8569901295026	761.3283500932237	927.5950466440335	881.2407957586482	941.1247463910366	837.5356593644926	1025.6277123267403	857.8334042551413	921.4469300998672
688	gRNA_8790	PIK3CA	702.4214508302434	740.5406073705699	829.7160845440019	812.1956066553957	848.4046553713414	897.0224085640001	782.5618346018572	790.7851253142366	738.6805968569184
689	gRNA_8791	PIK3CA	1157.3982569593727	1432.3542609539281	1399.74037150328	1238.3764525858437	1205.6248922748657	1492.9794014601637	1036.4023603096582	1096.0972383967603	1066.9484064623377
690	gRNA_8793	PIK3CA	1123.287748091788	1263.7493039439498	1391.8277634111191	1161.2357734411726	1159.6867811951417	1164.1680295112383	1100.0321712324026	1212.2195070363073	1484.4770960327223
691	gRNA_8794	PIK3CA	1557.224427255865	1593.8077496220026	2020.0097198477804	1446.2125911491853	1516.3796000610116	1975.918834216604	1442.5302334925607	1695.93689101645	1587.3455786776608
692	gRNA_8795	PIK3CA	1526.93939601829	1710.7160753129615	1766.2523783321774	1470.576902523839	1432.942066504039	1517.529488431389	1407.1520586195147	1494.2068447765462	1498.8961612578319
693	gRNA_8803	PIK3CA	1454.7653847321108	1682.5950472566603	1853.6866977505563	1602.7513457000766	1361.582406009359	1323.1625276769546	1601.4350813036272	1699.2809448289643	1515.0005717689933
694	gRNA_8804	PIK3CA	601.2375675164923	577.0871317933193	716.1701584214917	1051.5574516300308	952.622459611909	934.5012395614918	813.8677015758475	596.4119974618632	791.8001834654394
695	gRNA_8808	PIK3CA	702.3576928697432	597.6930575242295	676.132361475157	721.5883911918266	707.8477483363653	900.0730110870517	542.4653480533689	534.2961978944165	559.1601137945137
696	gRNA_8813	PIK3CA	523.7716455088	534.4813500614663	636.6484470952737	634.8732382481702	660.0109323210845	431.44235683159195	621.9601918328508	654.4313311089802	611.5306580536784
697	gRNA_8814	PIK3CA	501.07381157074366	484.66349432379474	596.2941458252526	642.1903157856061	755.6318225478806	546.1304850196532	645.0366032608326	613.04866517912	556.9754069422244
698	gRNA_8824	PIK3CA	1007.0569860999994	1023.6902691788442	1313.2555650559602	1213.9342999607913	1173.9798100155842	942.200379262527	1171.043040222185	924.3800751241689	1077.185318570208
699	gRNA_8825	PIK3CA	2943.960068134307	3434.4017627036137	3534.5620347683166	2913.7536849074922	2778.543705972461	2584.005603811568	2610.8584017820417	3151.4363129131475	2807.5979859749314
700	gRNA_8826	PIK3CA	1789.3671614369412	1773.9277827757248	2150.567753368437	1630.5406720922538	1593.5408589698936	1554.2093521014149	1530.8484110533295	2059.6027431273424	1867.6746779242737
701	gRNA_8827	PIK3CA	1770.0484994053934	1864.5938559917306	1917.224940730609	1624.780419562783	1495.1773949472931	1295.7071049694896	1578.6131891193363	1843.158860112377	1822.6072965713336
702	gRNA_8831	PIK3CA	45.90573156011394	59.63597329181118	70.10570769654642	66.24290408891525	51.686967690160046	68.49328998185037	45.643784368581876	40.46305113141881	43.25719567532909
703	gRNA_8833	PIK3CA	824.6454611090468	797.5099314501457	680.5634220067673	857.8884206391716	1000.6175010384861	1155.8878226629552	1108.0071075347198	1258.9526590661897	1142.227162572651
704	gRNA_8834	PIK3CA	1007.6308077445009	999.266186621324	1074.1365485108552	1296.3681841325435	1395.970062064445	1740.877173154814	1430.8223482827757	1495.2936622656132	1433.7918970596093
705	gRNA_8835	PIK3CA	1064.5666664711423	1210.4163196992408	1190.6892657083865	1327.4268430414477	1283.0498602025748	1732.379066126313	1214.565830893342	1579.981825067529	1441.9065225109698
706	gRNA_8840	PIK3CA	1440.1648117775744	1574.6563598250386	1909.2332065575265	1556.513642963513	1354.9369387349097	1573.6024681408146	1928.1529504549446	1907.4482946579576	1913.4911016265705
707	gRNA_8841	PIK3CA	823.8166076225448	753.8132477678329	1119.001036393408	1143.0209208479807	1033.1591939617808	977.1370414908091	1096.0447030812438	869.3703899083143	976.0021812113214
708	gRNA_8852	PIK3CA	1193.6127785234626	1179.749853758533	1420.86703510935	1256.4356226782388	1109.6348094217115	1027.6172499079735	1331.8992022348825	1503.9046008328364	1228.117351965512
709	gRNA_8854	PIK3CA	674.8142539336749	675.2683073347157	1019.776930917709	913.0778671715346	886.1677868674175	664.9587166318559	729.621831914134	669.3959719199802	647.1101696481049
710	gRNA_8855	PIK3CA	1145.092970582842	1220.598071236867	1569.3866889992116	1395.0708896375313	1290.8029053560988	1277.5487566179916	1093.4146708964372	1180.4509958174247	1341.2227467183206
711	gRNA_8857	PIK3CA	439.41986376709065	407.57308982462416	429.89199764710685	693.7212235492511	719.7673959873614	608.4499365619943	708.4967346877829	617.9811445525781	507.6634522762648
712	gRNA_8858	PIK3CA	964.4029105253936	955.0846576276955	1183.726170587285	1167.3073909722364	1082.631005893791	989.4847183698278	1368.8044925700742	1156.2066056766985	1158.0194721049138
713	gRNA_8861	PIK3CA	847.662084849604	945.145328745727	1272.110002976723	1099.5076618753562	977.0946565590868	1103.2286124436112	985.7530308151538	971.0296258087385	975.5028196450837
714	gRNA_8862	PIK3CA	183.81420012195622	185.63514856993663	284.53738699410934	391.8528545048172	457.95708209557114	288.42720521519385	315.85838142050244	256.99053549169713	301.23986483281124
715	gRNA_8867	PIK3CA	423.1615838395503	390.2398699450937	608.163057963494	492.8907975217526	573.4088905381838	525.6478680791635	606.6041974634952	435.3122050440036	444.3693737556534
716	gRNA_8868	PIK3CA	413.53413180402634	424.0578304093525	591.5465809699559	435.13258972624715	382.9582371410736	415.1724767086497	324.2575164623047	419.1771453986238	426.8917189373386
717	gRNA_8869	PIK3CA	491.38260157471956	446.30010906595277	663.155684204013	782.8494552552535	698.9871253037663	578.0165447248836	553.409675532081	502.10967994896976	627.5726483690601
718	gRNA_8891	PIK3CB	1787.3269067009362	1787.9276911399609	2597.5509844946114	2098.28874573537	1911.204743049316	2143.4840728042273	1469.848632315392	2176.811829255956	2022.8512846325975
719	gRNA_8893	PIK3CB	970.587432693909	867.8125015908987	1453.2296022062885	1201.1683348954775	1022.3471241898596	1022.60554576296	1032.8390908979848	1030.3865809808613	945.6659660623892
720	gRNA_8895	PIK3CB	685.6531072187018	679.8137321282987	759.6103768474555	666.3989446594636	773.3530686130783	695.9005422228084	725.4646842671814	668.2255530856003	710.0297269940381
721	gRNA_8896	PIK3CB	605.3818349490025	697.0257406800004	639.3387338466084	770.0834901899397	709.4827442530948	784.2227486044945	755.5827947706136	781.3381732938847	684.6871275074817
722	gRNA_8897	PIK3CB	96.5295521972396	74.36314962302065	103.3386616836226	51.76443151483977	89.5555827937671	59.2688490192894	94.17212016566148	135.18337537087646	77.7131437457211
723	gRNA_8935	PIK3CD	990.0973686069574	935.2666055276729	1075.9564483720521	1107.3696281655798	1117.0714037526427	1141.2158771949448	1215.2445488765181	902.8945293787667	1042.7917906955956
724	gRNA_8936	PIK3CD	515.8019004462802	498.6027970241164	492.5598537370219	597.1202318050164	564.0735912716956	548.018953248209	591.2482030941395	611.0422328916117	596.9867524370093
725	gRNA_8997	PIK3CG	1210.763669898005	1340.2942574678905	1086.7967214583127	1665.95844102346	1765.7428482641512	1918.6837202126824	1834.9989072640471	1492.116811143725	1682.2866964585778
726	gRNA_8998	PIK3CG	463.96667855965154	495.8149364840521	391.515848400126	638.6874595176847	685.3797399322754	741.5143132817714	534.0662130115668	564.476283552355	509.28637736653684
727	gRNA_8999	PIK3CG	565.0230459524024	471.20903693478857	152.8715883405504	403.45120081415723	488.1253938494196	504.94735095845573	217.7836328515793	223.96800409312186	205.6745450940972
728	gRNA_9000	PIK3CG	638.4084584880845	752.055683514314	522.3112601635473	772.5744102026838	1027.568562762641	871.8186210521209	836.9441130038293	877.1453150224094	802.7237177268861
729	gRNA_9037	PIK3R1	523.0703079432983	613.3293188141556	642.1872727597863	537.0267864975633	504.84454564307345	523.4688662769837	503.6087435165465	610.1226180931703	533.068471958601
730	gRNA_9041	PIK3R1	792.511449016967	817.2673778862538	831.2194800815125	1040.3483115726822	982.4215787393991	914.817589948468	1069.5747017373824	1053.8785590137718	1035.6758883767104
731	gRNA_9055	PIK3R1	837.3332952485783	961.2664353469687	951.7285013251245	1224.8320750165472	1290.0645201033824	1289.5332665299802	1031.9058536711177	850.8944925941748	1081.8668332536852
732	gRNA_9056	PIK3R1	269.75993087616956	248.1195880657266	417.5483290233357	512.5067926221128	555.476677257924	492.23650711240714	174.6850409199072	165.69786641006627	145.93841773292846
733	gRNA_9063	PIK3R1	2346.0379145638226	2424.711401889006	3693.2098270161446	2496.291059021649	1824.1807668362915	2801.7605172427316	1908.4701289428426	2514.39406162924	2545.495583895989
734	gRNA_9064	PIK3R1	977.9833561119273	1102.6594492593624	1463.1203623214894	1294.032946620596	1028.0432389965301	1256.7756061038779	773.6536610726731	1017.0103657308052	1094.9750743674213
735	gRNA_9084	PIK3R2	2322.5112271392645	2203.2583059456338	1030.538077923048	1193.072844854059	1327.089266346742	1285.6836966794626	1683.2205982763278	1234.959072961402	1067.759869007474
736	gRNA_9085	PIK3R2	898.2859054867295	1052.5385652021187	1125.0146185434503	1253.7111789142998	1330.4647417877318	1335.437571162567	1365.5805821499885	1413.1135398230829	1070.6311980133398
737	gRNA_9105	PIK3R2	2384.037659021917	2321.9848015540265	1301.2284007558758	1451.038748673877	1434.1023861868794	1661.198340588441	1314.252534672308	1501.0621550921999	1478.4223370420918
738	gRNA_9114	PIK3R3	1109.3885127027536	1049.8113103259689	293.08300373364324	613.5447356390482	587.8601447699224	670.9146548911473	612.1187810767997	655.9361553246115	592.4924983408712
739	gRNA_9115	PIK3R3	616.5394780365302	617.8747436077388	160.0720617044169	427.1927821856251	405.0043111150398	461.5852150950786	582.0006705733674	455.2093252284615	400.8000771014258
740	gRNA_9116	PIK3R3	196.5657922219879	199.2108172867717	114.73281733633442	196.70483975639112	258.43483845080027	230.75629085083628	230.8489540277161	269.53073728862444	194.2516492664129
741	gRNA_9286	PMS2	1607.0831523669888	1538.9596237794324	2220.7525871459047	2004.1786740038792	1815.7948200375818	1599.8231231603777	1856.8875622214712	1886.3807556391196	1978.2208446501147
742	gRNA_9392	POLE	1060.2311251571314	1197.6891302772078	818.1636767294469	1466.4513162527317	1395.7063530456178	1493.7783687876297	1667.1010461758992	1491.4480003812223	1241.6001142539264
743	gRNA_9410	POT1	898.0308736447289	965.8118601405517	1258.9750735437358	1019.564697716348	844.4490200889311	795.4809245824233	742.6023133423738	814.6951100737112	821.5121966565746
744	gRNA_9411	POT1	892.5476890417153	925.5090936374477	1228.907162793524	1081.5263330333592	1205.9413430974585	976.9917747039971	769.1571544341325	792.3735508751807	722.7010267373163
745	gRNA_9513	PRDM1	1310.7999099227534	1375.8091765217537	1781.919342354656	1323.7683042727294	1557.412723390547	1148.479216535544	1564.9539897079205	1524.3033290891717	1510.5063176728552
746	gRNA_9611	PRKD1	822.8602382150423	848.4186891382772	836.7583057460253	745.3299725632945	813.3840976710696	1003.1397963301542	901.7616803971315	1193.4092043409162	1119.3189507215027
747	gRNA_9612	PRKD1	1087.0732265276981	1123.447191982016	1532.4348092088198	1373.3531807764182	1324.9268523923577	1423.6871441508474	1371.010326015396	1186.0522859533855	1324.8686554240405
748	gRNA_9624	PRKD1	244.7668103601075	235.6348212993515	288.9684475257195	404.5409783197328	422.35636455387925	279.56593121966284	327.9904653697723	214.68825476339563	234.20057456541812
749	gRNA_9625	PRKD1	493.1040665082239	397.02770430351126	708.4158024911738	601.0901355753274	608.4294482384554	510.32222207049915	581.0674333465005	442.7527247768471	490.43547824106884
750	gRNA_9703	PTPN1	942.5976880343395	820.1158440902327	267.2087752722768	585.2105204940833	528.947549963893	653.3373736868972	492.57957628993745	532.4569682975339	559.6594753607513
751	gRNA_9705	PTPN11	1245.830548173092	1242.2948989182373	1669.0855509604403	1248.8071801392098	1175.5093223247827	1301.735676622187	1165.5284566088806	1332.271038905558	1482.666910355111
752	gRNA_9706	PTPN11	1576.2880574454123	1614.1106470333407	2391.902300179347	1580.4887480861755	1455.990234749549	1525.083361345612	1191.1500604737723	1602.8885936832494	1475.3637474488867
753	gRNA_9730	PTPN11	232.20649214157635	245.81657283697777	374.82024532566635	391.8528545048172	394.6141757732423	353.4340923135566	271.31751377458147	270.03234536050155	293.1252393814508
754	gRNA_9744	PTPN11	1782.800091505425	1587.6865775666438	954.1814098336944	1220.1615999926516	1137.8516744362375	1306.3115804067645	1306.786636857373	1248.5024909020835	1303.833049446283
755	gRNA_9745	PTPN11	1193.8040524049632	1236.900994829852	564.2480830520005	815.6984629233173	984.1620582636598	925.0588984187128	834.9927988021985	709.8590230513989	693.3011145250797
756	gRNA_9838	PTPRD	322.93406993330154	311.1494785367466	445.084205184056	467.43670864152307	459.5393362085352	428.1012207349163	430.816239820927	317.7687135341382	289.5672882220082
757	gRNA_9875	PTPRD	306.612032045261	268.4830911409792	371.5760760078803	445.9525235316046	422.8310407877685	347.4055206608593	409.182104107194	290.5146749621495	328.6423307800976
758	gRNA_9876	PTPRD	227.99846674856587	225.150041442153	267.52527959596324	399.7926620454392	421.6179793011627	398.82996319230153	346.9945688986987	275.299230115211	272.15205359947305
759	gRNA_9881	PTPRD	67.83846997216837	61.45414320924444	94.71391886316711	107.42092554959231	160.17685803573067	112.94492674631742	86.11234411544721	89.78784486599959	92.31946955816987
760	gRNA_10049	PTPRT	1693.5389468052033	1773.261120472666	705.6463896589175	1435.0034510918365	1558.8367520922145	1605.4158944526391	1542.4714565152174	1725.949773983763	1732.0355924949952
761	gRNA_10106	PTPRT	1115.7643087527692	1230.9616397662367	521.2826211115663	1112.4293094414663	1255.413155029469	1359.4065909865444	1323.2455479493894	1584.496297714423	1369.9360367769805
762	gRNA_10107	PTPRT	1152.8076838033612	1179.1437971193886	559.3422660348607	798.8847528372942	911.2201436560154	831.5070877117954	933.2372268669156	852.7337221910575	762.5251116447621
763	gRNA_10117	PTPRT	1383.2289530509331	1223.5677487686746	1860.5706667907364	1686.5863723789976	1754.7198112771682	1728.2389627021714	1790.7125588618171	1631.7310578161823	1668.1797322123666
764	gRNA_10118	PTPRT	1671.3511765511482	1903.5632978887168	2139.569228120333	1580.7222718373703	1381.36058242141	1459.7859406736252	1022.9128403940364	1591.8532161019534	1469.4962490455953
765	gRNA_10150	PTPRT	1964.6377948518762	2202.894671962147	2922.7591770824283	2202.9852275210233	2374.699714540261	2286.935024781061	2003.32096709168	2004.0914498396107	2122.5987574885507
766	gRNA_10274	RAD21	831.2762890010632	715.7528908295631	948.167827683652	868.1634656917414	844.0270856588073	1003.1397963301542	692.7165415789424	787.4410715017226	762.3378510574231
767	gRNA_10275	RAD21	632.8615159245708	524.2389928599256	789.5991615167458	565.3610016425282	455.16176649600123	467.6864201411819	371.51325604092943	464.907081284752	528.0124361004456
768	gRNA_10306	RAD51C	1446.2855759855895	1393.6272417125997	2175.255090615979	1260.794732700541	1501.9810876330384	1247.696431928129	1603.301555757361	1583.9946896425458	1605.7595364326708
769	gRNA_10307	RAD51C	862.7727214881414	842.9641793859774	1227.0872629323271	943.5916373276508	907.7919264112599	1027.3267163343496	937.2246950180743	1001.9621235744926	895.2304478723951
770	gRNA_10336	RAF1	1344.1453232643362	1450.960199775662	1528.8741355673474	1296.134660381349	1269.3897330273185	1154.5804215816472	1081.0280677034762	1166.4059698048661	1135.236100645325
771	gRNA_10337	RAF1	1067.1807428516488	1283.627961707887	958.3750921225397	1320.8881780079942	1353.5656518370074	1249.2943665830608	1699.2553106288594	1626.5477744067857	1714.8700386555788
772	gRNA_10342	RAF1	246.16948549111098	276.4830387776856	194.8084112290037	435.52179597823834	554.6328083976766	441.5383985150248	414.7815274683955	332.3989489638867	437.5031522198869
773	gRNA_10343	RAF1	738.8272462758338	723.8740497940984	577.0665081613014	771.0175851947187	846.7696594546118	826.7132837469999	946.4722275388465	876.4765042599066	924.9424610635302
774	gRNA_10363	RARA	631.5225987540674	499.45127631891864	208.41809714752063	345.148104265864	450.2040369420471	361.7142991618397	331.468895033549	257.24133952763566	230.70504360175514
775	gRNA_10378	RARA	1695.6429595017087	1736.534088140514	2076.743119868575	1768.475367797962	1564.743834113947	1683.8599593311105	1684.2386752510918	1762.2327578495392	1565.935451525225
776	gRNA_10379	RARA	846.4506836001009	851.8732119814003	382.4954751750625	526.2068526922058	379.635503503849	507.5621531210714	382.8817822591264	500.60485573333847	569.5218662939432
777	gRNA_10380	RARA	935.2655225768214	1085.0232010602597	977.3653515437262	911.676724664366	991.7568780058873	926.3662995000208	1093.075311904849	951.8013163867832	1029.4338687987408
778	gRNA_10397	RASA1	803.0952704599932	858.6610463398179	1166.5558110272955	1098.88493187217	1016.229074953065	1182.0358442891122	637.6555451937944	817.5375558143481	983.9295460753426
779	gRNA_10406	RASA1	437.5071249520859	384.9065715206228	507.2773047884414	663.5966596451265	803.0467041330377	661.4723137483683	547.8950919187765	517.3251247959082	508.91185619185876
780	gRNA_10436	RB1	361.63515195689763	298.90713442602924	404.7299039140349	507.8363175982176	578.3138782883724	557.4612943909879	374.65232671311816	340.8426848404845	367.4052723592887
781	gRNA_10437	RB1	1016.3018903725225	939.2665793460261	1423.3199436179198	1239.077023839428	1248.0293025023032	1120.079559713801	1338.940901310333	1105.0425823452351	1159.5175568036266
782	gRNA_10447	RB1	1344.1453232643362	1304.1126761109686	1729.379624622707	1668.449361036204	1657.8858595637662	1831.8868150925218	1811.5831368444772	1529.152207117317	1360.1360660395685
783	gRNA_10448	RB1	790.7262261229625	760.8435047819081	861.6038951554107	1340.5820143587528	1084.2660018105207	1180.3652762407744	896.331936531724	1057.557018207537	1079.6821264013959
784	gRNA_10456	RB1	722.1226606247924	763.7525766498013	958.8498486080694	833.1349030125265	733.3220395550869	784.4406487847125	839.4044656928421	696.1484024200918	631.3178601158419
785	gRNA_10466	RB1	881.1987720726871	1027.3266090137106	1592.254126385557	1391.6458746200083	1134.0542645651237	1288.5890324157024	981.5958831682011	1186.219488644011	1487.5356856259273
786	gRNA_10467	RB1	555.0768041143776	453.57278873568583	711.9764761326463	636.9749520089231	614.9694319053735	649.2699036561617	695.2617340158521	485.80741761296423	489.0622339339155
787	gRNA_10468	RB1	302.0214588892496	293.27080768198607	398.7954478449142	444.0843335220465	407.48317589201685	323.50913423028794	306.69568864762726	244.11592831351842	275.08580280111875
788	gRNA_10504	RBM10	1416.3830925110155	1413.0210541652211	368.8857892565456	968.5008374550924	1134.4761989952476	1010.6936692443774	920.3415851865728	871.6276262317614	797.6676818687308
789	gRNA_10546	RBM10	1382.0813097619305	1231.2040624218946	482.58996754089907	975.0395024885458	1236.9535237115547	1301.5904098353749	1030.2938984610748	761.9426611813037	741.8640268416829
790	gRNA_10547	RBM10	244.95808424160796	307.51313870188	201.1384977027325	575.1689991927084	595.7186735309773	689.7993371767051	431.664637299897	441.4151032518416	511.47108421882626
791	gRNA_10548	RBM10	303.806681783254	326.1190775236138	246.39861598989336	600.700929323336	660.1164159286154	712.9693896732166	729.1976331746491	530.3669346647126	624.7637395589738
792	gRNA_10571	RECQL	1085.0967297521931	1187.7498013952393	1661.7268254347307	1183.6540535558702	1298.6086923133885	1395.7232876895405	1194.88300938124	1390.4575752433009	1328.7387075623815
793	gRNA_10572	RECQL	386.43699859145914	395.0277173943346	465.73611230459613	602.491278082496	551.3628165642175	506.3273854331695	485.5378772144871	421.3507803767578	366.15686844369475
794	gRNA_10573	RECQL	1832.6588166165486	2076.289440044877	2207.142901227388	1940.7380549293011	1819.8559389275229	2118.1350185055358	1990.4253254113369	2763.3588679709037	2318.0988106705577
795	gRNA_10574	RECQL	808.0046334185055	847.8126324991327	999.8371585254633	778.5681864833495	813.2258722597732	716.2378923764862	610.2523066230658	895.4540096459232	869.3260666238215
796	gRNA_10595	RET	817.9508752565301	943.5695814839515	977.2070993818828	1067.2813842104783	961.5885662520387	1018.2475421586005	983.207838378244	1031.3061957793025	1107.7087943064791
797	gRNA_10596	RET	360.997572351896	411.6336693068918	268.2374143242577	594.9406767938652	616.6044278221032	665.4671503856978	721.2226968723318	623.8332387244775	637.4350393022521
798	gRNA_10597	RET	535.056804517328	737.26790151919	644.8775595111211	730.5401349876261	833.9006593358373	828.0933182217137	667.1797774619477	809.5118266643146	708.6564826868848
799	gRNA_10598	RET	1299.1959611117247	1586.898703935756	496.4370317021808	1068.9160504688418	1206.679728350175	1357.1549557909586	1591.593670547576	1669.2680618616514	1585.4729728042698
800	gRNA_10617	RHEB	1411.1549397500023	1489.7478246809053	1770.8416910256306	1446.7574799019728	1367.7004552461533	1482.955993170137	1696.9646374356405	1806.8758762466005	1801.821371376695
801	gRNA_10618	RHEB	1178.5658998454253	1110.5987912321543	1435.1097296752396	1063.0779566889726	1165.06644517922	965.5883319392565	1733.954767518729	1458.3418676373342	1846.8263325338555
802	gRNA_10622	RHOA	709.498584445761	699.6923898922358	890.8014190154848	991.7753713241707	880.5244138645122	811.4602711317416	923.9048545982465	776.3220925751136	715.9596455931091
803	gRNA_10623	RHOA	1255.4580002086159	1523.1415454977628	2062.7378035454494	918.7602784506073	1013.3282757459642	827.5122510744658	1048.958642998413	1190.0651505284025	971.9448684856411
804	gRNA_10632	RHOA	441.65139238459614	392.90651915732917	423.2454068496916	538.9728177575197	548.4092755533512	600.896063647771	552.3067588094201	497.3444032661373	545.8646120934385
805	gRNA_10633	RHOA	261.91770173465005	320.119116796084	290.07621265862207	450.31163355390686	501.15261937949055	435.1466598952975	465.1763377192089	405.0485180407523	398.55295005335677
806	gRNA_10634	RHOA	481.56387565769523	611.0263035854068	445.87546599327203	731.0850237404137	800.0931631221714	609.7573376433021	948.0841827488892	784.3478217251472	626.1369838661271
807	gRNA_10635	RHOA	787.1557803349538	754.4799100708916	885.9747280792666	1038.0909153111327	1167.545309956197	877.4113923443823	930.182995942624	716.8815360576782	740.8653037092078
808	gRNA_10636	RHOA	1020.5099157655328	1110.416974240411	1542.0090650003347	1527.6345390657602	1256.4679911047783	1464.2892110647967	1008.1507242599599	1300.0009196147985	1243.7848211062158
809	gRNA_10637	RHOA	1135.1467287448174	1242.3555045821518	1529.98190070025	1508.5634327181879	1575.0284858482137	1551.158749578363	1558.5910086156462	1302.1745545929325	1337.477534971539
810	gRNA_10656	RICTOR	386.1819667494585	400.96707245795	280.7393351098721	446.6530947851889	460.01401244242436	555.1370258019961	335.9654016720896	447.35079876905377	391.3122073429121
811	gRNA_10657	RICTOR	473.9766783581764	394.60347774693355	148.44052780894026	226.9072449109142	270.8291623356855	261.40758286816487	291.0851750345807	197.9679857008259	223.83882206598864
812	gRNA_10664	RICTOR	1028.7346926700534	973.3875681298571	465.4196079809097	872.4447344636454	945.4495742998051	835.9377247095608	739.1238836785972	888.0134899130798	702.9138246751528
813	gRNA_10665	RICTOR	1350.202329511851	1291.4460923528502	552.3000448328374	959.9382999112843	895.4503443301401	964.4261976447606	1193.440733666991	1256.6954227427427	1388.6620955108892
814	gRNA_10679	RIT1	943.7453313233424	1090.7201334682172	766.0195894021059	645.771013303926	691.866981795428	683.1896983767599	636.9768272106184	815.4475221815269	727.1328606376748
815	gRNA_10680	RIT1	2251.8674069050894	2258.5306714356047	2015.4995332352485	1753.2963239703024	1681.8306384732894	1632.653416979886	1898.6287181867913	2291.1784696439336	1958.1839618048325
816	gRNA_10681	RIT1	1193.8678103654634	1307.2641706345196	1458.135419223428	1473.6905525397692	1422.1827385358833	1699.6940390936168	1546.7134439100673	1625.2101528817802	1418.623789485143
817	gRNA_10684	RIT1	449.9399272496168	372.48241041816215	196.31180676651428	314.55649285934965	329.31982271159114	382.0516493155174	313.5677082272836	315.1770718294399	349.490676170516
818	gRNA_10690	RNF43	437.12457718908496	484.60288865988025	350.5285384827321	622.340796934051	609.7479933325922	746.1628504597548	893.4473851032262	654.1805270730416	679.506251257767
819	gRNA_10770	ROS1	413.2790999620258	429.08810051425115	463.4414559578695	615.4129256486063	603.2080096656739	460.71361437420666	714.2658375447784	540.5662987928803	639.7445865461008
820	gRNA_10909	RTEL1	1019.6810622790308	1181.2043896924797	465.973490547361	825.1172542215062	991.282201771998	934.7191397417098	982.7836396387592	754.7529454843987	866.4547376179554
821	gRNA_10910	RTEL1	734.1729151593222	757.6314045944426	782.5569403147224	763.3113014052915	815.0718353915646	851.4812708984431	855.9482165327556	937.7562903742247	999.7218556076057
822	gRNA_10929	RUNX1	217.7334351080404	230.6045511944528	277.3369136302429	393.331838262384	505.4247054844936	539.5208462197079	297.7875151184431	303.80728886689246	237.94578631219986
823	gRNA_10930	RUNX1	995.2617634074702	916.4182440502814	314.52617166339957	534.9250727368104	456.7440206089653	383.0685168232013	358.8721336042775	258.8297650885798	245.43620980576333
824	gRNA_10932	RUNX1	735.4480743693254	773.0858488926254	690.7706864456549	930.7478310119386	1188.1673552284954	922.8798966165331	1240.6964732456158	1204.7789873034637	1078.4961426815817
825	gRNA_10955	RUNX1	88.49604917421965	112.60532355303371	109.82700031919461	88.42766045241801	165.55652201980857	155.2901951020107	46.83154083913977	81.84571706127895	79.0863880528744
826	gRNA_10969	RUNX1	1715.4716852172578	1701.0797747505653	671.0682922961739	1298.1585328917035	1449.3447674751	1326.721563953848	1552.6522262628566	1080.0457800966933	1176.433429859924
827	gRNA_10970	RUNX1	504.9630471612533	511.3299864461493	584.8999901725408	525.039233936232	625.6232762659985	750.9566544245504	628.1534934293312	557.8717772726399	631.6299610947403
828	gRNA_10971	RUNX1	643.827885130598	664.6623161496882	249.8801635504442	454.6707435762092	506.53228336356847	455.8471770160052	735.4757745190265	624.7528535229189	618.6465603725637
829	gRNA_11017	SDHA	1298.6221394672232	1294.4763755485722	1557.1221464563623	1185.755767316623	1074.4560263101434	1315.8991883363553	1362.5263512256968	1354.0909900322117	1345.3424796397805
830	gRNA_11018	SDHA	1180.0323329369287	1232.9010210114986	1714.4247953285228	1427.3750085528075	1289.2206512431349	1574.4014354682806	1199.8885545071626	987.415489490057	1351.959020392428
831	gRNA_11069	SETBP1	236.2232436530863	226.4833660482707	168.30117412026436	381.96701570423875	388.02145030255866	388.6612881154627	294.5636046983574	267.1898996198647	257.2336268081258
832	gRNA_11070	SETBP1	162.6465572359037	139.39302700321718	120.19251691992551	203.71055229223413	284.43654770717666	249.13253938255224	253.5011667162131	180.24450049450198	190.88095869430933
833	gRNA_11071	SETBP1	774.7229780374229	781.3282191849896	232.47242574769004	729.9174049844399	710.7485475434661	545.1862509053752	819.2126056933579	606.3605575540922	676.8846030350197
834	gRNA_11098	SETD2	678.5759736031843	698.2984596222036	479.8205547086427	492.2680675185665	534.0635049291435	411.61344043175615	331.55373478144605	410.56620683140034	390.68800538511516
835	gRNA_11099	SETD2	426.66827166705895	373.9369463521087	408.8444601219586	497.40559004485135	573.7253413607765	425.0506182118646	142.4459367190501	157.08692784284284	153.8657825969498
836	gRNA_11111	SETD2	1604.6603498679829	1566.7170178522467	1297.5886010334816	1068.9938917192399	930.6291274417082	907.2637170342449	1072.289573670086	920.5344132397779	942.9194774480826
837	gRNA_11112	SETD2	1036.8319536535735	938.7817340347106	557.5223661736637	962.7405849256215	878.0455490875352	835.6471911359369	866.5531850198797	868.6179778004988	986.9881356685479
838	gRNA_11113	SETD2	1152.9989576848616	1145.8106819664454	1661.6476993538088	1298.7034216444915	1346.1290575060764	1112.888853766608	1377.7126660992583	1523.634518326669	1483.6032132918065
839	gRNA_11114	SETD2	678.0659099191829	781.9948814880483	893.5708318477411	926.2330384888397	903.5198403062568	845.3800658523398	1103.6802803919732	831.9169872081582	817.7669849097929
840	gRNA_11122	SETD6	1276.689401055169	1403.0211196193382	2066.773233672452	1475.792266300522	869.3431514662327	1278.6382575190814	813.1889835926714	1526.2261600313673	1619.8040804831023
841	gRNA_11132	SF3B1	877.5008103636779	767.813156132069	1078.0928525569354	1096.6275356106207	914.2791682744127	870.7291201510309	999.4122302265697	950.7981002430291	946.5398488033051
842	gRNA_11133	SF3B1	869.6585812221584	897.872910892462	972.3804084456647	1064.3234166953448	1006.7882920790461	993.9879887609993	1048.3647647631344	1055.29978188409	1040.856764626425
843	gRNA_11136	SF3B1	436.10444982108237	414.4821355108706	595.5820110969581	647.4835208126876	647.6166084361992	546.784185560307	503.43906402075254	403.1256870985568	417.65352996194366
844	gRNA_11141	SF3B1	936.731955668325	892.2971898123334	1051.0317328817448	947.7950648491565	1003.4655584418215	869.1311854960992	1083.064221653004	1055.3833832294029	1150.2793678282317
845	gRNA_11142	SF3B1	1692.4550614767006	1892.4724613923738	2223.3637478163178	1531.6822840864695	1604.3529287418146	1303.4062446705248	1582.3461380268038	1564.6827788752776	1644.0231164456243
846	gRNA_11143	SF3B1	840.5211932735862	938.9635510264538	940.8091021579423	1105.0343906536323	1115.436407835913	751.7556217520162	1086.4578115688837	1067.9235850263303	1054.651627893738
847	gRNA_11144	SF3B1	1026.7581958945484	940.8423266078016	1503.395537510589	1229.113343788451	1284.73759792307	1028.7067508090636	672.5246815794582	849.138864342605	1069.570054685085
848	gRNA_11157	SF3B1	330.84005703532114	251.93774489233644	374.7411192447447	345.148104265864	358.80249101648855	341.44958240156797	235.93933890153568	238.01303010568046	233.51395241184144
849	gRNA_11158	SF3B1	566.6807529254065	561.3296591755642	608.2421840444157	741.2822275425851	770.9796874436322	682.8991648031359	699.9279201501868	627.1772925369916	708.0322807290879
850	gRNA_11159	SF3B1	988.6309355154539	810.8431775113229	1243.2289834403355	1428.6983098095777	1389.4828202012923	1211.2344684383208	956.3136382948975	814.5279073830856	856.9668678594417
851	gRNA_11169	SF3B1	1171.9350719534089	1405.2635291841725	1324.1749642231425	1146.3680946151057	1228.567576912845	1008.7325676224157	1424.1200081989132	1367.049198555703	1336.1042906643856
852	gRNA_11182	SH2B3	524.2179512323012	515.5723829201603	523.3398992155282	521.7699014195052	628.5768172768647	602.130831335673	716.4716709901002	624.7528535229189	686.7469939682117
853	gRNA_11195	SHQ1	800.8637418424878	942.6604965252349	1291.8123971262041	984.9253412891244	885.1129507921081	882.0599295223657	758.8067051906993	916.7723527006997	984.9906894035975
854	gRNA_11208	SMAD2	2005.8254373349782	1790.1094950408808	1468.6591879860023	928.9574822527787	1056.4710712261183	962.3924626293928	664.7194247729349	921.2868253475934	899.4750211854144
855	gRNA_11209	SMAD2	759.6123413988854	958.5997861347331	849.2602265316395	1243.2026101105353	1057.0512310675383	1044.7587307517877	1091.2936771990123	1109.3062509561903	1106.959751957123
856	gRNA_11218	SMAD2	1645.7204764300845	1542.2323296308123	1240.301318446236	1311.0023392074158	1207.4708554066572	1239.2709582930338	1130.9986792148047	905.7369751194036	916.7654154163902
857	gRNA_11219	SMAD2	459.82241112714127	432.5426233573744	621.9309960438542	486.89702124108686	459.48659440476973	427.59278698107437	517.1831031800652	539.1450759225618	441.8101457286859
858	gRNA_11223	SMAD2	2773.8538295198846	2638.1645501956714	2042.8771572341257	2204.9312587809795	1984.3048830682567	1870.1646134174796	1962.5130483532266	1641.261611181847	1869.7969645807834
859	gRNA_11224	SMAD2	1102.5664109292366	1073.5081249165157	1016.2953833571582	890.1146983040494	795.5046261945755	884.2389313245454	644.3578852776568	708.9394082529576	764.2728771265937
860	gRNA_11284	SMAD4	249.6761733186197	271.5133743367013	100.56924885136625	319.69401538563454	366.81924518883994	328.5934717687074	296.85427789157615	253.6464816791832	230.0808416439582
861	gRNA_11285	SMAD4	431.89642442807195	403.75493299801434	138.07501120820936	444.7070635252325	459.6448198160661	295.981078129417	686.6080797303589	349.70442744364647	304.9226563838133
862	gRNA_11298	SMAD4	1103.3315064552385	1323.1428545801034	1378.2972035735238	1410.0942509643946	1572.6551046787677	1591.3250161318767	2087.1426380139083	1687.4095537945398	1671.3007420013514
863	gRNA_11305	SMAD4	662.5727255176445	737.4497185109334	236.0330993891625	586.6116630012519	698.7761580887046	782.9153475231868	615.2578517489884	789.949111861108	664.6502446621994
864	gRNA_11306	SMAD4	997.620807945976	1032.9629357577537	480.05793295140757	689.2842722765507	701.3077646694471	782.8427141297808	1287.3583345889615	1061.2354774013022	1009.3345657576788
865	gRNA_11312	SMAD4	1393.6852585729591	1223.1435091212736	802.9714691924978	1070.862081728798	940.0171685119618	1160.0279260870966	1112.5036141732603	941.7691549492414	903.9068550857728
866	gRNA_11315	SMAD4	56.10700524013926	40.84821747833408	53.17272637932189	97.14588049702262	100.52587797698475	85.05370367841653	62.0178557127014	44.643118397061244	40.136185886344315
867	gRNA_11319	SMAD4	701.9751451067424	594.6627743285073	834.7010276420633	955.8127136401768	1055.099784328216	979.1707765061769	657.9322449411754	762.7786746344322	805.220525558074
868	gRNA_11322	SMAD4	851.742594321614	1135.5683247649047	1076.6685831003467	1007.9663514070078	1001.4613698987336	1063.6434130373455	1061.0058871997862	1205.9494061378437	1036.7370317049654
869	gRNA_11323	SMAD4	1103.0127166527375	1324.173150866649	1129.9204355605902	1131.811780790632	1131.4171743768502	1315.6812881561373	1413.515039711789	1562.341941206518	1572.676832669432
870	gRNA_11324	SMAD4	387.77591576196244	377.0278352117453	340.08389580107956	581.9411879773567	584.1154767025739	535.9618099428143	562.1481695654712	463.15145303318224	532.1945892176852
871	gRNA_11325	SMAD4	533.5903714258244	543.087354337317	513.2117608575621	695.0445248060216	585.9614398343654	544.0967500042854	514.5530709952584	453.20289294095323	493.99342940051145
872	gRNA_11326	SMAD4	552.5264856943713	610.2990356184335	553.1704317229752	751.7129550959514	666.5509159880027	761.7790300420431	618.1424031774861	748.4828445859351	599.6084006597565
873	gRNA_11336	SMAD4	360.0412029443936	371.9975651068466	456.63661299861104	502.4652713207379	555.6349026692204	628.351486355236	416.6480019221293	418.9263413626852	494.36795057518964
874	gRNA_11337	SMAD4	234.88432648258296	216.54403716630216	233.10543439506293	297.19789402053874	351.5768639006193	440.88469797437085	204.88799117123648	199.89081664302142	228.7075973368049
875	gRNA_11449	SMARCA4	561.8989058878947	548.7842867452746	760.2433854948284	461.13156735926435	476.3112298059545	446.2595690864143	514.2985517515674	460.55981132848393	450.86107411674175
876	gRNA_11450	SMARCA4	597.9859115309843	551.6327529492535	959.720235498207	589.3361067651908	510.0132424120894	559.1318624393257	424.79261772024057	429.37650952679127	461.47250739929
877	gRNA_11454	SMARCA4	672.6464832766695	866.1155430012943	864.3733079876671	867.2293706869623	1034.1612882333245	1191.8413523989211	1034.2813666122336	1003.6341504807496	859.2764151032904
878	gRNA_11499	SMARCA4	911.7388351522629	915.9333987389658	1380.433607758407	1274.1055865186427	1266.6471592315138	1170.4145013441535	1111.9945756858783	931.3189867851354	978.8110900214076
879	gRNA_11500	SMARCA4	663.3378210436464	642.2382205013446	857.3310867856438	605.9162931000193	721.7715845304492	584.0451163775809	593.6237160352554	553.6917100069975	623.8274366222785
880	gRNA_11532	SMARCA4	309.6724141492686	300.24045903214693	378.3017928862172	238.27206746905946	278.3712402741477	268.30775524173407	115.0426981483216	118.04509958174246	145.75115714558936
881	gRNA_11533	SMARCA4	899.688580617733	834.4793864379554	616.5504225411847	753.6589863559078	790.7578638556832	840.3683617073264	753.4618010731889	722.1484208123877	841.1745583271787
882	gRNA_11581	SMC1A	520.6475054442923	503.99670111250174	603.5737452700407	398.00231328627933	419.45556534677837	404.42273448456297	335.37152343681066	362.99704134838936	452.35915881545446
883	gRNA_11582	SMC1A	531.6776326108196	568.1780991978961	676.8444962034515	519.3568226571593	462.0182009855123	518.8203290990001	390.5173595698557	427.53727992990866	410.2255266641599
884	gRNA_11589	SMC3	935.0742486953209	1056.3567220287284	1283.899789034043	1240.011118844207	1112.852059451405	853.7329060940289	1075.9376828296568	859.8398365426497	979.5601323707641
885	gRNA_11590	SMG1	465.81565941415613	471.63327658218964	686.8935084804959	578.8275379614264	566.4469724411417	501.09778110793815	411.3030978046188	368.68193282966314	460.03684289635703
886	gRNA_11607	SMO	1373.537743054909	1327.3246453901997	489.4739365810791	1036.7676140543624	1049.614636736607	1157.703657498105	1210.4086832463897	977.2997267072022	1140.7914980697178
887	gRNA_11608	SMO	842.1789002465904	777.9343020057809	247.42725504187433	677.530243466414	919.1841560246013	812.7676722130495	659.9683988907034	534.9650086569194	611.3433974663393
888	gRNA_11609	SMO	1492.0637916247033	1340.2942574678905	993.0323155662049	1520.9401915315102	1492.382079347723	1716.9081533308365	1476.2964531555635	1424.566924130943	1722.1732015618034
889	gRNA_11670	SOCS1	835.8668621570746	697.5711916552303	187.29143354145074	380.7993969482649	395.2998192221934	409.72497220320037	242.30231999381007	227.3120579056358	234.1381543696384
890	gRNA_11671	SOCS1	5197.995245696401	3598.582506247838	553.7243142894264	632.9272069882138	705.5798507744502	782.7700807363748	572.4137790610073	444.4247516831041	481.94633161503015
891	gRNA_11689	SOS1	962.6814455918894	823.1461272859548	1420.7879090284282	968.5008374550924	946.1879595525216	904.7215482650352	927.3832842620232	808.9266172471248	935.6787347376379
892	gRNA_11701	SOS1	657.4083307171317	530.5419819070275	726.6148011031443	894.1624433247587	855.7357660947416	874.1428896411126	825.5755867856324	692.5535445716392	674.9495769658491
893	gRNA_11702	SOS1	1011.4562853745105	1119.022978516262	1275.5124244563524	1552.4658979428036	1698.3915648556467	1446.784563253953	1752.2801530644797	1591.518810720702	1557.945666465424
894	gRNA_11703	SOS1	1121.630041118784	1152.5985163248627	1322.1176861191807	1472.989981286185	1427.0349844823065	1376.5480718303586	1591.678510295473	1434.8498896044234	1387.9754733573127
895	gRNA_11748	SOX2	1057.9995965396258	1176.9619932184687	1399.5029932605153	1466.8405225047227	1309.2625366740133	1449.1088318429445	1156.6202830796963	1220.0780334957149	1249.7771599010664
896	gRNA_11796	SOX9	196.62955018248803	222.96823754123307	206.51907120540196	203.63271104183585	205.00739123637968	241.14286610789313	208.28158108711617	218.61751799309957	239.8183921855907
897	gRNA_11797	SOX9	867.873358328154	773.7525111956843	435.11431898793313	706.0979823625738	553.9471649487256	657.5501105044447	869.6922556920683	971.0296258087385	1101.154673749611
898	gRNA_11798	SOX9	664.2304324906486	569.9962691153295	329.63925311942705	421.0433234041629	460.80513949890644	525.2847011121335	508.27492965088106	382.7269588422217	415.2191423265355
899	gRNA_11967	STAG2	737.8071189078312	638.7836976582214	771.1627846620105	709.4451561296987	770.0303349758537	671.4957220383951	550.0160856162013	691.8011324638236	671.1419450232877
900	gRNA_11968	STAG2	732.068902462817	736.0557882409013	888.4276365878364	783.2386615072448	874.089913805125	840.2957283139203	805.3837267861481	876.3929029145937	837.0548254057188
901	gRNA_11992	STAT3	909.3797906137571	848.3580834743627	995.1687197510885	966.6326474455343	1145.3410105709343	1208.4017660954873	1112.5036141732603	982.3994087712861	1130.4297455702883
902	gRNA_11993	STAT3	686.0356549817028	677.5107168995501	291.57960819613265	533.1347239776505	728.8917280387876	650.1415043770336	662.1742323360252	479.78812075043913	593.3039608860073
903	gRNA_11994	STAT3	714.0253996412722	700.7226861787814	808.3520426951673	869.7981319501047	927.6755864308419	878.3556264586601	957.1620357738675	861.5954647942194	798.9160857843248
904	gRNA_12001	STAT3	1757.041875463361	1813.0790416644547	1634.5865796786184	1579.3211293302018	1523.3942599618192	1493.9236355744415	1253.8466341696496	1295.737251003843	1239.040886226959
905	gRNA_12002	STAT3	829.3635501860584	869.0246148691875	1256.522165035166	1136.2487320633325	1053.3593048039556	1093.2052041535842	922.3777391361006	964.9267276009006	939.4863666801994
906	gRNA_12006	STAT3	1534.5903512783088	1369.8698214581384	706.358524387212	723.4565812013847	601.8894645715371	618.6912450322391	579.9645166238396	718.3863602733096	787.3059293693013
907	gRNA_12007	STAT3	1871.5511725216452	1643.625605359674	1546.994008098396	1464.73880874397	1278.8832577051028	1298.9029742793532	1617.8091526477467	1613.5895658832942	1620.2410218535604
908	gRNA_12024	STAT3	1154.8479385393664	1131.6289566104658	263.8854798735692	483.16064122197065	627.7856902203827	643.5318655770883	421.05966881277294	359.73658888118825	364.28426257030384
909	gRNA_12025	STAT3	1024.4629093165427	1082.0535235284522	686.3396259140446	870.9657507060784	844.3435364814002	917.7229256847078	1175.7940661044165	1227.6021545738715	1214.8842704602166
910	gRNA_12026	STAT3	355.8331775513832	440.6031766579952	276.3874006591836	422.911513413721	544.5063820747065	440.3762642205289	569.7837468762004	469.17074989570733	432.2598557743924
911	gRNA_12062	STAT6	407.92343128001244	370.7248461646433	411.8512511969798	542.6313565262377	544.7173492897683	686.6034678668415	317.3854968826483	344.5211440342498	311.35193654912194
912	gRNA_12063	STAT6	517.2045755772837	568.7841558370405	710.4730805951357	741.2043862921869	527.1015868321016	490.0575053102274	771.6175071231453	594.7399705556062	749.7289715099246
913	gRNA_12064	STAT6	861.6888361596388	747.9951040320464	977.7609819483341	1045.5636753493652	1090.489534654846	1107.1508156875345	710.4480488894138	730.0905486171083	810.963183569806
914	gRNA_12065	STAT6	602.8952744894964	641.3291355426279	817.6097941629956	558.277447856287	789.8085113879048	705.9239505128353	509.54752586933586	696.7336118372817	711.7150722800899
915	gRNA_12079	STK11	846.3869256396007	837.8126979532498	1310.4070261427823	955.3456661377874	1038.9607923759822	1034.2268887079188	560.7907335991193	640.6371091323601	670.6425834570501
916	gRNA_12080	STK11	462.6915193496484	390.8459265842381	474.28172904413003	568.318969157662	760.9060029244275	699.0237781392661	618.481762169074	539.4794813038131	588.2479250278519
917	gRNA_12081	STK11	1670.904870827647	1687.6859230254736	2034.4106665755135	1881.9679108786183	1857.7245540311299	2062.279938976328	1924.844200286962	1589.8467838144452	1482.7293305508906
918	gRNA_12151	SUZ12	904.5341856157451	980.5390364717613	1256.126534630558	738.4799425282481	939.7007176893688	926.2936661066148	818.364208214388	820.0455961737335	851.7235714139473
919	gRNA_12164	SYK	724.2266733212975	793.5099576317925	344.43583025176815	835.8593467764654	757.2668184646102	841.3852292150102	1101.3896071987542	1107.9686294311848	1169.5672083241577
920	gRNA_12197	TBL1XR1	559.7311352308892	540.602522116825	909.3960480320632	761.9880001485211	715.7062770974202	652.2478727858073	564.1843235149989	515.4022938537128	612.3421205988144
921	gRNA_12203	TBX3	1488.4933458366943	1484.838765903835	1902.9822461647193	1348.3661393985783	1128.4108915622187	1359.6244911667625	1412.2424434933343	1758.3870959651483	1485.0388777947394
922	gRNA_12243	TBX3	450.449990933618	519.4511454106846	639.2596077656868	751.8686375967479	618.2394237388327	543.1525158900074	543.7379442718238	465.6594933925677	584.0657719106123
923	gRNA_12244	TBX3	614.3079494190248	625.0262119496431	806.6903949958133	991.1526413209847	1106.9449774296725	833.7587229073811	545.1802199860726	600.2576593462542	629.0707330677728
924	gRNA_12270	TCF3	1391.581245876454	1370.7183007529404	570.4990434448077	973.4826774805807	859.4276923583245	941.0382449680311	946.3873877909494	892.1099558334092	939.9233080506572
925	gRNA_12271	TCF3	855.8868617541243	855.4489461523525	700.2658161562481	1286.0152978295757	1318.7560613517976	1338.125006718589	1407.7459368547939	1346.8176729899938	1244.3466028682328
926	gRNA_12272	TCF3	666.6532349896546	770.8434393277911	528.4039683945113	1065.2575117001236	1406.3074556024771	1424.7766450519373	1191.2349002216692	861.1774580676552	932.370464361314
927	gRNA_12369	TET2	928.315904882304	951.6301347845723	1241.5673357409817	908.0181858956481	864.7546145386369	1035.9700901496624	922.2928993882035	882.8302065036831	925.8787640002257
928	gRNA_12370	TET2	1651.2036610330981	1591.6259457210826	2281.5214172937012	1824.3653855839093	1691.218679543543	1579.4857730067	1909.4882059176064	2105.5834830494096	1891.8937138867957
929	gRNA_12383	TET2	464.7955320461536	447.99706765555715	584.1087293633246	762.9220951533001	861.5901063127087	703.4544151370316	643.0852890592018	362.2446292405737	552.2314720629676
930	gRNA_12386	TET2	678.3846997216838	754.3586987430627	886.0538541601883	1018.7862852123652	710.5903221321697	972.7064044930436	710.9570873767957	787.6918755376611	801.4128936155125
931	gRNA_12394	TGFBR1	623.680369612548	614.3596151007011	735.4769221663645	802.3097678548173	678.7870144615916	655.3711087022649	887.5086027504368	825.5632849643816	826.0688709484924
932	gRNA_12403	TGFBR1	1528.2783131887932	1406.293825470718	1781.6028380309697	1464.5831262431734	1374.1349553055406	1263.9663120510713	1335.5473113944533	1818.7472672810252	1500.2069853692055
933	gRNA_12483	TNFRSF14	1026.184374250047	1067.811192508558	1197.8106129913315	983.6798812827521	1146.9760064876639	1546.5828457937855	1204.809259885188	1242.3995926942457	1143.7876674671431
934	gRNA_12498	TP53	1460.6948750586255	1592.777453335457	1860.8080450335012	1951.090941232269	1696.0181836862007	1567.5738964881173	1940.5395536479054	2003.004632350544	1837.7129839500199
935	gRNA_12499	TP53	75.61694115318768	83.7570275297592	86.16830212363324	118.08517685415329	121.56985767940704	114.54286140124924	135.31939789570276	90.95826370037946	144.62759362155484
936	gRNA_12500	TP53	2352.9237742978403	2435.923449713178	2799.876373411168	2242.8399477249295	2267.686594700124	2267.614542135067	2987.1226837052027	3338.034515651426	3103.9066553411462
937	gRNA_12501	TP53	1403.6315004109838	1385.5060827480643	1613.776420396235	1449.7932886675048	1440.2204354236737	1705.867877533126	1730.7308570986436	1713.4931735321484	1650.2651360235939
938	gRNA_12502	TP53	1134.3816332188155	1289.5673167715024	1424.0320783462143	1179.3727847839662	1097.1350019292952	1149.423450649822	1245.3626593799504	1308.6954595273346	1213.1365049783851
939	gRNA_12508	TP53	789.5148248734595	713.146847281242	915.4096301821055	951.8428098698657	1071.713452514339	869.0585521026932	1380.7668970235502	882.4121997771189	1109.8935011587687
940	gRNA_12509	TP53	766.7532329749031	829.2672993413134	898.1601445411945	875.4027019787791	1123.189452989437	880.3167280806218	1308.4834318153128	1025.1196962261517	1170.0665698903952
941	gRNA_12510	TP53	904.2791537737444	890.1759915753279	1238.9561750705686	1346.7314731402148	1516.2213746497152	1215.5924720426806	1308.1440728237246	1122.3480608249947	1040.4198232559672
942	gRNA_12521	TP53	1309.779782554751	1360.5365492153142	1591.7002438191057	1691.2568474028928	1833.357840691483	1840.312288727617	2154.0811991046353	1748.1877318369807	1801.197169418898
943	gRNA_12522	TP53	714.5354633252736	890.1759915753279	1034.9691384546582	974.3389312349616	760.1148758679456	1183.4885121572322	779.9318024170504	1070.6824294216542	981.3703180483752
944	gRNA_12523	TP53	612.4589685645201	597.6930575242295	622.6431307721488	848.7031530921776	976.6199803251975	864.0468479576797	962.676619387172	1060.0650585669223	967.450614389503
945	gRNA_12528	TP53	320.25623559229484	298.1798664590559	265.15149716831496	498.9624150528165	576.8898495867047	469.3569881895197	476.20550494581795	392.6755189344507	390.37590440621665
946	gRNA_12529	TP53	409.00731660851517	451.1485621791082	355.2761033380287	602.491278082496	659.1143216570715	576.4912434633578	817.0916119959331	545.9167848929026	551.8569508882894
947	gRNA_12530	TP53	750.7499848893634	806.7219923651409	763.0919244080063	882.719779516215	1060.9013827424178	940.9656115746251	902.3555586324104	1059.3126464591069	1003.0925461797092
948	gRNA_12534	TP53	1521.8387591782773	1872.2301696449501	2019.3767112004075	1700.2864324490904	1110.3204528706626	1657.6393043115474	1284.5586229083608	2189.937240470074	1790.1487947658918
949	gRNA_12535	TP53	660.6599867026398	712.9650302894987	790.3112962450401	774.1312352106489	835.5356552525668	855.9845412896146	770.9387891399692	741.7947369609071	675.0744173574085
950	gRNA_12536	TP53	467.1545765846595	519.9359907220002	348.31300821692696	626.6999069563534	691.8142399916626	640.9170634144725	564.014644019205	563.5566687539135	604.0402345601149
951	gRNA_12537	TP53	341.4238784783474	306.3616310875056	224.0850611699994	363.2851156086575	374.04487230470926	481.34149810150836	461.78274780332924	343.6851305811213	318.2181580848885
952	gRNA_12538	TP53	392.9403105624753	411.81548629863516	448.1701223399988	524.8057101850372	483.6423405293547	619.127045392675	406.7217514181812	474.9392427222939	614.2771466679849
953	gRNA_12547	TP53	528.3622186648114	439.9365143549363	614.4931444372229	680.4882109815478	767.3932447875803	687.3298018009014	682.3660923355093	589.2222817649582	618.0223584147667
954	gRNA_12548	TP53	565.0230459524024	594.2385346811063	411.6929990351366	707.8104898713354	970.8711237147613	833.6134561205691	890.3083144310375	915.3511298303813	773.2613853188698
955	gRNA_12549	TP53	1425.5642388230383	1522.5354888586182	1222.2605719961089	1698.340401189134	1915.476829154319	1790.9215812115424	1998.5699412094484	2008.6059224865048	2070.4154738167254
956	gRNA_12556	TP53	1356.3868516803666	1217.8102106968026	478.3171591711321	1066.1137654545046	1064.435083594704	1274.425520701534	1277.0078853455286	1274.5025092943795	1469.2465682624763
957	gRNA_12557	TP53	1030.0736098405566	1006.8418946106291	1089.8035125333338	1004.9305426414758	1090.8059854774388	1293.092302806874	1308.7379510590035	1192.9075962690392	1288.9770428507154
958	gRNA_12558	TP53	1994.34900444495	1925.926787873146	762.6962940033983	1229.5803912908407	1455.1991076930672	1556.3157205101886	1422.5928927367675	1688.1619659023554	1576.983826178231
959	gRNA_12560	TP53	1051.56004252911	1165.6893397303825	1195.5950827255263	1141.7754608416087	1187.7981626021372	1240.1425590139058	1062.02396417455	1427.325768526267	1707.3796151620152
960	gRNA_12561	TP53	1352.4976160898568	1393.3242133930275	1029.6676910329104	1339.3365543523805	1377.4576889427651	1569.3170979298611	2126.338601542319	1974.4965735988624	2106.4319267816095
961	gRNA_12562	TP53	2007.164354505482	2017.8655800313547	2833.188453479166	2179.47716990075	2003.3974160313567	2133.0248641537646	2214.062900867809	2573.0822060388596	2457.1085866719395
962	gRNA_12567	TP53	1048.1171126621014	949.9937818588825	496.990914268632	711.1576636384603	825.4619707333621	746.0902170663488	789.2641746857197	613.4666719056843	634.3140295132672
963	gRNA_12576	TP53	1542.305064498828	1483.2024129781453	1540.2682912200594	1566.3994817640912	1514.1117024990965	1752.135349132743	2010.5323456629242	2076.4902148805377	1934.3394470169887
964	gRNA_12577	TP53	1137.6970471648237	1173.8104986949177	1107.2112503360881	1084.873506800484	980.944808233966	1100.1780099205594	1215.838427111797	1384.85628510734	1280.7999972035752
965	gRNA_12578	TP53	119.8649657402975	121.99920145977227	153.74197523068813	203.0099810386498	223.467022554294	224.87298598495096	140.3249430216253	93.54990540507778	92.0697887750511
966	gRNA_12579	TP53	196.18324445898693	183.63516166076002	136.33423742793394	217.64413611352182	324.3093513538716	312.1783248589532	362.09604402436327	278.8940879636635	242.44004040833792
967	gRNA_12580	TP53	1019.9998520815316	932.1151110041219	424.19491982075095	645.771013303926	746.1910396738615	711.2988216248788	1033.7723281248516	740.5407167812145	844.9821902697402
968	gRNA_12581	TP53	139.75744941634687	85.63580311110691	95.97993615791286	68.11109409847339	107.59327968155765	89.19380710255805	179.0967078105508	217.3634978134068	185.6376622488149
969	gRNA_12582	TP53	280.2162363981955	269.39217609969586	298.5427033172343	195.3815384996208	307.5374577564523	277.8953631713251	280.6498860432506	203.31847180084822	242.00309903788008
970	gRNA_12583	TP53	945.6580701383471	1025.3266221045342	1078.9632394470734	881.16295450825	690.3374694862295	755.2420246355039	1026.6457893015042	872.7980450661412	978.498989042509
971	gRNA_12584	TP53	992.9027188689643	956.1149539142411	1415.7238398494453	792.5017703046371	730.1047895253934	774.2719737078737	822.0123173739587	976.4637132540737	808.09185456394
972	gRNA_12585	TP53	603.0227904104968	640.238233592168	679.2182786310998	784.7176452648116	758.0579455210922	814.3656068679812	867.7409414904375	762.1098638719295	768.080509069155
973	gRNA_12586	TP53	772.3001755384169	866.903416632182	1211.0246685052402	839.9070917971746	834.1643683546646	841.6757627886342	797.6633097275219	773.4796468344769	800.2893300914781
974	gRNA_12587	TP53	407.6683994380118	460.1182004384456	462.8084473104966	448.9104910467383	449.4656516893305	420.76524800091113	483.50172326495925	458.9713857675398	300.7405032665737
975	gRNA_12588	TP53	871.7625939186637	1138.4773966327978	926.0125250256012	1050.8568803764465	1132.7884612747525	956.1459907964775	786.3796232572219	1218.9912160066478	1177.4321529923993
976	gRNA_12589	TP53	223.7266833950553	205.57441199778813	216.64720956336802	246.52324001127454	335.1214211257928	347.2602538740473	211.1661325156139	276.386047604278	260.97883855490755
977	gRNA_12590	TP53	1055.0667303566186	1185.083152183004	960.0367398218935	1241.879308853765	1398.2379596263602	1192.7855865131992	1637.74649340354	1177.7757527674135	1154.3991007496916
978	gRNA_12591	TP53	248.01846634561556	273.6345725737068	211.97877078899305	353.6328005592738	351.5241220968538	440.59416440074693	252.3134102456552	284.4117767543115	275.5227441715766
979	gRNA_12592	TP53	514.7180151177776	515.0269319449303	171.54534343805037	513.5187288772902	558.4302182687903	491.5101731783472	512.0078785583487	465.9102974285062	385.6943897227395
980	gRNA_12595	TP53	1572.3988218549027	1304.7793384140273	914.6183693728894	896.108474584715	867.1279957080831	830.4175868107054	1069.1505029978973	830.9973724097167	732.813098453627
981	gRNA_12596	TP53	1638.197037091066	1627.989344069748	2246.389437364506	1149.9487921334255	1255.4658968332344	1199.5404920999563	1502.6816147515283	1896.1621130407232	1757.0660910026531
982	gRNA_12597	TP53	399.3161066124911	394.9671117304202	317.69121490026396	645.771013303926	912.9606231802759	876.6850584103223	739.7177619138762	680.7657548825275	685.0616486821599
983	gRNA_12598	TP53	653.4553371661219	677.5107168995501	767.9977414251462	919.4608497041916	1157.2606582219303	822.4279135360463	1142.5368849287956	925.8848993398002	874.8190438524347
984	gRNA_12599	TP53	744.8842525233488	741.6315093210299	775.9103495173072	602.8804843344873	615.8133007656212	695.9005422228084	720.2894596454648	860.0906405785882	751.2270562086372
985	gRNA_12600	TP53	614.4354653400251	691.6924422555295	692.6697123877735	684.7694797534518	800.5678393560605	745.436516525695	967.8518440088885	832.5021966253481	777.3811182403297
986	gRNA_12601	TP53	454.5942583661283	477.1483919984039	401.01097811071924	718.8639474278876	857.4235038152366	813.5666395405153	791.9790466184234	783.0102002001416	647.7343716059019
987	gRNA_12602	TP53	1036.1306160880717	969.3269886475895	1192.82566989327	1262.1180339573114	1390.590398080367	1190.3160511373953	1790.797398609714	1694.5992694914448	1577.1086665697906
988	gRNA_12604	TP53	1011.6475592560109	892.1759784845045	357.1751292801473	645.2261245511381	797.350589326367	614.8416751817215	768.9026351904415	740.9587235077787	665.961068773573
989	gRNA_12606	TP53	758.1459083073817	743.2678622467198	878.6160025535569	1019.6425389667461	1015.2269806815211	1108.0224164084066	808.9469961978219	795.8012060330075	892.5463794538682
990	gRNA_12607	TP53	706.3744443812532	739.0254657727088	792.1311961062372	891.2044758096249	942.6542587002352	827.8027846480898	1269.2874682869024	1155.6213962595086	1068.321650769491
991	gRNA_12608	TP53	804.1153978279958	784.9645590198561	749.8778688940976	1154.385743406126	1333.154573779771	1090.6630353843743	1678.0453736546112	1505.7438304297193	1291.7859516608019
992	gRNA_12609	TP53	667.4820884761567	747.5708643846452	963.360035220601	703.9184273514227	713.5966049468014	728.6582026489108	750.7469291404851	1008.3158258182691	805.7198871243116
993	gRNA_12610	TP53	1559.7747456758714	1587.444154910986	1141.9475998606747	982.2008975251854	917.3381928928098	1070.6888521977266	876.3097560280337	973.7884702040625	987.1753962558869
994	gRNA_12618	TP53	627.1232994795565	642.1776148374302	532.5976506833566	561.8581453746067	722.7209369982277	586.0062179995427	1067.5385477878544	903.312536105331	797.3555808898324
995	gRNA_12624	TP53	809.6623403915096	903.5698433004196	961.6983875212474	707.966172372132	828.7319625668213	700.5490794007919	984.480434596699	920.6180145850907	784.3721801676556
996	gRNA_12625	TP53	1896.0979873142062	2407.98423864862	1815.3896745844972	1747.7695951920261	1503.9852761761265	1768.042062288655	2088.075875240775	2492.072502430709	2637.190851496362
997	gRNA_12635	TP53	527.6608810993096	474.1181088026818	546.52384092556	590.7372492723593	653.5236904579317	499.3545796661943	683.8083680497582	557.2865678554499	574.2033809774205
998	gRNA_12652	TP53BP1	1006.6106803764984	1137.7501286658244	1287.9352191610453	1178.0494835271957	960.7974391955566	1002.0502954290645	974.9783828322359	1178.3609621846035	1024.9396147026027
999	gRNA_12653	TP53BP1	1089.3047551452037	1169.3862852291634	1316.6579865355895	1075.1433505007021	998.929763317991	1069.090917542795	803.4324125845174	917.5247648085153	882.8088289122358
1000	gRNA_12654	TP53BP1	767.2632966589044	800.29779199021	895.8654881944678	762.1436826493176	710.3793549171078	910.0237859836726	552.3067588094201	740.7079194718401	743.5493721277347
1001	gRNA_12655	TP53BP1	583.0665487739473	592.4809704275875	661.3357843428159	782.4602490032622	712.2253180488992	728.9487362225348	841.1012606507819	673.7432418762482	611.8427590325769
1002	gRNA_12754	TRAF7	137.78095264084197	114.36288780655255	268.7121708097874	208.84807481851894	161.8645957562257	228.43202226184454	124.71442940857874	119.54992379737375	89.57298094386327
1003	gRNA_12779	TRAF7	1431.4299711890528	1643.4437883679307	2136.166806640704	1507.7071789638069	1445.0199395663315	1489.638265363488	1690.262297351778	1509.5058909687973	1700.450973430469
1004	gRNA_12826	TSC1	261.66266989264943	266.90734387920367	288.4936910401899	428.04903594000587	525.0973982890138	412.339774365816	369.7316213350926	344.2703399983113	292.06409605319595
1005	gRNA_12831	TSC1	864.1116386586447	794.8432822379102	310.56986761731906	588.5576942612083	726.0964124392177	763.7401316640048	665.3981427561108	638.547075499539	703.8501276118483
1006	gRNA_12832	TSC1	127.89846876331745	132.18095299739855	194.8875373099253	67.7218878464821	145.56737839269564	194.7301277214643	56.67295159519088	128.9132744724128	80.70931314314649
1007	gRNA_12844	TSC2	865.3867978686479	1028.2356939724275	760.0060072520636	1109.0821356743415	1149.243904049579	1054.3463386813785	1485.7985049200265	1378.2517788276248	1541.9660963458218
1008	gRNA_12845	TSC2	830.0648877515603	822.4794649828959	706.9124069536633	1227.0116300276982	1258.8941140779898	1445.695062352863	1051.58867518322	1182.2066240689944	1186.046140009997
1009	gRNA_12850	TSC2	2038.4695131110595	2319.8636033170205	2521.510820728944	2704.4385625865834	2261.357578248267	2252.070995946185	2594.9933689253044	2940.0085106169527	2799.67062111091
1010	gRNA_12890	TSC2	1047.5432910176	1255.931173298987	1032.9118603506963	1300.1824054020583	1112.2191578062195	1053.9831717143486	1292.5335592106783	1286.7083057100556	1146.4717358856701
1011	gRNA_12891	TSC2	492.59400282422257	601.5112143508394	454.3419566518843	696.4456673131901	735.2734862944094	540.6103471207978	780.8650396439174	660.617830662131	814.2090337503502
1012	gRNA_12894	TSHR	610.2274399470145	628.0564951453651	872.4441682416714	960.5610299144704	786.5385195544458	863.9015811708678	533.5571745241848	661.2866414246338	669.2069189541171
1013	gRNA_12922	U2AF1	1378.00080028992	1391.3848321477653	1978.7850316876215	1261.72882770532	1384.2086398247454	1463.635510524143	1629.2625186138407	1729.0430237603382	1622.6754094889684
1014	gRNA_12923	U2AF1	1462.7351297946304	1446.960225957309	1557.1221464563623	1914.3498710442925	1996.6464651493764	2352.159812059642	2358.714671032181	2630.0147221969096	3053.471137151152
1015	gRNA_12925	U2AF1	999.0234830769796	798.11598808929	1244.732378977846	973.2491537293861	923.0343076994806	890.9938369113028	1095.2811453501708	850.225681831672	877.5655324667413
1016	gRNA_12930	U2AF1	759.8036152803859	868.7821922135297	1135.1427569014163	679.4762747263704	670.7702602892402	619.054411999269	714.6051965363664	795.6340033423818	655.4120556868044
1017	gRNA_12954	UPF1	807.9408754580053	981.5693327583068	948.0095755218088	910.5091059083921	905.0493526154555	1113.8330878808858	1119.0362747613287	969.6920042837329	952.7194481854949
1018	gRNA_12989	VHL	119.35490205629623	107.45384212030612	118.4517431396501	109.91184556233648	134.597083209478	59.05094883907142	89.5907737792239	41.048260548608745	51.62150190980831
1019	gRNA_12990	VHL	305.2093569142575	284.90722606179304	240.38503383985102	397.22390078229677	373.46471246328906	276.2974285163932	390.0931608303707	216.27668032433976	248.7444801820872
1020	gRNA_12991	VHL	397.91343148148763	320.4221451156562	279.2359395723615	355.89019682082323	378.47518382100867	211.07264123781246	349.1155625961234	232.49534131503242	302.113747573727
1021	gRNA_12999	VHL	417.86967311803716	387.8762490524304	323.3882927266199	579.5281092150107	747.3513593567019	528.6258372088091	719.01686342701	636.5406432120307	650.7929611991069
1022	gRNA_13002	VHL	4128.327942385246	4011.125260513447	3512.0902277865794	1977.3234426164813	1750.3949833683996	1399.790757720276	1638.3403716388189	1601.3837694676183	1526.2986272051182
1023	gRNA_13003	VHL	812.0213849300154	753.995064759576	983.853690179298	772.340886451489	718.6598181082865	582.9556154764911	709.0057731751649	674.5792553293768	714.3991406986169
1024	gRNA_13004	VHL	1144.1366011753398	902.1759130303875	880.3567763338323	636.1186982545422	684.8523218946206	427.0843532272324	487.9133901556029	402.54047768136684	550.6085469726954
1025	gRNA_13005	VHL	196.11948649848676	216.7258541580455	200.82199337904603	319.61617413523624	410.753167725476	367.67023742113105	325.19075368917163	293.77512742935056	272.46415457837156
1026	gRNA_13006	VHL	637.0695413175812	550.7842736544512	214.19430105479813	435.91100223022966	483.74782413688564	359.6805641464719	343.6009789828189	190.69466865860804	245.24894921842423
1027	gRNA_13007	VHL	128.5998063288192	145.51419905857585	174.63126059399315	202.153727284269	304.26746592299315	208.53047246860277	97.65054982943816	60.36017131587681	79.58574961911197
1028	gRNA_13008	VHL	1.9764967755049057	0.24242265565776902	0.4747564855296597	0.0778412503982553	0.052741803765469435	0.0726333934059919	0.08483974789699233	0.08360134531284878	0.06242019577969566
1029	gRNA_13009	VHL	2219.7971527735094	2568.5892480218918	3045.167224268159	2307.2925030546853	2315.048734481515	1957.905752651918	2337.165375066345	2227.7250485514814	2235.5793118498
1030	gRNA_13010	VHL	1519.3521987187712	1623.746947595737	1947.688481885429	1524.209524048237	1491.4327268799448	1566.7022957672455	1318.2400028234667	1667.0944268835176	1733.4088368021485
1031	gRNA_13011	VHL	367.437126362412	415.9972771087317	253.83646759652473	286.22227771438475	322.9908062597348	333.8957094873448	471.36963931568937	406.21893687513216	414.15799899828073
1032	gRNA_13058	XIAP	674.3041902496735	736.6618448800456	703.0352289885044	806.6688778771196	888.6466516443944	846.1063997863997	983.6320371177292	909.4154343131689	921.6341906872065
1033	gRNA_13059	XIAP	827.1957795290532	751.510232539084	1123.3529708440965	1190.4262423405182	1251.4575197470588	1147.3170822410482	1364.2231461836368	939.4283172804817	996.1639044481631
1034	gRNA_13260	controlsgRNA	754.3841886378723	677.4501112356355	878.4577503917136	1197.2762723755648	1126.8286374492545	999.5807600532607	960.4707859418502	802.0713069314711	1000.90783932742
1035	gRNA_13261	controlsgRNA	272.94782890117745	288.60417156057406	375.05762356843115	355.9680380712215	373.9921305009438	379.43684715290175	325.2755934370686	223.13199063999338	252.73937271198773
1036	gRNA_13262	controlsgRNA	181.5826715044507	140.72635160933493	227.56660873055023	274.9352964066377	379.42453628878707	241.86920004195306	217.27459436419736	145.5499421896697	189.5701345829357
1037	gRNA_13263	controlsgRNA	995.3892793284705	1049.0840423589955	1474.9892744597312	1227.0894712780964	1420.4422590116228	1035.2437562156026	1240.2722745061308	1096.5152451233246	1230.7390001882593
1038	gRNA_13264	controlsgRNA	1187.364498394447	1305.6278177088298	1733.8106851543173	1506.22819520624	1407.7314843041447	1425.0671786255614	1110.2129409800416	1186.6374953705754	1160.204178957203
1039	gRNA_13265	controlsgRNA	704.2066737242478	628.8443687762528	969.2153652088003	645.6931720535277	656.7936822913908	596.9012270104415	759.7399424175663	490.40549160517094	565.2148727851442
1040	gRNA_13266	controlsgRNA	682.528967154194	623.6322816796107	705.8837679016824	958.2257924025226	1183.9480109272579	904.9394484452531	1138.294897533946	799.7304692627114	908.7756303565891
1041	gRNA_13267	controlsgRNA	504.0066777537509	427.33053626073234	573.9014649244369	691.5416685381	551.7320091905758	455.0482096885393	787.3128604840888	649.7496557714608	662.0910166352319
1042	gRNA_13268	controlsgRNA	260.57878456414676	243.2711349525712	338.8970045872554	393.64320326397706	442.7674426111159	279.8564647932868	365.4896339402429	286.50181038713276	295.74688760419804
1043	gRNA_13269	controlsgRNA	625.7843823090532	497.8149233932287	524.6059165102739	868.6305131941309	1102.4619241096075	856.1298080764266	903.8826740945563	735.8590414436949	701.4781601722199
1044	gRNA_13270	controlsgRNA	487.8121557867107	532.5419688162041	531.2525073076891	679.8654809783617	572.5650216779362	538.068178351588	720.0349404017738	677.0872956887623	587.9358240489535
1045	gRNA_13271	controlsgRNA	1062.2713798931366	1188.113435378726	1429.570904010727	1209.4195074376926	1301.7204587355511	863.6110475972438	1726.2343504601029	1606.483451531702	1530.9801418885954
1046	gRNA_13272	controlsgRNA	385.03432346045565	307.3313217101367	435.35169723069794	617.3589569085627	580.1598414201638	571.9153396787804	641.473333849159	482.04535707388607	453.54514253526867
1047	gRNA_13273	controlsgRNA	276.6457906101866	213.81678229015228	244.65784220961797	629.5021919706907	683.6920022117803	532.3301402725147	497.75480091165406	330.8941247482554	385.1326079607222
1048	gRNA_13274	controlsgRNA	506.23820637125647	459.02729848798566	772.3496758758348	751.9464788471462	709.3245188417984	620.8702468344188	654.7083345210898	524.4312391475003	572.0810943209107
1049	gRNA_13275	controlsgRNA	1211.2099756215064	1289.4461054436733	1837.703229404391	1668.760726037797	1605.0913139945312	1419.9828410871417	1378.8155828219192	1403.8337904933567	1433.6670566680498
1050	gRNA_13276	controlsgRNA	516.3119641302815	579.8143866694692	789.6782875976672	774.7539652138349	814.6499009614408	644.5487330847722	585.139741245556	607.2801723525334	675.9483000983244
1051	gRNA_13277	controlsgRNA	457.3358506676351	422.482083147577	699.0789249424239	707.5769661201406	628.9460099032231	610.1205046103321	722.6649725865807	575.8460665149024	520.8965337815603
1052	gRNA_13278	controlsgRNA	364.56801813990484	323.8766679587794	503.0044964186744	511.18349136534255	370.3002042373609	370.5029397639647	323.1545997396438	330.39251667637836	327.3939268645038
1053	gRNA_13279	controlsgRNA	482.77527690719825	490.7240607152389	738.8793436459937	668.967705922606	787.6460974335206	601.113963827989	639.5220196475282	613.3830705603715	664.4005638790806
1054	gRNA_13280	controlsgRNA	1491.2986960987014	1593.8077496220026	1811.5124966193382	1742.0871839129534	1604.4584123493457	1267.089547967529	1672.7853092849978	1835.2167323076562	1806.128364885494
1055	gRNA_13281	controlsgRNA	177.50216203244057	112.36290089737594	183.96813814274313	322.9633479023612	268.45578116623943	233.80689337388796	262.0699812538093	151.23483367094343	128.0862417399355
1056	gRNA_13282	controlsgRNA	191.72018722397584	216.8470654858744	271.40245756112216	254.22952380070177	292.08410925316974	198.2165306049519	201.1550422637688	168.4567108053903	198.12170140475402
1057	gRNA_13283	controlsgRNA	144.1567486908578	103.81750228543959	118.37261705872848	309.26328783226825	310.543740571084	224.87298598495096	202.76699747381167	148.64319196624513	163.9778543132605
1058	gRNA_13284	controlsgRNA	677.1732984721808	747.267836065073	732.7075093341082	948.1064298507495	967.0737138436475	988.0320505017079	949.4416187152411	836.5150612003648	757.843596961285
1059	gRNA_13285	controlsgRNA	865.833103592149	911.3273682814682	1063.2962754245943	1213.0002049560123	1003.623783853118	799.8389281867828	1166.8858925752327	971.6984365712412	1028.185464883147
1060	gRNA_13599	controlsgRNA	694.196673925723	697.6317973191449	521.4408732734096	354.25553056245985	343.29640070944055	294.38314347448517	408.5882258719151	557.8717772726399	501.92079426453284
1061	gRNA_13600	controlsgRNA	1017.5132916220255	986.5389971992912	601.674719327922	485.9629262363078	469.8767297465672	337.23684558402044	481.29588981963747	507.37656470367926	553.6671365659005
1062	gRNA_13601	controlsgRNA	1925.8091969072798	1925.4419425618305	1597.0016912408537	1101.920740637702	1036.9038620291292	867.7511510213853	1341.3164142514486	1219.0748173519607	1322.9336293548697
1063	gRNA_13602	controlsgRNA	685.7806231397021	727.2073613093927	503.79575722789053	349.66289678896277	401.101417636395	443.4995001369866	379.06399360376173	586.9650454415113	477.8890188893499
1064	gRNA_13603	controlsgRNA	1038.4896606265777	998.9631583017517	612.3567402523395	497.40559004485135	381.90340106576417	429.9170555700661	462.6311452822992	578.5213095649135	511.72076500194504
1065	gRNA_13604	controlsgRNA	1942.5775405188215	1855.503006404564	1470.162583523513	1051.323927878836	1014.3303700175081	1020.8623443212163	1014.0046668648524	946.0328235601967	919.0125424644592
1066	gRNA_13605	controlsgRNA	808.4509391420066	808.0553169712587	597.2436587963119	414.89386462270073	441.765348339572	445.89640211938433	358.7024541084836	294.109532810602	328.33022980119915
1067	gRNA_13606	controlsgRNA	3237.756750119036	3246.4635989049284	1931.3093831346557	1351.7133131657033	1499.9241572861854	2058.4303691258106	1421.0657772746217	1940.3872247112201	1440.5956983995961
1068	gRNA_13607	controlsgRNA	1701.6999657492236	1616.777296245576	1059.4982235403572	746.4975913192683	733.2692977513216	489.1132711959495	715.4535940153363	735.6082374077563	741.9888672332423
1069	gRNA_13608	controlsgRNA	360.6787825493952	340.42201420742214	219.89137888115405	204.72248854741144	225.20750207855448	152.96592651301896	263.0032184806762	211.6786063321331	220.34329110232568
