gRNA_id,Gene,d5_rep1,d5_rep2,d5_rep3,LFC_avg_d5,LFC_median_d5,Input_median,d15_rep1,d15_rep2,d15_rep3,LFC_avg_d15,LFC_median_d15,sensor_reads,corr_perc,target_base_edit_perc,byproduct_INDEL_perc,byproduct_sub_perc,gene_name_m_corrected,gene_name_h,HGVSp_m,HGVSp_h,classification,classification_m,p_high_unadjusted_d5,p_low_unadjusted_d5,FDR_high_d5,FDR_low_d5,FDR_d5,p_high_unadjusted_d15,p_low_unadjusted_d15,FDR_high_d15,FDR_low_d15,FDR_d15
gRNA_1,ABL1,0.14450462480213871,0.07312160823808608,-0.372530193603787,-0.051634653521187394,0.07312160823808608,242.60447264951236,-0.2654386374370973,-0.3378854427226605,-0.42047990749578923,-0.34126799588518236,-0.3378854427226605,7133,1.2757605495583906,1.5561474835272675,0.1121547735875508,13.865133884760969,Abl1,ABL1,Non-coding,,targeting guide,Intron,0.7953775262594406,0.46350275712290445,1.0,0.9999614030704774,0.9999614030704774,0.9105407891582404,0.28952325683736035,1.0,0.9999998371229615,0.9999998371229615
gRNA_2,ABL1,1.5781861290889618,1.6910872355685902,0.9831021003874172,1.4174584883483232,1.5781861290889618,69.63095121101675,0.7211734413576721,-0.5778655463257945,-0.7659481296300896,-0.20754674486607064,-0.5778655463257945,6429,20.920827500388864,35.65095660289314,0.0777725929382485,32.86669777570384,Abl1,ABL1,Non-coding,,targeting guide,Intron,1.5486292427493503e-07,0.9999569060158439,0.00016570332897418048,0.9999614030704774,0.00016570332897418048,0.3229964430014765,0.3339644591204217,1.0,0.9999998371229615,0.9999998371229615
gRNA_3,ABL1,0.6995171847239119,0.7456796088181843,0.2522344487096011,0.5658104140838991,0.6995171847239119,127.45371121207206,0.4005235340223752,0.1689917903699105,-0.11838874631258565,0.15037552602656667,0.1689917903699105,6520,0.3680981595092024,0.49079754601227,0.0,9.631901840490798,Abl1,ABL1,Non-coding,,targeting guide,Intron,0.10871105237515022,0.9421031621377925,1.0,0.9999614030704774,0.9999614030704774,0.4115653525648611,0.7688882138789549,1.0,0.9999998371229615,0.9999998371229615
gRNA_67,AGO2,0.2662750381723165,0.3807974541024702,0.32565313890724923,0.32424187706067864,0.32565313890724923,136.9520991543399,-1.2990914203963424,-1.3559295056631806,-1.9987085376385354,-1.5512431545660192,-1.3559295056631806,3096,2.1640826873385013,3.649870801033592,7.202842377260982,38.43669250645995,Ago2,AGO2,N284S,N283S,targeting guide,Missense,0.5463312165328762,0.7501207727784465,1.0,0.9999614030704774,0.9999614030704774,0.9999980981485475,2.1129976900239814e-06,1.0,0.00012560597379587,0.00012560597379587
gRNA_84,AKT1,-0.7102397220864579,-0.9266433053517789,-0.8961686135245104,-0.8443505469875824,-0.8961686135245104,1678.6556791022215,-1.1381010794291972,-1.0821407078851157,-1.1253998155715026,-1.1152138676286052,-1.1253998155715026,29617,10.35553904851943,95.20883276496606,0.503089441874599,86.9973326130263,Akt1,AKT1,D323G,D323G,targeting guide,Missense,0.9693093858610138,0.13394817092913702,1.0,0.9999614030704774,0.9999614030704774,0.9988056795006245,0.011370795553216864,1.0,0.25347398420712597,0.25347398420712597
gRNA_85,AKT1,0.34205864080643206,0.2780060301896222,0.05582240657543413,0.22529569252382944,0.2780060301896222,310.18247783326984,0.5828174945604121,0.8193148513549147,0.4224897736318288,0.6082073731823852,0.5828174945604121,9099,6.6930431915595126,71.64523574019123,0.0439608748214089,79.99780195625893,Akt1,AKT1,D323G,D323G,targeting guide,Missense,0.6477943022760382,0.6488839645758078,1.0,0.9999614030704774,0.9999614030704774,0.005715126233922726,0.997782079650747,0.12303558114340546,0.9999998371229615,0.12303558114340546
gRNA_95,AKT1,-0.3543613600969959,-0.2890561517591196,-0.6550494273988634,-0.432822313084993,-0.3543613600969959,482.54229608678924,-0.8065159074910149,-1.2409941401147562,-1.4482400148172523,-1.1652500208076744,-1.2409941401147562,10630,18.96519285042333,46.15239887111947,0.7431796801505174,33.59360301034807,Akt1,AKT1,W80R,W80R,targeting guide,Missense,0.9191742993028087,0.2714370216039871,1.0,0.9999614030704774,0.9999614030704774,0.9990153617324006,0.0012534433885025486,1.0,0.046247738817163,0.046247738817163
gRNA_120,AKT3,-0.04861418611218859,0.16872520148258932,0.028934313773972254,0.04968177638145766,0.028934313773972254,974.9633153916326,-0.9677013012103167,-0.5473611261930054,-0.6492622626121669,-0.7214415633384963,-0.6492622626121669,30745,47.96877541063588,79.86989754431615,0.4748739632460562,38.72499593429826,Akt3,AKT3,D322G,D322G,targeting guide,Missense,0.7665831318902692,0.5150500107211866,1.0,0.9999614030704774,0.9999614030704774,0.9795735073344854,0.09506381644476562,1.0,0.9999998371229615,0.9999998371229615
gRNA_121,AKT3,-0.12851009268139765,-0.05204098162988698,-0.07149923488396118,-0.08401676973174861,-0.07149923488396118,559.1478552746443,-0.13113347920701202,-0.2564625813634734,-0.537874548132877,-0.3084902029011208,-0.2564625813634734,15943,1.6182650693094147,32.67891864768237,0.7652261180455372,89.90779652512074,Akt3,AKT3,D322G,D322G,targeting guide,Missense,0.8597621621473849,0.3888882592648301,1.0,0.9999614030704774,0.9999614030704774,0.8891060435622096,0.31051762976298586,1.0,0.9999998371229615,0.9999998371229615
gRNA_122,AKT3,0.1842492431815038,0.31759915157546237,0.2729660621304642,0.2582714856291435,0.2729660621304642,476.27196493618214,-0.05895580331586664,0.09245934292572987,0.2441430810298731,0.09254887354657877,0.09245934292572987,16212,38.6380458919319,58.39501603750309,0.0,28.645447816432277,Akt3,AKT3,D322G,D322G,targeting guide,Missense,0.6029990549468098,0.7027477502017907,1.0,0.9999614030704774,0.9999614030704774,0.5696726497332383,0.6956551720495334,1.0,0.9999998371229615,0.9999998371229615
gRNA_196,ALK,0.73447569119738,0.9540837160808949,0.4190908409511054,0.7025500827431267,0.73447569119738,389.81617049796756,0.203013276125354,-0.17086832123158868,-0.24408515416545956,-0.07064673309056475,-0.17086832123158868,20921,28.31604607810334,41.70450743272311,0.3393719229482338,29.42497968548349,Alk,ALK,F1178L,F1174L,targeting guide,Missense,0.05211206737586994,0.9816121628504351,0.8003159227289642,0.9999614030704774,0.8003159227289642,0.7168587489830388,0.5238646069233359,1.0,0.9999998371229615,0.9999998371229615
gRNA_197,ALK,0.29839354391990547,0.3268283370911702,0.17402044023584015,0.2664141070823053,0.29839354391990547,816.6602811919363,0.6052154284515504,0.25671827535265535,0.4919825855391397,0.45130542978111515,0.4919825855391397,31810,5.2876453945300215,5.994970135177617,0.6538824269097768,11.405218484753222,Alk,ALK,F1178L,F1174L,targeting guide,Missense,0.5931604035726534,0.711403887291584,1.0,0.9999614030704774,0.9999614030704774,0.05344823776789033,0.9819613572890213,0.3993062074019022,0.9999998371229615,0.3993062074019022
gRNA_198,ALK,0.4535887539055273,0.6616556044166558,0.33725730057282094,0.48416721963166803,0.4535887539055273,547.1568495729327,0.43154148833200623,0.44684904218639154,0.4060475769348,0.42814603581773253,0.43154148833200623,22431,4.997548036199902,70.47835584681913,0.7400472560296019,84.93602603539743,Alk,ALK,F1178L,F1174L,targeting guide,Missense,0.2326337314448884,0.9092411682379291,1.0,0.9999614030704774,0.9999614030704774,0.07770139063120032,0.9856723489771111,0.5038817453053597,0.9999998371229615,0.5038817453053597
gRNA_235,AMER1,-0.06215265283175424,-0.18423139545963668,0.23007189812933757,-0.005437383387351123,-0.06215265283175424,1608.0500806418963,0.13685517851736625,0.39593623069797157,0.3128894378998759,0.28189361570507127,0.3128894378998759,51741,0.1140294930519317,0.7131675073925899,0.0,34.635975338706245,Amer1,AMER1,N1035S,N1035S,targeting guide,Missense,0.7905269031191486,0.46534109074198915,1.0,0.9999614030704774,0.9999614030704774,0.2909772176534118,0.885872645528489,1.0,0.9999998371229615,0.9999998371229615
gRNA_283,ANKRD11,0.1408327372237017,0.11240193514223834,0.21009351517681554,0.15444272918091853,0.1408327372237017,1158.2908684063748,-0.08382875039272698,-0.09767025229960025,0.0010610162208186172,-0.06014599549050287,-0.08382875039272698,38879,8.256385195092466,55.09400961958898,0.2031945266081946,67.49659199053474,Ankrd11,ANKRD11,K390R,K369R,targeting guide,Missense,0.687353552190793,0.6185353059510257,1.0,0.9999614030704774,0.9999614030704774,0.767897099491191,0.5266697773660167,1.0,0.9999998371229615,0.9999998371229615
gRNA_284,ANKRD11,0.025561234554768532,0.07557128155342364,0.42236999701615224,0.17450083770811484,0.07557128155342364,1142.2955534594075,0.30223331202595694,0.56287419813503,0.5967842565821246,0.48729725558103726,0.56287419813503,38786,1.095756200690971,20.435208580415612,0.0025782498839787,80.30990563605425,Ankrd11,ANKRD11,K390R,K369R,targeting guide,Missense,0.6252147661044845,0.6272683917931159,1.0,0.9999614030704774,0.9999614030704774,0.04410212029612891,0.9848036219369071,0.3602234253195262,0.9999998371229615,0.3602234253195262
gRNA_285,ANKRD11,0.16244382724089543,0.17506529881597874,0.5230356081416638,0.286848244732846,0.17506529881597874,1236.355543854622,-0.026156959865820836,0.11420732495527952,0.015361012383951506,0.0344704591578034,0.015361012383951506,47151,0.9861932938856016,54.06248011707069,0.0063625373799071,82.36728807448411,Ankrd11,ANKRD11,K390R,K369R,targeting guide,Missense,0.44629122560583867,0.7754939657387946,1.0,0.9999614030704774,0.9999614030704774,0.7119853426500422,0.5873979386528327,1.0,0.9999998371229615,0.9999998371229615
gRNA_292,APC,0.28763303090453207,0.65007751258308,0.023180769598176963,0.32029710436192965,0.28763303090453207,931.1850131048112,0.12292454804368254,0.22883974198001406,0.4532811215455453,0.2683484705230806,0.22883974198001406,39618,51.36554091574537,71.88904033520117,0.8380029279620375,29.097884799838457,Apc,APC,E40G,E40G,targeting guide,Missense,0.38595544874451465,0.7482926045320778,1.0,0.9999614030704774,0.9999614030704774,0.24085045246375622,0.8873773712990052,0.9726976185864373,0.9999998371229615,0.9726976185864373
gRNA_293,APC,0.3482526426160638,0.5627183232883848,0.3295180803239262,0.4134963487427916,0.3482526426160638,473.3390987531748,0.1533693528611331,-0.11391349219462006,-0.10598483429093018,-0.02217632454147238,-0.10598483429093018,19355,30.4210798243348,77.4941875484371,0.1911650736243864,57.17902350813743,Apc,APC,E40G,E40G,targeting guide,Missense,0.38781017637179205,0.8338116703205178,1.0,0.9999614030704774,0.9999614030704774,0.6981337874889676,0.594353488754418,1.0,0.9999998371229615,0.9999998371229615
gRNA_299,APC,0.3102200635636338,0.2555820581786469,0.04410031679364115,0.20330081284530724,0.2555820581786469,1338.9809284638234,0.02703395051940577,0.11872058405977652,0.15487303559564877,0.10020919005827704,0.11872058405977652,49171,21.557422057716945,28.12226719001037,0.2481137255699497,20.37786500172866,Apc,APC,S140P,S142P,targeting guide,Missense,0.653422028034772,0.6444400309694702,1.0,0.9999614030704774,0.9999614030704774,0.6368621508467605,0.6635168929521584,1.0,0.9999998371229615,0.9999998371229615
gRNA_300,APC,0.7343205331855122,0.9765201889869155,0.670182911361004,0.7936745445111439,0.7343205331855122,281.4913956081987,0.8082595787270492,0.43278753398051045,0.4664576803716536,0.5691682643597378,0.4664576803716536,15441,17.47943786024221,28.70928048701509,0.0,30.36720419661939,Apc,APC,S140P,S142P,targeting guide,Missense,0.027834746620194886,0.9959051018777895,0.6926320670606634,0.9999614030704774,0.6926320670606634,0.008551940051246919,0.9962615410600629,0.15509450601413904,0.9999998371229615,0.15509450601413904
gRNA_497,ARAF,0.2624045798998045,0.4526878923889402,0.3774345298328253,0.3641756673738567,0.3774345298328253,159.96872289489704,-0.34257297038576745,-0.4313172039137516,-0.575296504478034,-0.449728892925851,-0.4313172039137516,3313,5.885904014488379,20.55538786598249,0.0,67.03893751886507,Araf,ARAF,S214P,S214P,targeting guide,Missense,0.4350944748340856,0.814742832432455,1.0,0.9999614030704774,0.9999614030704774,0.9385905034376205,0.22164423724879165,1.0,0.9999998371229615,0.9999998371229615
gRNA_498,ARAF,-0.3312643112104561,-0.3359792532206206,-0.14334778401592851,-0.2701971161490017,-0.3312643112104561,1119.0835841801763,-0.3444487626492845,-0.3942737512505355,-0.2957706494804361,-0.3448310544600853,-0.3444487626492845,31841,0.3862944003014981,49.561885619170255,0.5056373857604974,87.02616123865457,Araf,ARAF,S214P,S214P,targeting guide,Missense,0.9023541047586021,0.3080955991137005,1.0,0.9999614030704774,0.9999614030704774,0.9105407891582404,0.2895232568373603,1.0,0.9999998371229615,0.9999998371229615
gRNA_528,ARID1A,-0.09874170389881425,-0.05356153935396952,-0.004171384421588775,-0.05215820922479084,-0.05356153935396952,1266.1693375726427,0.39701801939004167,0.41705338964260996,0.42925502867634535,0.414442145902999,0.41705338964260996,39724,54.5161615144497,80.29906353841506,0.1334206021548686,29.54385258282147,Arid1a,ARID1A,T1919A,T1917A,targeting guide,Missense,0.8495929424319413,0.40636166952277686,1.0,0.9999614030704774,0.9999614030704774,0.09880551726089487,0.9810277374355441,0.5840989141942404,0.9999998371229615,0.5840989141942404
gRNA_594,ARID1A,0.304284274724023,0.39605852610618114,0.22641493831245868,0.30891924638088764,0.304284274724023,880.7215080046749,0.26717439502466456,0.10791383633800661,0.055507288206783974,0.14353183985648504,0.10791383633800661,35903,12.063058797314987,18.50263209202573,0.1141965852435729,38.17229757958945,Arid1a,ARID1A,S1987P,S1985P,targeting guide,Missense,0.5504230004444648,0.7453816220574243,1.0,0.9999614030704774,0.9999614030704774,0.5388159705880233,0.7262386546390516,1.0,0.9999998371229615,0.9999998371229615
gRNA_671,ARID1A,-0.36032016533989714,-0.028247530866317448,0.22000794681526079,-0.05618658313031793,-0.028247530866317448,250.31375292362128,-0.7987891499319857,-1.032223941747259,-0.4916787896806048,-0.7742306271199498,-0.7987891499319857,6267,71.86851763204085,92.5482687091112,0.0,22.754108823998724,Arid1a,ARID1A,D1051G,D1050G,targeting guide,Missense,0.8090659489567401,0.43801941293599733,1.0,0.9999614030704774,0.9999614030704774,0.9816722496638516,0.07981783371111899,1.0,0.9999998371229615,0.9999998371229615
gRNA_736,ARID1B,0.880555449436651,0.9989849288372806,1.2818978511011525,1.0538127431250282,0.9989849288372806,211.4851549790249,0.43114638349096585,0.05829701090336169,-0.04941728897219059,0.14667536847404564,0.05829701090336169,13778,0.0362897372623022,22.463347365365077,0.0,79.29307591813036,Arid1b,ARID1B,V1178A,V1118A,targeting guide,Missense,0.0075248516361375965,0.9992273499298685,0.5367727500444819,0.9999614030704774,0.5367727500444819,0.419279331743593,0.7253211008874707,1.0,0.9999998371229615,0.9999998371229615
gRNA_740,ARID1B,0.11062487223579322,0.05161403824647124,0.2252135249866616,0.12915081182297536,0.11062487223579322,637.3245731595819,-0.09918432044269151,0.1339353162738808,0.048594429500790084,0.027781808443993125,0.048594429500790084,23659,54.48243797286445,83.79475041210533,0.0,33.09945475294814,Arid1b,ARID1B,Y1451C,Y1391C,targeting guide,Missense,0.7271838334989145,0.570953817220146,1.0,0.9999614030704774,0.9999614030704774,0.7059329945278742,0.5926125078920521,1.0,0.9999998371229615,0.9999998371229615
gRNA_741,ARID1B,0.16904295281326986,0.2015554113951472,0.31211400905402076,0.22757079108747927,0.2015554113951472,1184.0490844484389,0.1603519112871684,0.07782164352931394,0.01911435126008303,0.08576263535885513,0.07782164352931394,41366,4.387661364405551,78.44364937388193,0.0,87.04008122612774,Arid1b,ARID1B,Y1451C,Y1391C,targeting guide,Missense,0.6227632226426041,0.6847374725240776,1.0,0.9999614030704774,0.9999614030704774,0.6585569103950728,0.6424194149656044,1.0,0.9999998371229615,0.9999998371229615
gRNA_767,ARID1B,0.12092333400245965,0.035002790379317965,-0.16662287601801715,-0.0035655838787465124,0.035002790379317965,1160.3560413059113,0.3279666732813606,-0.00903320395542112,0.06565822075574859,0.12819723002722935,0.06565822075574859,42500,20.75294117647059,53.1364705882353,0.5035294117647059,57.50117647058824,Arid1b,ARID1B,Y1195C,Y1135C,targeting guide,Missense,0.8129936992394298,0.4541130278826263,1.0,0.9999614030704774,0.9999614030704774,0.559047838252906,0.6908582673019134,1.0,0.9999998371229615,0.9999998371229615
gRNA_768,ARID1B,-0.08594205954922453,-0.2802672052065524,-0.08621104098781845,-0.15080676858119846,-0.08621104098781845,571.9726636469196,0.2540615426276347,-0.15987385147498515,-0.1410129334102575,-0.015608414085869318,-0.1410129334102575,15754,48.908213786974734,62.04138631458677,0.0,29.64961279675003,Arid1b,ARID1B,Y1195C,Y1135C,targeting guide,Missense,0.8711669769497422,0.36650455848967256,1.0,0.9999614030704774,0.9999614030704774,0.6389443735005631,0.6035906087607052,1.0,0.9999998371229615,0.9999998371229615
gRNA_769,ARID1B,0.060389117384173636,-0.1888220551923868,-0.04376894291245034,-0.05740062690688783,-0.04376894291245034,1140.3561722141453,-0.13530445447630024,0.1733566634422878,0.18350302857339568,0.07385174584646108,0.1733566634422878,35097,72.70991822662906,92.84269310767304,0.2108442317007151,21.90785537225404,Arid1b,ARID1B,Y1195C,Y1135C,targeting guide,Missense,0.8479594867548748,0.40240513036081244,1.0,0.9999614030704774,0.9999614030704774,0.591834386798537,0.6894313767638549,1.0,0.9999998371229615,0.9999998371229615
gRNA_806,ARID1B,-1.9227989331413742,-0.8007673523552131,-1.3421606735628755,-1.3552423196864876,-1.3421606735628755,129.27188112950532,-1.189676251341212,-2.2999739704597544,-0.46824948938615596,-1.3192999037290407,-1.189676251341212,577,0.0,2.772963604852686,0.0,13.17157712305026,Arid1b,ARID1B,S456P,S451P,targeting guide,Missense,0.996575626204589,7.158136398106715e-05,1.0,0.010941722779963121,0.010941722779963121,0.996031993426802,4.876437123345362e-05,1.0,0.002444031742917413,0.002444031742917413
gRNA_807,ARID1B,-0.5266313668276081,-0.2952064353406637,-1.1094841618051612,-0.6437739879911444,-0.5266313668276081,208.90772351308246,0.43546858511666175,0.00814290350257591,0.37823435715218195,0.27394861525713987,0.37823435715218195,740,0.1351351351351351,6.081081081081082,0.8108108108108109,93.64864864864865,Arid1b,ARID1B,S456P,S451P,targeting guide,Missense,0.9518850519378814,0.15138356919899773,1.0,0.9999614030704774,0.9999614030704774,0.22727723796577845,0.8709484647563166,0.9648364793483705,0.9999998371229615,0.9648364793483705
gRNA_828,ARID2,0.34952712495450367,0.2281453328184308,0.3861061524232877,0.321259536732074,0.34952712495450367,493.8149495748755,0.2533615668458012,-0.2604921964755789,0.15705649196928356,0.04997528744650195,0.15705649196928356,19496,31.68342224045958,42.66003282724661,0.2000410340582683,24.86663931062782,Arid2,ARID2,K1634E,K1640E,targeting guide,Missense,0.5510268948144967,0.7457052877557915,1.0,0.9999614030704774,0.9999614030704774,0.574735888658668,0.6562846924521384,1.0,0.9999998371229615,0.9999998371229615
gRNA_829,ARID2,0.4151445270967654,0.3083139303482863,0.3683518800209314,0.3639367791553277,0.3683518800209314,487.26953787211573,0.10849767660342594,-0.09527832605292849,-0.04643985736154541,-0.011073502270349323,-0.04643985736154541,19623,10.37557967690975,13.851093105029811,0.0764409111756612,15.706059216225857,Arid2,ARID2,K1634E,K1640E,targeting guide,Missense,0.4831304680744464,0.7937339941093263,1.0,0.9999614030704774,0.9999614030704774,0.7211357443221025,0.5776189169463175,1.0,0.9999998371229615,0.9999998371229615
gRNA_830,ARID2,0.311749295465829,0.11314782429919047,0.19582833638697816,0.20690848538399922,0.19582833638697816,868.9640092052731,0.06157079852084296,0.3003735439049954,0.11774264165238234,0.1598956613594069,0.11774264165238234,32807,25.86643094461548,34.90413631237236,0.1097326790014326,33.7610875727741,Arid2,ARID2,K1634E,K1640E,targeting guide,Missense,0.6566866766401771,0.6460326405619823,1.0,0.9999614030704774,0.9999614030704774,0.5338522414093492,0.7310093676166314,1.0,0.9999998371229615,0.9999998371229615
gRNA_831,ARID2,0.331377199577062,0.38172842608711854,0.09011657517186157,0.26774073361201406,0.331377199577062,456.6982710626335,0.18345147802358255,-0.2698137737639911,-0.1991838799584278,-0.09518205856627877,-0.1991838799584278,16820,24.13198573127229,34.25089179548157,0.0,22.907253269916765,Arid2,ARID2,K1634E,K1640E,targeting guide,Missense,0.6039940558526264,0.683129884421228,1.0,0.9999614030704774,0.9999614030704774,0.7381425636836715,0.5029518841607823,1.0,0.9999998371229615,0.9999998371229615
gRNA_871,ARID2,0.21551324191555116,0.49142083014790117,0.35186242990898753,0.35293216732414656,0.35186242990898753,1022.9630012118708,0.37363743845934266,0.6790351373809779,0.5638274867386761,0.5388333541929989,0.5638274867386761,45697,0.4901853513359739,22.35157668993588,0.0,94.04993763266737,Arid2,ARID2,N1540S,N1546S,targeting guide,Missense,0.41263807352658416,0.8093722454689659,1.0,0.9999614030704774,0.9999614030704774,0.02408703123632939,0.9941679345841443,0.2551794398304203,0.9999998371229615,0.2551794398304203
gRNA_895,ARID5B,0.7378536194495782,1.0192728781769107,0.8571649954903802,0.871430497705623,0.8571649954903802,181.75638607941232,0.859463291995764,0.6340519824080155,0.4681424160340432,0.6538858968126077,0.6340519824080155,11366,1.2581383072320955,96.88544782685202,0.7918352982579624,96.22558507830372,Arid5b,ARID5B,K1026E,K1026E,targeting guide,Missense,0.018553904532600626,0.9978080502687764,0.6275695707251967,0.9999614030704774,0.6275695707251967,0.004599105771406255,0.9986819666809601,0.11782526626146715,0.9999998371229615,0.11782526626146715
gRNA_896,ARID5B,-0.43745377773649663,-0.11588043548542175,0.23478251223437496,-0.10618390032918112,-0.11588043548542175,805.5704847507665,-0.10871174222983143,-0.08715115775712365,-0.07474518681870386,-0.09020269560188632,-0.08715115775712365,24095,0.1286573978003735,57.343847271218095,0.7304420004150239,91.33845196098775,Arid5b,ARID5B,K1026E,K1026E,targeting guide,Missense,0.8032591425545548,0.4401590685047031,1.0,0.9999614030704774,0.9999614030704774,0.7722699191556053,0.5208457040339862,1.0,0.9999998371229615,0.9999998371229615
gRNA_901,ARID5B,-1.1236507252556407,-0.9920051059376074,-0.8843342080696663,-0.9999966797543047,-0.9920051059376074,1133.8713661753002,-0.7953270400124981,-1.4632219571218612,-1.490673090186586,-1.2497406957736483,-1.4632219571218612,13756,58.141901715615006,84.77755161384123,0.0508868857225937,35.526315789473685,Arid5b,ARID5B,I213T,I213T,targeting guide,Missense,0.9895803376971357,0.05661046364345709,1.0,0.9999614030704774,0.9999614030704774,0.999316389764218,3.493252403615611e-07,1.0,2.6698429084776456e-05,2.6698429084776456e-05
gRNA_974,ASXL2,-0.1627062490348291,-0.2235774198796625,-0.15766567890806815,-0.18131644927418658,-0.1627062490348291,1302.6581401770218,0.04018213981272778,0.27753310302293893,0.17404698647720615,0.16392074310429094,0.17404698647720615,36478,24.047371018147924,36.65222874061078,0.0164482701902516,28.617248752672843,Asxl2,ASXL2,M1T,M1T,targeting guide,Missense,0.8924661015149978,0.32895035575837034,1.0,0.9999614030704774,0.9999614030704774,0.5161118297047673,0.7425302633140121,1.0,0.9999998371229615,0.9999998371229615
gRNA_978,ASXL2,-0.22429742806243802,-0.1987455965124895,-0.14621468708918783,-0.1897525705547051,-0.1987455965124895,943.2665531643793,-0.404635705527684,0.03712209527874513,-0.1327626921176994,-0.1667587674555461,-0.1327626921176994,28085,63.952287698059465,92.29837991810577,0.6693964749866477,29.03329179277194,Asxl2,ASXL2,Y1262H,Y1327H,targeting guide,Missense,0.8924939718845063,0.3286950992131192,1.0,0.9999614030704774,0.9999614030704774,0.8352371088227762,0.40736085120076465,1.0,0.9999998371229615,0.9999998371229615
gRNA_979,ASXL2,0.02697725146394619,0.10263559184310526,0.21669879643325995,0.11543721324677048,0.10263559184310526,600.34495606949,0.10264024459756503,0.21048121409593648,-0.07857262756014338,0.07818294371111938,0.10264024459756503,22047,33.56465732299179,75.41162062865696,0.0,59.63623168685081,Asxl2,ASXL2,Y1262H,Y1327H,targeting guide,Missense,0.7381696422261712,0.556368467150838,1.0,0.9999614030704774,0.9999614030704774,0.5955011604780769,0.6871768428577412,1.0,0.9999998371229615,0.9999998371229615
gRNA_992,ATM,0.24384947835585283,0.224073833287776,-0.03766725658459504,0.14341868501967794,0.224073833287776,576.3082049609304,0.14574478345909386,-0.05188815560483571,-0.18634246976766844,-0.03082861397113676,-0.05188815560483571,18112,9.7559628975265,10.3964222614841,0.0,8.800795053003533,Atm,ATM,T2676A,T2666A,targeting guide,Missense,0.7033004658163671,0.5834658060609517,1.0,0.9999614030704774,0.9999614030704774,0.7323801215124919,0.5497854285169759,1.0,0.9999998371229615,0.9999998371229615
gRNA_993,ATM,0.3551037059345742,0.2367928755099907,-0.0495135701571781,0.18079433709579562,0.2367928755099907,556.4794792453812,0.20085692324919072,0.20844076840072426,0.3200083592279976,0.2431020169593042,0.20844076840072426,19407,37.25459885608286,41.490183954243314,2.844334518472716,11.92868552584119,Atm,ATM,T2676A,T2666A,targeting guide,Missense,0.6722211822112649,0.6097766598711951,1.0,0.9999614030704774,0.9999614030704774,0.37865045757320753,0.8638386015696893,1.0,0.9999998371229615,0.9999998371229615
gRNA_999,ATM,0.07847504253118132,0.09297234497913268,-0.03073805955005612,0.046903109320085956,0.07847504253118132,1890.7755028027696,-0.10576862551041455,-0.15447961257267204,-0.3205516321543001,-0.19359995674579555,-0.15447961257267204,67913,0.4108197252366999,31.777421112305447,0.1560820461472766,93.6035810522286,Atm,ATM,K2450E,K2440E,targeting guide,Missense,0.809490742298593,0.46644395417116213,1.0,0.9999614030704774,0.9999614030704774,0.8352513748370382,0.41784648851369943,1.0,0.9999998371229615,0.9999998371229615
gRNA_1000,ATM,-0.24530165074061305,-0.7098774104449626,-0.29464161615352613,-0.4166068924463673,-0.29464161615352613,1502.9598594142537,-0.4782358675000308,-0.22243517715154076,-0.35929304118735433,-0.35332136194630864,-0.35929304118735433,32662,0.6000857265323617,36.70320249831608,0.0428632661808829,95.50854203661748,Atm,ATM,K2450E,K2440E,targeting guide,Missense,0.916742171063877,0.27649925913752665,1.0,0.9999614030704774,0.9999614030704774,0.9068474542692377,0.2921823881550337,1.0,0.9999998371229615,0.9999998371229615
gRNA_1008,ATM,0.12930708620185827,0.24936721817153476,0.23797121358097212,0.20554850598478835,0.23797121358097212,1917.620571135217,0.3230729954116131,0.24328610785531737,0.26591230747344524,0.27742380358012525,0.26591230747344524,79380,63.76039304610733,87.35071806500378,1.5142353237591333,26.46636432350718,Atm,ATM,Y2025C,Y2019C,targeting guide,Missense,0.6483962787442141,0.6582588158847829,1.0,0.9999614030704774,0.9999614030704774,0.3084837346235845,0.9025662559231363,1.0,0.9999998371229615,0.9999998371229615
gRNA_1009,ATM,-0.6737143722573098,-0.6897338874861909,-0.7101852549489767,-0.691211171564159,-0.6897338874861909,2049.8047649142663,-1.0211066461793648,-0.37420512892626506,-0.6181280394555178,-0.6711466048537158,-0.6181280394555178,42729,68.72615787872405,94.10938706733133,0.470406515481289,26.64232722506962,Atm,ATM,Y2025C,Y2019C,targeting guide,Missense,0.9391948368471446,0.2258144918848384,1.0,0.9999614030704774,0.9999614030704774,0.9728997395671022,0.10350234778266983,1.0,0.9999998371229615,0.9999998371229615
gRNA_1010,ATM,-0.15460088815039713,0.1593400213775214,-0.2641197232807452,-0.0864601966845403,-0.15460088815039713,782.5014492184422,-0.06941801960744975,-0.33293899120681375,-0.23008862879347197,-0.21081521320257848,-0.23008862879347197,26549,72.66940374402049,96.88500508493728,0.003766620211684,25.104523710874236,Atm,ATM,Y2025C,Y2019C,targeting guide,Missense,0.8237086003425004,0.4168120939208027,1.0,0.9999614030704774,0.9999614030704774,0.8519025029024495,0.3912255395584635,1.0,0.9999998371229615,0.9999998371229615
gRNA_1011,ATM,0.029435303309937034,-0.2325866378869358,-0.292613714999329,-0.16525501652544258,-0.2325866378869358,1196.052777351518,-0.539709653858829,-0.8190870705354248,-0.8848068447903829,-0.7478678563948788,-0.8190870705354248,33280,76.07872596153847,92.5030048076923,1.0486778846153846,17.33173076923077,Atm,ATM,L2554P,L2544P,targeting guide,Missense,0.8661125302318938,0.3684557310651121,1.0,0.9999614030704774,0.9999614030704774,0.9817657750922291,0.09057143697442077,1.0,0.9999998371229615,0.9999998371229615
gRNA_1014,ATM,0.048671558224687335,0.04765782582216723,0.2652734002872172,0.1205342614446906,0.048671558224687335,1804.8603458384798,-0.1477432570028021,0.22753610048049477,0.1958566894772535,0.09188317765164872,0.1958566894772535,62515,8.793089658481964,88.04926817563785,0.3087259057826121,83.40398304406942,Atm,ATM,T2957A,T2947A,targeting guide,Missense,0.7285011948633058,0.5650797528403699,1.0,0.9999614030704774,0.9999614030704774,0.5341401468506988,0.7201906893873335,1.0,0.9999998371229615,0.9999998371229615
gRNA_1017,ATM,-0.20664679705167227,0.02990026779631973,-0.09619626415714859,-0.09098093113750037,-0.09619626415714859,701.0257144983536,-0.2703405409551083,0.03747353867877762,-0.05242123986703401,-0.0950960807144549,-0.05242123986703401,19188,22.8788826349802,24.859287054409005,0.0,10.50656660412758,Atm,ATM,L2900P,L2890P,targeting guide,Missense,0.8479594867548748,0.40240513036081244,1.0,0.9999614030704774,0.9999614030704774,0.8057469237966738,0.4649382618292809,1.0,0.9999998371229615,0.9999998371229615
gRNA_1018,ATM,0.7612542184835411,0.9724767860091048,0.5246930710312965,0.7528080251746475,0.7612542184835411,321.6589107232984,0.3333854604485322,-0.06070380286403116,0.08714856671291485,0.11994340809913862,0.08714856671291485,18652,6.380012867252842,6.894702980913575,1.1205232682822217,10.567231396096934,Atm,ATM,Y2086C,Y2080C,targeting guide,Missense,0.04006053565207572,0.9910516678836354,0.7288141578134111,0.9999614030704774,0.7288141578134111,0.5331088555858496,0.7078308622346865,1.0,0.9999998371229615,0.9999998371229615
gRNA_1035,ATM,0.6271257005521504,0.9688214821339818,0.6596954783726894,0.7518808870196073,0.6596954783726894,357.9371902478884,0.37279921215645645,0.03413941188287175,-0.21219313731651188,0.06491516224093877,0.03413941188287175,19074,3.224284366152878,7.240222292125406,0.5452448359022753,57.85886547132222,Atm,ATM,D2730G,D2720G,targeting guide,Missense,0.04154921834263371,0.9924763480792502,0.7288141578134111,0.9999614030704774,0.7288141578134111,0.5286326427623402,0.6450065227639337,1.0,0.9999998371229615,0.9999998371229615
gRNA_1036,ATM,-1.4265304446242761,-1.4686733276765256,-1.3088409106765377,-1.4013482276591132,-1.4265304446242761,494.845245861421,-1.0857831751056501,-1.4252551308887096,-1.0981980813814287,-1.2030787957919296,-1.0981980813814287,4736,43.22212837837838,97.99408783783784,1.0135135135135136,54.6875,Atm,ATM,D2730G,D2720G,targeting guide,Missense,0.9999667462118818,0.0005907431490571356,1.0,0.057463197226466825,0.057463197226466825,0.9991301044521109,0.0030743488535923784,1.0,0.09675156686305426,0.09675156686305426
gRNA_1045,ATM,-0.24979251860626156,-0.3718568741302233,-0.2262549055528683,-0.28263476609645105,-0.24979251860626156,958.4179691429898,-0.26979367024030326,-0.10235224187792251,-0.19899532233527792,-0.19038041148450124,-0.19899532233527792,26030,4.341144832885132,6.515558970418748,0.8451786400307337,17.46062235881675,Atm,ATM,I2898T,I2888T,targeting guide,Missense,0.9047678546886585,0.3039755107053007,1.0,0.9999614030704774,0.9999614030704774,0.8387522129677627,0.4171510476802575,1.0,0.9999998371229615,0.9999998371229615
gRNA_1046,ATM,0.10317096821723044,0.22931224808380252,0.016344618671876004,0.11627594499096965,0.10317096821723044,971.0845529011083,0.25023443130550976,0.24838840653834227,0.07628770736805643,0.19163684840396947,0.24838840653834227,35037,57.95302109198847,68.210748637155,0.1655392870394154,13.57422153723207,Atm,ATM,I2898T,I2888T,targeting guide,Missense,0.7466475737342666,0.5404393895754855,1.0,0.9999614030704774,0.9999614030704774,0.42668246474017113,0.8157850435242954,1.0,0.9999998371229615,0.9999998371229615
gRNA_1047,ATM,0.43548140322848766,0.2045317250442907,0.6253508388429678,0.42178798903858206,0.43548140322848766,285.1496487174508,-0.2936784453113664,-0.07368217130886845,-0.16448041655408666,-0.1772803443914405,-0.16448041655408666,10720,4.748134328358209,95.94216417910448,0.0,91.66044776119404,Atm,ATM,E2433G,E2423G,targeting guide,Missense,0.27418676076560144,0.8770283057913165,1.0,0.9999614030704774,0.9999614030704774,0.8284358570280468,0.4338274909087837,1.0,0.9999998371229615,0.9999998371229615
gRNA_1048,ATM,0.5848103410987331,0.7534615800463091,0.43505989052328314,0.5911106038894418,0.5848103410987331,673.916831209352,0.21844677062678092,0.1130247092781272,0.06423221742820226,0.13190123244437013,0.1130247092781272,37441,1.2392831388050534,95.47554819582813,0.0106834753345263,94.69298362757404,Atm,ATM,E2433G,E2423G,targeting guide,Missense,0.11061984159316657,0.9693154956226718,1.0,0.9999614030704774,0.9999614030704774,0.5691330160123422,0.7189175757659643,1.0,0.9999998371229615,0.9999998371229615
gRNA_1049,ATM,-0.5374323342847687,-0.6254435412052723,-0.6689981940292935,-0.6106246898397781,-0.6254435412052723,2097.319605423189,-0.9575020687389567,-0.9856460105413355,-0.8596115578402383,-0.9342532123735102,-0.9575020687389567,43138,6.787519124669665,82.41921275905234,0.4358106541796096,82.65566322036256,Atm,ATM,E2433G,E2423G,targeting guide,Missense,0.9287789669448465,0.25057789217893334,1.0,0.9999614030704774,0.9999614030704774,0.9927151435117243,0.047936547162815556,1.0,0.8141604041938515,0.8141604041938515
gRNA_1056,ATM,0.5944558176631102,0.42217265854131786,0.40699730550195407,0.4745419272354607,0.42217265854131786,396.60346465611013,-0.4976180310194428,0.13988394200733376,-0.028843548966713133,-0.1288592126596074,-0.028843548966713133,17842,52.61741957179689,91.29021410155812,0.4539849792624145,40.841833875126106,Atm,ATM,Q2740R,Q2730R,targeting guide,Missense,0.25754708286280004,0.9150756637553424,1.0,0.9999614030704774,0.9999614030704774,0.7757049741568596,0.4564309800859445,1.0,0.9999998371229615,0.9999998371229615
gRNA_1065,ATM,0.12434575489797885,0.06565668899358641,0.19395929705288426,0.12798724698148317,0.12434575489797885,866.5981991181509,-0.2869786879575251,-0.32048003041824,-0.28761064689031046,-0.29835645508869185,-0.28761064689031046,29819,0.0,22.733827425466984,0.2548710553673832,93.27609913142626,Atm,ATM,N2885S,N2875S,targeting guide,Missense,0.7317367255780789,0.5666181928113645,1.0,0.9999614030704774,0.9999614030704774,0.8936882345568973,0.3258454430362315,1.0,0.9999998371229615,0.9999998371229615
gRNA_1066,ATM,-0.12424647319045211,-0.09523024406627642,-0.02467395798282844,-0.08138355841318566,-0.09523024406627642,1573.4827071834054,-0.2713135397957882,-0.40251542993639994,-0.06831962031990241,-0.24738286335069684,-0.2713135397957882,46575,0.2361782071926999,11.96779388083736,0.0407944176060118,34.09983896940419,Atm,ATM,N2885S,N2875S,targeting guide,Missense,0.8562713398362762,0.3951235201493907,1.0,0.9999614030704774,0.9999614030704774,0.8680599507830536,0.35698118625756736,1.0,0.9999998371229615,0.9999998371229615
gRNA_1069,ATP6V1B2,0.3525638598154389,0.5252922106623736,0.5592306224875383,0.4790288976551169,0.5252922106623736,525.0268664908133,0.4831211219869379,0.6984305326397285,0.6253561710787856,0.602302608568484,0.6253561710787856,23101,36.47894030561448,93.79247651616814,0.0,58.48664559975758,Atp6v1b2,ATP6V1B2,Y371C,Y371C,targeting guide,Missense,0.2624480382505645,0.9053452234239792,1.0,0.9999614030704774,0.9999614030704774,0.014506154634723632,0.9981529722747579,0.20695447278872384,0.9999998371229615,0.20695447278872384
gRNA_1082,ATR,0.27666943958307166,0.07468196135071986,0.2380301328529666,0.1964605112622527,0.2380301328529666,868.0549242465564,0.04856632785469309,-0.1809981751608265,-0.14601836088775785,-0.09281673606463042,-0.14601836088775785,29336,34.02986092173439,77.68952822470685,0.1602127079356422,51.789610035451325,Atr,ATR,E2561G,E2564G,targeting guide,Missense,0.6690851429320459,0.6311901881863267,1.0,0.9999614030704774,0.9999614030704774,0.8074817605341855,0.46868473680256484,1.0,0.9999998371229615,0.9999998371229615
gRNA_1083,ATR,0.14554665963541155,-0.13882112708591818,-0.07019452966117848,-0.021156332370561703,-0.07019452966117848,1051.629480243402,-0.5368306994594131,-0.3132490145723998,-0.345025791280525,-0.39836850177077926,-0.345025791280525,29171,38.68910904665592,78.49576634328615,0.0034280621164855,52.75101984847965,Atr,ATR,E2561G,E2564G,targeting guide,Missense,0.8057523801203759,0.4551204990751203,1.0,0.9999614030704774,0.9999614030704774,0.9220842596388977,0.25768245369836057,1.0,0.9999998371229615,0.9999998371229615
gRNA_1095,ATR,0.4494158271184382,0.29245633764791423,0.09864091583491386,0.2801710268670888,0.29245633764791423,705.7368647762517,0.019385625825562008,0.07918789072188213,0.09203537708140894,0.06353629787628436,0.07918789072188213,27811,0.7155442091258855,2.0495487397073098,2.9268994282837726,46.53194779044263,Atr,ATR,M1159T,M1159T,targeting guide,Missense,0.5275203119386238,0.7165678767571089,1.0,0.9999614030704774,0.9999614030704774,0.6970498347109113,0.6087403607928328,1.0,0.9999998371229615,0.9999998371229615
gRNA_1109,ATR,0.21672606841057068,0.28391973693386396,0.35441234560660073,0.2850193836503451,0.28391973693386396,378.65852741043983,0.5419105640119201,-0.004573367485459385,0.008233099390759072,0.18185676530573994,0.008233099390759072,14405,7.011454356126345,70.51023950017355,0.6525511975008678,74.40472058313085,Atr,ATR,Y313C,Y310C,targeting guide,Missense,0.5984823399201593,0.7072293123294097,1.0,0.9999614030704774,0.9999614030704774,0.3012215512541013,0.7314608841852142,1.0,0.9999998371229615,0.9999998371229615
gRNA_1121,ATRX,0.3028893546938198,0.28524055651660085,0.3955095291205212,0.32787981344364725,0.3028893546938198,1480.268568932174,0.45311856478072726,0.2815512631107856,0.5253085202901578,0.4199927827272236,0.45311856478072726,56657,10.489436433273912,39.10725947367492,0.2612210318230757,75.94118996770037,Atrx,ATRX,K1411R,K1424R,targeting guide,Missense,0.5457294580294634,0.7497979254869286,1.0,0.9999614030704774,0.9999614030704774,0.07503415879783674,0.9785835798524481,0.49559598712151426,0.9999998371229615,0.49559598712151426
gRNA_1122,ATRX,0.5175905769752873,0.43701942864992793,0.591697164425649,0.5154357233502881,0.5175905769752873,852.6004799483737,0.35766698930818064,0.15600006886623988,0.2216175621155791,0.2450948734299999,0.2216175621155791,38642,0.2329071994203198,49.90166140468919,0.0,89.67962320790849,Atrx,ATRX,K1411R,K1424R,targeting guide,Missense,0.18377380547378744,0.951703687728632,1.0,0.9999614030704774,0.9999614030704774,0.35625194619460276,0.8631423339228359,1.0,0.9999998371229615,0.9999998371229615
gRNA_1127,ATRX,0.30158124584936186,0.10760183036249903,0.10841007606988963,0.1725310507605835,0.10841007606988963,683.9955229383953,0.18983182299913565,-0.31649544804546936,0.011158155756864577,-0.038501823096489717,0.011158155756864577,24756,41.9857812247536,60.62368718694457,0.0525125222168363,30.48553885926644,Atrx,ATRX,H2243R,H2260R,targeting guide,Missense,0.7081947481526925,0.587572998639073,1.0,0.9999614030704774,0.9999614030704774,0.703222061084537,0.5464777578347202,1.0,0.9999998371229615,0.9999998371229615
gRNA_1145,ATRX,0.021423154462660906,-0.05726445807200225,0.12854170016718966,0.030900132185949437,0.021423154462660906,763.9478827128961,0.057079095307072635,0.05331523699613607,0.0939144760859121,0.06810293612970693,0.057079095307072635,22905,4.4051517135996505,6.042348832132722,0.1135123335516262,10.2030124426981,Atrx,ATRX,K1919R,K1936R,targeting guide,Missense,0.802152478744253,0.4731817172372089,1.0,0.9999614030704774,0.9999614030704774,0.7014956422660139,0.6041664167077694,1.0,0.9999998371229615,0.9999998371229615
gRNA_1146,ATRX,0.653863117397842,0.09849463459106046,0.11429711438544253,0.288884955458115,0.11429711438544253,1110.791187833757,-0.0480422374996339,0.38793647610239557,0.48087189705847744,0.2735887118870797,0.38793647610239557,43834,0.9604416662864445,29.12351142948396,0.3536067892503536,60.90021444540768,Atrx,ATRX,K1919R,K1936R,targeting guide,Missense,0.4178724674091645,0.7092036182601462,1.0,0.9999614030704774,0.9999614030704774,0.18283898512314276,0.882890590136021,0.8484140471791601,0.9999998371229615,0.8484140471791601
gRNA_1148,ATRX,0.3831946402163891,0.4186831834540142,0.349966231359194,0.38394801834319914,0.3831946402163891,453.00030935362435,0.44048500929413126,0.7154049803672897,0.38454642379292864,0.5134788044847832,0.44048500929413126,15522,0.2705836876691148,3.7237469398273415,0.0515397500322123,91.18026027573768,Atrx,ATRX,N246S,N247S,targeting guide,Missense,0.4484844361616136,0.8167119743960835,1.0,0.9999614030704774,0.9999614030704774,0.03290871376534964,0.9927960847244924,0.2959018800749925,0.9999998371229615,0.2959018800749925
gRNA_1149,ATRX,0.14318533889456356,0.18991990934927228,-0.13026978463375005,0.06761182120336191,0.14318533889456356,585.8143473969989,0.23046871926223586,-0.011624918852557049,0.10778038817364018,0.108874729527773,0.10778038817364018,18869,3.020827812814669,82.56929355026763,0.0,95.8662356245694,Atrx,ATRX,N246S,N247S,targeting guide,Missense,0.7387367943283963,0.53974051104503,1.0,0.9999614030704774,0.9999614030704774,0.57341172643454,0.6991691158475446,1.0,0.9999998371229615,0.9999998371229615
gRNA_1150,ATRX,0.431763221238181,0.3194714945398544,0.08852110473740156,0.279918606838479,0.3194714945398544,1156.2954618236438,0.15499866659201605,0.01483301995751475,0.19722261123693852,0.12235143259548976,0.15499866659201605,48288,2.207587806494367,29.974320742213383,0.1346090125911199,83.1138170974155,Atrx,ATRX,I1518V,I1533V,targeting guide,Missense,0.5251735541991582,0.7267177756669168,1.0,0.9999614030704774,0.9999614030704774,0.5711443436483066,0.7120313260806392,1.0,0.9999998371229615,0.9999998371229615
gRNA_1151,ATRX,0.28027684643309314,0.5466402764880867,0.10031420516695405,0.3090771093627113,0.28027684643309314,482.07393934169653,0.1546232782743156,-0.28185650865130885,0.009858565781753734,-0.03912488819841317,0.009858565781753734,20215,0.6480336383873362,21.672025723472668,0.4699480583724957,86.01038832550087,Atrx,ATRX,I1518V,I1533V,targeting guide,Missense,0.4731009072785547,0.7361469366478486,1.0,0.9999614030704774,0.9999614030704774,0.7370970045348028,0.529960044753961,1.0,0.9999998371229615,0.9999998371229615
gRNA_1281,B2M,-0.24854840893113989,-0.3076572522079214,-0.20454698446954858,-0.25358421520286994,-0.24854840893113989,1109.9927345930098,-0.4403336596743647,-0.5675425567191775,-0.7646174427843921,-0.5908312197259781,-0.5675425567191775,30517,26.49998361568961,55.86066782449127,0.5046367598387784,53.65206278467739,B2m,B2M,Non-coding,,targeting guide,Intron,0.9021629301531159,0.3094984293252937,1.0,0.9999614030704774,0.9999614030704774,0.9620526072124237,0.15702699825027056,1.0,0.9999998371229615,0.9999998371229615
gRNA_1282,B2M,0.15712584781102215,-0.1927797088480058,0.09308235937746182,0.01914283278015939,0.09308235937746182,1309.264157543696,0.03853887410360543,0.2925950081550333,0.13909651968178538,0.1567434673134747,0.13909651968178538,41215,26.88098993085042,66.36418779570545,0.4658498119616644,57.624651219216304,B2m,B2M,C45R,C45R,targeting guide,Missense,0.7842174840948927,0.4815752204194559,1.0,0.9999614030704774,0.9999614030704774,0.5309628242987992,0.730180522883194,1.0,0.9999998371229615,0.9999998371229615
gRNA_1283,B2M,0.06742581878583753,0.048341951514189546,-0.2004653595665157,-0.02823252975549621,0.048341951514189546,414.96698082218614,-0.2887423317308356,-0.5340313719904459,-0.5553128282063169,-0.4593621773091994,-0.5340313719904459,13068,0.4820936639118457,34.45821854912764,1.4080195898377716,86.46311600857055,B2m,B2M,C45R,C45R,targeting guide,Missense,0.82627981228137,0.43478667511933167,1.0,0.9999614030704774,0.9999614030704774,0.9418241951372983,0.20792619260443015,1.0,0.9999998371229615,0.9999998371229615
gRNA_1284,B2M,0.2865296969499642,0.28395152914545513,0.49135865556410185,0.3539466272198404,0.2865296969499642,708.7832394794021,0.5058647398637414,0.6255442101348452,0.5181730929705708,0.5498606809897191,0.5181730929705708,24869,9.344967630383207,80.59431420644175,0.3578752663959146,76.07463106678998,B2m,B2M,Y30C,Y30C,targeting guide,Missense,0.42210035971065785,0.8012724250734903,1.0,0.9999614030704774,0.9999614030704774,0.020980458383753342,0.9975221306941063,0.2418888156987308,0.9999998371229615,0.2418888156987308
gRNA_1285,B2M,-0.36743491765239306,-0.18358190944851455,-0.3638362792735343,-0.3049510354581473,-0.3638362792735343,552.2076958918706,-0.2280925150356629,-0.2482685937175714,-0.3270937322952783,-0.2678182803495042,-0.2482685937175714,11981,10.049244637342458,90.25957766463569,2.5623904515482847,80.96152241048327,B2m,B2M,Y30C,Y30C,targeting guide,Missense,0.9048491427432371,0.30340315390591466,1.0,0.9999614030704774,0.9999614030704774,0.8878609471466496,0.3364093019742166,1.0,0.9999998371229615,0.9999998371229615
gRNA_1313,BAP1,-0.6012974206812405,-0.6091695448548897,-0.6337590312936972,-0.6147419989432757,-0.6091695448548897,1258.500317058206,-0.24673443334225412,-0.36532632211215904,-0.33734094122149155,-0.31646723222530154,-0.33734094122149155,23913,26.24932045330992,54.41809894199808,0.0460000836365157,56.23719315853302,Bap1,BAP1,I695T,I696T,targeting guide,Missense,0.9293126964611735,0.24981224094892332,1.0,0.9999614030704774,0.9999614030704774,0.905109087253986,0.30232281159490676,1.0,0.9999998371229615,0.9999998371229615
gRNA_1314,BAP1,-1.059573051844096,-1.2995793567594247,-1.040405133636834,-1.1331858474134515,-1.059573051844096,810.9037831752374,-1.3923837635590015,-1.3814670636881203,-1.4292160487327399,-1.4010222919932873,-1.3923837635590015,9843,32.28690439906533,62.9076501066748,0.0,48.38971858173321,Bap1,BAP1,I695T,I696T,targeting guide,Missense,0.9973576919165259,0.013801944641442849,1.0,0.7772674087549393,0.7772674087549393,0.9999982595338035,5.025111994783466e-05,1.0,0.002444031742917413,0.002444031742917413
gRNA_1317,BAP1,-0.4678701427603918,-0.44238773708160034,-0.5090844057647251,-0.47311409520223907,-0.4678701427603918,1055.3870314060973,-0.8762412453634768,-1.1698442795437536,-0.9541296712855629,-1.0000717320642645,-0.9541296712855629,22939,54.208989057936265,64.13967478965952,0.3749073630062339,17.01905052530625,Bap1,BAP1,Non-coding,,targeting guide,Intron,0.9169120171203765,0.27810887407453827,1.0,0.9999614030704774,0.9999614030704774,0.9959205142687345,0.02390616229776708,1.0,0.48541929090242325,0.48541929090242325
gRNA_1318,BAP1,0.24778262395412012,0.16887692401689797,-0.1008971521775057,0.1052541319311708,0.16887692401689797,625.8081740090131,0.13714938883253988,0.13026937577952508,-0.045570228776386695,0.07394951194522607,0.13026937577952508,24508,67.1984658070834,71.46237963114085,0.0040803003101028,7.230292149502203,Bap1,BAP1,Non-coding,,targeting guide,Intron,0.7114176609693348,0.5727481001885066,1.0,0.9999614030704774,0.9999614030704774,0.6452281256432142,0.6552057621577041,1.0,0.9999998371229615,0.9999998371229615
gRNA_1321,BAP1,0.43691630896873024,0.6559339873059131,0.4970659016280753,0.529972065967573,0.4970659016280753,898.3577562037775,0.18228689337386844,0.5025835360945452,0.474578516558736,0.38648298200904985,0.474578516558736,45973,0.8961781915472126,78.70489200182716,0.0913579709829682,89.09142322667653,Bap1,BAP1,H141R,H141R,targeting guide,Missense,0.15779580221047815,0.9581809300172761,1.0,0.9999614030704774,0.9999614030704774,0.08542607517101423,0.9639976134018945,0.5253212668562369,0.9999998371229615,0.5253212668562369
gRNA_1322,BAP1,-0.03799011726042696,-0.011033032193904564,-0.14456903394620862,-0.06453072780018006,-0.03799011726042696,1125.0092130252922,0.25051542806117383,0.09833105671935576,0.11036310511817728,0.15306986329956895,0.11036310511817728,34278,2.199661590524535,92.23992064881264,0.0670984304801913,92.70377501604528,Bap1,BAP1,H141R,H141R,targeting guide,Missense,0.8594394872540819,0.38870705025541213,1.0,0.9999614030704774,0.9999614030704774,0.5094862347272322,0.7636596733665209,1.0,0.9999998371229615,0.9999998371229615
gRNA_1337,BAP1,-0.5162747838501711,-0.4656010635888849,-0.42279797109471406,-0.4682246061779234,-0.4656010635888849,984.9632499375155,-0.8612159706639548,-0.6941370927973827,-0.5685588639465375,-0.7079706424692916,-0.6941370927973827,23358,42.2253617604247,76.24368524702457,3.5105745354910525,34.193852213374434,Bap1,BAP1,Y173C,Y173C,targeting guide,Missense,0.9169120171203765,0.27810887407453827,1.0,0.9999614030704774,0.9999614030704774,0.978641645729985,0.10431140810687375,1.0,0.9999998371229615,0.9999998371229615
gRNA_1338,BAP1,-0.1557947833838189,-0.13909632036768238,-0.029811657182831356,-0.10823425364477755,-0.13909632036768238,1001.7650753784864,-0.2315319679621213,-0.2347835028406983,-0.022169681995344342,-0.16282838426605464,-0.2315319679621213,31196,35.24490319271701,64.97307347095781,0.0609052442620848,38.14912168226696,Bap1,BAP1,Y173C,Y173C,targeting guide,Missense,0.8753025213253447,0.36058019144252756,1.0,0.9999614030704774,0.9999614030704774,0.8450531288108039,0.40599017630092743,1.0,0.9999998371229615,0.9999998371229615
gRNA_1339,BAP1,-0.15780235537121723,-0.08120310542602135,-0.24331487296879378,-0.16077344458867746,-0.15780235537121723,909.6348224557577,-0.4304319690842663,-0.4422474466181335,-0.3322624085123574,-0.4016472747382524,-0.4304319690842663,25713,44.358884610897206,76.80161785867071,0.0,36.00124450666978,Bap1,BAP1,Y173C,Y173C,targeting guide,Missense,0.8831883094878124,0.3449062635360797,1.0,0.9999614030704774,0.9999614030704774,0.9261504189029595,0.2564059785093785,1.0,0.9999998371229615,0.9999998371229615
gRNA_1340,BAP1,-0.4937831320719817,-0.7221868081556668,-0.7248674487832371,-0.6469457963369618,-0.7221868081556668,1939.5630622538954,-0.2707977301847235,-0.08722682316378608,-0.07502975521168904,-0.14435143618673288,-0.08722682316378608,39391,7.885049884491381,83.04942753420832,0.6498946459851236,78.07113299992385,Bap1,BAP1,Y173C,Y173C,targeting guide,Missense,0.9328514061387202,0.24070492947682529,1.0,0.9999614030704774,0.9999614030704774,0.8094015801087396,0.46036589709900966,1.0,0.9999998371229615,0.9999998371229615
gRNA_1341,BAP1,0.494670304904792,0.585004048194355,0.044435060200892856,0.37470313776668,0.494670304904792,607.8142033979415,0.31282507725402203,0.14336766305530727,0.3867282392203693,0.28097365984323286,0.31282507725402203,27567,10.12442413030072,57.45275147821671,0.2176515398846446,74.57467261580875,Bap1,BAP1,D68G,D68G,targeting guide,Missense,0.29015969917200635,0.8440512096270242,1.0,0.9999614030704774,0.9999614030704774,0.2970301773300043,0.8841394275966739,1.0,0.9999998371229615,0.9999998371229615
gRNA_1342,BAP1,-0.4279733564717666,-0.505384437051016,-0.4706418532820443,-0.4679998822682756,-0.4706418532820443,1278.3552689473304,-0.8721617064453813,-0.5385964157521439,-0.6513708162153853,-0.6873763128043034,-0.6513708162153853,32060,11.272613849033062,80.05302557704304,0.1715533374922021,77.29569557080474,Bap1,BAP1,D68G,D68G,targeting guide,Missense,0.9169120171203765,0.27810887407453827,1.0,0.9999614030704774,0.9999614030704774,0.9765637755167336,0.10854670825674896,1.0,0.9999998371229615,0.9999998371229615
gRNA_1343,BAP1,-0.007560723777818374,0.08716655398039885,0.12226394935989687,0.06728992652082579,0.08716655398039885,732.5789661468183,-0.06280815310772796,0.022905340399145525,-0.08249278071038066,-0.04079853113965436,-0.06280815310772796,25847,1.4779278059349248,66.36747011258561,0.0773784191588965,89.39915657523116,Bap1,BAP1,N489S,N490S,targeting guide,Missense,0.7951424949546243,0.48658377872226743,1.0,0.9999614030704774,0.9999614030704774,0.7640842161798728,0.5315716477523666,1.0,0.9999998371229615,0.9999998371229615
gRNA_1361,BAP1,0.06109052957619618,0.12698571752188575,0.4714645102110314,0.21984691910303777,0.12698571752188575,1467.5807347926425,0.3897112173198254,0.6000724852267556,0.36071567291732964,0.45016645848797027,0.3897112173198254,55983,0.5448082453601987,34.80878123716128,0.0285801046746333,89.70758980404766,Bap1,BAP1,R208G,R208G,targeting guide,Missense,0.5517768780248464,0.6776599342194145,1.0,0.9999614030704774,0.9999614030704774,0.07568098330995131,0.9806575057363265,0.4968015468812755,0.9999998371229615,0.4968015468812755
gRNA_1362,BAP1,-0.035668339485084424,-0.20043475314787232,0.007934067799328167,-0.07605634161120953,-0.035668339485084424,1232.113147380611,-0.0073528598734905635,0.056538657377949976,0.11196927284689782,0.053718356783785746,0.056538657377949976,35782,9.577441171538762,25.744787882175395,0.0,56.98116371359902,Bap1,BAP1,R208G,R208G,targeting guide,Missense,0.8651800847842399,0.3773816781601216,1.0,0.9999614030704774,0.9999614030704774,0.7032816428481836,0.5981735963018706,1.0,0.9999998371229615,0.9999998371229615
gRNA_1373,BCL2,-0.34130579118599913,-0.46627409755455257,-0.3231346280853109,-0.3769048389419542,-0.34130579118599913,3112.854905499226,-0.1845620662743545,-0.2324305196838789,-0.2506180781135502,-0.22253688802392788,-0.2324305196838789,77882,0.1836111039778126,91.00947587375774,0.0012839937341105,94.66629002850466,Bcl2,BCL2,T7A,T7A,targeting guide,Missense,0.9119916773962078,0.2886690179776906,1.0,0.9999614030704774,0.9999614030704774,0.8692194811849244,0.3715837943726815,1.0,0.9999998371229615,0.9999998371229615
gRNA_1374,BCL2,-1.0804201504570132,-1.0106730535051194,-1.0450841014222276,-1.04539243512812,-1.0450841014222276,1182.5377142985972,-1.4445764925219826,-1.5418537371711287,-1.1169218000960632,-1.367784009929725,-1.4445764925219826,18707,0.0374191479125461,86.09611375420965,0.0,94.24279681402685,Bcl2,BCL2,T7A,T7A,targeting guide,Missense,0.993297731976993,0.04525866271746635,1.0,0.9999614030704774,0.9999614030704774,0.9999164171088283,8.33243620411824e-06,1.0,0.0004692477230740272,0.0004692477230740272
gRNA_1375,BCL2,-0.5364954943737775,-0.7469235569267294,-0.5891877328851969,-0.6242022613952346,-0.5891877328851969,1859.9878255342328,-0.7308504726943504,-0.9640286681651574,-0.818099780356011,-0.8376596404051729,-0.818099780356011,38068,1.2845434485657246,80.84217715666702,0.8642429336975939,90.54323841546706,Bcl2,BCL2,T7A,T7A,targeting guide,Missense,0.9284760080149939,0.2504967149369433,1.0,0.9999614030704774,0.9999614030704774,0.9861201491935315,0.0759733626731505,1.0,0.9999998371229615,0.9999998371229615
gRNA_1376,BCL2,0.7287587738541693,0.47396898356983086,1.1545146932569894,0.7857474835603299,0.7287587738541693,210.7127534942473,0.5254778442482946,0.39489402938051543,0.7058117606614331,0.542061211430081,0.5254778442482946,10186,0.1178087571176124,82.34832122521108,0.0098173964264677,90.70292558413507,Bcl2,BCL2,N140S,N143S,targeting guide,Missense,0.028968161335563136,0.9898427693662277,0.696737077419075,0.9999614030704774,0.696737077419075,0.026062592964276616,0.9946488232148263,0.26559023306453317,0.9999998371229615,0.26559023306453317
gRNA_1377,BCL2,0.2418085832468054,0.5208354352238833,0.695993696995256,0.4862125718219816,0.5208354352238833,318.15222289578963,0.45036551308801,0.43757339906986636,0.4154779476587272,0.43447228660553455,0.43757339906986636,12089,30.308544958226484,66.68045330465714,0.0,48.5813549507817,Bcl2,BCL2,N140S,N143S,targeting guide,Missense,0.18702750049321354,0.916565434281364,1.0,0.9999614030704774,0.9999614030704774,0.06265176579927392,0.989472364692774,0.4499153651357255,0.9999998371229615,0.4499153651357255
gRNA_1378,BCL2,0.9024018470177351,1.2118652537268502,1.4511246858103124,1.1884639288516325,1.2118652537268502,159.99895273412756,0.44651813636073157,0.7009139962777562,0.637687735048379,0.5950399558956222,0.637687735048379,10367,9.318028359216743,79.14536510080062,0.0289379762708594,77.41873251663934,Bcl2,BCL2,N140S,N143S,targeting guide,Missense,0.0015879612556583414,0.9997454092574338,0.28318642392573756,0.9999614030704774,0.28318642392573756,0.015470223310474691,0.9979096476283985,0.20764522960131684,0.9999998371229615,0.20764522960131684
gRNA_1379,BCL2,-1.4607212816377508,-1.8301100720946608,-1.428293566669055,-1.5730416401338223,-1.4607212816377508,1213.3253915671341,-1.6088020834772288,-2.0453614675907623,-1.782558946637445,-1.8122408325684785,-1.782558946637445,11398,9.41393226881909,28.80329882435515,0.3948061063344446,52.403930514125285,Bcl2,BCL2,F121L,F124L,targeting guide,Missense,0.9999940123791163,4.680778453533365e-06,1.0,0.0008347388242134501,0.0008347388242134501,1.0,4.1025318572854354e-10,1.0,5.4871363591192696e-08,5.4871363591192696e-08
gRNA_1380,BCL2,-0.7565457325165172,0.05200243163818163,-0.01480704569963649,-0.23978344885932404,-0.01480704569963649,169.51404196869498,-1.1618604668296622,-1.1766268325677405,-0.6306712511354602,-0.9897195168442877,-1.1618604668296622,3084,0.0,0.0648508430609597,0.0,16.115434500648508,Bcl2,BCL2,F121L,F124L,targeting guide,Missense,0.8646889161005292,0.3602366313246301,1.0,0.9999614030704774,0.9999614030704774,0.99636903405011,0.011128162767987249,1.0,0.25347398420712597,0.25347398420712597
gRNA_1381,BCL2,-0.8262536557020487,-0.5056848005408494,-0.4704019268653305,-0.6007801277027429,-0.5056848005408494,951.0846838093423,-0.6930737276710119,-0.9046164478649028,-0.9586353615005831,-0.8521085123454993,-0.9046164478649028,17884,73.51263699396108,91.5287407738761,0.5759337955714605,19.72713039588459,Bcl2,BCL2,Y28C,Y28C,targeting guide,Missense,0.9346132124852847,0.23296424436973281,1.0,0.9999614030704774,0.9999614030704774,0.9876647812360912,0.06968563481350058,1.0,0.9999998371229615,0.9999998371229615
gRNA_1382,BCL2,-0.9006314432702509,-0.9553583941615214,-0.6865284848282827,-0.8475061074200183,-0.9006314432702509,1098.4776584492658,-1.1161656617100557,-0.7911655508559909,-1.0762639145176274,-0.9945317090278913,-1.0762639145176274,18609,42.58692030737815,88.37121822773926,1.278951045193186,50.566929980117145,Bcl2,BCL2,Y28C,Y28C,targeting guide,Missense,0.9693093858610138,0.13394817092913702,1.0,0.9999614030704774,0.9999614030704774,0.9954040635016588,0.029690425733021684,1.0,0.5776137369878764,0.5776137369878764
gRNA_1383,BCL2,0.3380832421676597,0.6827817287070221,1.0135888251766014,0.6781512653504279,0.6827817287070221,333.39175719334685,0.30387598307479685,0.6282464898586475,0.4163636887725929,0.44949538723534577,0.4163636887725929,12336,36.746108949416346,94.22016861219196,5.625810635538262,49.97568093385214,Bcl2,BCL2,Y28C,Y28C,targeting guide,Missense,0.07543688251008811,0.9574280471046198,1.0,0.9999614030704774,0.9999614030704774,0.08128674273351566,0.9749772233558881,0.5177191352670343,0.9999998371229615,0.5177191352670343
gRNA_1384,BCL2,0.3089647940526966,0.5469739372777773,0.2071565471504335,0.3543650928269691,0.3089647940526966,333.08872887377464,0.43860310589016455,-0.3000968653989326,-0.03953136592296314,0.032991624856089606,-0.03953136592296314,11620,20.34423407917384,23.029259896729776,0.0,19.49225473321859,Bcl2,BCL2,Y105C,Y108C,targeting guide,Missense,0.417248816438447,0.8052302698950377,1.0,0.9999614030704774,0.9999614030704774,0.42203160309710214,0.6445795401887222,1.0,0.9999998371229615,0.9999998371229615
gRNA_1385,BCL2,-0.24406052719640306,0.08539932421239692,0.22613620529726558,0.022491667437753143,0.08539932421239692,512.6633110522671,-0.17917040408550108,0.10233160680855333,0.229758735818952,0.05097331284733475,0.10233160680855333,13499,44.95147788725091,83.73953626194532,0.5630046670123713,48.070227424253645,Bcl2,BCL2,Y105C,Y108C,targeting guide,Missense,0.7780520548026911,0.48360351062020535,1.0,0.9999614030704774,0.9999614030704774,0.6083394247523306,0.6515385791744754,1.0,0.9999998371229615,0.9999998371229615
gRNA_1406,BCL2,-0.42032157096394,0.19724241031076553,0.02722952383982491,-0.06528321227111653,0.02722952383982491,227.29712918306416,-0.11842482921084635,-0.2432305425184573,-0.10448668849541526,-0.15538068674157296,-0.11842482921084635,2595,14.951830443159922,49.40269749518305,0.0,60.26974951830443,Bcl2,BCL2,D31G,D31G,targeting guide,Missense,0.7904460546285712,0.4681362669121516,1.0,0.9999614030704774,0.9999614030704774,0.8135844184315209,0.45494187795788077,1.0,0.9999998371229615,0.9999998371229615
gRNA_1407,BCL2,0.2363700481494952,0.42799023924005297,0.6494207595481734,0.4379270156459072,0.42799023924005297,553.2691058749434,0.5115961275969266,0.21491084604992305,0.10579020305460418,0.27743239223381794,0.21491084604992305,22950,29.30718954248366,77.30718954248366,0.0043572984749455,59.7037037037037,Bcl2,BCL2,D31G,D31G,targeting guide,Missense,0.2653672652286388,0.8840609607529581,1.0,0.9999614030704774,0.9999614030704774,0.2159982067153854,0.879568242372752,0.931927746715574,0.9999998371229615,0.931927746715574
gRNA_1459,BCOR,-0.26284661722295033,-0.16449904917436972,0.17020318379677407,-0.08571416086684867,-0.16449904917436972,1708.33079364124,-0.013747996698766266,-0.053452915837104875,0.00019828073069331223,-0.022334210601725944,-0.013747996698766266,51418,0.2119880197596172,4.235870706756389,0.0058345326539344,91.78108833482436,Bcor,BCOR,N1495S,N1491S,targeting guide,Missense,0.8237086003425004,0.41681209392080265,1.0,0.9999614030704774,0.9999614030704774,0.767897099491191,0.5266697773660167,1.0,0.9999998371229615,0.9999998371229615
gRNA_1460,BCOR,-0.0732941946558512,-0.1280820076271718,0.16443809200421478,-0.012312703426269408,-0.0732941946558512,1560.7311150833737,-0.43941437231164876,-0.29712221941462175,-0.15522900202174422,-0.2972551979160049,-0.29712221941462175,47655,0.0062952470884482,1.8067359143846395,0.0,95.88290840415486,Bcor,BCOR,N1495S,N1491S,targeting guide,Missense,0.7972667592850903,0.4664713857103997,1.0,0.9999614030704774,0.9999614030704774,0.8848873456524297,0.33460672433946875,1.0,0.9999998371229615,0.9999998371229615
gRNA_1461,BCOR,0.4810464908373203,0.6018156809163684,0.4352165273603299,0.5060262330380062,0.4810464908373203,681.9551455096927,0.02046640255681118,0.06936345964439268,0.09538781916621618,0.061739227122473345,0.06936345964439268,32680,4.078947368421053,16.661566707466342,0.3427172582619339,80.6517747858017,Bcor,BCOR,N1495S,N1491S,targeting guide,Missense,0.18273776634986108,0.9494063290304456,1.0,0.9999614030704774,0.9999614030704774,0.6961705941107283,0.6092497794019331,1.0,0.9999998371229615,0.9999998371229615
gRNA_1463,BCOR,-0.12763819127464163,-0.6448266227203177,-0.2807565527853049,-0.3510737889267547,-0.2807565527853049,685.6924815279997,-0.2894445628819363,-0.02375255604162285,0.05689787253672015,-0.08543308212894635,-0.02375255604162285,16682,32.84378371897854,43.05838628461815,0.0,16.478839467689728,Bcor,BCOR,V1462A,V1458A,targeting guide,Missense,0.9048068285653713,0.3004339116832794,1.0,0.9999614030704774,0.9999614030704774,0.7975732828460013,0.47464425702941127,1.0,0.9999998371229615,0.9999998371229615
gRNA_1491,BCOR,0.3631622598337579,0.2296883427948347,0.1917608383495357,0.2615371469927094,0.2296883427948347,1156.5056455123704,0.3027029086594602,0.3237648195048891,0.12073428430287475,0.2490673374890747,0.3027029086594602,46365,0.8346813329019734,8.778173190984578,0.1294079585894532,66.66882346597649,Bcor,BCOR,N1463S,N1459S,targeting guide,Missense,0.5970958730706726,0.7073087282531101,1.0,0.9999614030704774,0.9999614030704774,0.3886886071798412,0.8447593751653257,1.0,0.9999998371229615,0.9999998371229615
gRNA_1492,BCOR,0.22845014272344694,-0.10543353146213491,-0.20662932454111382,-0.0278709044266006,-0.10543353146213491,890.3161604242098,-0.06827956743667081,0.06379162448463396,0.007237043916810511,0.0009163669882578879,0.007237043916810511,30535,0.3929916489274603,11.81267398067791,0.0,43.03913541837236,Bcor,BCOR,N1463S,N1459S,targeting guide,Missense,0.8017508695587098,0.44925740917114465,1.0,0.9999614030704774,0.9999614030704774,0.7510105770024135,0.5472446084127351,1.0,0.9999998371229615,0.9999998371229615
gRNA_1545,BRAF,0.5422548150647013,0.4070902970223616,0.2083693078837902,0.38590480665695104,0.4070902970223616,678.0021519586827,0.4032893621042655,-0.016089552305688534,0.14471891187952593,0.17730624055936764,0.14471891187952593,31413,33.454302358896,73.04619106739248,0.5316270333938179,47.92920128609175,Braf,BRAF,N617D,N580D,targeting guide,Missense,0.3689912471153426,0.8422719244883017,1.0,0.9999614030704774,0.9999614030704774,0.41647553294325507,0.7667840958563679,1.0,0.9999998371229615,0.9999998371229615
gRNA_1548,BRAF,0.12784316941628915,0.3451250081767635,-0.07647338919309511,0.1321649294666525,0.12784316941628915,691.8136535833584,0.16114616127800802,-0.1511577491812363,0.15543936235466946,0.05514259148381372,0.15543936235466946,24202,0.0537145690438806,8.17701016444922,0.0,83.13775721014792,Braf,BRAF,N618S,N581S,targeting guide,Missense,0.7151102937975133,0.5656012472794989,1.0,0.9999614030704774,0.9999614030704774,0.635633510118842,0.6517564442514117,1.0,0.9999998371229615,0.9999998371229615
gRNA_1549,BRAF,0.1808114085438593,0.20172469889953376,-0.48218970730838434,-0.03321786662166376,0.1808114085438593,483.4513810455059,0.08852113417342489,-0.13780747126730417,-0.09510604919608648,-0.04813079542998858,-0.09510604919608648,16056,3.581215744892875,22.683109118086698,0.0622820129546587,61.93323368211261,Braf,BRAF,N618S,N581S,targeting guide,Missense,0.7502016865804635,0.5088738192636744,1.0,0.9999614030704774,0.9999614030704774,0.7413216902817747,0.5545090402595103,1.0,0.9999998371229615,0.9999998371229615
gRNA_1550,BRAF,0.8403172015356282,0.7864031853031029,0.8254574235341066,0.8173926034576126,0.8254574235341066,491.19132769321914,0.03965926759163935,0.11206956613830078,0.2416507949714373,0.13112654290045914,0.11206956613830078,27389,7.608894081565593,63.88331081821169,0.2920880645514622,88.72540070831356,Braf,BRAF,K638E,K601E,targeting guide,Missense,0.020758270230850685,0.9975907977618883,0.6472210215200873,0.9999614030704774,0.6472210215200873,0.5504056215227515,0.7161964372508108,1.0,0.9999998371229615,0.9999998371229615
gRNA_1551,BRAF,0.4937623753353904,0.7004339719630874,0.3235464677973746,0.5059142716986175,0.4937623753353904,952.9264776353651,0.08078881760926117,0.06527149189704712,0.05522266225780536,0.06709432392137121,0.06527149189704712,47807,12.531637626289038,42.435208233103936,0.209174388687849,64.71437237224674,Braf,BRAF,K638E,K601E,targeting guide,Missense,0.17778712292172735,0.9284473727395276,1.0,0.9999614030704774,0.9999614030704774,0.7031938214716668,0.6039397691913837,1.0,0.9999998371229615,0.9999998371229615
gRNA_1552,BRAF,0.5145712219378903,0.7529689525757576,0.4193928906900153,0.5623110217345544,0.5145712219378903,664.6017104857738,-0.08195755075021299,-0.4243203020187613,-0.287911646543407,-0.26472983310412707,-0.287911646543407,32096,13.350573280159525,74.09957627118644,0.4206131605184447,77.09995014955135,Braf,BRAF,K638E,K601E,targeting guide,Missense,0.12657785062433885,0.9614631399776453,1.0,0.9999614030704774,0.9999614030704774,0.8680599507830536,0.3569811862575675,1.0,0.9999998371229615,0.9999998371229615
gRNA_1558,BRAF,-0.4316799079450562,-0.35901261206144425,-0.46621566969989986,-0.4189693965688001,-0.4316799079450562,1651.3225246768084,-0.2727636417789254,0.04123149095528204,-0.1868029178380812,-0.13944502288724153,-0.1868029178380812,41495,2.542474996987589,11.630316905651284,0.4024581274852392,67.28280515724786,Braf,BRAF,K520E,K483E,targeting guide,Missense,0.9144829929956938,0.28343357087665433,1.0,0.9999614030704774,0.9999614030704774,0.8317323013573387,0.4273758431201905,1.0,0.9999998371229615,0.9999998371229615
gRNA_1559,BRAF,0.2886432813626359,0.18891332183179999,0.17717396171260752,0.21824352163568114,0.18891332183179999,901.7288353537381,0.22877169881151066,0.19253719791580473,0.15494546685436417,0.19208478786055985,0.19253719791580473,31543,0.1109596423929239,0.5547982119646198,0.0,67.23837301461498,Braf,BRAF,K520E,K483E,targeting guide,Missense,0.6383310451890312,0.6714222438749476,1.0,0.9999614030704774,0.9999614030704774,0.4451781266136531,0.8214648543526379,1.0,0.9999998371229615,0.9999998371229615
gRNA_1569,BRAF,0.41346866178854513,0.24248168091230687,0.22239083215802305,0.292780391619625,0.24248168091230687,915.1817650192716,0.16270521620960363,-0.011375206513929799,0.13743266387886874,0.09625422452484751,0.13743266387886874,36963,55.15786056326597,83.92175959743527,1.0496983469956442,34.87000514027541,Braf,BRAF,K536E,K499E,targeting guide,Missense,0.5383205078214557,0.7469544736396387,1.0,0.9999614030704774,0.9999614030704774,0.6290344434570281,0.6684589324057462,1.0,0.9999998371229615,0.9999998371229615
gRNA_1570,BRAF,0.39864474047783,0.4794756745598555,0.12712003010189762,0.33508014837986105,0.39864474047783,1098.2352357936081,-0.09308187489596385,-0.021416989217314365,-0.014606169626369734,-0.04303501124654932,-0.021416989217314365,45941,0.1131886550140397,0.7139592085500969,0.0,41.26814827713807,Braf,BRAF,K536E,K499E,targeting guide,Missense,0.4464158800219704,0.7856862520841357,1.0,0.9999614030704774,0.9999614030704774,0.767897099491191,0.5266697773660167,1.0,0.9999998371229615,0.9999998371229615
gRNA_1573,BRAF,0.5312611630725144,0.9702670140805941,0.7277607496469731,0.7430963089333605,0.7277607496469731,130.83133494632472,0.4947922965452154,0.5365822440060932,0.5326464239057157,0.5213403214856748,0.5326464239057157,6641,38.30748381267881,91.2061436530643,0.0,56.01566029212468,Braf,BRAF,D631G,D594G,targeting guide,Missense,0.04006053565207572,0.9910516678836354,0.7288141578134111,0.9999614030704774,0.7288141578134111,0.02501047348861761,0.9969530860874857,0.25731929454635427,0.9999998371229615,0.25731929454635427
gRNA_1583,BRCA1,0.18209512477901593,-0.04593830981832305,-0.1354634142679283,0.00023113356425485954,-0.04593830981832305,1165.083283091238,-0.08210870635136601,0.10699283557318291,0.14257614648942252,0.055820091903746476,0.10699283557318291,41375,11.369184290030212,18.119637462235648,0.0,36.51238670694864,Brca1,BRCA1,Q1190R,Q1227R,targeting guide,Missense,0.8008804097422662,0.45970575047475615,1.0,0.9999614030704774,0.9999614030704774,0.6565468263218315,0.6450725743370134,1.0,0.9999998371229615,0.9999998371229615
gRNA_1588,BRCA2,0.38522660539861814,0.5314478800853261,0.3060027546583758,0.40755908004743996,0.38522660539861814,701.8476291857419,0.228002155951262,0.0682715791273178,-0.12944505609001866,0.05560955966285371,0.0682715791273178,29973,16.681680178827612,22.500250225202684,0.0033363360357655,13.51549728088613,Brca2,BRCA2,T1933A,T1980A,targeting guide,Missense,0.37449588720367516,0.84444951160782,1.0,0.9999614030704774,0.9999614030704774,0.6117884354189498,0.6647709522722147,1.0,0.9999998371229615,0.9999998371229615
gRNA_1590,BRCA2,-0.2366864539833095,-0.3278111731719146,-0.3349619976952491,-0.2998198749501577,-0.3278111731719146,2276.8335819377667,0.016044632352674823,0.08229017080499872,0.07581439399065114,0.05804973238277489,0.07581439399065114,66691,7.416293053035641,11.311871167024036,0.962648633248864,29.12986759832661,Brca2,BRCA2,F2730L,F2809L,targeting guide,Missense,0.9047678546886585,0.3039755107053006,1.0,0.9999614030704774,0.9999614030704774,0.7026400472744594,0.6030634542195774,1.0,0.9999998371229615,0.9999998371229615
gRNA_1591,BRCA2,0.04814477392793618,0.1476165099118739,0.1543908925823983,0.11671739214073612,0.1476165099118739,1339.0446864243236,-0.056790425070750966,0.16389548209501015,0.26485310805837936,0.12398605502754619,0.16389548209501015,52181,0.0555757842893007,9.928901324236792,0.312374235832966,88.10294934938004,Brca2,BRCA2,F2730L,F2809L,targeting guide,Missense,0.7030477535426569,0.5991575640157123,1.0,0.9999614030704774,0.9999614030704774,0.524782457535452,0.7333333061085092,1.0,0.9999998371229615,0.9999998371229615
gRNA_1592,BRCA2,0.460397403016303,0.3069799337503112,0.2613181694398436,0.3428985020688193,0.3069799337503112,634.4200898563815,-0.0019042902965258296,-0.20137436892566685,-0.24942924949141362,-0.1509026362378688,-0.20137436892566685,25992,1.3196368113265622,18.14404432132964,0.0076946752847029,92.86703601108032,Brca2,BRCA2,F2730L,F2809L,targeting guide,Missense,0.4446212821904496,0.8011587376177876,1.0,0.9999614030704774,0.9999614030704774,0.8387522129677627,0.4171510476802575,1.0,0.9999998371229615,0.9999998371229615
gRNA_1696,BTK,-0.1036787872381572,-0.21413128300514953,-0.10796590941112211,-0.14192532655147627,-0.10796590941112211,1166.9619510343964,0.396363206179092,-0.05688229489816231,-0.08873766468634213,0.08358108219819584,-0.05688229489816231,34990,6.141754787082023,26.347527865104315,0.0200057159188339,47.02772220634467,Btk,BTK,T316A,T316A,targeting guide,Missense,0.874505227007009,0.3617865276582521,1.0,0.9999614030704774,0.9999614030704774,0.47158381379026926,0.6992457553482647,1.0,0.9999998371229615,0.9999998371229615
gRNA_1725,CARD11,0.7700352230151705,0.9254038688997157,0.9602811368917722,0.8852400762688862,0.9254038688997157,336.0484656740775,0.6917639146740662,0.5167415844115826,0.6496837177303861,0.6193964056053449,0.6496837177303861,16803,44.64083794560495,93.69755400821282,1.0593346426233412,51.44319466761888,Card11,CARD11,S116P,S116P,targeting guide,Missense,0.015730198825394025,0.9982560379739548,0.6275695707251967,0.9999614030704774,0.6275695707251967,0.011337518395394777,0.9987428196801381,0.17839918651577077,0.9999998371229615,0.17839918651577077
gRNA_1726,CARD11,1.1669770565576163,1.4083547143036814,1.114243233798839,1.2298583348867123,1.1669770565576163,246.16948549111098,1.1414576072948028,1.0048601220672,0.8934585481083795,1.013258759156794,1.0048601220672,16686,41.82548244036917,92.21503056454512,0.1498262016061368,52.73282991729593,Card11,CARD11,S116P,S116P,targeting guide,Missense,0.001067625075675924,0.9998869270163544,0.28318642392573756,0.9999614030704774,0.28318642392573756,1.8903053140666233e-06,0.9999987066624314,0.0003371044476752145,0.9999998371229615,0.0003371044476752145
gRNA_1733,CARD11,0.24113519256476193,0.33162391629525684,0.00017716762258670514,0.19097875882753515,0.24113519256476193,881.0074981911868,0.06885492350078048,0.04512191380524277,0.10560049765951651,0.07319244498851325,0.06885492350078048,35954,8.516437670356567,31.90743728097013,0.4477944039606163,67.86449351949713,Card11,CARD11,M360V,M360V,targeting guide,Missense,0.6679911856785028,0.6171921178970041,1.0,0.9999614030704774,0.9999614030704774,0.6905675788396014,0.6145105672183899,1.0,0.9999998371229615,0.9999998371229615
gRNA_1738,CARD11,0.25427489161819306,0.15383432953030138,0.05549119267320869,0.15453347127390105,0.15383432953030138,329.05483414131675,-0.12769675303365693,-0.2714155121007152,-0.01640614537423734,-0.13850613683620316,-0.12769675303365693,9528,25.871116708648195,34.498320738874895,0.0,17.12846347607053,Card11,CARD11,S250P,S250P,targeting guide,Missense,0.6834684416473913,0.6177364643805907,1.0,0.9999614030704774,0.9999614030704774,0.8135844184315209,0.45494187795788077,1.0,0.9999998371229615,0.9999998371229615
gRNA_1817,CARD11,0.020028611776495273,-0.12491975719735743,0.09751924281476103,-0.002457300868700376,0.020028611776495273,984.5504260434436,0.1191568943395395,0.21707811895269186,0.07399172927685613,0.1367422475230292,0.1191568943395395,33860,14.4949793266391,49.09332545776728,0.0,67.35971647962198,Card11,CARD11,N414S,N414S,targeting guide,Missense,0.824503985855166,0.44389203514148,1.0,0.9999614030704774,0.9999614030704774,0.5601965484030889,0.728960626480699,1.0,0.9999998371229615,0.9999998371229615
gRNA_1848,CARM1,-1.2161630931986376,-1.0139270855031404,-0.8611100733302928,-1.0304000840106902,-1.0139270855031404,960.4785617160809,-0.4693695333437984,-0.8663455948827568,-0.6697052264365665,-0.6684734515543739,-0.6697052264365665,12450,49.9277108433735,93.0843373493976,0.0240963855421686,45.22891566265061,Carm1,CARM1,V61A,V60A,targeting guide,Missense,0.9899670349553298,0.04445363244563276,1.0,0.9999614030704774,0.9999614030704774,0.9712270386459736,0.12370882703221002,1.0,0.9999998371229615,0.9999998371229615
gRNA_1855,CASP8,0.06114099085619219,-0.2118505212252829,-0.1900269819737447,-0.11357883744761181,-0.1900269819737447,957.1882009087155,0.17133409613197315,0.29251856945518057,0.3393412853309807,0.26773131697271146,0.29251856945518057,28154,21.81572778290829,25.87909355686581,0.0,14.697733892164525,Casp8,CASP8,L451P,L429P,targeting guide,Missense,0.8636049335008469,0.3736171004686282,1.0,0.9999614030704774,0.9999614030704774,0.3510148540769373,0.8696885693984263,1.0,0.9999998371229615,0.9999998371229615
gRNA_1857,CASP8,0.12962324601750153,0.18585519309338283,-0.0032189454330302926,0.10408649789261802,0.12962324601750153,769.0858750742723,-0.20067290582525002,0.029117526222799554,-0.05551446152663587,-0.07568994704302877,-0.05551446152663587,25837,3.034408019506909,7.969191469597864,0.0,62.26342067577505,Casp8,CASP8,Non-coding,,targeting guide,5',0.7422172350674687,0.5475706375825158,1.0,0.9999614030704774,0.9999614030704774,0.7950952431902719,0.48467766414327573,1.0,0.9999998371229615,0.9999998371229615
gRNA_1858,CASP8,0.332012517248802,0.3509542750223169,0.14961841511858612,0.277528402463235,0.332012517248802,349.3916524667596,0.3769665640795254,0.13556135516242207,0.4787137709938378,0.3304138967452617,0.3769665640795254,10857,12.1580547112462,13.152804642166345,0.0,41.87160357373123,Casp8,CASP8,Non-coding,,targeting guide,5',0.587232668825554,0.7151895008207365,1.0,0.9999614030704774,0.9999614030704774,0.16353918576929197,0.9268372021028414,0.802448243127794,0.9999998371229615,0.802448243127794
gRNA_1871,CBFB,0.17387644071581268,0.09457818941140307,0.17529541771650994,0.14791668261457525,0.17387644071581268,1393.238952849458,-0.11469472335249466,-0.2676880187140325,-0.12386046260742192,-0.16874773489131636,-0.12386046260742192,52849,12.174307933924956,34.56640617608658,0.1778652386989347,72.55577210543245,Cbfb,CBFB,N104S,N104S,targeting guide,Missense,0.6978419388288607,0.6043489879122608,1.0,0.9999614030704774,0.9999614030704774,0.8177428179700817,0.4495554268434584,1.0,0.9999998371229615,0.9999998371229615
gRNA_1875,CBFB,0.3710589725864391,0.10698466125027996,-0.054371148575769974,0.14122416175364969,0.10698466125027996,899.5698694820665,-0.15122453436649363,-0.15740736908430233,0.02289017211911603,-0.09524724377722664,-0.15122453436649363,33937,63.81530482953708,93.4437339776645,0.2858237322096826,31.62919527359519,Cbfb,CBFB,M101V,M101V,targeting guide,Missense,0.7223952362584174,0.5531705272100766,1.0,0.9999614030704774,0.9999614030704774,0.8003847711830264,0.48015241212025017,1.0,0.9999998371229615,0.9999998371229615
gRNA_1876,CBFB,0.4654028776298939,0.5024113159510122,0.021939581094291134,0.32991792489173244,0.4654028776298939,374.0679542544284,-0.2224836204404172,-0.8932679209980244,-0.5706469171645439,-0.5621328195343285,-0.5706469171645439,17049,60.77189277963517,92.4570356032612,0.5865446653762684,34.084110505014955,Cbfb,CBFB,M101V,M101V,targeting guide,Missense,0.3520440319616161,0.8058283649037166,1.0,0.9999614030704774,0.9999614030704774,0.9522090078959601,0.15438308783481103,1.0,0.9999998371229615,0.9999998371229615
gRNA_1882,CBL,0.04776340051870507,0.12293318844793895,0.1761117551465918,0.1156027813710786,0.12293318844793895,565.8518994389044,-0.049879671774351535,0.25713491890267576,-0.1961149609389267,0.003713428729799175,-0.049879671774351535,19391,35.774328296632454,63.926563869836514,0.0,37.66180186684544,Cbl,CBL,I381M,I383M,targeting guide,Missense,0.7317367255780789,0.5666181928113645,1.0,0.9999614030704774,0.9999614030704774,0.6375538858779677,0.6021187766803346,1.0,0.9999998371229615,0.9999998371229615
gRNA_1898,CBL,0.4546731582413354,0.32036727721951996,0.08769717496009827,0.28757920347365123,0.32036727721951996,694.7067376097243,0.3428374606909249,0.047516165281571675,0.20073785136322647,0.19703049244524098,0.20073785136322647,30303,7.375507375507376,28.61102861102861,0.0,54.34115434115434,Cbl,CBL,C382R,C384R,targeting guide,Missense,0.5077652681692155,0.7341857416189284,1.0,0.9999614030704774,0.9999614030704774,0.4496781654258589,0.7813183646433964,1.0,0.9999998371229615,0.9999998371229615
gRNA_1901,CBL,0.45764824238172014,0.4389558188627432,0.08234337799261943,0.3263158130790276,0.4389558188627432,1338.5983807008222,0.3235033643980249,0.11481237741249581,0.25978207927195746,0.2326992736941594,0.25978207927195746,60825,3.2930538429921907,5.053842992190711,0.0,22.291820797369503,Cbl,CBL,L378P,L380P,targeting guide,Missense,0.40236002876344157,0.7990181238056883,1.0,0.9999614030704774,0.9999614030704774,0.3886886071798412,0.8447593751653257,1.0,0.9999998371229615,0.9999998371229615
gRNA_1904,CBL,-0.079183163174479,0.12971347941550404,-0.0886122018002588,-0.012693961853077923,-0.079183163174479,365.93699871540235,0.4519319041482476,0.08007987304086076,-0.0640241526070034,0.15599587486070163,0.08007987304086076,12677,62.91709394967263,84.30227971917647,0.0788830164865504,25.384554705371933,Cbl,CBL,W406R,W408R,targeting guide,Missense,0.81294817546285,0.4557718722337126,1.0,0.9999614030704774,0.9999614030704774,0.34848330814162,0.7571648433218043,1.0,0.9999998371229615,0.9999998371229615
gRNA_1905,CBL,0.5223789333984041,0.6246420589014279,0.5376457771910708,0.561555589830301,0.5376457771910708,584.9792875889519,0.5525658230584154,0.2904861984404213,0.10154041991645513,0.3148641471384306,0.2904861984404213,30603,20.98160311080613,75.29000424794955,0.8528575629840212,71.64657059765382,Cbl,CBL,W406R,W408R,targeting guide,Missense,0.13625570104184023,0.969271866285349,1.0,0.9999614030704774,0.9999614030704774,0.18255079577894953,0.8992132386833162,0.8484140471791601,0.9999998371229615,0.8484140471791601
gRNA_1906,CBL,0.1817914095956255,0.33204083525179584,0.15983476669283586,0.22455567051341907,0.1817914095956255,728.1159089118071,-0.04511920763286232,0.0002682777924659561,0.21101787468519803,0.055388981614933885,0.0002682777924659561,25059,0.3312183247535815,40.20910650863961,0.3950676403687298,90.86555728480784,Cbl,CBL,Y366C,Y368C,targeting guide,Missense,0.6171807868453214,0.6891929936878708,1.0,0.9999614030704774,0.9999614030704774,0.6425930775183699,0.6338073489935669,1.0,0.9999998371229615,0.9999998371229615
gRNA_1925,CCND1,-0.1426277192271396,-0.048171164000155385,0.19248217851163674,0.0005610984281139153,-0.048171164000155385,2226.6192545470267,-0.24388946467730752,-0.20106104186967957,0.08944383299709495,-0.11850222451663071,-0.20106104186967957,61585,28.929122351221885,69.38215474547374,0.4140618657140538,53.46107006576277,Ccnd1,CCND1,Y44H,Y44H,targeting guide,Missense,0.8008804097422662,0.45970575047475604,1.0,0.9999614030704774,0.9999614030704774,0.8053564881857769,0.4532713306329158,1.0,0.9999998371229615,0.9999998371229615
gRNA_1928,CCND1,0.3631486495392952,0.43664665683708975,0.7593795721213177,0.5197249594992343,0.43664665683708975,135.80445586533708,0.08341759242098454,0.5957902715237244,0.2279192484847779,0.3023757041431623,0.2279192484847779,2705,3.6229205175600745,4.731977818853974,0.0,37.92975970425139,Ccnd1,CCND1,T286A,T286A,targeting guide,Missense,0.1864457587163882,0.9175402409465816,1.0,0.9999614030704774,0.9999614030704774,0.19009165250149157,0.8747197187021463,0.8692225135751964,0.9999998371229615,0.8692225135751964
gRNA_1929,CCND1,-0.1738991679285792,0.1992856494948269,0.06664441634400015,0.030676965970082615,0.06664441634400015,191.69571496138087,1.2779067543138927,0.8260353274341865,1.4538870433204987,1.185943041689526,1.2779067543138927,1229,29.373474369406026,72.41659886086249,2.196908055329536,37.67290480065093,Ccnd1,CCND1,T286A,T286A,targeting guide,Missense,0.7809358847152905,0.4882874139252301,1.0,0.9999614030704774,0.9999614030704774,2.8904124284939063e-08,0.9999998371229615,1.0309137661628266e-05,0.9999998371229615,1.0309137661628266e-05
gRNA_1930,CCND1,-1.121162256418538,-1.0752437042561782,-0.9359941987866893,-1.0441333864871352,-1.0752437042561782,867.2670506156687,-0.7286274141581992,-1.1896459817325922,-1.2109481931197434,-1.0430738630035117,-1.1896459817325922,12920,61.43962848297214,83.69969040247678,0.5108359133126935,31.493808049535605,Ccnd1,CCND1,T286A,T286A,targeting guide,Missense,0.9928230635742079,0.04303984981106051,1.0,0.9999614030704774,0.9999614030704774,0.9982417607977587,0.0026375669277589873,1.0,0.08552110947582171,0.08552110947582171
gRNA_1953,CCND3,-0.044113443943256746,0.04129118534134852,0.1464444695798072,0.04787407032596632,0.04129118534134852,684.4417059691988,-0.08043237605325637,0.1934871564006882,0.41640937411288276,0.17648805148677152,0.1934871564006882,23159,50.88734401312664,81.78677835830563,0.0,37.27708450278509,Ccnd3,CCND3,T283A,T283A,targeting guide,Missense,0.7716262615270418,0.5101753374206519,1.0,0.9999614030704774,0.9999614030704774,0.35159455759080116,0.8090344160624677,1.0,0.9999998371229615,0.9999998371229615
gRNA_1961,CCND3,-0.20724309284425457,-0.15941918504441283,0.030192733242491485,-0.11215651488205863,-0.15941918504441283,892.1013833182142,0.5976478398830779,0.37234517087639685,0.6271532891141561,0.5323820999578769,0.5976478398830779,22647,15.701858965867444,33.98242592837904,0.0,44.42972579149557,Ccnd3,CCND3,I290T,I290T,targeting guide,Missense,0.8607182018004295,0.3793541853302323,1.0,0.9999614030704774,0.9999614030704774,0.03355561804888809,0.9928872073512175,0.2992042609359188,0.9999998371229615,0.2992042609359188
gRNA_1962,CCND3,0.3678452928126422,0.2706387023258561,0.48734805177576196,0.37527734897142007,0.3678452928126422,791.4275636884644,0.5343106964475257,0.5353493277585373,0.5485858379955428,0.5394152874005352,0.5353493277585373,34290,0.9565470982793818,55.98425196850394,0.2770487022455526,81.50189559638379,Ccnd3,CCND3,I290T,I290T,targeting guide,Missense,0.4260282994876685,0.812860786987561,1.0,0.9999614030704774,0.9999614030704774,0.02327686708024191,0.9972125939656834,0.2510782310847339,0.9999998371229615,0.2510782310847339
gRNA_1963,CCND3,-0.046505501023126936,-0.016881831284903726,0.31970828273191415,0.08544031680796116,-0.016881831284903726,1512.4025810242538,0.5110256976664164,0.3796249986563841,0.6497734107522314,0.5134747023583439,0.5110256976664164,49314,6.01857484689946,64.7949872247232,0.0730015817009368,76.66179989455327,Ccnd3,CCND3,I290T,I290T,targeting guide,Missense,0.7515077183097764,0.5145411485223537,1.0,0.9999614030704774,0.9999614030704774,0.035122810605150816,0.992917799535638,0.3105901433678626,0.9999998371229615,0.3105901433678626
gRNA_1972,CD79A,0.15360172524623555,-0.007176427757244566,-0.09365797309035676,0.01758910813287808,-0.007176427757244566,1012.6039286635132,0.057639725201138255,-0.18345269009869106,0.04540050848823909,-0.026804152136437904,0.04540050848823909,35686,28.4397242616152,54.5536064563134,0.2157708905453118,48.36910833380037,Cd79a,CD79A,I145T,I151T,targeting guide,Missense,0.786013725947894,0.4859819371658859,1.0,0.9999614030704774,0.9999614030704774,0.779288489155085,0.5058779323937461,1.0,0.9999998371229615,0.9999998371229615
gRNA_1973,CD79A,0.16178674758834322,0.00813823690334277,0.20490877228508203,0.124944585592256,0.16178674758834322,861.3062883966378,-0.08188246667779084,0.33517844912935985,0.2923390210913028,0.1818783345142906,0.2923390210913028,28303,1.0917570575557365,92.3683001801929,0.6607073455110766,95.24785358442568,Cd79a,CD79A,I145T,I151T,targeting guide,Missense,0.7179920539015099,0.573221853879083,1.0,0.9999614030704774,0.9999614030704774,0.40895217258418587,0.801643070666436,1.0,0.9999998371229615,0.9999998371229615
gRNA_1977,CD79A,1.1080519250899112,1.3531580071259806,1.2514450972487938,1.2375516764882286,1.2514450972487938,337.93718198693006,0.9165979467201192,0.6438541409810037,0.40650958394683673,0.6556538905493199,0.6438541409810037,27201,83.4638432410573,93.709790081247,0.0551450314326679,11.587809271717951,Cd79a,CD79A,Non-coding,,targeting guide,Intron,0.003179889116090524,0.9997618731386516,0.4253101692771076,0.9999614030704774,0.4253101692771076,0.005979299270520639,0.9970252981400842,0.12303558114340546,0.9999998371229615,0.12303558114340546
gRNA_1978,CD79A,0.3336110257853185,0.23301205707220998,-0.006226827885238187,0.1867987516574301,0.23301205707220998,400.3362339804936,0.16813671086138024,-0.044246162676429134,-0.030362851856197602,0.031175898776251165,-0.030362851856197602,14832,31.027508090614887,42.15884573894282,0.6674757281553397,22.006472491909385,Cd79a,CD79A,Non-coding,,targeting guide,Intron,0.6679911856785028,0.6171921178970041,1.0,0.9999614030704774,0.9999614030704774,0.6936132005829969,0.6004801389307621,1.0,0.9999998371229615,0.9999998371229615
gRNA_1980,CD79B,-0.2703130960975783,-0.019659573757299847,0.10843329731671275,-0.06051312417938846,-0.019659573757299847,300.4222760238903,-0.39389427930515214,-0.27979655196482456,0.054443897512375626,-0.20641564458586703,-0.27979655196482456,6220,1.7363344051446947,7.122186495176849,6.012861736334405,75.7717041800643,Cd79b,CD79B,N188S,N127S,targeting guide,Missense,0.8443699611779513,0.4048839631089254,1.0,0.9999614030704774,0.9999614030704774,0.8574296963077417,0.3691240947906566,1.0,0.9999998371229615,0.9999998371229615
gRNA_1981,CD79B,-0.13715110083032767,-0.18807482326049213,0.26807593638872906,-0.01904999590069691,-0.13715110083032767,2322.1922228874087,0.014030259502099083,-0.004993272383996515,-0.09830660274103442,-0.029756538540977286,-0.004993272383996515,75895,0.334672903353317,2.4902826273140524,0.0013176098557217,63.89617234336913,Cd79b,CD79B,N188S,N127S,targeting guide,Missense,0.8013670875850384,0.446112051349839,1.0,0.9999614030704774,0.9999614030704774,0.7640842161798728,0.5315716477523666,1.0,0.9999998371229615,0.9999998371229615
gRNA_1983,CD79B,-0.5248942621425267,-0.6166282117419442,-0.3302693759262144,-0.4905972832702285,-0.5248942621425267,1314.4341136712624,-0.4713547579305909,0.13090621813187384,0.037141735737356615,-0.10110226802045347,0.037141735737356615,31027,55.78367228542882,89.88300512456892,0.0,35.74306249395688,Cd79b,CD79B,Y255C,Y196C,targeting guide,Missense,0.917183693052192,0.2769872497741002,1.0,0.9999614030704774,0.9999614030704774,0.7774360364524989,0.4567732496288325,1.0,0.9999998371229615,0.9999998371229615
gRNA_1984,CD79B,-0.33874257148387105,-0.4426792856201119,-0.0467377571147843,-0.2760532047395891,-0.33874257148387105,1893.9302166572006,-0.3257214186726343,-0.0037177053162701073,-0.013453377941118963,-0.11429750064334111,-0.013453377941118963,53652,34.75546111980914,84.09938119734586,0.1472452098710206,51.7072988891374,Cd79b,CD79B,Y255C,Y196C,targeting guide,Missense,0.8937135668112213,0.32308543732991135,1.0,0.9999614030704774,0.9999614030704774,0.8197545729074449,0.4388122220714942,1.0,0.9999998371229615,0.9999998371229615
gRNA_1985,CD79B,-0.38302261556670186,-0.45522897270436624,-0.2719448663617391,-0.3700654848776024,-0.38302261556670186,2488.2261376713413,-0.09166763701147036,0.1580981782895781,-0.08575893887555879,-0.006442799199150352,-0.08575893887555879,63072,21.90988077118214,89.55638001014712,0.0,71.15677321156774,Cd79b,CD79B,Y255C,Y196C,targeting guide,Missense,0.9095029143881462,0.29414929017138214,1.0,0.9999614030704774,0.9999614030704774,0.6936132005829969,0.6004801389307621,1.0,0.9999998371229615,0.9999998371229615
gRNA_1989,CDC73,0.4328934418179938,0.4023706375471562,0.37332107216258537,0.40286171717591185,0.4023706375471562,732.2601763443175,-0.0462137378252606,-0.22829874112578025,-0.031597873529334734,-0.1020367841601252,-0.0462137378252606,32596,15.069333660571848,44.84599337342005,0.4141612467787458,52.595410479813474,Cdc73,CDC73,Y290C,Y290C,targeting guide,Missense,0.4030635695428857,0.8461873013742036,1.0,0.9999614030704774,0.9999614030704774,0.8023721816836582,0.473627966257374,1.0,0.9999998371229615,0.9999998371229615
gRNA_1994,CDC73,0.09218935661046994,0.15083032612833924,0.36932318602665304,0.2041142895884874,0.15083032612833924,807.5583276950043,-0.15753211589621435,0.33719555816878105,0.30118855115677484,0.1602839978097805,0.30118855115677484,30864,68.79536029030587,94.17768273716952,0.8262052877138413,25.871565578019705,Cdc73,CDC73,V19A,V19A,targeting guide,Missense,0.661358206085259,0.6346580504874952,1.0,0.9999614030704774,0.9999614030704774,0.42603974375410636,0.7721580793351691,1.0,0.9999998371229615,0.9999998371229615
gRNA_1995,CDC73,-0.20123390518825265,-0.0023207694104555466,-0.21218488340339248,-0.13857985266736692,-0.20123390518825265,734.5554629223232,-0.006538693614343633,0.180582652661909,0.1430980898622315,0.10571401630326561,0.1430980898622315,22214,65.47222472314756,90.24489060952553,2.4669127577203565,23.710272800936348,Cdc73,CDC73,V19A,V19A,targeting guide,Missense,0.8801645899235861,0.3498505930341865,1.0,0.9999614030704774,0.9999614030704774,0.6042116978700578,0.6863570610508976,1.0,0.9999998371229615,0.9999998371229615
gRNA_1996,CDC73,0.47532312646265745,0.41773144516934685,0.0689942239905948,0.3206829318741997,0.41773144516934685,380.96720336618404,0.39288195882162535,0.18961031785834137,0.08974750843249109,0.22407992837081928,0.18961031785834137,16589,39.17053469166315,82.21110374344445,0.0060280909036108,48.89987341009102,Cdc73,CDC73,Y315C,Y315C,targeting guide,Missense,0.4249891178218771,0.7866679683113319,1.0,0.9999614030704774,0.9999614030704774,0.35724937695564785,0.8369907405200117,1.0,0.9999998371229615,0.9999998371229615
gRNA_2011,CDH1,-0.7385916978509062,-0.3211787526985769,-0.5283542337386452,-0.5293748947627094,-0.5283542337386452,903.3274206447619,-0.8738986000613331,-0.3247919832496063,-0.5449695350069101,-0.5812200394392831,-0.5449695350069101,20612,1.0042693576557344,17.42189016107122,0.0,92.26178924898116,Cdh1,CDH1,Y192C,Y190C,targeting guide,Missense,0.9238631132030543,0.2602244493262202,1.0,0.9999614030704774,0.9999614030704774,0.9635065343913787,0.13746226955984253,1.0,0.9999998371229615,0.9999998371229615
gRNA_2012,CDH1,0.1677866882128141,0.249734367756322,0.33944069056983905,0.25232058217965836,0.249734367756322,686.2269288632032,0.10862007005379862,0.21447994293062247,0.1836385120235878,0.1689128416693363,0.1836385120235878,22608,8.970276008492569,38.296178343949045,0.035385704175513,72.71319886765747,Cdh1,CDH1,Y192C,Y190C,targeting guide,Missense,0.6029990549468098,0.7027477502017907,1.0,0.9999614030704774,0.9999614030704774,0.4946685526646585,0.784332015037234,1.0,0.9999998371229615,0.9999998371229615
gRNA_2043,CDK12,0.2928530136648523,-0.05010068755978445,0.009064495714199454,0.08393894060642243,0.009064495714199454,952.539219743289,-0.4954730351444065,0.13782474807155443,0.16355560918689468,-0.06469755929531913,0.13782474807155443,29005,0.6895362868470953,0.810205137045337,0.2516807446991898,30.942940872263403,Cdk12,CDK12,M1214V,M1218V,targeting guide,Missense,0.7674246803788077,0.5022346514909564,1.0,0.9999614030704774,0.9999614030704774,0.7016942774939481,0.5257237162922717,1.0,0.9999998371229615,0.9999998371229615
gRNA_2044,CDK12,0.0017494884457356144,-0.374098351647003,-0.44211710287642686,-0.27148865535923145,-0.374098351647003,419.2891028036111,-0.2751502302597399,-0.21932902212945052,-0.25318893645721297,-0.2492227296154678,-0.25318893645721297,11714,0.9475840874167664,1.1012463718627283,0.0,36.69113880826362,Cdk12,CDK12,M1214V,M1218V,targeting guide,Missense,0.8904637329543408,0.32827491492951033,1.0,0.9999614030704774,0.9999614030704774,0.8758827466502732,0.3598052582179033,1.0,0.9999998371229615,0.9999998371229615
gRNA_2105,CDK8,0.8068211545964139,0.6382838675866858,0.41327085684565357,0.6194586263429177,0.6382838675866858,200.05929658157388,0.6361977663239451,0.19059970653194028,-0.02682421291085067,0.26665775331501157,0.19059970653194028,8311,3.850318854530141,16.604500060161232,0.0,46.985922271688125,Cdk8,CDK8,D173G,D173G,targeting guide,Missense,0.08798169102385218,0.9697509494611144,1.0,0.9999614030704774,0.9999614030704774,0.21511681679051145,0.8323095342775043,0.9318825666633492,0.9999998371229615,0.9318825666633492
gRNA_2133,CHEK2,0.11701006842481974,0.1226739019798411,0.1960464559801299,0.1452434754615969,0.1226739019798411,1029.4997881960553,0.026080481910890053,0.2676866350678637,0.16769267290741222,0.15381992996205532,0.16769267290741222,38586,4.636396620535946,10.75778779868346,0.0025916135385891,48.02519048359509,Chek2,CHEK2,D138G,D134G,targeting guide,Missense,0.7207221909150243,0.5813004148437675,1.0,0.9999614030704774,0.9999614030704774,0.5211185761705548,0.7385004987140356,1.0,0.9999998371229615,0.9999998371229615
gRNA_2134,CHEK2,0.19569808552284002,0.39825000230316737,0.2254177488320888,0.2731219455526987,0.2254177488320888,446.815787185109,0.3703631150557758,-0.025764674725456623,0.08773223145181189,0.14411022392737702,0.08773223145181189,17304,37.91030975496995,78.69278779472954,1.011326860841424,43.60263522884882,Chek2,CHEK2,K201E,K197E,targeting guide,Missense,0.5781561625452714,0.7180761079390207,1.0,0.9999614030704774,0.9999614030704774,0.4855125548470055,0.7243801159784526,1.0,0.9999998371229615,0.9999998371229615
gRNA_2135,CHEK2,0.029181348565217806,0.056798828915602076,0.08349781201682328,0.05649266316588105,0.056798828915602076,595.6906249529785,0.02356675751352339,-0.03906930795791941,-0.05645585898271708,-0.023986136475704366,-0.03906930795791941,19417,14.755111500231754,44.98120203944997,0.0,48.009476232167685,Chek2,CHEK2,K201E,K197E,targeting guide,Missense,0.7865121153228165,0.5017286604475286,1.0,0.9999614030704774,0.9999614030704774,0.7640842161798728,0.5315716477523666,1.0,0.9999998371229615,0.9999998371229615
gRNA_2154,CIC,-0.1744162511858817,-0.3895844210202589,-0.16996741323302553,-0.24465602847972204,-0.1744162511858817,1674.6665904971567,-0.21086690394810298,-0.24841461368891146,0.07726781313078622,-0.12733790150207605,-0.21086690394810298,42037,0.5542736161001023,1.034802673834955,0.0,51.09070580678926,Cic,CIC,N1112S,N205S,targeting guide,Missense,0.8974440773958521,0.3185203029683934,1.0,0.9999614030704774,0.9999614030704774,0.8105567410301707,0.4483092018167196,1.0,0.9999998371229615,0.9999998371229615
gRNA_2202,CIC,0.13765709353727698,-0.12488158312821233,-0.08401853979120748,-0.023747676460714278,-0.08401853979120748,1398.6583794919713,-0.18557652963644372,-0.6211648658766167,-0.33744086112101657,-0.3813940855446923,-0.33744086112101657,47880,27.19924812030075,81.33876357560568,0.7059314954051796,59.38805346700084,Cic,CIC,Y120C,Y2C,targeting guide,Missense,0.8075406677341959,0.4595075308186334,1.0,0.9999614030704774,0.9999614030704774,0.913700341739179,0.2682270477589628,1.0,0.9999998371229615,0.9999998371229615
gRNA_2203,CIC,0.34905972934881063,0.4499799970477184,0.2709683292286204,0.35666935187504983,0.34905972934881063,934.7817602163574,0.2995743178357759,-0.08892900876700548,-0.11137720644627246,0.03308936754083266,-0.08892900876700548,40224,5.469371519490851,31.88394988066825,0.2038583929992044,79.09705648369133,Cic,CIC,Y120C,Y2C,targeting guide,Missense,0.4546130740768025,0.7994104773111015,1.0,0.9999614030704774,0.9999614030704774,0.6013358748270667,0.6504462724023077,1.0,0.9999998371229615,0.9999998371229615
gRNA_2215,CREBBP,0.0014502281880172335,0.327167837479268,-0.05600462715820867,0.09087114616969216,0.0014502281880172335,552.117598260569,-0.204423258892926,-0.2837543854810192,-0.3947130935382705,-0.29429691263740526,-0.2837543854810192,21063,51.659307790912976,73.87836490528414,0.1471775150738261,25.347766225134123,Crebbp,CREBBP,W1503R,W1502R,targeting guide,Missense,0.7515077183097764,0.5145411485223537,1.0,0.9999614030704774,0.9999614030704774,0.8938504492178693,0.32067200138476365,1.0,0.9999998371229615,0.9999998371229615
gRNA_2234,CREBBP,-0.38694628474575415,-0.7050407601167266,-0.5095803638419225,-0.5338558029014677,-0.5095803638419225,2311.3788103689985,-0.5866874977206398,-0.30752647225878754,-0.271229386354243,-0.3884811187778901,-0.30752647225878754,49798,32.95714687336841,82.01935820715691,1.5582955138760592,53.64472468773847,Crebbp,CREBBP,C1409R,C1408R,targeting guide,Missense,0.9239132926118929,0.26137618699919446,1.0,0.9999614030704774,0.9999614030704774,0.916530178843544,0.2656680630453269,1.0,0.9999998371229615,0.9999998371229615
gRNA_2240,CREBBP,-0.22108411320849614,-0.2125405547312428,-0.2811440775954194,-0.23825624851171945,-0.22108411320849614,1218.3556616720327,-0.5811670840439733,-0.665200515338483,-0.5891160194754659,-0.6118278729526407,-0.5891160194754659,34565,63.09272385360914,76.39809055402864,0.0,17.03457254448141,Crebbp,CREBBP,Y1504H,Y1503H,targeting guide,Missense,0.8999338070699994,0.3140488316279934,1.0,0.9999614030704774,0.9999614030704774,0.9681841978292491,0.14387917895668395,1.0,0.9999998371229615,0.9999998371229615
gRNA_2265,CREBBP,0.20879199367147402,0.44483576027996535,0.6608166798587132,0.4381481446033842,0.44483576027996535,373.876680372928,0.3241337299702684,0.5879261166090595,0.5046456415211521,0.47223516270015997,0.5046456415211521,16226,62.15333415505978,91.58141254776284,0.0,31.08591150006163,Crebbp,CREBBP,C1475R,C1474R,targeting guide,Missense,0.2552541357072095,0.8861622832798047,1.0,0.9999614030704774,0.9999614030704774,0.051122739408925866,0.9841832430983123,0.393534756601084,0.9999998371229615,0.393534756601084
gRNA_2268,CREBBP,-0.11469004388951409,-0.18422001991806006,-0.32066910357427403,-0.20652638912728272,-0.18422001991806006,290.09872027572,-0.5670884683569517,-0.5235201917835299,-0.46713941939557535,-0.5192493598453524,-0.5235201917835299,6707,1.5655285522588342,1.7444461010884154,0.6113016251677352,59.13224988817654,Crebbp,CREBBP,C1179R,C1178R,targeting guide,Missense,0.8859826879241578,0.34020878320942805,1.0,0.9999614030704774,0.9999614030704774,0.9544692593838453,0.1827321918332282,1.0,0.9999998371229615,0.9999998371229615
gRNA_2269,CREBBP,0.3131142244144208,0.48889518653414205,0.13484303995263983,0.3122841503004009,0.3131142244144208,492.9664702800733,0.271148711822712,0.17389670881432628,0.17434449677389766,0.20646330580364533,0.17434449677389766,17684,40.827866998416646,68.77968785342684,0.0,47.47794616602579,Crebbp,CREBBP,C1179R,C1178R,targeting guide,Missense,0.4518685240324777,0.7798732771836276,1.0,0.9999614030704774,0.9999614030704774,0.4418057697768213,0.8195340787286376,1.0,0.9999998371229615,0.9999998371229615
gRNA_2270,CREBBP,0.13507524931415466,0.1933580482266044,-0.0806928181935765,0.08258015978239419,0.13507524931415466,613.5717414698134,0.0559291144576392,-0.10016196402935816,0.08372069689099668,0.013162615773092572,0.0559291144576392,19451,24.29181018970747,31.77728651483214,0.0,49.27767209912087,Crebbp,CREBBP,C1179R,C1178R,targeting guide,Missense,0.7371372896022605,0.5507542007542148,1.0,0.9999614030704774,0.9999614030704774,0.7249266645092785,0.5775518017545458,1.0,0.9999998371229615,0.9999998371229615
gRNA_2281,CREBBP,0.11366728916851179,0.08884416393063123,0.3219473136385952,0.17481958891257943,0.11366728916851179,1673.625408997323,-0.03620559787033275,-0.04457847836820873,-0.19059951042382842,-0.0904611955541233,-0.04457847836820873,62891,11.721867993830596,26.986373248954543,0.8236472627243961,51.30463818352388,Crebbp,CREBBP,Y1504C,Y1503C,targeting guide,Missense,0.6962285447037625,0.5970916611458716,1.0,0.9999614030704774,0.9999614030704774,0.795077189716351,0.4863824279294985,1.0,0.9999998371229615,0.9999998371229615
gRNA_2284,CREBBP,0.06081620981365024,0.18620308988730702,0.21522146173581924,0.15408025381225884,0.18620308988730702,1192.034409084054,0.553850424486664,0.5180843958436339,0.0828699395000273,0.38493491994344176,0.5180843958436339,42982,14.054720580708205,85.98715741473175,0.1070215439020985,81.56670234051462,Crebbp,CREBBP,Y1451C,Y1450C,targeting guide,Missense,0.6932478785938165,0.6087736787401281,1.0,0.9999614030704774,0.9999614030704774,0.08363977956659908,0.9374576864237267,0.5236496850948421,0.9999998371229615,0.5236496850948421
gRNA_2285,CREBBP,-0.0985630765410746,-0.05159003671735752,0.009846726578384266,-0.04676879556001595,-0.05159003671735752,1278.5976916029883,-0.04766048875713854,0.1813891473465275,0.15790595883072986,0.0972115391400396,0.15790595883072986,44575,1.0925406618059452,37.57487380818845,0.1390914189568143,93.05664610207516,Crebbp,CREBBP,Y1451C,Y1450C,targeting guide,Missense,0.8465757825278762,0.4111661430787307,1.0,0.9999614030704774,0.9999614030704774,0.5938688361416666,0.6947746202528724,1.0,0.9999998371229615,0.9999998371229615
gRNA_2292,CREBBP,-0.07597449518143598,-0.1803047525678186,-0.317093062943821,-0.19112410356435852,-0.1803047525678186,1525.8081947099984,0.03357151145097247,0.2825841238155969,0.1669493730858229,0.16103500278413074,0.1669493730858229,43644,2.254605444047292,26.865090275868397,0.0297864540372101,78.36357804050958,Crebbp,CREBBP,T1138A,T1137A,targeting guide,Missense,0.8831883094878124,0.3449062635360797,1.0,0.9999614030704774,0.9999614030704774,0.5211185761705548,0.7385004987140356,1.0,0.9999998371229615,0.9999998371229615
gRNA_2293,CREBBP,0.005367259556236965,-0.026314442785940275,0.02515317453758753,0.0014019971026280737,0.005367259556236965,1867.5344210101352,-0.07020214242561128,0.1593295642960545,0.12629804089910981,0.07180848758985102,0.12629804089910981,61421,0.0081405382523892,0.2035134563097312,0.3370182836489148,13.422119470539393,Crebbp,CREBBP,T1138A,T1137A,targeting guide,Missense,0.8319114072483407,0.4335469118173021,1.0,0.9999614030704774,0.9999614030704774,0.6347330155820758,0.6636205934282557,1.0,0.9999998371229615,0.9999998371229615
gRNA_2294,CREBBP,0.14913600403325034,0.0049206187108252935,0.018723432986130908,0.05759335191006885,0.018723432986130908,1462.54385591313,-0.5247989084642488,-0.23496235937048768,-0.3278277262945422,-0.36252966470975956,-0.3278277262945422,47178,30.72618593412184,42.54101487981686,0.406969350120819,36.29445928186867,Crebbp,CREBBP,T1138A,T1137A,targeting guide,Missense,0.7798955751271451,0.49918522430955037,1.0,0.9999614030704774,0.9999614030704774,0.9220842596388977,0.25768245369836057,1.0,0.9999998371229615,0.9999998371229615
gRNA_2297,CREBBP,0.05372639906847763,0.062076954517268884,0.14989648003792747,0.08856661120789133,0.062076954517268884,2183.800707355513,0.499037264681372,0.47345405091099096,0.4560976424611541,0.4761963193511723,0.47345405091099096,72326,40.363078284434366,86.53872742858722,0.4894505433730608,48.13068606033792,Crebbp,CREBBP,Y1451H,Y1450H,targeting guide,Missense,0.7478242423849428,0.5470456306444871,1.0,0.9999614030704774,0.9999614030704774,0.035526620071042306,0.9951009960111445,0.3115859301312727,0.9999998371229615,0.3115859301312727
gRNA_2298,CREBBP,-0.02301103125131681,0.06952197454491757,-0.14615786663901642,-0.033215641115138556,-0.02301103125131681,821.4575630840388,0.27417215574827947,0.2306074938360138,0.2295648974169606,0.24478151566708464,0.2306074938360138,28065,43.452699091394976,59.45840014252628,0.0,24.275788348476752,Crebbp,CREBBP,Y1451H,Y1450H,targeting guide,Missense,0.8419906693011194,0.41422149648991613,1.0,0.9999614030704774,0.9999614030704774,0.34542929402903966,0.8834299815467838,1.0,0.9999998371229615,0.9999998371229615
gRNA_2316,CREBBP,0.26402133828945046,0.24674895281930315,0.02666766526797316,0.17914598545890892,0.24674895281930315,542.117663714686,0.2148474682115669,-0.15574093370216446,-0.2575584295230685,-0.06615063167122202,-0.15574093370216446,20395,0.7550870311350821,4.6727139004658005,0.0,78.73988722726159,Crebbp,CREBBP,Non-coding,,targeting guide,Intron,0.6690851429320459,0.6311901881863267,1.0,0.9999614030704774,0.9999614030704774,0.7070870520891765,0.532503154146835,1.0,0.9999998371229615,0.9999998371229615
gRNA_2326,CREBBP,0.24062368926534639,0.14490389371003007,0.18143245114403592,0.18898667803980415,0.18143245114403592,768.8572456714084,0.6117022069645577,0.10426921320157514,0.23315944690551846,0.3163769556905504,0.23315944690551846,25754,13.368797080065232,37.48543915508271,0.0,43.6825347518832,Crebbp,CREBBP,Y1434H,Y1433H,targeting guide,Missense,0.6435254248668825,0.6661389301902572,1.0,0.9999614030704774,0.9999614030704774,0.17688189261800674,0.893236226287007,0.8411716671167432,0.9999998371229615,0.8411716671167432
gRNA_2384,CSF3R,0.8976157358043323,0.9499283785385347,1.0106368948225382,0.9527270030551351,0.9499283785385347,301.0889383269492,0.9506207886355816,0.5390466163834235,0.47125419865642576,0.653640534558477,0.5390466163834235,18285,73.26223680612523,89.5378725731474,0.0,19.671862182116488,Csf3r,CSF3R,T774A,T773A,targeting guide,Missense,0.012003513981089026,0.9987922892800126,0.5971932097534918,0.9999614030704774,0.5971932097534918,0.00480079218145498,0.9986701817361295,0.11782526626146715,0.9999998371229615,0.11782526626146715
gRNA_2385,CSF3R,0.7145156321911423,0.8138305054101038,0.833327894460451,0.787224677353899,0.8138305054101038,825.0280088720477,0.26421398615955605,0.7745688894552251,0.6938316370696612,0.5775381708948141,0.6938316370696612,46635,63.85761766913263,92.57424681033558,2.476680604696044,27.3807226332154,Csf3r,CSF3R,T774A,T773A,targeting guide,Missense,0.024142730550833918,0.9969896794836655,0.6472210215200873,0.9999614030704774,0.6472210215200873,0.015496890170886716,0.9899017098102234,0.20764522960131684,0.9999998371229615,0.20764522960131684
gRNA_2386,CSF3R,0.14996165750356685,0.2169589296891237,0.1913799865563457,0.18610019124967878,0.1913799865563457,719.8740759757451,0.5771592120972978,0.716175759665885,0.5136708290901593,0.6023352669511141,0.5771592120972978,27693,54.44697215902936,89.75192286859495,0.9496984797602284,36.03437691835482,Csf3r,CSF3R,T774A,T773A,targeting guide,Missense,0.6532837174976123,0.6570671900078928,1.0,0.9999614030704774,0.9999614030704774,0.012490350584540125,0.9985825569284456,0.18602257793270371,0.9999998371229615,0.18602257793270371
gRNA_2387,CSF3R,0.23409787440446891,0.23830551477336487,0.24502242462519055,0.23914193793434144,0.23830551477336487,1001.2661735305005,0.4551982999706122,0.16866527845252047,0.2455489144012172,0.2898041642747833,0.2455489144012172,37134,47.77023751817741,93.20568751009856,1.055636344051274,46.0844509075241,Csf3r,CSF3R,T774A,T773A,targeting guide,Missense,0.6098240742258378,0.6985562856563954,1.0,0.9999614030704774,0.9999614030704774,0.22062062619318798,0.9055054883074699,0.9442562801068446,0.9999998371229615,0.9442562801068446
gRNA_2388,CSF3R,1.2241089573846131,1.4513495034655342,1.0080765636368358,1.2278450081623278,1.2241089573846131,570.419917363886,1.1661175577298684,0.6749031370400187,0.5453145344118808,0.7954450763939226,0.6749031370400187,44805,24.4727150987613,67.737975672358,0.0267827251422832,53.73730610422945,Csf3r,CSF3R,T774A,T773A,targeting guide,Missense,0.0014256870781184708,0.9997994599644995,0.28318642392573756,0.9999614030704774,0.28318642392573756,4.724092476489912e-05,0.9996494890063371,0.003610556392745861,0.9999998371229615,0.003610556392745861
gRNA_2398,CTCF,0.19246109270255646,-0.21360930252535487,0.10714672780071448,0.028666172659305354,0.10714672780071448,33.51493214468657,0.5188102791224821,0.5526102055908473,0.46280604517760376,0.5114088432969777,0.5188102791224821,1195,8.95397489539749,33.89121338912134,0.0,66.19246861924685,Ctcf,CTCF,K458E,K458E,targeting guide,Missense,0.7810817984436677,0.48572456268153075,1.0,0.9999614030704774,0.9999614030704774,0.028664375211641217,0.9962173107303098,0.28385719586414865,0.9999998371229615,0.28385719586414865
gRNA_2399,CTCF,-0.34745229876536415,-0.33025710193754243,-0.5474688494998257,-0.4083927500675774,-0.34745229876536415,1622.0499890061326,-0.7761520133046975,-0.6348693169328153,-0.6535198076932653,-0.6881803793102593,-0.6535198076932653,41634,44.77350242590191,82.16361627515973,0.3650862276024403,47.783061920545705,Ctcf,CTCF,I679V,I670V,targeting guide,Missense,0.9119916773962078,0.2886690179776908,1.0,0.9999614030704774,0.9999614030704774,0.974572304008234,0.1215174952496012,1.0,0.9999998371229615,0.9999998371229615
gRNA_2401,CTCF,0.0030482959116608904,0.40675685371949033,0.5735782376972778,0.3277944624428097,0.40675685371949033,132.36152599832852,0.8391105336791729,0.9501743406351914,0.7013607320728954,0.8302152021290866,0.8391105336791729,4368,34.04304029304029,56.36446886446886,0.0,44.5970695970696,Ctcf,CTCF,T374A,T374A,targeting guide,Missense,0.4108328762396088,0.7602045313442376,1.0,0.9999614030704774,0.9999614030704774,0.00040915270454494173,0.9999523601901464,0.021889669693154385,0.9999998371229615,0.021889669693154385
gRNA_2415,CTCF,0.47952949789208443,0.16019687545940361,0.5885165360672957,0.40941430313959454,0.47952949789208443,968.2360866971295,-0.07691803220448815,0.121247487101391,0.12640641077044634,0.05691195522244973,0.121247487101391,40319,0.9524045735261292,43.00205858280216,0.8779979662194003,87.0582107691163,Ctcf,CTCF,H573R,H573R,targeting guide,Missense,0.28844765272749523,0.8781004984795132,1.0,0.9999614030704774,0.9999614030704774,0.6570129919016707,0.6450506971189354,1.0,0.9999998371229615,0.9999998371229615
gRNA_2416,CTCF,-0.37028535729924644,-0.5608330415563412,-0.5400284729564426,-0.49038229060401006,-0.5400284729564426,3945.3425957497925,-0.38428635193292787,-0.13445073598795063,-0.20113264847216228,-0.23995657879768026,-0.20113264847216228,96337,21.81093453190363,91.05743380009756,0.3684980848479816,70.5056208933224,Ctcf,CTCF,H573R,H573R,targeting guide,Missense,0.9169120171203765,0.27810887407453827,1.0,0.9999614030704774,0.9999614030704774,0.8665331014606836,0.36354083279383964,1.0,0.9999998371229615,0.9999998371229615
gRNA_2417,CTCF,-0.3679246819394171,-0.46355556758137234,-0.28840313747136265,-0.37329446233071734,-0.3679246819394171,2264.2276038435625,-0.21651870096819406,-0.20912554586370016,-0.2633350633216831,-0.22965977005119242,-0.21651870096819406,57018,19.93580974429128,83.28422603388404,0.5682416079132905,71.85625591918343,Ctcf,CTCF,H573R,H573R,targeting guide,Missense,0.9119916773962078,0.2886690179776906,1.0,0.9999614030704774,0.9999614030704774,0.8665562768862599,0.37661194692224315,1.0,0.9999998371229615,0.9999998371229615
gRNA_2440,CTCF,-0.45107552665438566,-0.38067581760432895,-0.5527176160981386,-0.4614896534522844,-0.45107552665438566,971.0239472371939,-0.7588179768592236,-0.36798381070092423,-0.5196659895215846,-0.5488225923605774,-0.5196659895215846,22459,10.05832850972884,59.610846431274766,0.3383944075871588,76.61516541252949,Ctcf,CTCF,C384R,C384R,targeting guide,Missense,0.9144829929956938,0.28343357087665433,1.0,0.9999614030704774,0.9999614030704774,0.9513610671617035,0.18396052517174682,1.0,0.9999998371229615,0.9999998371229615
gRNA_2441,CTCF,0.4494630638970779,0.6490529320513715,0.36557177026178267,0.4880292554034107,0.4494630638970779,955.2217642133709,0.43988809730659356,0.4739925785080454,0.5832247647350196,0.49903514684988615,0.4739925785080454,46090,0.6378824039921892,20.72466912562378,0.0542417010197439,87.6068561510089,Ctcf,CTCF,C384R,C384R,targeting guide,Missense,0.22945715680426002,0.9124918100823688,1.0,0.9999614030704774,0.9999614030704774,0.029895230974824518,0.9958701103530233,0.28817925354110124,0.9999998371229615,0.28817925354110124
gRNA_2445,CTNNB1,0.3144997704581803,0.38640153917435466,0.3227848070395092,0.341228705557348,0.3227848070395092,1039.3185141130796,0.14088165982716,-0.0669629612739937,-0.008460360247595278,0.021819446101857005,-0.008460360247595278,40966,1.9821315237025825,3.622516232973685,0.317336327686374,49.42391251281551,Ctnnb1,CTNNB1,S33P,S33P,targeting guide,Missense,0.5315326238799567,0.7631117623822111,1.0,0.9999614030704774,0.9999614030704774,0.7041364005214721,0.5922263453528318,1.0,0.9999998371229615,0.9999998371229615
gRNA_2446,CTNNB1,0.7443179557145987,0.40607642881034595,0.6731214277286988,0.6078386040845478,0.6731214277286988,501.7542915476675,-0.060311279567858804,0.21266752708611003,0.24148676565684646,0.13128100439169924,0.21266752708611003,23647,2.803738317757009,7.269421068211612,0.2029855795661183,57.487207679621086,Ctnnb1,CTNNB1,S33P,S33P,targeting guide,Missense,0.10011578471585501,0.9652636905035863,1.0,0.9999614030704774,0.9999614030704774,0.4927017974481209,0.7591943117972013,1.0,0.9999998371229615,0.9999998371229615
gRNA_2457,CTNNB1,-0.43966992963533336,-0.6049182154336392,-0.633050190647064,-0.5592127785720121,-0.6049182154336392,1156.053039167986,-0.22569393402797888,-0.09566042193198791,-0.43969348806060793,-0.25368261467352493,-0.22569393402797888,23476,47.23973419662634,59.57999659226444,0.2811381836769466,19.71800988243312,Ctnnb1,CTNNB1,D32G,D32G,targeting guide,Missense,0.9244631059758507,0.2605842710859682,1.0,0.9999614030704774,0.9999614030704774,0.8617577097599565,0.3682573106264224,1.0,0.9999998371229615,0.9999998371229615
gRNA_2458,CTNNB1,0.14243260289944817,0.07894972619992949,-0.27078378220203614,-0.01646715103421949,0.07894972619992949,315.0280828312819,0.22569152313861945,-0.5226645707476572,-0.33900690799612465,-0.21199331853505413,-0.33900690799612465,8618,45.68345323741007,58.586679043861686,1.5432815038291947,20.109074031097705,Ctnnb1,CTNNB1,D32G,D32G,targeting guide,Missense,0.7920281886647679,0.47084472739235295,1.0,0.9999614030704774,0.9999614030704774,0.77090196060007,0.3855682502148714,1.0,0.9999998371229615,0.9999998371229615
gRNA_2466,CTNNB1,-0.09797538218353936,-0.17376150965375825,-0.007761434709300094,-0.09316610884886589,-0.09797538218353936,1373.384949965176,0.08261162184352228,0.21031693874340704,-0.051954691214618154,0.08032462312410371,0.08261162184352228,44276,23.807480350528504,62.3927184027464,0.083566717860692,63.79302556689854,Ctnnb1,CTNNB1,Non-coding,,targeting guide,Intron,0.8623047731845662,0.3831581651594616,1.0,0.9999614030704774,0.9999614030704774,0.6117120588228049,0.6708572919102165,1.0,0.9999998371229615,0.9999998371229615
gRNA_2472,CTNNB1,0.07491207466781433,0.29400508376003665,0.31583586223546506,0.22825100688777203,0.29400508376003665,265.6794214041594,-0.45404884351708413,0.11976191158570716,-0.23002964188153632,-0.18810552460430444,-0.23002964188153632,9424,2.6528013582342957,88.8370118845501,0.6260611205432938,91.47920203735144,Ctnnb1,CTNNB1,S45P,S45P,targeting guide,Missense,0.6484631978532831,0.6488042333233064,1.0,0.9999614030704774,0.9999614030704774,0.8150639066995797,0.41404512820960654,1.0,0.9999998371229615,0.9999998371229615
gRNA_2473,CTNNB1,-0.290378148938688,-0.10436897589179321,-0.10699530791749909,-0.16724747758266012,-0.10699530791749909,386.1182087889584,-0.7677705147716671,-0.6884059182887166,-0.5360738383034823,-0.6640834237879553,-0.6884059182887166,10775,3.183294663573086,45.19721577726218,0.0,82.41299303944317,Ctnnb1,CTNNB1,S45P,S45P,targeting guide,Missense,0.8769391835700656,0.35674018024389287,1.0,0.9999614030704774,0.9999614030704774,0.9743921296741104,0.12129833167452006,1.0,0.9999998371229615,0.9999998371229615
gRNA_2474,CTNNB1,1.058758450076193,1.2696310827507395,1.1905300101219847,1.1729731809829724,1.1905300101219847,91.81146312022788,0.7790398565767322,0.38690761492824605,0.7314017899994065,0.632449753834795,0.7314017899994065,5345,1.9270346117867163,94.98596819457435,0.598690364826941,92.19831618334892,Ctnnb1,CTNNB1,S45P,S45P,targeting guide,Missense,0.004216732898343205,0.9996263371127228,0.4974147457164885,0.9999614030704774,0.4974147457164885,0.007746701787067239,0.9970705632273055,0.1454205423186306,0.9999998371229615,0.1454205423186306
gRNA_2494,CTNNB1,-0.6968291281919906,-0.5816660347631359,-0.5145089266686922,-0.5976680298746063,-0.5816660347631359,637.6927957077614,-0.3471353446352948,-0.34317856054953183,-0.3893026712018177,-0.35987219212888144,-0.3471353446352948,9292,0.0,82.42574257425743,0.8609556607834696,92.68187688334052,Ctnnb1,CTNNB1,T41A,T41A,targeting guide,Missense,0.9262201743686791,0.2563814197306333,1.0,0.9999614030704774,0.9999614030704774,0.9183970489586146,0.2739920285774115,1.0,0.9999998371229615,0.9999998371229615
gRNA_2521,CUL3,0.34933869101605475,0.5037741525680506,-0.0935048709154717,0.25320265755621124,0.34933869101605475,438.3997363990881,0.2927708078086291,0.20819271075218104,0.570643424312401,0.35720231429107036,0.2927708078086291,18554,0.8192303546405088,78.44130645682871,0.538967338579282,88.78947935755093,Cul3,CUL3,D698G,D698G,targeting guide,Missense,0.4758796269810516,0.7147030710257161,1.0,0.9999614030704774,0.9999614030704774,0.13800889015202328,0.9398163014401866,0.7238701591307103,0.9999998371229615,0.7238701591307103
gRNA_2526,CUL3,0.18742628691127777,0.29653662845336964,0.08241913823607169,0.1887940178669064,0.18742628691127777,638.599732369585,0.5397048464209477,0.059998172784217464,0.37178610987754523,0.3238297096942368,0.37178610987754523,20159,2.1032789324867305,61.34728905203632,0.2777915571208889,84.51808125403045,Cul3,CUL3,D121G,D121G,targeting guide,Missense,0.6734363745208141,0.6263380639277805,1.0,0.9999614030704774,0.9999614030704774,0.1562968036623195,0.8969167334288946,0.7742480551790827,0.9999998371229615,0.7742480551790827
gRNA_2527,CUL3,0.24214054972239465,0.1664540528520916,0.15969747703703846,0.18943069320384157,0.1664540528520916,400.01744417799284,0.4700532320367463,0.02575313143171494,0.36424110879327987,0.28668249075391367,0.36424110879327987,14102,17.033044958161963,56.75081548716494,0.1985533966813218,65.83463338533542,Cul3,CUL3,D121G,D121G,targeting guide,Missense,0.6383310451890312,0.6714222438749476,1.0,0.9999614030704774,0.9999614030704774,0.21916185144164732,0.8718073958953654,0.9417798435444283,0.9999998371229615,0.9417798435444283
gRNA_2568,DAXX,0.4127133612303165,0.38445276863231553,0.5894452300687667,0.4622037866437996,0.4127133612303165,1258.500317058206,0.24668208789094107,0.48350709238646034,0.42475428964359924,0.38498115664033355,0.42475428964359924,61509,0.0195093400965712,66.04236778357638,0.0113804483896665,97.66863385845974,Daxx,DAXX,N274S,N268S,targeting guide,Missense,0.3012666456707245,0.8890581839475005,1.0,0.9999614030704774,0.9999614030704774,0.1059066295067814,0.9704983582915867,0.6125410463365195,0.9999998371229615,0.6125410463365195
gRNA_2569,DAXX,0.19214280141952758,0.009856814379750103,0.28231430548989445,0.16143797376305738,0.19214280141952758,946.8694713878501,0.1919588641289966,0.15698676426209607,0.22829100377196027,0.19241221072101763,0.1919588641289966,34949,0.3462187759306417,93.49051475006438,0.2374889124152336,98.36046811067555,Daxx,DAXX,N274S,N268S,targeting guide,Missense,0.7002005735425396,0.5921982277004623,1.0,0.9999614030704774,0.9999614030704774,0.45076043152921075,0.8183346475566581,1.0,0.9999998371229615,0.9999998371229615
gRNA_2620,DICER1,0.008480258815524506,0.12197316257121457,-0.07438917863198624,0.018688080918250943,0.008480258815524506,2143.797663857321,0.021264805199979066,-0.08696572819864712,-0.015355651181541138,-0.027018858060069734,-0.015355651181541138,80338,27.824939630062985,38.506061888521,0.0,23.72227339490652,Dicer1,DICER1,S549P,S549P,targeting guide,Missense,0.8178818448253761,0.4518997217973175,1.0,0.9999614030704774,0.9999614030704774,0.7640842161798728,0.5315716477523666,1.0,0.9999998371229615,0.9999998371229615
gRNA_2645,DIS3,0.008611448313567653,0.18688459501978102,-0.1603036815107142,0.011730787274211498,0.008611448313567653,154.0595976705122,0.7333944330339732,0.38354639669541657,0.21109726082741148,0.4426793635189337,0.38354639669541657,1397,0.2863278453829634,1.789549033643522,0.3579098067287043,75.51896921975663,Dis3,DIS3,D479G,D479G,targeting guide,Missense,0.8001001815828319,0.46004585711877044,1.0,0.9999614030704774,0.9999614030704774,0.07427344900488195,0.9649488545181074,0.49559598712151426,0.9999998371229615,0.49559598712151426
gRNA_2648,DIS3,0.25941086716395595,0.1976755368409945,0.07329379688785045,0.1767934002976003,0.1976755368409945,690.562470177214,0.09223663761198869,-0.008615931663402658,-0.10409551656389564,-0.006824936871769868,-0.008615931663402658,27456,16.164044289044288,83.40617715617715,0.6118881118881119,77.94289044289044,Dis3,DIS3,D488G,D488G,targeting guide,Missense,0.6834684416473913,0.6177364643805907,1.0,0.9999614030704774,0.9999614030704774,0.7319243673458806,0.5674145716087484,1.0,0.9999998371229615,0.9999998371229615
gRNA_2649,DIS3,0.02471729403716299,0.08166055076081559,0.05237677881852739,0.05291820787216866,0.05237677881852739,1647.9892131615138,-0.019194747227579263,0.0333169123149266,0.11033990718115555,0.0414873574228343,0.0333169123149266,58423,15.572634065350972,77.17679680947572,0.2053985587867791,76.66672372182188,Dis3,DIS3,D488G,D488G,targeting guide,Missense,0.7906676570946186,0.4959090062141155,1.0,0.9999614030704774,0.9999614030704774,0.7119853426500422,0.5873979386528327,1.0,0.9999998371229615,0.9999998371229615
gRNA_2657,DIS3,0.024386145685812422,0.031867488508780926,0.19682326221330557,0.08435896546929965,0.031867488508780926,964.0542958870329,-0.08932734346582497,0.19724305894016095,0.17322895332246235,0.09371488959893277,0.17322895332246235,32535,35.14369140925157,44.93007530351928,0.0,34.90087597971415,Dis3,DIS3,M749T,M749T,targeting guide,Missense,0.7469991251870001,0.545990343575183,1.0,0.9999614030704774,0.9999614030704774,0.5697314086794791,0.7108929567064386,1.0,0.9999998371229615,0.9999998371229615
gRNA_2658,DIS3,-0.6841914775438409,-0.43918166575842044,-0.6051303024026728,-0.5761678152349781,-0.6051303024026728,851.3883666700848,-0.7170138431352857,-0.6857859183227336,-0.7290154670699259,-0.7106050761759817,-0.7170138431352857,19105,29.808950536508767,44.1507458780424,0.3716304632295211,39.05260403035855,Dis3,DIS3,M749T,M749T,targeting guide,Missense,0.9265079594024216,0.25548230237833236,1.0,0.9999614030704774,0.9999614030704774,0.9763698972552841,0.11660623063997155,1.0,0.9999998371229615,0.9999998371229615
gRNA_2671,DNMT1,0.5164658409796405,1.0372112565063003,0.7721925938378498,0.7752898971079302,0.7721925938378498,152.42324474482228,1.0973376426061678,0.37107884927606327,0.24855215040110643,0.5723228807611125,0.37107884927606327,6951,69.9323838296648,80.90922169472017,5.179110919292188,14.501510574018129,Dnmt1,DNMT1,M1202V,M1199V,targeting guide,Missense,0.03723180146454355,0.9916248634871885,0.7288141578134111,0.9999614030704774,0.7288141578134111,0.0005555758057801377,0.9755775566738446,0.027021186917488515,0.9999998371229615,0.027021186917488515
gRNA_2679,DNMT3A,-0.012182108147195453,-0.06313178895629831,-0.21727298499474276,-0.09752896069941218,-0.06313178895629831,847.3432950471032,0.8090662283423703,0.5422722942190912,0.39531362777043155,0.5822173834439642,0.5422722942190912,25837,1.0140496187637884,55.75724735843944,0.0,93.88473894027943,Dnmt3a,DNMT3A,D764G,D768G,targeting guide,Missense,0.8651800847842399,0.3773816781601216,1.0,0.9999614030704774,0.9999614030704774,0.007357898154571577,0.9963900031213333,0.14085443214083146,0.9999998371229615,0.14085443214083146
gRNA_2683,DNMT3A,0.1451031579098782,0.24545504121476946,0.13366503700220725,0.17474107870895164,0.1451031579098782,829.2997922255583,0.5929745790803215,0.3354059911544135,0.5024624349470107,0.47694766839391517,0.5024624349470107,25272,52.8213042101931,68.43937955049067,0.0,26.69753086419753,Dnmt3a,DNMT3A,Non-coding,,targeting guide,Intron,0.658591545729575,0.6502709330638459,1.0,0.9999614030704774,0.9999614030704774,0.047466601359215495,0.98717594426904,0.3762167663285969,0.9999998371229615,0.3762167663285969
gRNA_2684,DNMT3A,0.1596007816972326,0.3725152788253155,0.18666472496359726,0.23959359516204848,0.18666472496359726,472.70151914817325,0.5392702153398384,0.40928935402520217,0.4674826099833545,0.47201405978279837,0.4674826099833545,17533,64.8776592710888,76.42730850396396,0.667313066788342,17.70946215707523,Dnmt3a,DNMT3A,Non-coding,,targeting guide,Intron,0.5998434967788049,0.7020776960844677,1.0,0.9999614030704774,0.9999614030704774,0.04723374740464138,0.9918212660921509,0.3762167663285969,0.9999998371229615,0.3762167663285969
gRNA_2691,DNMT3A,-1.1567867712547653,-0.8537519399603234,-0.9585442720652904,-0.9896943277601263,-0.9585442720652904,2753.451282159834,-0.8432364356238788,-0.6419898334689879,-0.6371461583958306,-0.7074574758295658,-0.6419898334689879,45770,0.5243609351103343,52.06685601922657,2.239458160367053,88.06423421455102,Dnmt3a,DNMT3A,F751S,F755S,targeting guide,Missense,0.9862136484880982,0.05479907123372091,1.0,0.9999614030704774,0.9999614030704774,0.9766975619195899,0.1123517641992054,1.0,0.9999998371229615,0.9999998371229615
gRNA_2692,DNMT3A,-0.3310010084014912,-0.4095188576389071,-0.3932001238173259,-0.37790666328590805,-0.3932001238173259,2159.622227927235,-0.22708399868629708,-0.09536666288402973,-0.03495200421886807,-0.11913422192973162,-0.09536666288402973,54859,0.1367141216573397,47.23381760513316,0.4757651433675423,92.79243150622504,Dnmt3a,DNMT3A,F751S,F755S,targeting guide,Missense,0.91202408601567,0.288837104932162,1.0,0.9999614030704774,0.9999614030704774,0.8023721816836582,0.473627966257374,1.0,0.9999998371229615,0.9999998371229615
gRNA_2693,DNMT3A,0.059534774551607265,0.05631064645455711,0.27172290947288197,0.12918944349301545,0.059534774551607265,1578.2926996599053,-0.018750769815692184,0.2756168464358981,0.09045200547018871,0.11577269403013156,0.09045200547018871,45106,4.347536913049262,16.512215669755687,0.09533099809338,72.88387354232253,Dnmt3a,DNMT3A,F751S,F755S,targeting guide,Missense,0.7285011948633058,0.5650797528403699,1.0,0.9999614030704774,0.9999614030704774,0.5612428405764212,0.6995657258809082,1.0,0.9999998371229615,0.9999998371229615
gRNA_2694,DNMT3A,0.06603871814922517,0.13074924248581354,0.09566888663581678,0.09748561575695185,0.09566888663581678,1599.7471046856178,0.05043870372142371,0.0323242424797127,0.009444232688762905,0.03073572629663311,0.0323242424797127,55448,2.147958447554465,9.015654306737844,0.8422305583609868,48.93954696292022,Dnmt3a,DNMT3A,F751S,F755S,targeting guide,Missense,0.7617075556438725,0.5323951023232525,1.0,0.9999614030704774,0.9999614030704774,0.756322647927279,0.541400201214794,1.0,0.9999998371229615,0.9999998371229615
gRNA_2696,DNMT3A,-0.3699693715575226,-0.4230945953665586,-0.29143924685691797,-0.36150107126033304,-0.3699693715575226,890.1759915753279,-0.4449217805927799,-0.5571007561547643,-0.30668519597867516,-0.43623591090873975,-0.4449217805927799,20991,62.65542375303702,68.30070030012863,0.7384117002524891,9.975703873088468,Dnmt3a,DNMT3A,Non-coding,,targeting guide,Intron,0.9095029143881462,0.29414929017138214,1.0,0.9999614030704774,0.9999614030704774,0.9316460539003473,0.23476450346731886,1.0,0.9999998371229615,0.9999998371229615
gRNA_2697,DNMT3A,0.3787781997899258,0.16621746166439166,0.35006007503852626,0.29835191216428125,0.35006007503852626,1055.8112710534986,0.25986941925985557,0.38772174471139537,0.27319859151979164,0.3069299184970142,0.27319859151979164,42077,3.1371057822563397,18.24749863345771,0.2400361242484017,89.94700192504219,Dnmt3a,DNMT3A,Non-coding,,targeting guide,Intron,0.5600592688704764,0.7367744579086433,1.0,0.9999614030704774,0.9999614030704774,0.233619717018931,0.930760510091416,0.9669053464460524,0.9999998371229615,0.9669053464460524
gRNA_2698,DNMT3A,-0.43083586915950356,-0.5407820021672713,-0.7574428213149194,-0.576353564213898,-0.5407820021672713,2495.996637660195,-0.3988545979829588,-0.305875265338594,-0.3314574757434979,-0.3453957796883502,-0.3314574757434979,53648,69.84416940053684,91.14039665970772,0.5181926632866091,23.06516552341187,Dnmt3a,DNMT3A,Non-coding,,targeting guide,Intron,0.9262006977051562,0.25539985460332143,1.0,0.9999614030704774,0.9999614030704774,0.9105407891582404,0.28952325683736035,1.0,0.9999998371229615,0.9999998371229615
gRNA_2702,DNMT3A,0.333502885983722,0.4727467212470165,0.30681968224090633,0.3710230964905483,0.333502885983722,262.23649153715087,0.21150032488698842,0.06398550732754826,-0.03621577767840278,0.07975668484537797,0.06398550732754826,7532,25.531067445565583,75.05310674455656,3.0536378120021244,57.38183749336165,Dnmt3a,DNMT3A,Non-coding,,targeting guide,Intron,0.4266578032811452,0.8176263948533753,1.0,0.9999614030704774,0.9999614030704774,0.6208928220897532,0.660736090953101,1.0,0.9999998371229615,0.9999998371229615
gRNA_2703,DNMT3A,0.14922699162855663,0.31240644832573927,0.544779377961505,0.335470939305267,0.31240644832573927,563.5720687403985,-0.11284448955366824,-0.2142155937292961,-0.20182267048054545,-0.17629425125450326,-0.20182267048054545,22049,1.229080683931244,86.43929429906119,0.1088484738536895,95.57349539661662,Dnmt3a,DNMT3A,Non-coding,,targeting guide,Intron,0.4253507180424042,0.7960673644586439,1.0,0.9999614030704774,0.9999614030704774,0.8326711657397617,0.4304268192950428,1.0,0.9999998371229615,0.9999998371229615
gRNA_2723,DNMT3A,-0.20731231994004432,-0.03791338454403021,0.11516843483961692,-0.0433524232148192,-0.03791338454403021,1034.4091511545673,0.786111095997515,0.6100319037590642,0.564412862931108,0.6535186208958957,0.6100319037590642,28764,32.12696426088166,49.52023362536504,1.835627868168544,31.827979418717845,Dnmt3a,DNMT3A,Y731C,Y735C,targeting guide,Missense,0.8382140837989841,0.4146823055204966,1.0,0.9999614030704774,0.9999614030704774,0.0030513255157815413,0.9994148689470053,0.09328338005389285,0.9999998371229615,0.09328338005389285
gRNA_2724,DNMT3A,0.3317011014749599,0.5854317407528901,0.7732964709891614,0.5634764377390038,0.5854317407528901,600.2174401484897,0.7402409988559205,0.48207482057955525,0.4292569138615976,0.5505242444323578,0.48207482057955525,28689,50.75464463731743,72.58182578688695,3.492627836452996,21.360103175433093,Dnmt3a,DNMT3A,Y731C,Y735C,targeting guide,Missense,0.13454016684617778,0.9398833778767651,1.0,0.9999614030704774,0.9999614030704774,0.017906347720138296,0.9959953409454849,0.22022749494882732,0.9999998371229615,0.22022749494882732
gRNA_2739,DNMT3A,-0.17402427123083544,-0.09354705104619013,0.19040014956593646,-0.025723724237029705,-0.09354705104619013,1820.6085620820188,-0.1644148204529571,-0.003997885050776584,0.003064488391562009,-0.05511607237072389,-0.003997885050776584,58810,61.39432069375956,67.89491583064104,1.627274273082809,9.13620132630505,Dnmt3a,DNMT3A,Non-coding,,targeting guide,Intron,0.8040576673372898,0.4535340942721475,1.0,0.9999614030704774,0.9999614030704774,0.7878767994061658,0.4980806842770743,1.0,0.9999998371229615,0.9999998371229615
gRNA_2747,DNMT3A,0.8161425398512794,1.2398020179773181,1.1996996638382056,1.0852147405556012,1.1996996638382056,384.58801773695455,0.8547704143371007,0.5971642562395515,0.6077424807880414,0.6865590504548978,0.6077424807880414,24945,10.42693926638605,50.150330727600725,0.2084586089396672,71.3810382842253,Dnmt3a,DNMT3A,Non-coding,,targeting guide,Intron,0.005138998022895035,0.9994563543894665,0.4974147457164885,0.9999614030704774,0.4974147457164885,0.0030513255157815413,0.9994148689470053,0.09328338005389285,0.9999998371229615,0.09328338005389285
gRNA_2748,DNMT3A,0.2409201436054197,0.46526249919219564,0.5426695775147672,0.4162840734374608,0.46526249919219564,206.83082386251337,-0.22628368896777862,-0.538774707103861,-0.6368358250928916,-0.4672980737215104,-0.538774707103861,6386,0.4854368932038834,2.5681177575947385,0.0,31.89790165988099,Dnmt3a,DNMT3A,Non-coding,,targeting guide,Intron,0.3019381403104011,0.8815233158175045,1.0,0.9999614030704774,0.9999614030704774,0.9391623082079307,0.20946988642714254,1.0,0.9999998371229615,0.9999998371229615
gRNA_2775,DNMT3A,-0.050435504174033384,-0.02862132954864292,-0.03149944875826955,-0.036852094160315284,-0.03149944875826955,1566.0230258048869,-0.055093086804807505,0.0887102856065153,0.03530897227889887,0.022975390360202224,0.03530897227889887,51600,5.021317829457364,94.25387596899223,0.8488372093023255,89.98643410852713,Dnmt3a,DNMT3A,M797V,M801V,targeting guide,Missense,0.8532390121621727,0.40033378276856346,1.0,0.9999614030704774,0.9999614030704774,0.728031144668616,0.5724685100454869,1.0,0.9999998371229615,0.9999998371229615
gRNA_2776,DNMT3A,-0.1588098537454009,-0.37266952887067384,0.14934766277706082,-0.12737723994633798,-0.1588098537454009,1148.113697195194,-0.5092394711612078,0.026831627032205426,-0.20146954492282154,-0.2279591296839413,-0.20146954492282154,33972,67.0993759566702,84.37242434946427,0.8654185800070647,20.21664900506299,Dnmt3a,DNMT3A,M797V,M801V,targeting guide,Missense,0.8316099072281035,0.40572278939221024,1.0,0.9999614030704774,0.9999614030704774,0.8604699336827659,0.36398987543527445,1.0,0.9999998371229615,0.9999998371229615
gRNA_2777,DNMT3A,0.30769367672953013,0.4208529998228173,0.0750916897823172,0.26787945544488817,0.30769367672953013,614.7542551425258,-0.13801413628138703,-0.2850579813189966,-0.2478569811486104,-0.22364303291633136,-0.2478569811486104,24448,54.14348821989529,93.91770287958116,0.0,40.4654777486911,Dnmt3a,DNMT3A,M797V,M801V,targeting guide,Missense,0.54769379066206,0.7142667599178261,1.0,0.9999614030704774,0.9999614030704774,0.8597975299184992,0.3845079648444771,1.0,0.9999998371229615,0.9999998371229615
gRNA_2778,DNMT3A,0.46640080223331204,0.2583273698009019,0.5228793381517718,0.41586917006199525,0.46640080223331204,606.2640320213754,0.7059906499759107,0.4832106808307554,0.37537587797695204,0.521525736261206,0.4832106808307554,26693,49.87824523283258,87.45363953096317,0.0599408084516539,41.190574307870975,Dnmt3a,DNMT3A,M797V,M801V,targeting guide,Missense,0.3019381403104011,0.8815233158175045,1.0,0.9999614030704774,0.9999614030704774,0.03200939820153428,0.9927658400561762,0.29525910410035927,0.9999998371229615,0.29525910410035927
gRNA_2784,DNMT3A,0.40346600489141643,0.792813685766756,0.6022827550478154,0.5995208152353293,0.6022827550478154,491.9361739935278,0.5793743359579875,0.21374456413183365,0.5913477544890202,0.46148888485961376,0.5793743359579875,21297,1.9439357656007887,16.589190965863736,0.1267784194957036,53.51457951824201,Dnmt3a,DNMT3A,I306T,I310T,targeting guide,Missense,0.10445304317765751,0.9618760453614857,1.0,0.9999614030704774,0.9999614030704774,0.04998791505991393,0.9773457101429617,0.3904165628767,0.9999998371229615,0.3904165628767
gRNA_2785,DNMT3A,0.5556078736949207,0.767400801790781,0.7999305464582496,0.7076464073146504,0.767400801790781,428.4534945610634,0.901390287666258,0.22549706822749804,0.9328815253165644,0.6865896270701067,0.901390287666258,19553,33.2532092262057,56.62558175216079,0.0051143047102746,39.42617501150718,Dnmt3a,DNMT3A,I306T,I310T,targeting guide,Missense,0.044622817813115605,0.990548802215565,0.7460377353130265,0.9999614030704774,0.7460377353130265,0.0022310572261254485,0.989179411541485,0.07700745909529774,0.9999998371229615,0.07700745909529774
gRNA_2794,DNMT3A,-0.29219200510715776,-0.1083048369548263,-0.1686416640245188,-0.18971283536216763,-0.1686416640245188,1408.206862161892,0.04041601942190341,0.016918094333532988,-0.014662029342197526,0.014224028137746291,0.016918094333532988,41272,74.21011823996898,80.11727078891258,0.6251211475092072,9.745105640628028,Dnmt3a,DNMT3A,Non-coding,,targeting guide,Intron,0.8859826879241577,0.34020878320942816,1.0,0.9999614030704774,0.9999614030704774,0.7602605221608317,0.5364939488229954,1.0,0.9999998371229615,0.9999998371229615
gRNA_2802,DNMT3A,-0.47668343083566855,-0.7091455914063429,-0.6698828121815887,-0.6185706114745334,-0.6698828121815887,2105.0771304042373,-0.8129121296651276,-0.7527086712511829,-0.6714263379471129,-0.7456823796211411,-0.7527086712511829,47826,56.83310333291514,84.62760841383347,0.1777275958683561,31.86551248274997,Dnmt3a,DNMT3A,V805A,V809A,targeting guide,Missense,0.9328514061387202,0.24070492947682529,1.0,0.9999614030704774,0.9999614030704774,0.9798825516882206,0.10277850171517486,1.0,0.9999998371229615,0.9999998371229615
gRNA_2803,DNMT3A,-0.08229529277294316,-0.2224488892534783,-0.22644206589328886,-0.17706208263990342,-0.2224488892534783,1618.0500151877793,-0.06220424551932007,0.005553508277969321,-0.19746567773579804,-0.08470547165904958,-0.06220424551932007,46380,1.7184131090987491,2.173350582147477,1.54376886589047,9.13109098749461,Dnmt3a,DNMT3A,V805A,V809A,targeting guide,Missense,0.8835292022059392,0.3444142358334845,1.0,0.9999614030704774,0.9999614030704774,0.7987978825330545,0.4799977703617806,1.0,0.9999998371229615,0.9999998371229615
gRNA_2810,DNMT3A,0.4154712884478774,0.4321093585010998,0.6471334009345735,0.4982380159611836,0.4321093585010998,693.2403045182207,0.4432436163630656,0.6304787088951397,0.6038867818044317,0.5592030356875456,0.6038867818044317,32203,2.043287892432382,95.90100301214171,0.0,96.18358538024408,Dnmt3a,DNMT3A,K822R,K826R,targeting guide,Missense,0.2068932813705973,0.9336108826667315,1.0,0.9999614030704774,0.9999614030704774,0.02170217411876463,0.997203580650821,0.2418888156987308,0.9999998371229615,0.2418888156987308
gRNA_2842,DOT1L,0.30090137231451725,0.6477267957935984,0.515209639895561,0.48794593600122554,0.515209639895561,1072.9827172571631,0.5626798555279664,0.6688939355402879,0.7711792974898571,0.6675843628527037,0.6688939355402879,47394,51.28708275309111,87.56593661644933,0.0843988690551546,44.71663079714732,Dot1l,DOT1L,L296P,L296P,targeting guide,Missense,0.20802741303436093,0.9167462101344637,1.0,0.9999614030704774,0.9999614030704774,0.004917385492675096,0.9995034334702381,0.11782526626146715,0.9999998371229615,0.11782526626146715
gRNA_2891,DROSHA,0.14044647415426972,0.08378542057554081,0.10027250517412062,0.10816813330131038,0.10027250517412062,698.3667902141294,0.06417012387811799,-0.22990190165661792,-0.24160254271837708,-0.13577810683229233,-0.22990190165661792,23772,53.31903079252902,76.65320545179203,0.0,28.26855123674912,Drosha,DROSHA,S423G,S424G,targeting guide,Missense,0.7478242423849428,0.5470456306444871,1.0,0.9999614030704774,0.9999614030704774,0.8225772142563563,0.43362531825585837,1.0,0.9999998371229615,0.9999998371229615
gRNA_2892,DROSHA,0.26628914216062577,0.22536640715019732,0.2193381886339659,0.236997912648263,0.22536640715019732,406.83954595150976,0.06690159396098738,0.12204126556025872,0.17924568360760829,0.1227295143762848,0.12204126556025872,12824,17.053961322520276,49.41515907673113,0.0,63.30318153462259,Drosha,DROSHA,S423G,S424G,targeting guide,Missense,0.6291866028276147,0.6804106938705619,1.0,0.9999614030704774,0.9999614030704774,0.5957139279727541,0.7043803260163172,1.0,0.9999998371229615,0.9999998371229615
gRNA_2914,DROSHA,0.13476123404105914,0.247711115890196,-0.03960806459409247,0.11428809511238754,0.13476123404105914,438.30016142924643,0.38257097445978444,0.239152050023038,0.541347697500761,0.38769024066119445,0.38257097445978444,12567,15.079175618683854,21.92249542452455,0.3023792472348213,23.20362855096682,Drosha,DROSHA,N1241S,N1242S,targeting guide,Missense,0.7229040758068209,0.5637460807775241,1.0,0.9999614030704774,0.9999614030704774,0.10275085885511996,0.9672909127583218,0.6040847196427381,0.9999998371229615,0.6040847196427381
gRNA_2917,DTX1,-0.7026085430118343,-0.5211789491118518,-0.3031006375692644,-0.5089627098976501,-0.5211789491118518,470.11813498432855,-1.22289116014017,-0.5030132449313184,-0.7059828143620188,-0.8106290731445024,-0.7059828143620188,6629,56.40368079650023,93.5284356614874,1.4029265349223112,38.31648815809323,Dtx1,DTX1,Q81R,Q81R,targeting guide,Missense,0.9215441123331691,0.26629015368612463,1.0,0.9999614030704774,0.9999614030704774,0.9855188657631458,0.024044133100774235,1.0,0.48541929090242325,0.48541929090242325
gRNA_2918,DTX1,-0.5046791179627503,-0.5276972298616445,-0.055803564954632984,-0.3627266375930092,-0.5046791179627503,1306.4156913397173,0.07345916880870659,0.15249873409697748,-0.031524869367716146,0.06481101117932264,0.07345916880870659,32020,32.014366021236725,48.23860087445347,0.0,36.45221736414741,Dtx1,DTX1,Q81R,Q81R,targeting guide,Missense,0.8990053849715699,0.3113962058010734,1.0,0.9999614030704774,0.9999614030704774,0.6678987702104737,0.6329795619370466,1.0,0.9999998371229615,0.9999998371229615
gRNA_2947,EED,-0.020665250717661822,0.1586914787165901,0.1304082684070169,0.0894781654686484,0.1304082684070169,760.5049528458875,-0.5342059952108289,-0.20350692689674496,-0.1509867512917653,-0.2962332244664464,-0.20350692689674496,27135,2.181684171733923,31.538603279896808,0.39063939561452,85.63478901787359,Eed,EED,Y417C,Y358C,targeting guide,Missense,0.746375535837018,0.5404516483769806,1.0,0.9999614030704774,0.9999614030704774,0.8862147563095667,0.3176332021195663,1.0,0.9999998371229615,0.9999998371229615
gRNA_2949,EED,0.3245643522857619,0.3059936686004802,-0.11440439486932083,0.17205120867230708,0.3059936686004802,1125.083544907706,-0.21704755129313758,0.08515773486802079,0.08649272238947074,-0.015132364678548676,0.08515773486802079,42819,29.505593311380466,89.33417408159929,0.0397020014479553,62.75485181811813,Eed,EED,R365G,R306G,targeting guide,Missense,0.6600943206069199,0.6164536519909503,1.0,0.9999614030704774,0.9999614030704774,0.7386857113117775,0.5485317791720179,1.0,0.9999998371229615,0.9999998371229615
gRNA_2950,EED,0.700007527842003,0.9621856519995609,0.613939639421657,0.758710939754407,0.700007527842003,303.3603760597529,0.3133137225558558,0.2529319287443854,0.37692075296946875,0.3143888014232366,0.3133137225558558,16827,30.44511796517501,49.14126106852083,0.5289118678314614,38.135139953645925,Eed,EED,R365G,R306G,targeting guide,Missense,0.03569323184994903,0.993992301012034,0.7288141578134111,0.9999614030704774,0.7288141578134111,0.24511688870319706,0.9262772395391423,0.985996507189552,0.9999998371229615,0.985996507189552
gRNA_2951,EED,0.16936377287299156,0.09048027490956286,0.3629054275023175,0.20758315842829064,0.16936377287299156,566.4894790439059,0.08593812575376929,-0.02839902551879463,0.012910647643021151,0.023483249292665268,0.012910647643021151,19352,0.1601901612236461,23.341256717651923,0.1033484911120297,91.6649441918148,Eed,EED,E297G,E238G,targeting guide,Missense,0.6561476172361296,0.6399157688390451,1.0,0.9999614030704774,0.9999614030704774,0.7374556564295065,0.5618654193339025,1.0,0.9999998371229615,0.9999998371229615
gRNA_2952,EED,0.11451729055909832,0.6385883189849579,0.38753603358192407,0.38021388104199344,0.38753603358192407,267.4008863376637,-0.2743549245574716,-0.5451583857011963,-0.5768637109318631,-0.46545900706351034,-0.5451583857011963,11157,8.613426548355292,31.872367123778798,0.0,72.43882764183921,Eed,EED,E297G,E238G,targeting guide,Missense,0.3383495805477447,0.8079039910720944,1.0,0.9999614030704774,0.9999614030704774,0.9436266093965755,0.20245701457998289,1.0,0.9999998371229615,0.9999998371229615
gRNA_2956,EED,0.1320122461069893,0.029580370360154592,-0.08548974679058008,0.025367623225521274,0.029580370360154592,507.258333739259,-0.23991593895294655,-0.3335868006680528,-0.13199463086653487,-0.23516579016251138,-0.23991593895294655,15204,37.095501183898975,73.45435411733754,0.0,46.2904498816101,Eed,EED,Y367C,Y308C,targeting guide,Missense,0.7811234401610407,0.5004641222554769,1.0,0.9999614030704774,0.9999614030704774,0.8663564551517269,0.3692025257874729,1.0,0.9999998371229615,0.9999998371229615
gRNA_2957,EED,-0.09865525285420523,-0.3771973140669927,-0.003795377332127196,-0.15988264808444172,-0.09865525285420523,1000.5389055635272,-0.5696643294371113,-0.13273490378718633,-0.06659517483088996,-0.2563314693517292,-0.13273490378718633,29972,16.57547043907647,29.090484452155348,0.1167756572801281,38.27238756172427,Eed,EED,Y367C,Y308C,targeting guide,Missense,0.8706043512351406,0.36586635835916254,1.0,0.9999614030704774,0.9999614030704774,0.8559272962309091,0.3538948096891165,1.0,0.9999998371229615,0.9999998371229615
gRNA_2963,EGFR,0.1322785335835088,0.172631084268421,0.06621778627402523,0.12370913470865169,0.1322785335835088,807.9408754580053,0.04516675664239512,-0.020175443847435696,0.05515479049823609,0.026715367764398507,0.04516675664239512,30089,56.19329323008409,89.53770480906643,1.81129316361461,32.247665259729466,Egfr,EGFR,T572A,T572A,targeting guide,Missense,0.7128966500595284,0.5887807356644201,1.0,0.9999614030704774,0.9999614030704774,0.7517362131568851,0.5469170849153115,1.0,0.9999998371229615,0.9999998371229615
gRNA_2971,EGFR,-0.323562492656034,-0.4583316942658092,-0.3462769016828974,-0.3760570295349135,-0.3462769016828974,2087.9257275164505,-0.41227887090669757,-0.4711135204208098,-0.17084277630426972,-0.3514117225439257,-0.41227887090669757,50129,55.32326597378763,68.66883440722935,0.1336551696622713,20.780386602565383,Egfr,EGFR,Y1000C,Y998C,targeting guide,Missense,0.9095029143881462,0.29414929017138214,1.0,0.9999614030704774,0.9999614030704774,0.9092314798179009,0.28262509593044616,1.0,0.9999998371229615,0.9999998371229615
gRNA_2975,EGFR,0.1920587806868313,0.5641914989264716,0.3252513493692464,0.36050054299418305,0.3252513493692464,448.42130730295827,0.2445809162236896,0.1003051882680028,0.36452734628404293,0.23647115025857846,0.2445809162236896,19292,23.652291105121293,40.394982376114456,0.1917893427327389,23.29462989840348,Egfr,EGFR,H872R,H870R,targeting guide,Missense,0.4163956879560899,0.8051956457108408,1.0,0.9999614030704774,0.9999614030704774,0.3555344419659312,0.8553137431981617,1.0,0.9999998371229615,0.9999998371229615
gRNA_2981,EGFR,-0.0761038612155167,0.02954911549339569,-0.05229641514790862,-0.03295038695667654,-0.05229641514790862,1121.8108390563261,-0.023063591255543765,0.3155303469688286,0.404368039379887,0.2322782650310573,0.3155303469688286,31063,0.4217235939864147,0.5440556288832373,0.0,14.464153494511155,Egfr,EGFR,L749S,L747S,targeting guide,Missense,0.8317818653217027,0.43261053305294883,1.0,0.9999614030704774,0.9999614030704774,0.33428666657090367,0.8278725930732883,1.0,0.9999998371229615,0.9999998371229615
gRNA_3011,EGFR,0.3545509821992359,0.3547957041097596,0.5571150941086662,0.4221539268058872,0.3547957041097596,858.7216520037324,0.6021036341846506,0.5915546543990768,0.7104524602367944,0.6347035829401739,0.6021036341846506,37066,1.3273620029137214,70.75756758215076,0.4424540009712405,95.50261695354232,Egfr,EGFR,E245G,E245G,targeting guide,Missense,0.387810176371792,0.8338116703205178,1.0,0.9999614030704774,0.9999614030704774,0.01042374756693929,0.9989280239123199,0.17426608815734748,0.9999998371229615,0.17426608815734748
gRNA_3012,EGFR,0.28513340436472523,0.5813075308837469,0.2416929592213279,0.3693779648232667,0.28513340436472523,813.0855870761573,0.08366541260846629,-0.4550064736272424,-0.4056907911111313,-0.25901061737663583,-0.4056907911111313,35993,0.7362542716639346,63.26785763898536,0.0138915900313949,98.0273942155419,Egfr,EGFR,E245G,E245G,targeting guide,Missense,0.3934850263668064,0.8099302717605248,1.0,0.9999614030704774,0.9999614030704774,0.8611229348087027,0.3440345758813775,1.0,0.9999998371229615,0.9999998371229615
gRNA_3021,EGFR,0.36854980795811976,0.39008808988195665,0.19294191111096667,0.3171932696503477,0.36854980795811976,1074.4172098752322,0.24537411536309464,0.1718064150365392,0.05043254506542309,0.155871025155019,0.1718064150365392,43873,40.23431267522166,62.24557244774691,0.1071273904223554,26.091217833291548,Egfr,EGFR,R108G,R108G,targeting guide,Missense,0.55430315439877,0.7412824821209576,1.0,0.9999614030704774,0.9999614030704774,0.5255127899527414,0.7397624182099758,1.0,0.9999998371229615,0.9999998371229615
gRNA_3025,EIF1AX,0.20760490083962832,0.21134001068706942,0.044657362981344526,0.15453409150268077,0.20760490083962832,920.6649496222851,0.3030045668829828,0.018799088993480054,0.27299590552610675,0.19826652046752322,0.27299590552610675,34050,0.4757709251101322,0.6167400881057269,0.0029368575624082,16.29662261380323,Eif1ad19,EIF1AX,N4S,N4S,targeting guide,Missense,0.6886513504860243,0.6132066013172308,1.0,0.9999614030704774,0.9999614030704774,0.4347880130320142,0.7933481159691682,1.0,0.9999998371229615,0.9999998371229615
gRNA_3026,EIF1AX,0.21182083769116491,-0.005163898383278533,0.09095857700710756,0.09920517210499798,0.09095857700710756,1915.1995853602898,-0.21357782633200345,-0.08606811629008648,0.05125382000985642,-0.08279737420407783,-0.08606811629008648,68637,0.011655521074639,0.2913880268659761,0.5667497122543235,9.314218278770923,Eif1ad19,EIF1AX,N4S,N4S,targeting guide,Missense,0.7580016237404881,0.5262066525332572,1.0,0.9999614030704774,0.9999614030704774,0.7868211614705611,0.4946055166119788,1.0,0.9999998371229615,0.9999998371229615
gRNA_3030,EIF1AX,0.2505622423331237,-0.11300737036604827,-0.0005268077819563563,0.045676021395039686,-0.0005268077819563563,1593.5047213024302,0.4136330720700994,0.5847539973015006,0.3192654564942154,0.4392175086219385,0.4136330720700994,54010,0.0425847065358267,33.79744491760785,0.0092575448990927,84.36030364747269,Eif1ad19,EIF1AX,K7R,K7R,targeting guide,Missense,0.7756402913011768,0.49230560674069535,1.0,0.9999614030704774,0.9999614030704774,0.08128674273351566,0.9749772233558881,0.5177191352670343,0.9999998371229615,0.5177191352670343
gRNA_3031,EIF1AX,0.48189971838491324,0.3635389853521252,0.4021113182241284,0.41585000732038896,0.4021113182241284,797.9865260944364,0.8748886719263207,0.5271179110729266,0.6223054064653677,0.6747706631548717,0.6223054064653677,34775,0.0201294033069734,88.09489575844715,0.2156721782890007,95.9568655643422,Eif1ad19,EIF1AX,K7R,K7R,targeting guide,Missense,0.3837295808637696,0.850993085936621,1.0,0.9999614030704774,0.9999614030704774,0.003681449366830825,0.9991742458068301,0.10646353574348603,0.9999998371229615,0.10646353574348603
gRNA_3032,EIF1AX,0.27693545183757395,0.1642075919168171,-0.0029461022643276964,0.14606564716335446,0.1642075919168171,656.7835798408107,0.13230883981907643,0.07963893645654145,-0.011007112892329965,0.06698022112776264,0.07963893645654145,23514,0.0,1.9732925065918177,0.0935612826401292,43.24657650761249,Eif1ad19,EIF1AX,K7R,K7R,targeting guide,Missense,0.703668706016708,0.5864039801371375,1.0,0.9999614030704774,0.9999614030704774,0.6787620884914409,0.6240355701444911,1.0,0.9999998371229615,0.9999998371229615
gRNA_3033,EIF1AX,0.0309592421830324,-0.12533396063977456,-0.27037952097368106,-0.12158474647680774,-0.12533396063977456,585.8143473969989,0.12501857665687227,0.054101784244473726,-0.06380396031246914,0.03843880019629229,0.054101784244473726,16640,0.3185096153846153,28.924278846153843,0.0,93.5096153846154,Eif1ad19,EIF1AX,K3E,K3E,targeting guide,Missense,0.8571232467071801,0.38559631013265133,1.0,0.9999614030704774,0.9999614030704774,0.6972186436998354,0.6034161136165277,1.0,0.9999998371229615,0.9999998371229615
gRNA_3034,EIF1AX,0.16675486884940366,0.18383910317198227,0.19918666584206293,0.18326021262114964,0.18383910317198227,722.5689663482934,0.6997191117438997,0.3801876208073976,0.4740552724170362,0.5179873349894445,0.4740552724170362,23777,1.7285612146191696,12.322832989864157,0.2060815073390251,63.46469277032426,Eif1ad19,EIF1AX,K3E,K3E,targeting guide,Missense,0.6526684560322376,0.657856348284451,1.0,0.9999614030704774,0.9999614030704774,0.03200939820153428,0.9927658400561762,0.29525910410035927,0.9999998371229615,0.29525910410035927
gRNA_3046,ELF3,0.2549253932526449,-0.11945533229378003,-0.006103522362016519,0.043122179532282784,-0.006103522362016519,585.2082907578545,-0.11145134963962867,0.20843085213718318,0.37080943104559255,0.15592964451438235,0.20843085213718318,19590,5.145482388973966,77.56508422664625,0.2705461970393057,90.38284839203676,Elf3,ELF3,I299T,I279T,targeting guide,Missense,0.7756402913011768,0.49230560674069535,1.0,0.9999614030704774,0.9999614030704774,0.4080895945887503,0.7898065089026692,1.0,0.9999998371229615,0.9999998371229615
gRNA_3047,ELF3,1.2310835436389933,1.0207282557307507,0.9017233177621736,1.0511783723773058,1.0207282557307507,70.13375655017407,0.7497162121698342,1.1824506323307913,0.5296776971469292,0.8206148472158515,0.7497162121698342,4398,38.44929513415189,81.10504774897682,0.0,51.591632560254666,Elf3,ELF3,I299T,I279T,targeting guide,Missense,0.0075248516361375965,0.9992273499298685,0.5367727500444819,0.9999614030704774,0.5367727500444819,3.305567818492962e-05,0.9997212212427689,0.0032154159688976996,0.9999998371229615,0.0032154159688976996
gRNA_3048,ELF3,-0.008215590325581976,-0.2532740380092371,-0.1495456791733264,-0.13701176916938182,-0.1495456791733264,398.2398175818,-0.333972162702134,-0.06871170509015644,0.05697858700258495,-0.11523509359656849,-0.06871170509015644,11602,0.6292018617479745,31.7100499913808,0.0,92.25995518014136,Elf3,ELF3,I299T,I279T,targeting guide,Missense,0.8798200498236565,0.3503481799486207,1.0,0.9999614030704774,0.9999614030704774,0.8080889517772442,0.4526998011567359,1.0,0.9999998371229615,0.9999998371229615
gRNA_3056,EP300,0.13350274104975018,0.06359619073861209,-0.00984246930781198,0.062418820826850095,0.06359619073861209,662.6364834781447,-0.11140975142667559,-0.23858777856677402,-0.17317175539287324,-0.17438976179544094,-0.17317175539287324,22757,1.7752779364591114,2.065298589445006,0.2504723821241816,12.40497429362394,Ep300,EP300,Y1466H,Y1467H,targeting guide,Missense,0.7770679703326411,0.5073337388851713,1.0,0.9999614030704774,0.9999614030704774,0.8354347844416172,0.42403459594909254,1.0,0.9999998371229615,0.9999998371229615
gRNA_3060,EP300,0.6949558165276546,0.5441437755769438,0.22100807572107076,0.48670255594188977,0.5441437755769438,558.3599816437566,0.18831491693500055,0.39232119681681354,0.22845605362378055,0.2696973891251982,0.22845605362378055,25697,0.3346694166634237,8.117679106510488,0.1011791259680118,80.50356072693312,Ep300,EP300,Y1413C,Y1414C,targeting guide,Missense,0.1914034452204426,0.9101918544515701,1.0,0.9999614030704774,0.9999614030704774,0.28977320121363026,0.8968797283019202,1.0,0.9999998371229615,0.9999998371229615
gRNA_3061,EP300,-0.015439965884346452,-0.10648219134937491,-0.46853686685432705,-0.19681967469601613,-0.10648219134937491,570.6572956066509,-0.23379721886079535,-0.24270527800161043,-0.1432575689255647,-0.20658668859599016,-0.23379721886079535,15162,17.543859649122805,61.95092995647013,0.1187178472497032,62.13560216330299,Ep300,EP300,Y1413C,Y1414C,targeting guide,Missense,0.8763495240916173,0.3545875314658044,1.0,0.9999614030704774,0.9999614030704774,0.8598248937898089,0.3860570693016083,1.0,0.9999998371229615,0.9999998371229615
gRNA_3084,EP300,0.6510948277362361,0.8800451201563998,0.7902838779102281,0.773807941934288,0.7902838779102281,267.0285552070326,-0.07548455086478567,-0.1498281751482587,-0.3792602319694821,-0.20152431932750883,-0.1498281751482587,12181,0.0492570396519169,98.22674657253098,0.1970281586076676,99.15442081930875,Ep300,EP300,H350R,H349R,targeting guide,Missense,0.0299984939781754,0.9955212169885905,0.6977910555792973,0.9999614030704774,0.6977910555792973,0.8454568124817644,0.39383560450461436,1.0,0.9999998371229615,0.9999998371229615
gRNA_3085,EP300,0.1970666054125573,0.21892865223590652,0.03621365260919565,0.1507363034192198,0.1970666054125573,540.0299254363404,0.2165181081556213,-0.39689405822708945,-0.2900205201874243,-0.1567988234196308,-0.2900205201874243,22128,16.738973246565436,96.90437454808388,0.0,80.73481561822126,Ep300,EP300,H350R,H349R,targeting guide,Missense,0.6932478785938165,0.6087736787401281,1.0,0.9999614030704774,0.9999614030704774,0.7523340170907853,0.4451289108812936,1.0,0.9999998371229615,0.9999998371229615
gRNA_3086,EP300,0.22824859846648918,0.16082360289525088,0.1496067854453795,0.17955966226903985,0.16082360289525088,657.9956931190997,0.10771923395502478,-0.0036036523353141564,0.06758937587779064,0.05723498583250042,0.06758937587779064,21840,1.2316849816849818,94.1941391941392,0.0,98.08150183150182,Ep300,EP300,H350R,H349R,targeting guide,Missense,0.648446473535035,0.6616400645674672,1.0,0.9999614030704774,0.9999614030704774,0.6944982826789458,0.6093450719099616,1.0,0.9999998371229615,0.9999998371229615
gRNA_3089,EP300,0.30701624565719765,0.13339798166870032,0.026109941091277927,0.15550805613905863,0.13339798166870032,1708.6554827398706,-0.11824129481867963,0.03699459035705007,0.07549449961984955,-0.0019174016139266725,0.03699459035705007,64880,0.0077065351418002,1.2130086313193589,0.3082614056720099,47.80672009864365,Ep300,EP300,D1398G,D1399G,targeting guide,Missense,0.6828916992641746,0.6151949875898435,1.0,0.9999614030704774,0.9999614030704774,0.738039759770377,0.5608918599610782,1.0,0.9999998371229615,0.9999998371229615
gRNA_3106,EP300,0.07602588908726797,0.19274732156375302,0.17794372218978444,0.14890564428026848,0.17794372218978444,448.53725211861325,0.5123402791808254,0.20561028792461153,-0.05374567396550192,0.221401631046645,0.20561028792461153,14973,35.564015227409335,45.56869030922327,0.0400721298337006,23.201763173712685,Ep300,EP300,Q2287R,Q2290R,targeting guide,Missense,0.6978419388288607,0.6043489879122608,1.0,0.9999614030704774,0.9999614030704774,0.24090174665925784,0.8341919329636467,0.9726976185864373,0.9999998371229615,0.9726976185864373
gRNA_3107,EP300,0.2548976232957475,0.5287544169869871,0.22310852450601354,0.3355868549295827,0.2548976232957475,616.66263032945,0.14229278329884382,-0.11353475891183554,-0.21625503761386852,-0.06249900440895342,-0.11353475891183554,27058,37.12765171113904,82.98839529898736,0.0886983516889644,48.28146943602631,Ep300,EP300,Q2287R,Q2290R,targeting guide,Missense,0.4302346595584955,0.7927287214648717,1.0,0.9999614030704774,0.9999614030704774,0.7407472497679344,0.5371049900986296,1.0,0.9999998371229615,0.9999998371229615
gRNA_3114,EP300,-0.08066735931637742,-0.4269316555865324,-0.34277372939605066,-0.2834575814329868,-0.34277372939605066,2069.1370921116354,-0.25129701178468145,-0.22513733571852704,-0.21914727874439324,-0.2318605420825339,-0.22513733571852704,56855,1.378946442705127,5.827104036584293,0.6824377803183538,60.71057954445519,Ep300,EP300,M544V,M543V,targeting guide,Missense,0.8937135668112213,0.32308543732991135,1.0,0.9999614030704774,0.9999614030704774,0.8697130979631921,0.37114347177626533,1.0,0.9999998371229615,0.9999998371229615
gRNA_3115,EP300,-0.18492036890329006,-0.14992229998243556,-0.037596911874680505,-0.12414652692013538,-0.14992229998243556,918.842470606859,0.0006219450058905865,0.1161242750708378,0.2790889673547388,0.13194506247715573,0.1161242750708378,21208,1.4805733685401734,15.027348170501698,1.1080724254998116,56.9407770652584,Ep300,EP300,M544V,M543V,targeting guide,Missense,0.878048294877153,0.3553128082513548,1.0,0.9999614030704774,0.9999614030704774,0.5458194393236804,0.7148850881931819,1.0,0.9999998371229615,0.9999998371229615
gRNA_3142,EPHA3,-0.002083760397245722,-0.006605039141426177,0.02917638284072769,0.0068291944340185965,-0.002083760397245722,948.463420400354,0.05960198595763354,0.19500223075639259,0.08213668426979145,0.11224696699460586,0.08213668426979145,28956,58.3540544274071,72.91407652990745,0.0,26.011880093935623,Epha3,EPHA3,V171A,V171A,targeting guide,Missense,0.8241556437550598,0.4453285731919129,1.0,0.9999614030704774,0.9999614030704774,0.6056582959269106,0.6833581430841158,1.0,0.9999998371229615,0.9999998371229615
gRNA_3143,EPHA3,0.6694080995502443,0.6495657430571172,0.5176573296549298,0.6122103907540971,0.6495657430571172,693.2403045182207,0.4908844032964226,0.39025709477246934,0.6069605251386536,0.4960340077358485,0.4908844032964226,33341,53.64266218769684,92.2077922077922,1.247713026004019,40.289733361326896,Epha3,EPHA3,V171A,V171A,targeting guide,Missense,0.09328072539526747,0.9811126984800193,1.0,0.9999614030704774,0.9999614030704774,0.037215324629744286,0.9930327224297971,0.3237430679172877,0.9999998371229615,0.3237430679172877
gRNA_3220,EPHA3,0.033016447096898306,0.0482435055560996,0.11148428007747814,0.06424807757682534,0.0482435055560996,707.0120239862548,0.18444191386735137,0.003417099727419881,-0.006594435087598549,0.06042152616905757,0.003417099727419881,23396,30.560779620447946,34.99743545905283,0.6325867669687126,14.669174217815012,Epha3,EPHA3,V658A,V657A,targeting guide,Missense,0.775879185962888,0.5156699302959968,1.0,0.9999614030704774,0.9999614030704774,0.6623004145949418,0.6220894552057985,1.0,0.9999998371229615,0.9999998371229615
gRNA_3221,EPHA3,0.00797052886242578,-0.0419141116591572,-0.4687637848183434,-0.1675691225383583,-0.0419141116591572,837.5245691300787,-0.31636231162033024,-0.01768794936656536,-0.1914578740964022,-0.17516937836109925,-0.1914578740964022,25777,15.48279473949645,18.48935097179656,0.0038794273965162,13.36850680839508,Epha3,EPHA3,V658A,V657A,targeting guide,Missense,0.8734704200806892,0.3594258691763603,1.0,0.9999614030704774,0.9999614030704774,0.8423240439098045,0.41009030149479553,1.0,0.9999998371229615,0.9999998371229615
gRNA_3224,EPHA5,-0.06841611195558439,0.02908129981470694,-0.2040737917607109,-0.08113620130052944,-0.06841611195558439,1026.962975030224,0.2515985193718122,0.36213369483176333,0.2845831266072127,0.2994384469369294,0.2845831266072127,31700,0.2555205047318612,17.77287066246057,0.0031545741324921,90.45425867507888,Epha5,EPHA5,L433P,L431P,targeting guide,Missense,0.8479594867548748,0.40240513036081227,1.0,0.9999614030704774,0.9999614030704774,0.2720002781930121,0.917498560947759,1.0,0.9999998371229615,0.9999998371229615
gRNA_3225,EPHA5,0.5458983089307823,-0.06380901892699709,-0.1560748192943269,0.1086714902364861,-0.06380901892699709,312.07326315482965,-0.02109152568245787,0.04794034753302047,0.007897716593941603,0.011582179481501401,0.007897716593941603,9710,33.65602471678682,93.43975283213184,0.1441812564366632,61.93614830072091,Epha5,EPHA5,L433P,L431P,targeting guide,Missense,0.5884038638146663,0.5623576319982813,1.0,0.9999614030704774,0.9999614030704774,0.7640842161798728,0.5315716477523666,1.0,0.9999998371229615,0.9999998371229615
gRNA_3249,EPHA5,0.126898761993448,0.17671562040739625,0.29100916617780004,0.19820784952621476,0.17671562040739625,876.1154775471773,0.2549728140879206,0.1555805058186021,0.12404627201214755,0.1781998639728901,0.1555805058186021,31586,6.360412841132147,73.26347115810802,0.1867916165389729,86.85493573102008,Epha5,EPHA5,W865R,W862R,targeting guide,Missense,0.6668422382461998,0.6397455910428875,1.0,0.9999614030704774,0.9999614030704774,0.47897830800925933,0.7912582739582605,1.0,0.9999998371229615,0.9999998371229615
gRNA_3250,EPHA5,0.38201683807512243,0.16383444631350652,0.2851145874874058,0.27698862395867824,0.2851145874874058,947.0600625507495,0.45679487444477584,0.5459422412873542,0.6804035495079559,0.561046888413362,0.5459422412873542,38118,61.78970565087361,95.10205152421427,0.8919670496878116,33.38842541581405,Epha5,EPHA5,W865R,W862R,targeting guide,Missense,0.5806420866491415,0.7191740330078162,1.0,0.9999614030704774,0.9999614030704774,0.017187521102288047,0.9976303903962304,0.22022749494882732,0.9999998371229615,0.22022749494882732
gRNA_3251,EPHA5,0.30944521850797585,0.34278302737766664,0.40110835099323966,0.35111219895962736,0.34278302737766664,1531.8487589768022,0.3922428014190299,0.2709579708291407,0.27328087772284093,0.31216054999033716,0.27328087772284093,64750,37.11351351351351,91.24787644787644,0.3444015444015444,56.25482625482625,Epha5,EPHA5,W865R,W862R,targeting guide,Missense,0.5139885802149737,0.7746563625683383,1.0,0.9999614030704774,0.9999614030704774,0.233619717018931,0.930760510091416,0.9669053464460524,0.9999998371229615,0.9669053464460524
gRNA_3283,EPHA5,-0.1137543743725031,-0.15800073646212623,-0.3955589728993899,-0.22243802791133974,-0.15800073646212623,1126.9623204890538,0.3146739728979913,0.1769270177356506,0.15971353025518834,0.21710484029627675,0.1769270177356506,30725,0.3840520748576078,47.52156224572824,0.0748576078112286,89.3213995117982,Epha5,EPHA5,K981R,K978R,targeting guide,Missense,0.8887520000627818,0.33428301029409196,1.0,0.9999614030704774,0.9999614030704774,0.44080012706027716,0.819994805693596,1.0,0.9999998371229615,0.9999998371229615
gRNA_3313,EPHA7,0.2922046221365362,0.16541595138353052,0.15414133482534834,0.20392063611513833,0.16541595138353052,966.7619550638994,0.24004366022269552,-0.054014820544953164,0.2688784813002592,0.15163577365933387,0.24004366022269552,36495,4.6746129606795455,7.390053431976982,0.0739827373612823,22.99767091382381,Epha7,EPHA7,M165T,M165T,targeting guide,Missense,0.6383310451890312,0.6714222438749476,1.0,0.9999614030704774,0.9999614030704774,0.45189613583867516,0.7813611597147352,1.0,0.9999998371229615,0.9999998371229615
gRNA_3314,EPHA7,0.26801702903851754,0.3744575788715315,0.4311940895633252,0.3578895658244581,0.3744575788715315,697.7033617532317,-0.0650886962288637,-0.30762512389510704,-0.14510333337160225,-0.17260571783185766,-0.14510333337160225,30408,49.56261510128914,81.08392528282032,0.0065772165219679,37.08234675085504,Epha7,EPHA7,M165T,M165T,targeting guide,Missense,0.46002128131378106,0.8036124803755756,1.0,0.9999614030704774,0.9999614030704774,0.8251477774327994,0.4387737658492824,1.0,0.9999998371229615,0.9999998371229615
gRNA_3340,EPHA7,0.03950051045776692,-0.3084972845033367,0.015955445728670848,-0.0843471094389663,0.015955445728670848,1325.2034471531942,-0.736818834489015,-0.04882286698316607,-0.0672100917877366,-0.28428393108663924,-0.0672100917877366,40037,0.7667907185853087,3.6566176286934575,0.0,34.18587806279192,Epha7,EPHA7,R69G,R69G,targeting guide,Missense,0.8438589873131617,0.40775052868317335,1.0,0.9999614030704774,0.9999614030704774,0.8552658448346816,0.33762381493735444,1.0,0.9999998371229615,0.9999998371229615
gRNA_3341,EPHA7,0.328011814595423,0.14992698635151303,0.24413872327816033,0.2406925080750321,0.24413872327816033,1520.8186318102746,0.1235822036978017,0.16071494234212122,-0.028900074848123843,0.08513235706393303,0.1235822036978017,59303,0.0016862553327824,12.031431799403066,0.0455288939851272,92.1403638939008,Epha7,EPHA7,R69G,R69G,targeting guide,Missense,0.6081322119442525,0.697473530014548,1.0,0.9999614030704774,0.9999614030704774,0.6347330155820756,0.6636205934282557,1.0,0.9999998371229615,0.9999998371229615
gRNA_3383,EPHA7,0.03606665432890855,-0.038260651235295325,0.03229420831293369,0.010033403802182305,0.03229420831293369,946.4869236248492,-0.23549213666280008,-0.27586385509262423,0.11418136736019513,-0.1323915414650764,-0.23549213666280008,31873,12.647068051328713,26.113011012455683,0.0,43.46625670630314,Epha7,EPHA7,V755A,V755A,targeting guide,Missense,0.809490742298593,0.46644395417116213,1.0,0.9999614030704774,0.9999614030704774,0.8008796190144498,0.44733619422430826,1.0,0.9999998371229615,0.9999998371229615
gRNA_3415,EPHB1,0.21252759115784203,0.19595756814146856,0.18980892231718563,0.19943136053883206,0.19595756814146856,1444.8829008545863,0.10716792339045084,-0.16501962273192175,-0.09643412767278188,-0.051428609004750936,-0.09643412767278188,52166,8.65506268450715,61.908139401142506,0.0,81.5933749952076,Ephb1,EPHB1,S337P,S337P,targeting guide,Missense,0.6480791921747158,0.6623465308186767,1.0,0.9999614030704774,0.9999614030704774,0.7417275347574097,0.5478334665774731,1.0,0.9999998371229615,0.9999998371229615
gRNA_3416,EPHB1,0.12933077915715682,0.06162273993039125,0.015464160361766566,0.06880589314977155,0.06162273993039125,820.0548879530354,0.18179409165799396,0.06638233429787467,-0.19081975977749674,0.019118888726123967,0.06638233429787467,28583,20.407235069796734,89.16138963719693,0.0,77.14725536157856,Ephb1,EPHB1,S337P,S337P,targeting guide,Missense,0.7827296632652246,0.502826798547219,1.0,0.9999614030704774,0.9999614030704774,0.6750867313810793,0.6014218621186473,1.0,0.9999998371229615,0.9999998371229615
gRNA_3469,ERBB2,-0.1619276746701215,-0.3837633319449459,-0.12624548694106494,-0.22397883118537745,-0.1619276746701215,952.7352037538648,-0.09063906204292493,0.15798232261859474,0.12450631494797339,0.06394985850788105,0.12450631494797339,26858,7.401891428996947,36.81212301735052,1.4781443145431528,85.71375381636757,Erbb2,ERBB2,L1010P,L1009P,targeting guide,Missense,0.891930334986019,0.3287407695149167,1.0,0.9999614030704774,0.9999614030704774,0.6347330155820758,0.6636205934282557,1.0,0.9999998371229615,0.9999998371229615
gRNA_3470,ERBB2,0.10817693766040895,0.10255748951663712,-0.09844873118977929,0.03742856532908893,0.10255748951663712,627.9352838175363,-0.2511210237756865,0.08719012978652353,-0.31385649710820923,-0.15926246369912408,-0.2511210237756865,23824,42.86014103425118,51.04096709200806,0.0083948959032908,26.52367360644728,Erbb2,ERBB2,L1010P,L1009P,targeting guide,Missense,0.8028622166740745,0.47516840367098256,1.0,0.9999614030704774,0.9999614030704774,0.8209949815191085,0.4294536972452848,1.0,0.9999998371229615,0.9999998371229615
gRNA_3471,ERBB2,0.17874675698128747,0.03039554045916284,0.25597254345706477,0.1550382802991717,0.17874675698128747,992.3571409350775,0.213982646466967,0.4399962190034217,0.38981629382871114,0.34793171976636655,0.38981629382871114,35154,0.0256016385048643,57.55248335893497,0.5262559025999887,95.82693292370712,Erbb2,ERBB2,L1010P,L1009P,targeting guide,Missense,0.6834684416473913,0.6177364643805907,1.0,0.9999614030704774,0.9999614030704774,0.14221393684571915,0.9545370907436881,0.7336684317157108,0.9999998371229615,0.7336684317157108
gRNA_3502,ERBB2,0.1988555414527653,0.33185171952661013,0.5328937326568188,0.3545336645453981,0.33185171952661013,1399.977749746045,0.3683295018329074,0.05735282136773867,0.13860772566154353,0.1880966829540632,0.13860772566154353,59104,31.29906605305901,73.76996480779643,0.0575257173795343,56.51732539252843,Erbb2,ERBB2,T863A,T862A,targeting guide,Missense,0.4163956879560899,0.8051956457108408,1.0,0.9999614030704774,0.9999614030704774,0.4450196804466511,0.7710064884496738,1.0,0.9999998371229615,0.9999998371229615
gRNA_3503,ERBB2,0.3971759625599528,0.35860014984012606,0.46938260173446483,0.4083862380448479,0.3971759625599528,485.6331849464258,0.4842070360321634,0.3852605920173187,0.49452529814204776,0.45466430873051,0.4842070360321634,19805,37.53597576369604,79.0355970714466,0.1262307498106538,50.34082302448877,Erbb2,ERBB2,T863A,T862A,targeting guide,Missense,0.3935709121158274,0.844205856700926,1.0,0.9999614030704774,0.9999614030704774,0.050787876792252,0.990803864341023,0.393534756601084,0.9999998371229615,0.393534756601084
gRNA_3510,ERBB2,0.6888879376170004,0.15850083327831105,0.06576475766056682,0.30438450951862606,0.15850083327831105,178.90483716344403,0.41777940772601807,0.23868905634149004,0.28824731444147017,0.3149052595029928,0.28824731444147017,6635,0.0,5.938206480783722,0.0,81.37151469480031,Erbb2,ERBB2,L756S,L755S,targeting guide,Missense,0.34864947052197204,0.7557858546374369,1.0,0.9999614030704774,0.9999614030704774,0.2221778484115151,0.9313578797795198,0.9471326605590484,0.9999998371229615,0.9471326605590484
gRNA_3511,ERBB2,0.539340876802217,0.3172755115398172,0.21436756984045124,0.35699465272749514,0.3172755115398172,620.7232098117175,0.3658139060265802,0.3570933129882218,0.23111457906499536,0.3180072660265991,0.3570933129882218,25449,3.1199654210381547,6.063106605367598,0.2829187787339384,36.08786199850682,Erbb2,ERBB2,L756S,L755S,targeting guide,Missense,0.41263807352658416,0.8093722454689659,1.0,0.9999614030704774,0.9999614030704774,0.2365163249623644,0.9312297729287676,0.9696263130640993,0.9999998371229615,0.9696263130640993
gRNA_3515,ERBB2,-0.40891213695565304,-0.45602010724480735,-0.26045017556541206,-0.3751274732552908,-0.40891213695565304,1600.3531613247621,-0.3971436472698709,-0.026596858390157796,-0.34237983268000016,-0.25537344611334295,-0.34237983268000016,38501,40.30284927664216,81.96670216358017,0.296096205293369,45.51829822602011,Erbb2,ERBB2,D874G,D873G,targeting guide,Missense,0.9095029143881462,0.29414929017138214,1.0,0.9999614030704774,0.9999614030704774,0.8772572848027371,0.3387904402841675,1.0,0.9999998371229615,0.9999998371229615
gRNA_3516,ERBB3,-0.10576209459404787,0.04702336064559928,0.10905192446676083,0.01677106350610408,0.04702336064559928,782.7564810604428,0.2848188208090034,0.4384272858685766,0.4045456632353873,0.3759305899709891,0.4045456632353873,25971,1.6787955796850331,30.233722228639635,0.0115513457317777,91.24407993531246,Erbb3,ERBB3,F244S,F244S,targeting guide,Missense,0.8024444299370466,0.4740414098945068,1.0,0.9999614030704774,0.9999614030704774,0.13016242893727617,0.965425563789763,0.6963689948144275,0.9999998371229615,0.6963689948144275
gRNA_3517,ERBB3,0.4241890290001508,0.34571423719788535,0.3074746814287453,0.3591259825422605,0.34571423719788535,786.1176139561949,-0.10407771094800788,0.23738975298731485,0.18116265345383026,0.10482489849771241,0.18116265345383026,33078,12.797025213132596,58.277404921700224,0.5895156901868311,70.28840921458371,Erbb3,ERBB3,F244S,F244S,targeting guide,Missense,0.4733276607330862,0.7972365125159226,1.0,0.9999614030704774,0.9999614030704774,0.516453448454004,0.7437126611332694,1.0,0.9999998371229615,0.9999998371229615
gRNA_3518,ERBB3,-0.8444421943362606,-1.0776125071155433,-0.7566487151962527,-0.8929011388826855,-0.8444421943362606,1438.5071048045702,-1.0625638624450842,-0.7092911295130049,-0.620775936328972,-0.7975436427623537,-0.7092911295130049,24933,0.7981390125536437,87.87951710584366,2.033449645048731,92.54401796815466,Erbb3,ERBB3,F244S,F244S,targeting guide,Missense,0.9726580490626087,0.1107973196487969,1.0,0.9999614030704774,0.9999614030704774,0.9838201209099652,0.07415439755896178,1.0,0.9999998371229615,0.9999998371229615
gRNA_3522,ERBB3,-0.5616717822697591,-0.2818748654567553,-0.3879426576493103,-0.4104964351252749,-0.3879426576493103,1119.5078238275773,-0.2891546483695454,-0.39524557652110565,-0.373518976712669,-0.35263973386777336,-0.373518976712669,29193,1.3085328674682288,83.13979378618161,0.8358168053985544,92.95379029219332,Erbb3,ERBB3,Q807R,Q809R,targeting guide,Missense,0.9119916773962078,0.28866901797769057,1.0,0.9999614030704774,0.9999614030704774,0.9186190734052806,0.2711531915385666,1.0,0.9999998371229615,0.9999998371229615
gRNA_3523,ERBB3,-0.06247320984608801,0.06938654608349835,-0.21579521856249584,-0.06962729410836183,-0.06247320984608801,693.2075838533905,0.09699300318352413,-0.2899785901886665,-0.30745146663094375,-0.16681235121202873,-0.2899785901886665,21202,6.791812093198756,91.66588057730402,0.3773228940665974,88.4209036883313,Erbb3,ERBB3,Q807R,Q809R,targeting guide,Missense,0.8479594867548748,0.40240513036081227,1.0,0.9999614030704774,0.9999614030704774,0.8058008357967191,0.4432212887367101,1.0,0.9999998371229615,0.9999998371229615
gRNA_3524,ERBB3,0.3180565328834898,0.23862856129688345,0.3747188894230244,0.3104679945344659,0.3180565328834898,492.9664702800733,0.16242813950343118,0.1756307174856818,0.14159921815077292,0.15988602504662863,0.16242813950343118,17001,44.826774895594376,95.32968648903004,0.0058820069407681,53.76154343862126,Erbb3,ERBB3,Q807R,Q809R,targeting guide,Missense,0.5463312165328762,0.7501207727784465,1.0,0.9999614030704774,0.9999614030704774,0.5438736739492023,0.7538613124237566,1.0,0.9999998371229615,0.9999998371229615
gRNA_3525,ERBB3,0.5260994409491213,0.7302457962432685,0.26515210904932696,0.5071657820805723,0.5260994409491213,505.6330540381918,0.4245411129674451,0.3249436163897319,0.3635542642597042,0.37101299787229375,0.3635542642597042,21251,29.13274669427321,61.677097548350666,0.5129170391981553,53.99275328219848,Erbb3,ERBB3,Q807R,Q809R,targeting guide,Missense,0.16495405378634928,0.9209195163689711,1.0,0.9999614030704774,0.9999614030704774,0.16796366623203188,0.9558506334707798,0.8169141948557914,0.9999998371229615,0.8169141948557914
gRNA_3543,ERBB3,0.12698825264308036,0.15943649685625522,0.3377685364172786,0.2080644286388714,0.15943649685625522,1619.3943721416692,0.18963300625604354,0.13604856300590226,0.1387779334964548,0.1548198342528002,0.1387779334964548,63906,22.819453572434515,48.54004318843301,0.2707101054674052,61.00835602290865,Erbb3,ERBB3,D251G,D251G,targeting guide,Missense,0.6455574714125349,0.6574710982697445,1.0,0.9999614030704774,0.9999614030704774,0.5347793445239926,0.7575730352590506,1.0,0.9999998371229615,0.9999998371229615
gRNA_3544,ERBB3,0.019488703148647823,-0.03224650620609082,0.07415078501817422,0.020464327320243742,0.019488703148647823,1633.9286991333631,-0.01740885958145949,-0.0751722404340269,0.059477629429794454,-0.011034490195230645,-0.01740885958145949,55132,3.8616411521439455,9.069143147355438,2.23463687150838,36.61394471450337,Erbb3,ERBB3,D251G,D251G,targeting guide,Missense,0.8212826175377079,0.44949839016049686,1.0,0.9999614030704774,0.9999614030704774,0.7555819749430626,0.5419534043788876,1.0,0.9999998371229615,0.9999998371229615
gRNA_3545,ERBB3,-0.01205911030292407,-0.05095111415828771,-0.19882597832117455,-0.08727873426079545,-0.05095111415828771,875.8431033906738,-0.30039358332499744,-0.24258208132055697,-0.3058401678913701,-0.2829386108456415,-0.30039358332499744,29253,62.068847639558335,83.95378251803234,0.2871500358937545,23.084811814172905,Erbb3,ERBB3,Y148H,Y148H,targeting guide,Missense,0.8651800847842399,0.3773816781601216,1.0,0.9999614030704774,0.9999614030704774,0.8849603252669267,0.34353408901805554,1.0,0.9999998371229615,0.9999998371229615
gRNA_3569,ERBB3,-0.05722975301894183,-0.12414275842333808,0.27212481715256204,0.03025076857009405,-0.05722975301894183,840.2024034710854,-0.029642494260278787,0.015121545656292217,-0.04456367663113356,-0.019694875078373374,-0.029642494260278787,24836,0.595909164116605,4.054598163955549,0.0,53.607666290868096,Erbb3,ERBB3,K329E,K329E,targeting guide,Missense,0.7797009997171498,0.4855424117977284,1.0,0.9999614030704774,0.9999614030704774,0.7640842161798728,0.5315716477523666,1.0,0.9999998371229615,0.9999998371229615
gRNA_3570,ERBB3,0.22172025700963727,0.5369076827710906,0.6107760882438449,0.45646800934152426,0.5369076827710906,599.3009369002737,0.5011711367048982,0.31050085320239107,0.14592350250413957,0.3191984974704763,0.31050085320239107,26110,0.0038299502106472,61.31367292225202,0.0,96.3692072003064,Erbb3,ERBB3,K329E,K329E,targeting guide,Missense,0.22735203474332522,0.9016611036959715,1.0,0.9999614030704774,0.9999614030704774,0.1862469782238925,0.908452448084321,0.8552972819723819,0.9999998371229615,0.8552972819723819
gRNA_3571,ERBB3,0.3679966971018406,0.61548709059702,0.6014966314520077,0.5283268063836227,0.6014966314520077,504.6027577516462,0.5872933338684034,0.3428523502361221,0.461577605087388,0.46390776306397113,0.461577605087388,24159,0.0,56.42617658015647,0.2028229645266774,93.4765511817542,Erbb3,ERBB3,K329E,K329E,targeting guide,Missense,0.16680551894367007,0.9376322629482156,1.0,0.9999614030704774,0.9999614030704774,0.05796453036545092,0.9848118092944993,0.4219186904151869,0.9999998371229615,0.4219186904151869
gRNA_3572,ERBB3,0.38971276186722964,0.5365246158534505,0.6998151741488403,0.5420175172898402,0.5365246158534505,810.3583322000073,0.20604270775658687,0.7026061694126533,0.6558358934232906,0.5214949235308436,0.6558358934232906,37876,0.0052803886366036,45.96314288731651,0.2191361284190516,96.68391593621293,Erbb3,ERBB3,K329E,K329E,targeting guide,Missense,0.1683099314641505,0.9387340301519205,1.0,0.9999614030704774,0.9999614030704774,0.029491159171136566,0.9815196893322838,0.2868685483010557,0.9999998371229615,0.2868685483010557
gRNA_3577,ERBB3,0.23342636402264988,0.33712562611026314,0.29434461814220514,0.2882988694250394,0.29434461814220514,763.6313653219725,0.6265336319610586,0.4405244573007646,0.6599035217639446,0.5756538703419226,0.6265336319610586,31561,35.312569310224646,78.32768289978138,0.3612052850036437,57.30173315167454,Erbb3,ERBB3,H228R,H228R,targeting guide,Missense,0.5840627810224404,0.7206177553364783,1.0,0.9999614030704774,0.9999614030704774,0.017612364752518237,0.997692201474888,0.22022749494882732,0.9999998371229615,0.22022749494882732
gRNA_3578,ERBB3,0.6048757784804949,0.8093750088568396,0.5857999340298465,0.6666835737890603,0.6048757784804949,943.2990255998412,0.499167428575816,0.44404963649849016,0.6737498304737932,0.5389889651826998,0.499167428575816,51021,51.50428255032241,92.0013327845397,0.1901177946335822,45.09319691891574,Erbb3,ERBB3,H228R,H228R,targeting guide,Missense,0.061272877364819595,0.9878062714030909,0.8877249947067147,0.9999614030704774,0.8877249947067147,0.01848601490270728,0.9973952358219136,0.22477313574882715,0.9999998371229615,0.22477313574882715
gRNA_3579,ERBB3,0.3912739470696244,0.5465664174348803,0.7888515333640012,0.5755639659561687,0.5465664174348803,176.864582427439,1.0760302306781502,0.7088907587535487,0.6509207121938619,0.8119472338751869,0.7088907587535487,9213,27.87365678931944,95.74514273309454,3.3756648214479537,63.41039835015738,Erbb3,ERBB3,H228R,H228R,targeting guide,Missense,0.13877282751475864,0.9441003447365333,1.0,0.9999614030704774,0.9999614030704774,3.765636110695537e-05,0.9997832056730428,0.003357692198703521,0.9999998371229615,0.003357692198703521
gRNA_3580,ERBB3,-0.009439037472599198,-0.03770064451592089,-0.13281354303537296,-0.05998440834129768,-0.03770064451592089,951.5875604648619,0.28868511703096705,-0.11340129886987065,0.07146055891715343,0.08224812569274993,0.07146055891715343,28128,8.887940841865756,92.6123435722412,0.4870591581342435,88.0368316268487,Erbb3,ERBB3,H228R,H228R,targeting guide,Missense,0.8594394872540819,0.38870705025541213,1.0,0.9999614030704774,0.9999614030704774,0.570995374339077,0.6875610192680015,1.0,0.9999998371229615,0.9999998371229615
gRNA_3626,ERBB4,0.47364099379082036,0.2970720903638473,0.09934053911189374,0.2900178744221871,0.2970720903638473,1118.8411615245186,0.2913581927009022,0.0002099666068341798,0.1903920214838956,0.16065339359721068,0.1903920214838956,46976,0.3491144414168937,7.552792915531335,0.0,76.65829359673025,Erbb4,ERBB4,I142V,I142V,targeting guide,Missense,0.5022818832038698,0.7314514857940984,1.0,0.9999614030704774,0.9999614030704774,0.48976106992002155,0.7590161102823869,1.0,0.9999998371229615,0.9999998371229615
gRNA_3666,ERCC2,1.057466040987603,0.515243393005336,-0.1786402437355969,0.4646897300857807,0.515243393005336,8.302975956278589,-0.027781875714063535,-1.2764065473532529,-2.0110777087060745,-1.1050887105911302,-1.2764065473532529,0,0.0,0.0,0.0,0.0,Ercc2,ERCC2,Y209C,Y209C,targeting guide,Missense,0.15658811497649944,0.8192299959431968,1.0,0.9999614030704774,0.9999614030704774,0.9798864267804427,7.587665365521722e-05,1.0,0.0035299138874383663,0.0035299138874383663
gRNA_3676,ERCC2,0.24349696965368647,0.4792948827446546,0.012391929124404448,0.24506126050758184,0.24349696965368647,1200.3711223364792,0.21662977336529182,0.14895788218718253,0.28274283078177165,0.21611016211141534,0.21662977336529182,50955,6.6764792463938765,9.553527622411933,0.2610146207437935,25.249730154057502,Ercc2,ERCC2,I80T,I80T,targeting guide,Missense,0.5270284772573164,0.6969931595404065,1.0,0.9999614030704774,0.9999614030704774,0.41840436729561714,0.8342277315317956,1.0,0.9999998371229615,0.9999998371229615
gRNA_3677,ERCC2,0.18567715279678618,0.4262554445529395,0.020961149366758337,0.210964582238828,0.18567715279678618,1470.6570405478558,0.16166419529078166,0.40081581291788787,0.36954490356746567,0.3106749705920451,0.36954490356746567,61387,5.434375356345806,28.65753335396745,0.0032580187987684,74.69659699936469,Ercc2,ERCC2,I80T,I80T,targeting guide,Missense,0.5890432039822362,0.6679236928730752,1.0,0.9999614030704774,0.9999614030704774,0.23404531283133417,0.9149075228019614,0.9669053464460524,0.9999998371229615,0.9669053464460524
gRNA_3679,ERCC2,-0.6931684852319957,-0.5391436530979807,-0.5066014027058271,-0.5796378470119344,-0.5391436530979807,1740.7158789506104,-0.8631014376294596,-0.9588548151274219,-0.6140729978555108,-0.8120097502041307,-0.8631014376294596,37841,0.0739938162310721,12.092703681192358,1.0068444280013742,92.16722602468222,Ercc2,ERCC2,N238S,N238S,targeting guide,Missense,0.9262201743686791,0.2563814197306333,1.0,0.9999614030704774,0.9999614030704774,0.9844410043163503,0.08066091353836567,1.0,0.9999998371229615,0.9999998371229615
gRNA_3680,ERCC2,-0.8687480462534396,-0.5278715605698583,-0.5813380064879945,-0.6593192044370975,-0.5813380064879945,1921.0783347599906,-0.40882476598903816,-0.4532317017070629,-0.2006217290640754,-0.35422606558672554,-0.40882476598903816,31157,0.1476393747793433,12.940912154572008,0.0,88.54831979972397,Ercc2,ERCC2,N238S,N238S,targeting guide,Missense,0.9386673712637668,0.2199283431831901,1.0,0.9999614030704774,0.9999614030704774,0.9106919710733347,0.2847939231724843,1.0,0.9999998371229615,0.9999998371229615
gRNA_3681,ERCC2,0.02858684792229824,0.16662011738695265,0.26499831552804687,0.15340176027909924,0.16662011738695265,1417.9907186062055,-0.10402849533428295,0.12215252692435703,-0.06553648835957368,-0.015804152256499865,-0.06553648835957368,52582,2.4285877296413223,12.24753718002358,0.1749648168574797,72.44494313643453,Ercc2,ERCC2,N238S,N238S,targeting guide,Missense,0.6834684416473913,0.6177364643805907,1.0,0.9999614030704774,0.9999614030704774,0.7158999244649511,0.5822989320160605,1.0,0.9999998371229615,0.9999998371229615
gRNA_3682,ERCC2,0.3853920267840107,0.6396017379200505,0.5112655829950405,0.5120864492330339,0.5112655829950405,870.2961608271601,1.043482231917979,0.6790141740682307,0.5937782866210697,0.7720915642024265,0.6790141740682307,42837,0.2147676074421645,5.089058524173027,0.1610757055816233,93.02238718864533,Ercc2,ERCC2,N238S,N238S,targeting guide,Missense,0.19202543934392005,0.9335736276994357,1.0,0.9999614030704774,0.9999614030704774,4.1951691984243674e-05,0.9997292652699152,0.0034529469556262102,0.9999998371229615,0.0034529469556262102
gRNA_3685,ERCC2,0.07833923171597486,0.04031321492378963,0.10988818421876283,0.07618021028617578,0.07833923171597486,672.3914514346689,-0.6247207843276057,-0.06734860774958243,-0.20594851784781834,-0.29933930330833547,-0.20594851784781834,22743,60.08442158026646,89.95295255683068,0.0043969573055445,30.629204590423427,Ercc2,ERCC2,Y14C,Y14C,targeting guide,Missense,0.775879185962888,0.5156699302959968,1.0,0.9999614030704774,0.9999614030704774,0.8749694218784478,0.32704040726477357,1.0,0.9999998371229615,0.9999998371229615
gRNA_3686,ERCC2,0.4249916011930012,0.6274803291853385,0.6627226956613503,0.57173154201323,0.6274803291853385,361.2703625939903,0.48577166997865107,0.13735755932069954,0.41467203838326966,0.3459337558942068,0.41467203838326966,15154,36.03009106506533,86.16866833839251,0.4553253266464299,54.90959482644846,Ercc2,ERCC2,Y14C,Y14C,targeting guide,Missense,0.13084775922155492,0.9647555279879022,1.0,0.9999614030704774,0.9999614030704774,0.1426196577540821,0.9370432224079219,0.7336684317157108,0.9999998371229615,0.7336684317157108
gRNA_3692,ERCC2,-0.15032673733202234,-0.09104940130899648,-0.24336483272199558,-0.16158032378767148,-0.15032673733202234,1340.5111195158272,-0.12990020528434926,-0.3704960055262696,-0.1853048360487594,-0.22856701561979276,-0.1853048360487594,38994,25.734728419756888,93.18869569677386,0.1897727855567523,69.27732471662307,Ercc2,ERCC2,K82R,K82R,targeting guide,Missense,0.8831883094878124,0.3449062635360797,1.0,0.9999614030704774,0.9999614030704774,0.8525903452368327,0.3897843678444209,1.0,0.9999998371229615,0.9999998371229615
gRNA_3693,ERCC2,0.04010339084968632,-0.10604351284320163,-0.15431680979981605,-0.07341897726444378,-0.10604351284320163,2435.426575185045,0.09117897865456794,-0.02847942018275377,0.04808561895018321,0.03692839247399912,0.04808561895018321,77357,0.7717465775560065,2.0812596145145235,0.398154013211474,39.422418139276346,Ercc2,ERCC2,K82R,K82R,targeting guide,Missense,0.8480552173843194,0.4031545396330114,1.0,0.9999614030704774,0.9999614030704774,0.728031144668616,0.5724685100454869,1.0,0.9999998371229615,0.9999998371229615
gRNA_3694,ERCC2,0.28878186090647573,0.6027479706382772,0.5530983422585383,0.48154272460109704,0.5530983422585383,569.7869087165133,0.6575652725885028,0.9139735871187358,0.4730069316899809,0.6815152637990732,0.6575652725885028,25460,48.6802827965436,74.06912804399057,0.0,33.311076197957576,Ercc2,ERCC2,K82R,K82R,targeting guide,Missense,0.2222982583006272,0.9082870512985171,1.0,0.9999614030704774,0.9999614030704774,0.003449315496710212,0.999134375105054,0.10252132170777575,0.9999998371229615,0.10252132170777575
gRNA_3698,ERCC2,0.510709913947799,0.5961956592574766,0.28529847380243484,0.4640680156692368,0.510709913947799,1342.9278454015641,0.7138319737581058,0.6843140935564687,0.8930790499734489,0.7637417057626745,0.7138319737581058,66132,3.5247686445291238,72.91175225306962,0.3946652150244964,87.02141172201053,Ercc2,ERCC2,T49A,T49A,targeting guide,Missense,0.2389028363407309,0.9037365951252246,1.0,0.9999614030704774,0.9999614030704774,0.0014795781049037565,0.9998259599645246,0.05863513230544516,0.9999998371229615,0.05863513230544516
gRNA_3699,ERCC2,-0.6919379591924073,-0.5004222849034227,-0.3855034013453189,-0.525954548480383,-0.5004222849034227,2039.0169567374955,-0.8774784145142326,-1.0462667448598901,-0.6480184045978971,-0.8572545213240065,-0.8774784145142326,46300,5.412526997840173,76.89848812095033,0.0043196544276457,87.4902807775378,Ercc2,ERCC2,T49A,T49A,targeting guide,Missense,0.9239132926118929,0.26137618699919446,1.0,0.9999614030704774,0.9999614030704774,0.9894519552582691,0.055120963079388255,1.0,0.8802900073872453,0.8802900073872453
gRNA_3703,ERCC2,0.20679965853630933,0.6828202205732117,0.7461533793073685,0.5452577528056298,0.6828202205732117,186.42104665131302,0.5642432354048172,0.1689953123731565,0.21728698789050505,0.31684184522282627,0.21728698789050505,8390,38.963051251489865,62.81287246722288,0.0595947556615017,34.93444576877235,Ercc2,ERCC2,T484A,T484A,targeting guide,Missense,0.11143562145945873,0.9366749161774459,1.0,0.9999614030704774,0.9999614030704774,0.17480809971877126,0.9018267624301588,0.8386459739548097,0.9999998371229615,0.8386459739548097
gRNA_3704,ERCC2,-0.3092649143904564,-0.14250148925053774,-0.6539826761469882,-0.3685830265959941,-0.3092649143904564,1876.169537799389,-0.5943727601896642,-0.7758546260726138,-0.7319548570170828,-0.7007274144264537,-0.7319548570170828,52448,48.26876143990238,69.24191580231849,1.1249237339841367,31.50167785234899,Ercc2,ERCC2,Y72C,Y72C,targeting guide,Missense,0.9098338538735442,0.2898006513401593,1.0,0.9999614030704774,0.9999614030704774,0.975571547598229,0.11787303780252571,1.0,0.9999998371229615,0.9999998371229615
gRNA_3705,ERCC2,0.2034647270210242,0.09427881791624855,0.07116575329964696,0.12296976607897324,0.09427881791624855,544.9413193071276,-0.33846014912648686,0.02058390297018198,-0.03685696584199799,-0.1182444039994343,-0.03685696584199799,18938,8.300770936740944,10.148906959552225,1.2408913296018589,27.82236772626465,Ercc2,ERCC2,Y72C,Y72C,targeting guide,Missense,0.7426999209109735,0.5520757494787232,1.0,0.9999614030704774,0.9999614030704774,0.8161523431037273,0.4432573841415367,1.0,0.9999998371229615,0.9999998371229615
gRNA_3711,ERCC2,0.05412203429630479,0.12869160079744152,0.222279396201463,0.13503101043173646,0.12869160079744152,1439.7481519514902,0.0360001589694501,-0.009800302644097243,0.14182059414696263,0.05600681682410516,0.0360001589694501,52670,2.525156635655972,38.60831592937156,0.275299031706854,86.40212644769318,Ercc2,ERCC2,S74P,S74P,targeting guide,Missense,0.7176578243506777,0.5825813191929621,1.0,0.9999614030704774,0.9999614030704774,0.7002112695770097,0.5973521170825244,1.0,0.9999998371229615,0.9999998371229615
gRNA_3712,ERCC2,-0.8675851967216395,-1.2706602595209535,-0.9431010571279734,-1.0271155044568554,-0.9431010571279734,1824.654723472113,-0.7425938744403282,-0.4223045377626234,-0.48915293255645254,-0.5513504482531347,-0.48915293255645254,28731,45.33778845149838,72.56273711322265,0.7761651178169922,34.457554557794715,Ercc2,ERCC2,S74P,S74P,targeting guide,Missense,0.98999253273664,0.028882954461140444,1.0,0.9999614030704774,0.9999614030704774,0.9553314305478727,0.17543809271981314,1.0,0.9999998371229615,0.9999998371229615
gRNA_3754,ERCC4,0.3113925393219708,0.06789232174960594,0.20337401336428546,0.1942196248119541,0.20337401336428546,726.7831216619915,0.08889673246606307,0.3314821012896582,0.15098706969993417,0.19045530115188514,0.15098706969993417,27528,2.8298459750072653,18.156059285091544,0.0,69.6200232490555,Ercc4,ERCC4,I266V,I266V,targeting guide,Missense,0.6677929488590006,0.6309347221213177,1.0,0.9999614030704774,0.9999614030704774,0.4723660022075603,0.7814569115932016,1.0,0.9999998371229615,0.9999998371229615
gRNA_3755,ERCC4,0.215464167017848,0.559551507646225,0.3197325388282481,0.364916071164107,0.3197325388282481,727.2073613093927,-0.04748651735559805,0.16285676047145112,0.23065932160255453,0.11534318823946921,0.16285676047145112,32110,0.6446589847399564,12.858922454064151,0.0373715353472438,90.47337278106508,Ercc4,ERCC4,I266V,I266V,targeting guide,Missense,0.41263807352658416,0.8093722454689659,1.0,0.9999614030704774,0.9999614030704774,0.5469225718104425,0.7224882044726497,1.0,0.9999998371229615,0.9999998371229615
gRNA_3804,ERG,0.2990176357125252,0.28110131572948016,-0.17657584901914944,0.13451436747428527,0.28110131572948016,297.4946436937384,0.5800658993152044,0.00949970743663138,-0.048012155325820635,0.18051781714200507,0.00949970743663138,11241,3.647362334311894,63.37514456009252,0.0,82.76843697179966,Erg,ERG,Y244H,Y244H,targeting guide,Missense,0.698397611855941,0.5722439806093791,1.0,0.9999614030704774,0.9999614030704774,0.2779902337680184,0.7344735514369352,1.0,0.9999998371229615,0.9999998371229615
gRNA_3805,ERG,0.5681325663485965,0.675851660740812,0.22186186392937488,0.4886153636729278,0.5681325663485965,397.65839963948696,0.8396094554880531,0.5240647436286039,0.5276777844378402,0.6304506611848324,0.5276777844378402,19675,32.823379923761124,47.98475222363405,0.0,26.277001270648032,Erg,ERG,Y244H,Y244H,targeting guide,Missense,0.20870992039441993,0.906308770561929,1.0,0.9999614030704774,0.9999614030704774,0.004437661882309754,0.9988786565473556,0.11782526626146715,0.9999998371229615,0.11782526626146715
gRNA_3806,ERG,0.17213860108988271,0.4170566074843988,0.2708539340484353,0.2866830475409056,0.2708539340484353,855.6318299121236,0.5611247078788342,0.23796168198970752,0.3046899158212425,0.367925435229928,0.3046899158212425,36419,22.34547900821,43.15329910211703,0.0,36.58529888245147,Erg,ERG,Y244H,Y244H,targeting guide,Missense,0.5287022564480339,0.749959020472664,1.0,0.9999614030704774,0.9999614030704774,0.1403099014769229,0.947067359622176,0.7323492418551586,0.9999998371229615,0.7323492418551586
gRNA_3838,ESR1,-1.237312644250337,-1.048615374950688,-1.021148470488501,-1.1023588298965086,-1.048615374950688,787.4745701374545,-1.6938731283027748,-0.922099168664948,-1.0492856452074253,-1.221752647391716,-1.0492856452074253,12211,20.342314306772582,64.03242977643109,0.0327573499303906,71.54205224797315,Esr1,ESR1,L540P,L536P,targeting guide,Missense,0.9963888091268045,0.022723803773511405,1.0,0.9999614030704774,0.9999614030704774,0.9984531765869473,0.00011548974757974995,1.0,0.004752847304243556,0.004752847304243556
gRNA_3842,ESR1,-0.09242253796874393,-0.33830989670053896,0.0373778227992055,-0.13111820395669246,-0.09242253796874393,1645.465444588084,0.17359952630975944,0.2571130669370771,0.20959395112250506,0.21343551478978054,0.20959395112250506,49119,71.51611392740081,90.98108674850872,0.5354343533052383,23.123434923349414,Esr1,ESR1,Y541C,Y537C,targeting guide,Missense,0.8536117063529319,0.3903749099695321,1.0,0.9999614030704774,0.9999614030704774,0.416719087346194,0.8381612436646504,1.0,0.9999998371229615,0.9999998371229615
gRNA_3843,ESR1,-0.5097790971611886,-0.6049155244755082,-0.33680505563521307,-0.4838332257573033,-0.5097790971611886,1972.7143604150954,-1.0453944601755052,-0.5137591436649231,-0.5451306535055107,-0.7014280857819797,-0.5451306535055107,49146,56.66585276523013,77.59329345216295,0.4700280795995605,25.981768607821596,Esr1,ESR1,Y541C,Y537C,targeting guide,Missense,0.9196101679349766,0.27191799263788974,1.0,0.9999614030704774,0.9999614030704774,0.9763563801172321,0.09177657135102484,1.0,0.9999998371229615,0.9999998371229615
gRNA_3861,ESR1,-0.8477613802103126,-1.2465892228786024,-0.6341972565940003,-0.9095159532276385,-0.8477613802103126,1935.502482771628,-1.229829096346745,-0.8982126219013643,-0.9163787018604874,-1.0148068067028657,-0.9163787018604874,32273,49.14634524215288,84.33055495305673,1.1216806618535615,39.39516004090106,Esr1,ESR1,D542G,D538G,targeting guide,Missense,0.9777932345983937,0.05439152050241216,1.0,0.9999614030704774,0.9999614030704774,0.9968696312368546,0.010728386340051474,1.0,0.25347398420712597,0.25347398420712597
gRNA_3868,ESR1,0.13293235634073536,0.09725386781504419,0.23966500590333073,0.1566170766863701,0.13293235634073536,1821.3736576080205,0.05424665421962047,0.2839238908086545,0.3791957643949098,0.2391221031410616,0.2839238908086545,64674,0.0834956860562204,48.7924049850017,0.2597643566193524,92.21170795064478,Esr1,ESR1,H200R,H196R,targeting guide,Missense,0.698556440797474,0.6020742406687425,1.0,0.9999614030704774,0.9999614030704774,0.3408038325086513,0.8377218454398405,1.0,0.9999998371229615,0.9999998371229615
gRNA_3905,ETV6,-0.0077479506593848835,-0.4283633110937953,0.030253195555752153,-0.13528602206580934,-0.0077479506593848835,333.93720816857683,-1.0462164930232711,-0.42703018263391535,-0.5284617960595117,-0.6672361572388995,-0.5284617960595117,9050,81.0828729281768,88.69613259668509,0.0,9.193370165745856,Etv6,ETV6,Non-coding,,targeting guide,Intron,0.8499686244868798,0.3963034995943958,1.0,0.9999614030704774,0.9999614030704774,0.9727778947672558,0.09899500777495085,1.0,0.9999998371229615,0.9999998371229615
gRNA_3906,ETV6,0.16300706130920986,0.21541063779270006,0.3370940229077233,0.2385039073365444,0.21541063779270006,114.02068260803993,0.03923001498909787,0.2642378768359391,0.3255067066574252,0.20965819949415407,0.2642378768359391,765,3.3986928104575163,50.326797385620914,0.0,82.22222222222221,Etv6,ETV6,Y397H,Y401H,targeting guide,Missense,0.6126367895486367,0.6936838986253617,1.0,0.9999614030704774,0.9999614030704774,0.42047692885882537,0.8001027511858103,1.0,0.9999998371229615,0.9999998371229615
gRNA_3907,ETV6,0.7743039739326838,0.3784762849111944,0.2968683605574383,0.4832162064671055,0.3784762849111944,154.37498387806102,-0.3335560048160609,0.5592960340103299,0.535216438725064,0.253652155973111,0.535216438725064,584,5.308219178082192,86.13013698630137,0.0,85.61643835616438,Etv6,ETV6,Y397H,Y401H,targeting guide,Missense,0.22096296607696805,0.8765271200879886,1.0,0.9999614030704774,0.9999614030704774,0.10436875870085782,0.8337280070945505,0.6102435618028299,0.9999998371229615,0.6102435618028299
gRNA_3908,ETV6,0.052828181676571884,0.16214748219746927,0.19614323871086228,0.1370396341949678,0.16214748219746927,723.3340618742953,0.2532626132089995,0.3256280397223424,0.14979262645707206,0.24289442646280465,0.2532626132089995,18730,24.863854778430326,35.93699946609717,0.2509343299519487,43.61452215696743,Etv6,ETV6,Y350C,Y354C,targeting guide,Missense,0.6978419388288607,0.6043489879122608,1.0,0.9999614030704774,0.9999614030704774,0.3750751390677124,0.857082289799897,1.0,0.9999998371229615,0.9999998371229615
gRNA_3909,ETV6,0.005108269836518503,0.014384894491969938,0.17986804024710282,0.06645373485853041,0.014384894491969938,1480.9699064976758,0.26810121588305064,0.3564127662669183,0.25403861107632847,0.2928508644087658,0.26810121588305064,50167,16.59457412243108,89.60272689218012,0.548169115155381,80.0586042617657,Etv6,ETV6,Y350C,Y354C,targeting guide,Missense,0.7786486732362862,0.4981295225105652,1.0,0.9999614030704774,0.9999614030704774,0.27881784241478985,0.9149971039609737,1.0,0.9999998371229615,0.9999998371229615
gRNA_3923,ETV6,0.055868867553579435,-0.33792879480882726,-0.09480724705449003,-0.12562239143657927,-0.09480724705449003,1823.2863964230255,-0.26288306688542995,0.18440770733965575,0.16226056712100875,0.027928402525078184,0.16226056712100875,54614,6.9634159739261,33.70381220932362,0.3295858204855897,65.60039550298458,Etv6,ETV6,Y398C,Y402C,targeting guide,Missense,0.8536117063529319,0.3903749099695321,1.0,0.9999614030704774,0.9999614030704774,0.6309042691761391,0.6255742839769907,1.0,0.9999998371229615,0.9999998371229615
gRNA_3924,ETV6,-0.24399793778406828,-0.34101656143840126,-0.10875873421204965,-0.23125774447817304,-0.24399793778406828,2046.0472137515708,-0.06325896205146972,0.13368071515477975,0.030587969345360594,0.033669907482890206,0.030587969345360594,53912,48.54948805460751,77.53561359252114,1.526561804422021,41.05579462828312,Etv6,ETV6,Non-coding,,targeting guide,Intron,0.8937127913895627,0.324328741799547,1.0,0.9999614030704774,0.9999614030704774,0.7059329945278742,0.5926125078920521,1.0,0.9999998371229615,0.9999998371229615
gRNA_3925,ETV6,0.7722403277785977,0.6776255074458306,0.41105902744494127,0.6203082875564565,0.6776255074458306,823.7521839250992,0.005856096554620738,-0.10731367046412581,-0.1984381952805436,-0.0999652563966829,-0.10731367046412581,43633,65.93862443563357,74.39781816515023,0.0,11.456924804620355,Etv6,ETV6,Y387C,Y391C,targeting guide,Missense,0.09169428192930822,0.9683724091190642,1.0,0.9999614030704774,0.9999614030704774,0.7987978825330545,0.4799977703617806,1.0,0.9999998371229615,0.9999998371229615
gRNA_3926,ETV6,0.2769173654090137,0.32802418504553915,0.3472367374270146,0.31739276262718913,0.32802418504553915,1112.2351441578444,0.21114199392095742,-0.006089187527309821,-0.06428238553921828,0.046923473618143106,-0.006089187527309821,47948,57.51856177525653,68.72653708183866,0.2857262033870026,13.550095937265372,Etv6,ETV6,Y387C,Y391C,targeting guide,Missense,0.5682212193655432,0.7338878582069247,1.0,0.9999614030704774,0.9999614030704774,0.6425930775183699,0.6338073489935669,1.0,0.9999998371229615,0.9999998371229615
gRNA_3964,EZH2,-0.0028417546854770815,-0.22429054294933087,-0.18352881358077938,-0.13688703707186245,-0.18352881358077938,1412.172574870419,0.2165582240529789,0.2328933445847101,0.1018179616601101,0.18375651009926638,0.2165582240529789,41733,5.741259914216567,34.31816548055496,0.0,63.59954951716866,Ezh2,EZH2,Y728C,Y728C,targeting guide,Missense,0.8774070151915808,0.3553304188789154,1.0,0.9999614030704774,0.9999614030704774,0.4570303646604468,0.8067721338302867,1.0,0.9999998371229615,0.9999998371229615
gRNA_3975,EZH2,0.18603643352044286,0.01936181847797438,0.03881609874740769,0.08140478358194164,0.03881609874740769,1034.8417113391015,0.14208053795817113,0.06647629164285544,-0.1580853924178787,0.01682381239438262,0.06647629164285544,36850,30.795115332428765,52.38805970149254,0.1329715061058344,30.366350067842607,Ezh2,EZH2,Non-coding,,targeting guide,Exon,0.755278187499598,0.5335947091836477,1.0,0.9999614030704774,0.9999614030704774,0.703117488881914,0.5883234505497998,1.0,0.9999998371229615,0.9999998371229615
gRNA_3976,EZH2,-5.798405477622662,-4.552638528414256,-2.1978676606064584,-4.182970555547793,-4.552638528414256,17.32861172183258,0.3144846580767868,-1.8625241900667542,-1.577768669216656,-1.0419360670688744,-1.577768669216656,13,84.61538461538461,100.0,0.0,15.384615384615383,Ezh2,EZH2,Non-coding,,targeting guide,Exon,1.0,4.1025318572854354e-10,1.0,1.0974272718238539e-07,1.0974272718238539e-07,0.8815409986530569,1.3652574545735683e-06,1.0,8.593091037610107e-05,8.593091037610107e-05
gRNA_3985,EZH2,0.46687256748085243,0.40928127146567045,0.11720107565298053,0.3311183048665011,0.40928127146567045,568.2747019379104,0.3514730640955274,0.23031317687562977,-0.0065150197657954925,0.19175707373512055,0.23031317687562977,23625,2.4507936507936505,2.607407407407407,0.0634920634920634,5.951322751322751,Ezh2,EZH2,L240P,L240P,targeting guide,Missense,0.4338232677019598,0.7903723470840284,1.0,0.9999614030704774,0.9999614030704774,0.4186127265273012,0.7940659376261638,1.0,0.9999998371229615,0.9999998371229615
gRNA_3995,FAS,-0.5562877278087046,-0.6067167887312706,-0.5396649082491118,-0.5675564749296956,-0.5562877278087046,3588.218937718468,-0.1318174584832304,0.07248085566424667,-0.12551705535951718,-0.061617886059500304,-0.12551705535951718,87500,9.667428571428571,25.157714285714285,0.2239999999999999,54.77485714285714,Fas,FAS,D252G,D260G,targeting guide,Missense,0.9219743273582097,0.2667639210141157,1.0,0.9999614030704774,0.9999614030704774,0.7512645601386243,0.5430771548690787,1.0,0.9999998371229615,0.9999998371229615
gRNA_3996,FAS,-0.0954282991024567,0.03595091698555379,-0.1342975422896683,-0.06459164146885708,-0.0954282991024567,1100.8449459957324,-0.07304132499505378,-0.1276209372288005,-0.07341826613666277,-0.09136017612017235,-0.07341826613666277,37693,0.2812193245430185,3.963600668559149,0.0026530124956888,59.15156660387871,Fas,FAS,D252G,D260G,targeting guide,Missense,0.8419906693011194,0.41422149648991613,1.0,0.9999614030704774,0.9999614030704774,0.7722699191556053,0.5208457040339862,1.0,0.9999998371229615,0.9999998371229615
gRNA_4012,FAT1,-0.17995532558479374,-0.08534042269854665,-0.3726091301599492,-0.21263495948109654,-0.17995532558479374,948.842274244508,-0.2990757550200274,-0.08260640892632055,-0.14997951299555393,-0.17722055898063396,-0.14997951299555393,26513,14.46083053596349,23.79964545694565,0.0188586731037604,34.809338814920984,Fat1,FAT1,N750S,N749S,targeting guide,Missense,0.8859834847246687,0.33892110768984646,1.0,0.9999614030704774,0.9999614030704774,0.8251477774327994,0.4387737658492824,1.0,0.9999998371229615,0.9999998371229615
gRNA_4021,FAT1,-5.23563255201331,-5.797220524862508,-5.335534453138198,-5.456129176671339,-5.335534453138198,2.9328661830072797,-5.111427103086027,-5.132641278622144,-5.554154554715335,-5.266074312141169,-5.132641278622144,0,0.0,0.0,0.0,0.0,Fat1,FAT1,Y498H,Y497H,targeting guide,Missense,1.0,4.1025318572854354e-10,1.0,1.0974272718238539e-07,1.0974272718238539e-07,1.0,4.1025318572854354e-10,1.0,5.4871363591192696e-08,5.4871363591192696e-08
gRNA_4032,FAT1,-0.17113491898771516,0.0744591467777958,0.014272310239350623,-0.027467820656856243,0.014272310239350623,1044.902251548899,-0.21295713055818782,-0.46801374817429064,-0.31214166474993116,-0.3310375144941365,-0.31214166474993116,31912,1.7516921534219103,2.7826522938079723,0.6580596640762095,38.1267234895964,Fat1,FAT1,F3794S,F3769S,targeting guide,Missense,0.83819046136638,0.4194069405811439,1.0,0.9999614030704774,0.9999614030704774,0.8962684349906644,0.314535142036544,1.0,0.9999998371229615,0.9999998371229615
gRNA_4033,FAT1,-0.8939305862026258,-0.7439369191559807,-0.48107184919448337,-0.7063131181843633,-0.7439369191559807,2534.5064458022907,0.0482472769358764,-0.3604032340773129,-0.3237128141121882,-0.21195625708454158,-0.3237128141121882,54301,1.5064179296882192,53.11136074842084,0.0,97.2965507080901,Fat1,FAT1,F3794S,F3769S,targeting guide,Missense,0.9519218911488542,0.18228238567042432,1.0,0.9999614030704774,0.9999614030704774,0.8645178448760666,0.3643756216885099,1.0,0.9999998371229615,0.9999998371229615
gRNA_4104,FBXW7,0.16586073352088787,0.16626004340796893,0.06892541415307792,0.13368206369397823,0.16586073352088787,1280.9611844086792,0.18480316840177233,-0.04711009865644865,-0.07396381636829248,0.021243084459010405,-0.04711009865644865,49192,50.85583021629533,84.49747926492113,0.0081314034802406,39.73613595706619,Fbxw7,FBXW7,Y548C,Y545C,targeting guide,Missense,0.6978419388288607,0.6043489879122608,1.0,0.9999614030704774,0.9999614030704774,0.6623004145949418,0.6220894552057985,1.0,0.9999998371229615,0.9999998371229615
gRNA_4105,FBXW7,0.6571927242190807,0.9238526493402971,0.7108335275774016,0.7639596337122597,0.7108335275774016,804.3704296699964,0.7000916557676787,0.23670503662547723,0.3560941487852772,0.4309636137261444,0.3560941487852772,46854,51.13330772185939,85.53165151321124,0.1536688436419516,39.3541639988048,Fbxw7,FBXW7,Y548C,Y545C,targeting guide,Missense,0.03479293002843124,0.994655795790325,0.7288141578134111,0.9999614030704774,0.7288141578134111,0.0824656272304149,0.963034750851439,0.5221196516955262,0.9999998371229615,0.5221196516955262
gRNA_4106,FBXW7,0.36275888240249055,0.26549085760782537,0.20906924147438674,0.2791063271615676,0.26549085760782537,737.7433609473311,0.3308383648346714,-0.19703729810420956,0.031991938719701074,0.0552643351500543,0.031991938719701074,26069,1.1009244696766274,1.6878284552533662,1.0855805746288696,23.748513560167247,Fbxw7,FBXW7,Y548C,Y545C,targeting guide,Missense,0.5925919770405597,0.7117857501705864,1.0,0.9999614030704774,0.9999614030704774,0.5989603536241073,0.6217532082228923,1.0,0.9999998371229615,0.9999998371229615
gRNA_4111,FBXW7,-0.04536565040059297,-0.31082538889064154,-0.07369315598236045,-0.143294731757865,-0.07369315598236045,1238.1737137720554,0.3049178806414732,-0.058897133090269255,-0.22556751912625206,0.00681774280831729,-0.058897133090269255,36960,10.162337662337665,11.920995670995673,0.0,18.66341991341991,Fbxw7,FBXW7,D706G,D703G,targeting guide,Missense,0.8711669769497422,0.36650455848967256,1.0,0.9999614030704774,0.9999614030704774,0.6326382744338013,0.5989239646362914,1.0,0.9999998371229615,0.9999998371229615
gRNA_4116,FBXW7,-0.0010815318178250288,-0.16177708822471124,-0.03983100176530696,-0.06756320726928107,-0.03983100176530696,1075.871745809179,0.27826783080917594,0.16865828160914076,0.3242735470743665,0.2570665531642277,0.27826783080917594,34550,57.77424023154848,71.94211287988422,0.0202604920405209,19.21273516642547,Fbxw7,FBXW7,S585P,S582P,targeting guide,Missense,0.8623047731845662,0.3831581651594615,1.0,0.9999614030704774,0.9999614030704774,0.3643516190234361,0.8639752694632985,1.0,0.9999998371229615,0.9999998371229615
gRNA_4117,FBXW7,-0.42410506353380273,-0.2032348038465448,-0.27861084120969204,-0.3019835695300132,-0.27861084120969204,1411.0210672560447,0.03981590924318058,0.0975765423545038,0.134557713735608,0.09065005511109746,0.0975765423545038,40071,77.5623268698061,91.75713109231116,0.3169374360510094,15.210501360085848,Fbxw7,FBXW7,S585P,S582P,targeting guide,Missense,0.9047678546886584,0.3039755107053007,1.0,0.9999614030704774,0.9999614030704774,0.6583463257110898,0.6454661617988062,1.0,0.9999998371229615,0.9999998371229615
gRNA_4118,FBXW7,0.222260141129623,0.15136961811623795,0.2981886735194867,0.2239394775884492,0.222260141129623,1057.4257748951245,0.18926391859815128,0.2050323849737843,0.167500672491289,0.1872656586877415,0.18926391859815128,37062,14.856186930009176,36.56845286277049,0.0971345313258863,45.124386163725646,Fbxw7,FBXW7,R546G,R543G,targeting guide,Missense,0.6289717570195255,0.6793167497223481,1.0,0.9999614030704774,0.9999614030704774,0.4639637346636405,0.8103558607855585,1.0,0.9999998371229615,0.9999998371229615
gRNA_4119,FBXW7,0.5402467775516773,0.6978431603388874,0.5619281612339893,0.600006033041518,0.5619281612339893,1025.1642468820444,0.31844510748285104,0.06919445062050426,0.14729594572819796,0.17831183461051778,0.14729594572819796,50821,24.074693532201252,39.07243068810137,0.0,25.149052557013835,Fbxw7,FBXW7,R546G,R543G,targeting guide,Missense,0.11327626206075689,0.9740494312540611,1.0,0.9999614030704774,0.9999614030704774,0.5050726518218374,0.7609788554678911,1.0,0.9999998371229615,0.9999998371229615
gRNA_4141,FBXW7,0.5151511373678636,0.762851735225059,0.5484190166090761,0.6088072964006662,0.5484190166090761,812.212658811516,-0.06621987014465551,0.20362080458094128,0.09191511121439146,0.07643868188355907,0.09191511121439146,43537,8.236672255782437,90.23129751705446,0.0068906906768955,84.60849392470772,Fbxw7,FBXW7,W428R,W425R,targeting guide,Missense,0.09912364512231153,0.9764629359188017,1.0,0.9999614030704774,0.9999614030704774,0.6061924213313563,0.6766250009613275,1.0,0.9999998371229615,0.9999998371229615
gRNA_4142,FBXW7,0.6672775274487324,0.6543545288491469,0.9182573612231051,0.7466298058403282,0.6672775274487324,537.2660894577316,0.6247955005478542,0.5564282682982699,0.4881603132630583,0.5564613607030607,0.5564282682982699,27358,7.657723517801009,94.5098325901016,1.5425104174281743,87.39308428978727,Fbxw7,FBXW7,H463R,H460R,targeting guide,Missense,0.04133210681813095,0.9931884732381879,0.7288141578134111,0.9999614030704774,0.7288141578134111,0.021061546737890544,0.9974816273540626,0.2418888156987308,0.9999998371229615,0.2418888156987308
gRNA_4143,FBXW7,0.4746456679769535,0.3449536426448622,0.11942335931367379,0.31300755664516317,0.3449536426448622,534.9714331110048,0.515677875413467,0.47869462541655783,0.2866060914243478,0.42699286408479087,0.47869462541655783,18633,17.25970053131541,91.83169645253044,0.1288037353083239,75.94053560886599,Fbxw7,FBXW7,H463R,H460R,targeting guide,Missense,0.48204397272699107,0.7553024371208445,1.0,0.9999614030704774,0.9999614030704774,0.07074812819776397,0.9795751834930815,0.4852595972538939,0.9999998371229615,0.4852595972538939
gRNA_4144,FBXW7,0.5873563602152566,0.6837681957815847,0.8264982100425624,0.6992075886798013,0.6837681957815847,258.72980370964217,0.058122579761218006,0.3116337762092757,0.3218691198350997,0.2305418252685311,0.3116337762092757,14074,7.38951257638198,91.80048316043768,0.1776325138553361,87.53730282790963,Fbxw7,FBXW7,H463R,H460R,targeting guide,Missense,0.05024986189218894,0.9905873877091808,0.8003159227289642,0.9999614030704774,0.8003159227289642,0.42747467530756766,0.8036970174281179,1.0,0.9999998371229615,0.9999998371229615
gRNA_4191,FGF4,-0.33903282575195465,-0.33032995256571235,-0.06776323883921194,-0.24570867238562633,-0.33032995256571235,1514.8385695414843,-0.1523410388688182,0.24804504057224486,-0.08071084902291806,0.0049977175601695345,-0.08071084902291806,42875,75.01107871720116,90.6472303206997,0.0023323615160349,17.021574344023325,Fgf4,FGF4,M193T,M197T,targeting guide,Missense,0.8909924026502813,0.328865350959891,1.0,0.9999614030704774,0.9999614030704774,0.6224630950228136,0.6277446207797399,1.0,0.9999998371229615,0.9999998371229615
gRNA_4192,FGF4,0.33271458975982865,0.22076248984640087,-0.07458091151488526,0.15963205603044808,0.22076248984640087,734.0453992383219,0.2450578430977519,0.10053662285359351,0.2622479683913298,0.2026141447808917,0.2450578430977519,28499,52.05094915611074,85.7819572616583,3.4527527281659003,39.5452472016562,Fgf4,FGF4,M193T,M197T,targeting guide,Missense,0.6820052478384351,0.6008435009704192,1.0,0.9999614030704774,0.9999614030704774,0.4060040271881548,0.8341112237609135,1.0,0.9999998371229615,0.9999998371229615
gRNA_4193,FGF4,0.440668566403133,0.12061503510307034,0.8614750614371707,0.47425288764779133,0.440668566403133,749.6023416003605,0.3162495460804426,0.5401232790139427,0.3711310349267897,0.40916795334039174,0.3711310349267897,30254,9.18225689165069,87.85284590467376,0.0,86.48112646261652,Fgf4,FGF4,R108G,R112G,targeting guide,Missense,0.1920990539317615,0.8674806312546152,1.0,0.9999614030704774,0.9999614030704774,0.10502582786008696,0.9677884235251875,0.6107480207081144,0.9999998371229615,0.6107480207081144
gRNA_4194,FGF4,0.06821221894679039,-0.20021223270873487,0.13291299613101498,0.00030432745635683434,0.06821221894679039,1236.6494018610695,0.1727081744120931,0.28363924335798407,0.2805846657975828,0.24564402785588665,0.2805846657975828,43917,34.647175353507755,93.9294578409272,0.1593915795705535,61.75968303845891,Fgf4,FGF4,R108G,R112G,targeting guide,Missense,0.7985153385812525,0.46750003921041083,1.0,0.9999614030704774,0.9999614030704774,0.3732512435580652,0.861386858481209,1.0,0.9999998371229615,0.9999998371229615
gRNA_4195,FGF4,-0.07411428262051764,-0.26246159700728117,-0.04796041619721547,-0.12817876527500474,-0.07411428262051764,2495.8691217391947,-0.17539129201431428,-0.048473060882393386,0.14213878153196996,-0.027241857121579238,-0.048473060882393386,75885,50.16669961125388,78.6874876457798,0.8078012782499835,33.54944982539369,Fgf4,FGF4,R108G,R112G,targeting guide,Missense,0.8711669769497422,0.36650455848967256,1.0,0.9999614030704774,0.9999614030704774,0.7323801215124919,0.5497854285169759,1.0,0.9999998371229615,0.9999998371229615
gRNA_4213,FGFR1,0.4280564821757169,0.4087763584286505,0.06273563155227647,0.299856157385548,0.4087763584286505,539.511620166365,0.252023134445014,-0.03424621544553963,0.18003431213638138,0.1326037437119519,0.18003431213638138,22270,16.394252357431522,44.19847328244275,0.1751234845083071,53.44858554108667,Fgfr1,FGFR1,K667E,K656E,targeting guide,Missense,0.49091698123224936,0.7546036552329004,1.0,0.9999614030704774,0.9999614030704774,0.5154100113513238,0.7429736348105362,1.0,0.9999998371229615,0.9999998371229615
gRNA_4225,FGFR1,0.009379709846411146,0.07188762509285275,-0.05791839891715258,0.007782978674037107,0.009379709846411146,1427.8694418242594,-0.2960337356733417,-0.16430844342469098,-0.21126935007992415,-0.22387050972598557,-0.21126935007992415,50058,21.840664828798594,38.55527587997922,0.0459467018258819,30.956090934515963,Fgfr1,FGFR1,N557D,N546D,targeting guide,Missense,0.8279808466321504,0.43894154058935897,1.0,0.9999614030704774,0.9999614030704774,0.8568318622351799,0.3922185226041748,1.0,0.9999998371229615,0.9999998371229615
gRNA_4226,FGFR1,0.022366786681535227,-0.054021943334565586,0.06685479489182183,0.011733212746263827,0.022366786681535227,1041.2053060501178,-0.21151417488871016,-0.06897199272480314,-0.12002511569412518,-0.13350376110254616,-0.12002511569412518,37215,5.68856643826414,48.8055891441623,1.4429665457476823,81.07752250436651,Fgfr1,FGFR1,N557D,N546D,targeting guide,Missense,0.8212826175377079,0.44949839016049686,1.0,0.9999614030704774,0.9999614030704774,0.8030380529442975,0.4744437176874332,1.0,0.9999998371229615,0.9999998371229615
gRNA_4246,FGFR2,0.43411769268641737,0.761308481464145,0.35691226356483297,0.5174461459051317,0.43411769268641737,385.14899417628055,0.3010179116185665,0.5444279360256523,0.3931242702338005,0.41285670595933976,0.3931242702338005,11918,0.0083906695754321,5.252559154220507,2.3997314985735865,58.86054707165632,Fgfr2,FGFR2,N568S,N549S,targeting guide,Missense,0.1864457587163882,0.9175402409465816,1.0,0.9999614030704774,0.9999614030704774,0.09860031761454122,0.9704462539107701,0.5840989141942404,0.9999998371229615,0.5840989141942404
gRNA_4247,FGFR2,0.016012526604989634,-0.29549786181730936,-0.23737466717730704,-0.17228666746320895,-0.23737466717730704,2515.6198977606696,-0.02862027071117795,0.08943212140791178,0.3273384946074448,0.1293834484347262,0.08943212140791178,78226,38.198297241326415,64.31621200112495,0.0907626620305269,38.52044077416716,Fgfr2,FGFR2,Q830R,Q811R,targeting guide,Missense,0.8797868654079839,0.3492184638858867,1.0,0.9999614030704774,0.9999614030704774,0.5448504052917709,0.7067231969966128,1.0,0.9999998371229615,0.9999998371229615
gRNA_4248,FGFR2,0.2933815006010352,0.3238914216740419,0.05838693714026816,0.22521995313844836,0.2933815006010352,892.4839310812151,0.13780168903589043,0.2431256285616516,0.2634043775004197,0.2147772316993206,0.2431256285616516,36333,0.7431260837255388,4.645914182698924,0.0,59.92073321773594,Fgfr2,FGFR2,Q830R,Q811R,targeting guide,Missense,0.6428406488097205,0.6532516847195533,1.0,0.9999614030704774,0.9999614030704774,0.3923899983561805,0.8473212663502954,1.0,0.9999998371229615,0.9999998371229615
gRNA_4261,FGFR2,0.1013517714046123,0.22944234030912122,0.2473176829566156,0.19270393155678303,0.22944234030912122,1234.035325480563,0.10568338454021256,-0.11077238725138176,0.01879148635206731,0.004567494546966036,0.01879148635206731,42830,8.5757646509456,68.71818818585103,0.2007938360961942,75.09922951202428,Fgfr2,FGFR2,C401R,C382R,targeting guide,Missense,0.6740210481224203,0.6267219361438219,1.0,0.9999614030704774,0.9999614030704774,0.7217237344709984,0.5766354893086678,1.0,0.9999998371229615,0.9999998371229615
gRNA_4262,FGFR2,0.35663406792547797,0.4750657709601151,0.2254577469379769,0.35238586194119,0.35663406792547797,354.3613169077439,0.6685570670684283,0.33132426769313783,0.30056884841755066,0.43348339439303896,0.33132426769313783,13553,0.3098944883051723,6.647974618165719,2.958754519294621,88.42322732974249,Fgfr2,FGFR2,K678E,K659E,targeting guide,Missense,0.4430274970553213,0.8011141047377094,1.0,0.9999614030704774,0.9999614030704774,0.08501431459266376,0.9618372756697373,0.5253212668562369,0.9999998371229615,0.5253212668562369
gRNA_4263,FGFR2,0.19869364547667404,0.4984964538230114,-0.05501951283648198,0.21405686215440115,0.19869364547667404,619.7273760615382,0.43320507284508375,0.15593147425844378,0.22711340199811558,0.27208331636721433,0.22711340199811558,24756,0.9694619486185166,14.218775246404912,0.0,73.02472127968977,Fgfr2,FGFR2,K678E,K659E,targeting guide,Missense,0.5081249735238931,0.6834214342190641,1.0,0.9999614030704774,0.9999614030704774,0.2773897329396155,0.886094310723655,1.0,0.9999998371229615,0.9999998371229615
gRNA_4302,FGFR3,0.637341013803161,0.7182566261650312,0.6365398763079779,0.6640458387587234,0.637341013803161,121.75677880411449,0.3895428043570146,0.001586686582835204,0.29971809439312325,0.23028252844432437,0.29971809439312325,4246,49.64672633066415,98.44559585492227,0.3297220913801225,47.38577484691474,Fgfr3,FGFR3,Y369C,Y373C,targeting guide,Missense,0.05881658751497596,0.9903814592923171,0.8740798422364483,0.9999614030704774,0.8740798422364483,0.34100016730313376,0.8258845296086739,1.0,0.9999998371229615,0.9999998371229615
gRNA_4303,FGFR3,-0.11666755848023781,-0.20950983538785425,-0.2599297916792035,-0.19536906184909852,-0.20950983538785425,1353.9911375125544,-0.5446614513508748,-0.5365077711639524,-0.25867501058437326,-0.4466147443664002,-0.5365077711639524,39854,0.562051487930948,43.86761680132484,0.5570331710744216,95.09208611431724,Fgfr3,FGFR3,K646E,K650E,targeting guide,Missense,0.8886654832316445,0.33489822422205173,1.0,0.9999614030704774,0.9999614030704774,0.9418241951372983,0.20792619260443015,1.0,0.9999998371229615,0.9999998371229615
gRNA_4304,FGFR3,0.12303503720663088,0.13101563358021784,0.20409678469648662,0.15271581849444513,0.13101563358021784,1115.700550792269,-0.21079384906157783,0.15605284483972987,-0.12592972166487182,-0.06022357529557326,-0.12592972166487182,40874,11.780104712041885,20.477565200371878,0.0,26.733375740079268,Fgfr3,FGFR3,K646E,K650E,targeting guide,Missense,0.706138391921834,0.5988250161466766,1.0,0.9999614030704774,0.9999614030704774,0.73034070328607,0.545070628364613,1.0,0.9999998371229615,0.9999998371229615
gRNA_4329,FGFR3,0.4209444203359905,0.22097469267395428,0.29636499683032763,0.31276136994675746,0.29636499683032763,1028.480799819086,0.3438218214818017,0.26560770610973783,0.27632020503022003,0.2952499108739199,0.27632020503022003,41665,39.95199807992319,84.9609984399376,0.0048001920076803,55.44941797671908,Fgfr3,FGFR3,V386A,V390A,targeting guide,Missense,0.5064402792430935,0.7671591038054809,1.0,0.9999614030704774,0.9999614030704774,0.28516176849199576,0.9131188070545413,1.0,0.9999998371229615,0.9999998371229615
gRNA_4330,FGFR3,0.23461554434814094,0.2630101425466544,0.23309366350505809,0.24357311679995117,0.23461554434814094,1107.156984085248,0.5465005614988362,0.6207592374292348,0.7355529053491792,0.63427090142575,0.6207592374292348,43025,26.83091226031377,69.52934340499709,0.1673445671121441,63.64671702498548,Fgfr3,FGFR3,V386A,V390A,targeting guide,Missense,0.6098240742258378,0.6985562856563954,1.0,0.9999614030704774,0.9999614030704774,0.011599623836704447,0.9987421652512084,0.17987822471411244,0.9999998371229615,0.17987822471411244
gRNA_4331,FGFR3,0.657256034666577,0.688238417377061,0.7569438180764892,0.7008127567067092,0.688238417377061,703.2503043167455,0.7510705993889033,0.7283044155549889,0.5073083217260559,0.6622277788899827,0.7283044155549889,36332,50.40735439832654,91.10426070681493,0.5284597599911923,44.14565672134757,Fgfr3,FGFR3,V386A,V390A,targeting guide,Missense,0.04715223517085725,0.9927385176623466,0.7667064555135042,0.9999614030704774,0.7667064555135042,0.005918648129229138,0.9992852520220696,0.12303558114340546,0.9999998371229615,0.12303558114340546
gRNA_4357,FGFR4,0.31026725087862944,0.2666697060188552,0.242350188538004,0.2730957151451629,0.2666697060188552,677.6925338912932,0.3107752301424081,0.24189612597889082,0.17651725381700425,0.24306286997943438,0.24189612597889082,28855,18.48553110379484,75.0788424883036,0.0,70.83001212961358,Fgfr4,FGFR4,N532D,N535D,targeting guide,Missense,0.5944216336725554,0.7118331984280892,1.0,0.9999614030704774,0.9999614030704774,0.3696883157732063,0.8661465193807811,1.0,0.9999998371229615,0.9999998371229615
gRNA_4419,FLT1,-0.24550591787083847,-0.11185999073852469,-0.2338701201360455,-0.19707867624846956,-0.2338701201360455,973.5693851216004,-0.42134471072649887,-0.2029760931787306,-0.08761551717243314,-0.23731210702588754,-0.2029760931787306,27176,1.1995878716514572,2.075360612304975,0.0036797173977038,77.671474830733,Flt1,FLT1,N920S,N919S,targeting guide,Missense,0.8886654832316445,0.33489822422205173,1.0,0.9999614030704774,0.9999614030704774,0.8585360622681482,0.37369643254984264,1.0,0.9999998371229615,0.9999998371229615
gRNA_4421,FLT1,-0.4817927879775957,-0.379960362206226,-0.42987704395653775,-0.4305433980467865,-0.42987704395653775,761.1425324508891,-0.6681252720291238,-0.6804236733732429,-0.6836018600870155,-0.6773836018297942,-0.6804236733732429,15152,11.094244984160506,29.86404435058078,0.1979936642027455,71.25131995776135,Flt1,FLT1,N252S,N251S,targeting guide,Missense,0.9144829929956938,0.28343357087665433,1.0,0.9999614030704774,0.9999614030704774,0.97304175712862,0.12815638796822143,1.0,0.9999998371229615,0.9999998371229615
gRNA_4422,FLT1,0.3189196111828866,0.3474417800053575,0.190611692159465,0.2856576944492364,0.3189196111828866,640.1299234215887,0.5976855511280301,0.36101166841735055,0.4275844115594009,0.4620938770349272,0.4275844115594009,23159,2.5087439008592773,46.34915151776847,0.0,92.65944125394016,Flt1,FLT1,N252S,N251S,targeting guide,Missense,0.5821524709076331,0.720441725190262,1.0,0.9999614030704774,0.9999614030704774,0.0649411125369963,0.9844456501288448,0.45416333604304604,0.9999998371229615,0.45416333604304604
gRNA_4440,FLT3,-0.6808864781694053,-0.572279850868195,-0.4965728256370727,-0.5832463848915577,-0.572279850868195,2008.1080681411297,-0.537975700924621,-0.5806771262241628,-0.6858242605030842,-0.6014923625506227,-0.5806771262241628,44410,50.01801396081965,89.57667192073858,0.666516550326503,42.02882233731142,Flt3,FLT3,Q450R,Q449R,targeting guide,Missense,0.9262201743686791,0.2563814197306333,1.0,0.9999614030704774,0.9999614030704774,0.9680977389959543,0.14346916304508464,1.0,0.9999998371229615,0.9999998371229615
gRNA_4447,FLT3,0.40828413140674036,0.5257169570705731,0.30418990519909633,0.4127303312254699,0.40828413140674036,869.2064318609309,0.037901885749524154,0.0813308320320974,0.30974649670583915,0.14299307149582022,0.0813308320320974,33067,60.51955121420147,71.92971845041885,0.0725799135089364,14.216590558562917,Flt3,FLT3,Y727H,Y726H,targeting guide,Missense,0.35009906150846154,0.8615427409858996,1.0,0.9999614030704774,0.9999614030704774,0.562843501997929,0.6990338342997828,1.0,0.9999998371229615,0.9999998371229615
gRNA_4459,FLT3,-0.3720009134371351,-0.2862099960096891,-0.6351597629962226,-0.43112355748101566,-0.3720009134371351,1394.4151153434873,-0.3425595351955104,-0.4886773912704377,-0.5733630310698836,-0.4681999858452772,-0.4886773912704377,35725,0.0167949615115465,64.9741077676697,0.0979706088173548,88.30510846745976,Flt3,FLT3,K603R,K602R,targeting guide,Missense,0.9170426719841283,0.2767888554791736,1.0,0.9999614030704774,0.9999614030704774,0.942279601189864,0.2125701207452774,1.0,0.9999998371229615,0.9999998371229615
gRNA_4460,FLT3,0.5289647736034659,0.5922283926212567,1.0110726704983304,0.7107552789076843,0.5922283926212567,518.926040510788,0.10295707017823809,0.1398545184578364,0.010128164594364808,0.0843132510768131,0.10295707017823809,26301,14.159157446484924,38.70575263297973,0.5475076993270217,59.82662256187977,Flt3,FLT3,K603R,K602R,targeting guide,Missense,0.06361074669611372,0.9841073289542019,0.8877249947067147,0.9999614030704774,0.8877249947067147,0.6565468263218315,0.6450725743370134,1.0,0.9999998371229615,0.9999998371229615
gRNA_4461,FLT3,-0.05249870946130383,0.24406498239522037,-0.2782756312357089,-0.028903119433930795,-0.05249870946130383,399.9973818353189,-0.0424608550521848,-0.45557889594961354,-0.3147731761225623,-0.27093764237478685,-0.3147731761225623,13919,58.12917594654788,97.14059918097564,0.0,40.77879157985488,Flt3,FLT3,R848G,R845G,targeting guide,Missense,0.7966093057905691,0.4529151125064711,1.0,0.9999614030704774,0.9999614030704774,0.8680599507830536,0.3569811862575675,1.0,0.9999998371229615,0.9999998371229615
gRNA_4547,FOXA1,-0.05636222318913401,-0.04473192019322071,-0.25709222365040685,-0.11939545567758719,-0.05636222318913401,1510.87238997225,0.08474760048848283,0.05924924944808497,-0.1498442926113003,-0.0019491475582441669,0.05924924944808497,50049,22.805650462546705,26.99954045035865,0.0,14.675617894463423,Foxa1,FOXA1,C227R,C227R,targeting guide,Missense,0.8711669769497422,0.36650455848967256,1.0,0.9999614030704774,0.9999614030704774,0.74190452695796,0.5533532575617888,1.0,0.9999998371229615,0.9999998371229615
gRNA_4548,FOXA1,0.17521643915825222,0.11659952890457523,-0.13893197979723762,0.05096132942186327,0.11659952890457523,1503.6265217173125,-0.020506697865967212,-0.002382202875058352,-0.062280942122984885,-0.028389947621336814,-0.020506697865967212,53561,33.108045032766384,88.74740949571517,0.2483150053210358,60.53098336476167,Foxa1,FOXA1,C227R,C227R,targeting guide,Missense,0.7669620775139506,0.5085604463026148,1.0,0.9999614030704774,0.9999614030704774,0.767897099491191,0.5266697773660167,1.0,0.9999998371229615,0.9999998371229615
gRNA_4549,FOXA1,0.19610750747903705,0.2913372897421477,0.3248358872610807,0.2707602281607551,0.2913372897421477,1144.7170126929311,0.564137676613186,0.4650696374807972,0.4497892094788544,0.4929988411909459,0.4650696374807972,47217,57.472944066755616,77.21795116165788,1.9463328885782665,28.201707012304887,Foxa1,FOXA1,Y243C,Y243C,targeting guide,Missense,0.6029990549468098,0.7027477502017907,1.0,0.9999614030704774,0.9999614030704774,0.03181462960104124,0.9954747321603811,0.29525910410035927,0.9999998371229615,0.29525910410035927
gRNA_4550,FOXA1,0.19136211769876973,0.2677207885382434,0.5988155291963005,0.35263281181110456,0.2677207885382434,829.172276304558,-0.054511611294607874,0.41555828840492715,0.21280286944350416,0.19128318218460783,0.21280286944350416,28031,60.3153651314616,93.7997217366487,1.2735899539795226,34.59027505262031,Foxa1,FOXA1,Y243C,Y243C,targeting guide,Missense,0.359208720664847,0.8089725502923443,1.0,0.9999614030704774,0.9999614030704774,0.34685183551267507,0.8125036455683324,1.0,0.9999998371229615,0.9999998371229615
gRNA_4562,FOXA1,-0.23377493387917786,-0.31862372278239237,-0.2919542574045169,-0.28145097135536234,-0.2919542574045169,1082.4826533716866,-0.06016386288177934,0.27958002513756247,-0.026095971349811384,0.06444006363532391,-0.026095971349811384,30883,34.8023184276139,44.21526406113396,0.1748534792604345,22.494576304115533,Foxa1,FOXA1,Y175C,Y175C,targeting guide,Missense,0.9021629301531159,0.3094984293252937,1.0,0.9999614030704774,0.9999614030704774,0.5968945933210978,0.6566843760915286,1.0,0.9999998371229615,0.9999998371229615
gRNA_4567,FOXA1,0.5275877971300815,-0.01473092287168405,0.2937362327830395,0.26886436901381233,0.2937362327830395,702.8039985932444,0.5567241853765933,0.8540953758947958,0.7648781791228874,0.7252325801314253,0.7648781791228874,31434,54.54603295794362,93.47521791690528,0.0827129859387924,40.41483743716994,Foxa1,FOXA1,M253V,M253V,targeting guide,Missense,0.48669824668529427,0.708843854742725,1.0,0.9999614030704774,0.9999614030704774,0.001571416394335639,0.9997139480812679,0.060050555069254774,0.9999998371229615,0.060050555069254774
gRNA_4577,FOXA1,0.13103125689994552,0.7684624503978625,0.622981530721259,0.5074917460063557,0.622981530721259,296.9845800097371,0.7793090262743918,0.20929498520305903,0.4741287575528514,0.4875775896767674,0.4741287575528514,13238,71.43828372865993,80.68439341290225,0.2341743465780329,12.03353980963892,Foxa1,FOXA1,Y259C,Y259C,targeting guide,Missense,0.13320822418866615,0.9141947226817756,1.0,0.9999614030704774,0.9999614030704774,0.024761898270689094,0.9787369421883608,0.25731929454635427,0.9999998371229615,0.25731929454635427
gRNA_4578,FOXA1,0.6626333593882892,1.0605640316740312,0.6824408490421412,0.8018794133681538,0.6824408490421412,126.18099226986877,1.1524043625182037,0.4737421792272234,-0.021192166335337416,0.5349847918033632,0.4737421792272234,7151,56.14599356733324,68.22821982939449,2.5870507621311702,20.73835827157041,Foxa1,FOXA1,Y259C,Y259C,targeting guide,Missense,0.03607339096772654,0.9940146647202641,0.7288141578134111,0.9999614030704774,0.7288141578134111,0.0005311415145244213,0.924945391278812,0.027021186917488515,0.9999998371229615,0.027021186917488515
gRNA_4586,FOXA1,-0.4040290050597828,-0.2596116260817651,-0.2781198397418386,-0.31392015696112885,-0.2781198397418386,1928.8695790112874,-0.03933111234963972,0.2055398684686382,0.19542633620378028,0.1205450307742596,0.19542633620378028,51163,34.87285733831089,47.01248949436116,0.6704063483376659,23.0303148759846,Foxa1,FOXA1,I176V,I176V,targeting guide,Missense,0.9069519236917105,0.2995361388595276,1.0,0.9999614030704774,0.9999614030704774,0.5263278054458242,0.7402515073431631,1.0,0.9999998371229615,0.9999998371229615
gRNA_4587,FOXA1,0.03600338834298748,-0.05436705149120316,-0.2585869284167628,-0.09231686385499283,-0.05436705149120316,712.6864824707689,0.18005154906524734,0.14589422075183858,0.11873636048840273,0.1482273767684962,0.14589422075183858,20679,1.2621500072537355,1.7167174428163838,0.0,21.77571449296388,Foxa1,FOXA1,I176V,I176V,targeting guide,Missense,0.850560333516803,0.39697738210972966,1.0,0.9999614030704774,0.9999614030704774,0.558905680903163,0.7401161293054581,1.0,0.9999998371229615,0.9999998371229615
gRNA_4589,FOXA1,0.2655388519071382,0.23595789007693785,0.2615480438724516,0.2543482619521759,0.2615480438724516,1188.8407033456992,0.15738998301819848,0.2502605305899869,0.17962243003466352,0.19575764788094963,0.17962243003466352,47610,50.333963453056086,54.32682209619828,0.0,7.561436672967864,Foxa1,FOXA1,D226G,D226G,targeting guide,Missense,0.6098240742258378,0.6985562856563954,1.0,0.9999614030704774,0.9999614030704774,0.4482716390304541,0.8164099937783896,1.0,0.9999998371229615,0.9999998371229615
gRNA_4590,FOXA1,-0.17186246496280627,-0.2023718115066545,-0.18762816395982107,-0.18728748014309393,-0.18762816395982107,2156.7131560593425,-0.2629108441654572,-0.22084169757237593,-0.15118564379066685,-0.2116460618428333,-0.22084169757237593,64261,25.768350943807285,31.45609312024401,0.0840323057531006,23.38587946032586,Foxa1,FOXA1,D226G,D226G,targeting guide,Missense,0.8924661015149978,0.32895035575837034,1.0,0.9999614030704774,0.9999614030704774,0.8537210286628497,0.39685637908340626,1.0,0.9999998371229615,0.9999998371229615
gRNA_4591,FOXA1,-0.3906457587903843,-0.48954563227200637,-0.3542410210547998,-0.4114774707057302,-0.3906457587903843,1789.9276780491377,0.12774028145775523,0.21986896982116347,0.02392681348600963,0.12384535492164278,0.12774028145775523,46600,20.987124463519315,24.23175965665236,0.0472103004291845,13.896995708154506,Foxa1,FOXA1,D226G,D226G,targeting guide,Missense,0.9144829929956938,0.28343357087665433,1.0,0.9999614030704774,0.9999614030704774,0.5805947977349863,0.7025501437420005,1.0,0.9999998371229615,0.9999998371229615
gRNA_4621,FOXO1,0.14867918780469852,0.5910909265300824,0.6879798762696892,0.47591666353482337,0.5910909265300824,252.92782930412778,0.4359398612315818,-0.04327575186719813,0.22715887227592443,0.20660766054676938,0.22715887227592443,10514,28.9518736922199,91.69678523872932,0.0,66.77762982689747,Foxo1,FOXO1,M1V,M1V,targeting guide,Missense,0.18013557729901133,0.9098478327012552,1.0,0.9999614030704774,0.9999614030704774,0.3040274279794899,0.8256432630410141,1.0,0.9999998371229615,0.9999998371229615
gRNA_4622,FOXO1,-0.5711215018358355,-0.6248342845619073,-0.6603235143035152,-0.6187597669004193,-0.6248342845619073,978.720866554328,-0.9371239782105938,-1.0214783726942764,-0.8821622170837458,-0.9469215226628721,-0.9371239782105938,18131,28.2499586343831,82.22381556450279,0.0,61.30384424466384,Foxo1,FOXO1,M1V,M1V,targeting guide,Missense,0.9287789669448465,0.25057789217893334,1.0,0.9999614030704774,0.9999614030704774,0.9937095090924086,0.04262053629077761,1.0,0.7530491617132735,0.7530491617132735
gRNA_4627,FOXO1,-0.572473056299401,-0.21166529855995952,-0.28785191974491925,-0.3573300915347599,-0.28785191974491925,605.6323994970214,-0.10314385517816897,-0.5608275012110076,-0.616836003984661,-0.42693578679127914,-0.5608275012110076,14202,80.4957048303056,95.09224052950287,0.0,15.716096324461343,Foxo1,FOXO1,T24A,T24A,targeting guide,Missense,0.9073106448170912,0.29835530228755863,1.0,0.9999614030704774,0.9999614030704774,0.9157503476359092,0.23976034071609476,1.0,0.9999998371229615,0.9999998371229615
gRNA_4628,FOXO1,0.6961150077739443,1.1358376398148562,0.8295352900999098,0.8871626458962368,0.8295352900999098,185.02560137145923,0.855112633805063,-0.07162140560615804,0.5164241467254951,0.43330512497479995,0.5164241467254951,10463,62.29570868775686,76.45990633661474,0.2771671604702284,22.842397018063654,Foxo1,FOXO1,T24A,T24A,targeting guide,Missense,0.01364381009312356,0.9979494843430654,0.5971932097534918,0.9999614030704774,0.5971932097534918,0.019247811042325456,0.9269237964821604,0.2314062675875083,0.9999998371229615,0.2314062675875083
gRNA_4665,FOXP1,0.7085387483877794,0.8939461032098346,0.5793509557270855,0.7272786024415665,0.7085387483877794,251.27012233112364,0.3818001473744071,0.41344054368457445,0.29126227970280555,0.36216765692059566,0.3818001473744071,12071,14.11647750807721,20.78535332615359,0.0,17.670449838455802,Foxp1,FOXP1,V542A,V513A,targeting guide,Missense,0.04306959844296582,0.991817802596335,0.7432979086124746,0.9999614030704774,0.7432979086124746,0.16423940677101578,0.9569040967465579,0.802448243127794,0.9999998371229615,0.802448243127794
gRNA_4704,FYN,-0.012645086709306936,-0.018568141598668337,0.11285384115335627,0.027213537615126997,-0.012645086709306936,591.1476458214697,0.30882145594988253,0.40981915221111015,0.5523332303046102,0.42365794615520097,0.40981915221111015,17638,10.99330989908153,47.99296972445856,0.6179838984011793,59.64962013833768,Fyn,FYN,Non-coding,,targeting guide,Intron,0.8139967423834309,0.4583978234467666,1.0,0.9999614030704774,0.9999614030704774,0.09278625860426902,0.9726263328236089,0.5599037827089811,0.9999998371229615,0.5599037827089811
gRNA_4734,GATA2,-0.1397198032542431,0.0807808108034031,0.1211390019272649,0.020733336492141635,0.0807808108034031,737.4245711448303,0.7873996929740724,0.45472558023790915,0.5096950997006957,0.5839401243042258,0.5096950997006957,24726,1.0353474075871552,38.43322818086225,0.2345708970314648,91.99627922025398,Gata2,GATA2,W360R,W360R,targeting guide,Missense,0.8098531729068124,0.4602892553436314,1.0,0.9999614030704774,0.9999614030704774,0.00553752375727228,0.9982911300844767,0.12303558114340546,0.9999998371229615,0.12303558114340546
gRNA_4735,GATA2,-0.11300803373300193,0.07535774764750072,0.05271011491705093,0.005019942943849907,0.05271011491705093,1400.061054622975,0.1827504200405135,0.06683931823386463,-0.04923984705458101,0.0667832970732657,0.06683931823386463,49581,53.645549706540805,91.6863314576148,0.5707831629051452,41.25168915511991,Gata2,GATA2,W360R,W360R,targeting guide,Missense,0.8127680695135435,0.46071464738689805,1.0,0.9999614030704774,0.9999614030704774,0.635637422856318,0.6543562606660205,1.0,0.9999998371229615,0.9999998371229615
gRNA_4770,GATA3,-0.0640400522745353,0.21814598180893865,0.30836449784457076,0.1541568091263247,0.21814598180893865,1020.8418029748653,0.19782573224040015,0.030878565932081433,0.1360764412503432,0.12159357980760827,0.1360764412503432,37479,24.880599802556095,80.14087889217963,1.5635422503268497,66.77606126097281,Gata3,GATA3,F233S,F234S,targeting guide,Missense,0.687644355700874,0.5964711372545708,1.0,0.9999614030704774,0.9999614030704774,0.5869456561411055,0.6988072669381586,1.0,0.9999998371229615,0.9999998371229615
gRNA_4782,GATA3,-0.25100033136966476,-0.061067974985341944,-0.13538878231869694,-0.14915236289123454,-0.13538878231869694,431.20929875125665,-0.49437671163315716,-0.8173674800159043,-1.0063143859910553,-0.7726861925467056,-0.8173674800159043,12385,9.786031489705287,70.27856277755349,0.0080742834073475,81.68752523213566,Gata3,GATA3,H281R,H281R,targeting guide,Missense,0.8804856481399299,0.3500635556945375,1.0,0.9999614030704774,0.9999614030704774,0.9808539760690255,0.08483203338167662,1.0,0.9999998371229615,0.9999998371229615
gRNA_4783,GATA3,0.10216910147203451,0.23005008823933157,0.15296027202490012,0.16172648724542207,0.15296027202490012,854.9304923466219,0.15256074185283225,0.0034836813277844105,0.19503929954036495,0.11702790757366054,0.15256074185283225,28201,34.4633169036559,79.04684231055637,0.0,55.13988865643063,Gata3,GATA3,H281R,H281R,targeting guide,Missense,0.6834684416473912,0.6177364643805907,1.0,0.9999614030704774,0.9999614030704774,0.5802006927123604,0.7025761371664203,1.0,0.9999998371229615,0.9999998371229615
gRNA_4826,GLI1,-0.1455415191845968,-0.030986323894106625,0.47348461432699923,0.0989855904160986,-0.030986323894106625,386.6920304334598,-0.12004593094029364,0.09258583182983572,0.10788371069640398,0.02680787052864869,0.09258583182983572,5561,3.668404963136127,61.69753641431397,1.0249955044056824,67.9014565725589,Gli1,GLI1,F567S,F565S,targeting guide,Missense,0.6268940977076902,0.5563017931017038,1.0,0.9999614030704774,0.9999614030704774,0.683752198921308,0.6186716701127024,1.0,0.9999998371229615,0.9999998371229615
gRNA_4827,GLI1,0.6069379654335938,0.9864924391127624,1.1582452352814467,0.9172252132759343,0.9864924391127624,170.04194790053978,0.2719285956399679,0.02464101780190365,-0.1851779953625115,0.037130539359786684,0.02464101780190365,5206,2.5355359200922014,93.46907414521706,11.371494429504418,66.40414905877833,Gli1,GLI1,F567S,F565S,targeting guide,Missense,0.013953112377418031,0.9973172039970223,0.5971932097534918,0.9999614030704774,0.5971932097534918,0.6210307330293734,0.6181767147755441,1.0,0.9999998371229615,0.9999998371229615
gRNA_4828,GLI1,-1.315056928581647,-0.9240882037228804,-0.6826998231924172,-0.9739483184989814,-0.9240882037228804,1320.1125713843812,-0.8394248748528932,-1.3800076793834024,-1.0177636795550398,-1.0790654112637783,-1.0177636795550398,18715,50.01870157627572,91.64306705850922,1.880844242586161,40.65722682340368,Gli1,GLI1,F567S,F565S,targeting guide,Missense,0.9848925428908357,0.03482663291172497,1.0,0.9999614030704774,0.9999614030704774,0.9975574757398561,0.005244860603515399,1.0,0.1381439041359158,0.1381439041359158
gRNA_4829,GLI1,-1.4190369203783242,-1.4255028421200406,-1.3300328332783484,-1.391524198592238,-1.4190369203783242,2060.7137844188655,-1.3996855540814888,-1.6222123659783694,-1.459784518413164,-1.4938941461576742,-1.459784518413164,20909,1.9800086087330813,62.877229900999566,0.033478406427854,86.64211583528623,Gli1,GLI1,F567S,F565S,targeting guide,Missense,0.9999667462118818,0.0005907431490571356,1.0,0.057463197226466825,0.057463197226466825,0.9999999348265343,2.19275903050791e-08,1.0,1.95521013553622e-06,1.95521013553622e-06
gRNA_4858,GNA13,0.2508973750310519,0.2540902573656448,0.34287210343492447,0.2826199119438737,0.2540902573656448,706.3590129228245,0.20634641574649148,0.19292089514561714,0.14296215185383623,0.18074315424864829,0.19292089514561714,29923,43.63198877117936,54.02533168465729,0.0,28.453029442235074,Gna13,GNA13,D222G,D222G,targeting guide,Missense,0.5889077157101401,0.7162680509870671,1.0,0.9999614030704774,0.9999614030704774,0.4676208942259481,0.8060675284577251,1.0,0.9999998371229615,0.9999998371229615
gRNA_4884,GNAS,0.15598368239641563,0.06445421193920535,0.05206843967263887,0.09083544466941995,0.06445421193920535,1005.9731007714969,0.49484590388054167,0.6845941295692477,0.2549268425315523,0.4781222919937806,0.49484590388054167,34494,63.822693801820606,82.22009624862295,0.2667130515451962,25.30005218298835,Gnas,GNAS,T943A,T204A,targeting guide,Missense,0.7426999209109735,0.5520757494787232,1.0,0.9999614030704774,0.9999614030704774,0.038705829193771135,0.9842019519790158,0.3330134112734146,0.9999998371229615,0.3330134112734146
gRNA_4885,GNAS,0.12939244417091103,0.16455190789468038,-0.01962435995751338,0.09143999736935936,0.12939244417091103,465.6243855326557,-0.35235326728041083,-0.08662578033519931,-0.3580626760973745,-0.26568057457099487,-0.35235326728041083,14807,6.868373066792734,8.799891942999933,0.0067535625042209,29.82373201863983,Gnas,GNAS,T943A,T204A,targeting guide,Missense,0.746375535837018,0.5404516483769806,1.0,0.9999614030704774,0.9999614030704774,0.8677911117230228,0.36046864352770797,1.0,0.9999998371229615,0.9999998371229615
gRNA_4888,GNAS,0.19633824764062785,-0.3563323764768893,-1.576787874174264,-0.5789273343368418,-0.3563323764768893,76.70082648169037,-0.5534995335101887,-0.2360207316795374,-0.2885989360288712,-0.3593730670728658,-0.2885989360288712,497,48.2897384305835,78.26961770623743,0.0,39.2354124748491,Gnas,GNAS,Q966R,Q227R,targeting guide,Missense,0.9097811041455623,0.0404545792461555,1.0,0.9999614030704774,0.9999614030704774,0.916530178843544,0.2656680630453269,1.0,0.9999998371229615,0.9999998371229615
gRNA_4889,GNAS,0.34297413148681594,0.5043092210331201,0.25951098439064435,0.3689314456368602,0.34297413148681594,733.6921673482381,0.6598397429183793,0.5884519578439228,0.5624387278365562,0.6035768095329527,0.5884519578439228,32859,15.889101920326244,48.52551812288871,0.1095590249246781,41.200279984174806,Gnas,GNAS,Y869C,Y130C,targeting guide,Missense,0.40471810227061217,0.8177376026329058,1.0,0.9999614030704774,0.9999614030704774,0.011890904212914605,0.9987836662937074,0.181760964397409,0.9999998371229615,0.181760964397409
gRNA_4893,GNB1,-0.035269910162059145,0.1291750137141966,0.09304351006128837,0.06231620453780861,0.09304351006128837,836.8430073306188,0.08590697936109465,0.3638137609487472,0.33570018554023057,0.26180697528335745,0.33570018554023057,30067,18.95766122326804,48.72118934379885,0.0,40.46296604250507,Gnb1,GNB1,K89E,K89E,targeting guide,Missense,0.7900654109856788,0.4906193050760439,1.0,0.9999614030704774,0.9999614030704774,0.3357065737984932,0.8567212396036954,1.0,0.9999998371229615,0.9999998371229615
gRNA_4894,GNB1,0.10228040521339139,-0.026985608035312837,-0.09434593684529811,-0.006350379889073189,-0.026985608035312837,1155.1439542092696,-0.064863420734099,-0.18944203638387164,-0.1358387366571569,-0.13004806459170917,-0.1358387366571569,36700,0.0790190735694822,6.99182561307902,0.0762942779291553,86.9182561307902,Gnb1,GNB1,K57E,K57E,targeting guide,Missense,0.8317818653217027,0.43261053305294883,1.0,0.9999614030704774,0.9999614030704774,0.8040132821306237,0.4743873527058925,1.0,0.9999998371229615,0.9999998371229615
gRNA_4961,GRIN2A,0.3510623474749416,0.4993417048208343,0.35585394001073234,0.4020859974355027,0.35585394001073234,453.25534119562496,-0.0172471158995159,0.16913694538706095,0.3401395644466606,0.16400979797806856,0.16913694538706095,19612,0.0203956761166632,49.092392412808486,1.1319600244748114,95.26820314093412,Grin2a,GRIN2A,D164G,D164G,targeting guide,Missense,0.38312722826983836,0.8378782619178946,1.0,0.9999614030704774,0.9999614030704774,0.4924310550593106,0.747175778374385,1.0,0.9999998371229615,0.9999998371229615
gRNA_4969,GRIN2A,0.17258588068120462,0.1423038025925507,0.17301525893459327,0.16263498073611618,0.17258588068120462,1268.7189683849342,0.14146848106206908,0.16376027398608578,0.1002460238209118,0.13515825962302222,0.14146848106206908,45769,0.8062225523826171,64.6769647578055,0.6707596845026109,86.48211671655487,Grin2a,GRIN2A,V341A,V341A,targeting guide,Missense,0.6578766936150593,0.6525800115095335,1.0,0.9999614030704774,0.9999614030704774,0.5821938327999783,0.7218060099224559,1.0,0.9999998371229615,0.9999998371229615
gRNA_5176,HRAS,-0.6864017013062024,-0.5957333461230472,-0.5605510748362628,-0.6142287074218374,-0.5957333461230472,1097.465774089224,-0.5528403270669525,-0.29942339676228447,-0.40158058951275416,-0.4179481044473304,-0.40158058951275416,21743,14.7449753943798,57.02524950558801,0.6070919376351009,66.39378190682058,Hras,HRAS,Q61R,Q61R,targeting guide,Missense,0.9262201743686791,0.2563814197306333,1.0,0.9999614030704774,0.9999614030704774,0.9316460539003473,0.23476450346731878,1.0,0.9999998371229615,0.9999998371229615
gRNA_5194,IDH2,-1.7090108847610228,-1.4889658995469754,-1.2982145726887393,-1.4987304523322458,-1.4889658995469754,2125.2588164877466,-1.4493607611824129,-2.0598690304662197,-1.5123551912467412,-1.6738616609651247,-1.5123551912467412,22549,39.68246928910373,80.38493946516475,0.3725220630626635,48.19725930196461,Idh2,IDH2,R172G,R172G,targeting guide,Missense,0.999977445247851,0.00036458881775332474,1.0,0.04876375437450718,0.04876375437450718,0.9999999348265343,2.19275903050791e-08,1.0,1.95521013553622e-06,1.95521013553622e-06
gRNA_5227,IGF1R,0.2777605468458514,0.04425632787376459,0.10636264926977028,0.14279317466312877,0.10636264926977028,849.9338307361381,0.07695565512549303,0.21655102427719375,0.11879659714414752,0.13743442551561144,0.11879659714414752,29913,0.15043626516899,90.09126466753584,0.0,94.968742687126,Igf1r,IGF1R,N370S,N369S,targeting guide,Missense,0.7252493381991201,0.5695465925326886,1.0,0.9999614030704774,0.9999614030704774,0.5601965484030889,0.728960626480699,1.0,0.9999998371229615,0.9999998371229615
gRNA_5228,IGF1R,0.8465090847682653,0.7749576733945093,0.7585757985900504,0.7933475189176084,0.7749576733945093,384.54293753713614,0.591341876367297,0.45655057227418006,0.6068355916635118,0.5515760134349962,0.591341876367297,21699,0.9908290704640766,72.63468362597355,0.2212083506152357,91.9811972901977,Igf1r,IGF1R,N370S,N369S,targeting guide,Missense,0.024195178374582703,0.9970484209927327,0.6472210215200873,0.9999614030704774,0.6472210215200873,0.02170217411876463,0.997203580650821,0.2418888156987308,0.9999998371229615,0.2418888156987308
gRNA_5229,IGF1R,0.04629817323145338,-0.16917105662480073,-0.21595644053797347,-0.11294310797710694,-0.16917105662480073,1529.1415062252925,0.04779543116316176,0.08083687285956323,0.2606250582576751,0.1297524540934667,0.08083687285956323,49736,2.372526942255107,17.787920218755026,0.4905903168730899,67.5808267653209,Igf1r,IGF1R,N551S,N550S,targeting guide,Missense,0.8607182018004295,0.37935418533023213,1.0,0.9999614030704774,0.9999614030704774,0.562843501997929,0.6990338342997828,1.0,0.9999998371229615,0.9999998371229615
gRNA_5236,IGF1R,0.42016425818931114,0.9101518903511542,1.0141983559247074,0.7815048348217243,0.9101518903511542,389.9974472894359,0.6597144882174499,0.6369101278514057,0.38058509725006756,0.559069904439641,0.6369101278514057,17610,25.5763770584895,97.88756388415672,0.3350369108461102,72.30550823395798,Igf1r,IGF1R,D556G,D555G,targeting guide,Missense,0.04134095085917389,0.984036331642989,0.7288141578134111,0.9999614030704774,0.7288141578134111,0.0264213510627472,0.9943005644011974,0.2667060909164104,0.9999998371229615,0.2667060909164104
gRNA_5237,IGF1R,0.310259253769633,0.010862331561629093,0.4102661259831032,0.24379590377145507,0.310259253769633,555.0266701284622,0.35116719110172084,0.29584102532144496,0.39670396855263407,0.3479040616586,0.35116719110172084,19492,20.310896778165404,92.18653806689925,0.0102606197414323,76.25692591832546,Igf1r,IGF1R,D556G,D555G,targeting guide,Missense,0.5938692060572064,0.6726210373218318,1.0,0.9999614030704774,0.9999614030704774,0.2016454497429649,0.9445877201913571,0.9069489916904145,0.9999998371229615,0.9069489916904145
gRNA_5319,IKZF1,0.18275647787214308,-0.10592711180967129,0.44883922807522353,0.1752228647125651,0.18275647787214308,1405.2635291841725,-0.48265450292752893,0.25917253444805805,0.1524988469756512,-0.02366104050127323,0.1524988469756512,54794,33.32481658575757,93.40621235901742,0.0,62.92477278534147,Ikzf1,IKZF1,D329G,D312G,targeting guide,Missense,0.5677887309566199,0.6571184992563621,1.0,0.9999614030704774,0.9999614030704774,0.5998032593516678,0.5838116910570175,1.0,0.9999998371229615,0.9999998371229615
gRNA_5372,INHA,-1.554841554464721,-1.3674321698855592,-1.3785216175234913,-1.433598447291257,-1.3785216175234913,1245.264576450045,-1.6947837634009215,-1.927770022499421,-2.0175861344588317,-1.8800466401197247,-1.927770022499421,11453,19.70662708460665,41.15952152274514,0.0087313367676591,48.41526237666987,Inha,INHA,V179A,V178A,targeting guide,Missense,0.999963137876587,0.0005302328497124613,1.0,0.057463197226466825,0.057463197226466825,1.0,4.1025318572854354e-10,1.0,5.4871363591192696e-08,5.4871363591192696e-08
gRNA_5373,INHA,-0.2957451229480748,-0.48052789294461307,-0.2636104062260015,-0.3466278073728965,-0.2957451229480748,2549.316646897099,-0.5677387458247285,-0.38787300320254914,-0.5590985346974711,-0.5049034279082495,-0.5590985346974711,66676,25.259463675085485,95.15717799508069,0.0,71.01805747195392,Inha,INHA,V179A,V178A,targeting guide,Missense,0.9094701174259121,0.29397882814202464,1.0,0.9999614030704774,0.9999614030704774,0.9560666372727536,0.17782949868154124,1.0,0.9999998371229615,0.9999998371229615
gRNA_5374,INHA,-0.9656610916502589,-0.969521666604618,-0.8894478082552789,-0.9415435221700519,-0.9656610916502589,663.8744425188005,-0.6534016481848569,-1.4798698562970818,-1.8326114599979975,-1.3219609881599788,-1.4798698562970818,10215,34.63534018600098,93.31375428291727,0.0,60.53842388644151,Inha,INHA,V179A,V178A,targeting guide,Missense,0.9809790946204267,0.09933748391564937,1.0,0.9999614030704774,0.9999614030704774,0.9984400106712246,4.427444339106881e-07,1.0,3.158243628562909e-05,3.158243628562909e-05
gRNA_5454,INPP4A,-0.16265160436168435,-0.2506864179096191,0.05528133532243822,-0.11935222898295507,-0.16265160436168435,1716.0455068617591,-0.02488524713821944,0.04603000089769892,0.16879055866681658,0.06331177080876535,0.04603000089769892,48599,59.51562789357806,78.66211238914381,0.6090660301652298,25.22479886417416,Inpp4a,INPP4A,F813L,F813L,targeting guide,Missense,0.8632440607922395,0.3741381912371778,1.0,0.9999614030704774,0.9999614030704774,0.6896821194517568,0.6056260966789935,1.0,0.9999998371229615,0.9999998371229615
gRNA_5455,INPP4A,-0.08387784213486706,-0.11538182280499645,0.05889150180694014,-0.04678938771097446,-0.08387784213486706,2189.743242892713,-0.4007070775725254,0.04822390205462446,0.15704503497741792,-0.06514604684682766,0.04822390205462446,68108,19.182768544077053,22.062019146062138,0.0587302519527808,14.905737945615789,Inpp4a,INPP4A,F813L,F813L,targeting guide,Missense,0.8349474860510846,0.42713375030416767,1.0,0.9999614030704774,0.9999614030704774,0.7556459034508538,0.48441097810457323,1.0,0.9999998371229615,0.9999998371229615
gRNA_5456,INPP4A,0.10010713220164298,-0.3283840401102472,0.2841141174753722,0.018612403188922655,0.10010713220164298,1452.5338561146052,-0.2948740491748845,-0.07958792866566967,0.04280309181026678,-0.1105529620100958,-0.07958792866566967,45753,5.418223941599458,7.474919677398203,0.0,12.464756409415775,Inpp4a,INPP4A,F813L,F813L,targeting guide,Missense,0.7733056037316243,0.4876422526877334,1.0,0.9999614030704774,0.9999614030704774,0.8057469237966738,0.4649382618292809,1.0,0.9999998371229615,0.9999998371229615
gRNA_5477,INPP4A,-0.04610936076442433,-0.13952224512113767,0.16749324056702922,-0.006046121772844258,-0.04610936076442433,2341.3180083427333,0.21864878599136037,0.3534708704623627,0.1748533020976485,0.24899098618379054,0.21864878599136037,77157,11.089078113456978,12.696190883523206,0.0,28.708995943336312,Inpp4a,INPP4A,L693P,L693P,targeting guide,Missense,0.8008804097422662,0.45970575047475604,1.0,0.9999614030704774,0.9999614030704774,0.362031435514082,0.8636598440832547,1.0,0.9999998371229615,0.9999998371229615
gRNA_5501,INPPL1,-0.15104607418611496,-0.1874394987731622,0.1759557348514181,-0.05417661270261969,-0.15104607418611496,939.2665793460261,-0.40073960746745974,-0.3987445616717471,-0.47849048200496447,-0.42599155038139047,-0.40073960746745974,27146,0.699918956752376,85.99425329698667,0.471524349812127,95.47631326898993,Inppl1,INPPL1,L58P,L58P,targeting guide,Missense,0.8178385765716487,0.4286318169090192,1.0,0.9999614030704774,0.9999614030704774,0.9373855413549088,0.23005258583182214,1.0,0.9999998371229615,0.9999998371229615
gRNA_5509,INPPL1,0.23588373733689122,0.24847857900551215,0.42319005395013376,0.302517456764179,0.24847857900551215,1041.8688325330859,0.27594620357288513,0.22403836071493607,0.20794134937580078,0.23597530455454066,0.22403836071493607,34605,78.06097384770987,85.05129316572749,0.8611472330588066,9.088282040167606,Inppl1,INPPL1,Y672H,Y671H,targeting guide,Missense,0.5066678258804371,0.7675405916289381,1.0,0.9999614030704774,0.9999614030704774,0.36695112590943557,0.8709833105318777,1.0,0.9999998371229615,0.9999998371229615
gRNA_5561,INSR,0.5824047544859123,0.7724087169065373,0.4967286127486455,0.6171806947136983,0.5824047544859123,556.0969314823802,0.3153376379059768,0.28880705158435155,0.5862153973233062,0.3967866956045449,0.3153376379059768,29167,27.04769088353276,31.59735317310659,1.073130592793225,15.726677409401034,Insr,INSR,N635D,N633D,targeting guide,Missense,0.08447297664172061,0.9806735616206214,1.0,0.9999614030704774,0.9999614030704774,0.12304793039375211,0.9527507372174524,0.6821828265353097,0.9999998371229615,0.6821828265353097
gRNA_5614,IRF4,0.29758653837979665,0.2569984548150083,0.05809633010410765,0.20422710776630423,0.2569984548150083,907.8728454383449,-0.04770103766413456,0.053523422702660126,-0.08735492230485283,-0.027177512422109085,-0.04770103766413456,38175,38.07203667321545,46.491159135559926,0.2200392927308448,22.538310412573672,Irf4,IRF4,I448V,I449V,targeting guide,Missense,0.6590583098325511,0.6398269875682032,1.0,0.9999614030704774,0.9999614030704774,0.7555819749430626,0.5419534043788876,1.0,0.9999998371229615,0.9999998371229615
gRNA_5615,IRF4,0.5711553221247678,0.5336303837838747,0.6594538390902078,0.5880798483329501,0.5711553221247678,327.87664177713265,0.6278732779456703,0.49780999064194287,0.32479997357657053,0.4834944140547279,0.49780999064194287,15189,3.9436434261636713,20.337086049114493,0.7307920205411812,85.52900125090525,Irf4,IRF4,L116P,L116P,targeting guide,Missense,0.12248227854120895,0.9733071322250688,1.0,0.9999614030704774,0.9999614030704774,0.04984040790795654,0.9852985705494007,0.3904165628767,0.9999998371229615,0.3904165628767
gRNA_5618,IRF8,-0.4260255865780237,-0.16443862826266567,-0.29604467886080454,-0.2955029645671646,-0.29604467886080454,995.9328751060297,-1.0511603143104074,-0.9777537852050868,-1.3399250592533911,-1.122946386256295,-1.0511603143104074,27226,0.1358995078234041,91.17755087049144,0.1358995078234041,94.07918901050466,Irf8,IRF8,Y23H,Y23H,targeting guide,Missense,0.9022451220791267,0.3089182195341897,1.0,0.9999614030704774,0.9999614030704774,0.9988336732245693,0.0035994196593997535,1.0,0.11003940101593533,0.11003940101593533
gRNA_5620,IRF8,0.20784714183915917,0.4028195104374587,-0.04478227907835776,0.18862812439942003,0.20784714183915917,447.5171247506108,0.2573657197477373,-0.07722130694002251,0.18192951146171488,0.12069130808980989,0.18192951146171488,15918,0.0502575700464882,8.198266113833396,0.0,48.10277673074507,Irf8,IRF8,K66R,K66R,targeting guide,Missense,0.6403446441464193,0.6289291669095549,1.0,0.9999614030704774,0.9999614030704774,0.5096290478536358,0.74710569950571,1.0,0.9999998371229615,0.9999998371229615
gRNA_5621,IRF8,-0.31686525963588136,-0.3073457383984124,-0.5765463241544362,-0.40025244072957666,-0.31686525963588136,984.0541649787989,-0.4416894187158897,-0.47989666516531193,-0.4283678911025531,-0.4499846583279182,-0.4416894187158897,26827,26.78271890259813,76.9933276176986,0.2311104484288217,61.16971707608007,Irf8,IRF8,T80A,T80A,targeting guide,Missense,0.9094701174259121,0.29397882814202475,1.0,0.9999614030704774,0.9999614030704774,0.9373855413549088,0.230052585831822,1.0,0.9999998371229615,0.9999998371229615
gRNA_5623,IRS1,0.4659718423192519,0.5355421345533737,0.891525533492701,0.6310131701217755,0.5355421345533737,725.6931064128012,0.7388715139759219,0.5264408930058921,0.6702565689082203,0.6451896586300114,0.6702565689082203,35735,1.0521897299566252,84.55295928361551,0.058765915768854,89.76913390233663,Irs1,IRS1,V277A,V282A,targeting guide,Missense,0.08878924991728282,0.9743489391266751,1.0,0.9999614030704774,0.9999614030704774,0.005918648129229138,0.9992852520220696,0.12303558114340546,0.9999998371229615,0.12303558114340546
gRNA_5624,IRS1,-1.1334135760619781,-1.37745141659536,-0.9317517519736285,-1.147538914876989,-1.1334135760619781,1566.7776235161614,-1.2894845297004407,-0.8369126530237647,-0.9499810635932161,-1.0254594154391405,-0.9499810635932161,19015,1.067578227714962,91.54877728109388,0.2419142782014199,92.34814620036812,Irs1,IRS1,V277A,V282A,targeting guide,Missense,0.9963687448663937,0.014839656934612012,1.0,0.7939216460017428,0.7939216460017428,0.9961721354102391,0.011944705651991638,1.0,0.26083336831900106,0.26083336831900106
gRNA_5625,IRS1,0.010280395541209067,-0.12076984186089332,0.06072397952695469,-0.016588488930909855,0.010280395541209067,1191.3255355661915,-0.15495837647014668,-0.483390899665866,-0.011732282105288625,-0.21669385274710043,-0.15495837647014668,35413,15.672210770056196,82.7492728658967,1.2481292180837549,70.55318668285658,Irs1,IRS1,V277A,V282A,targeting guide,Missense,0.8280428642925286,0.43841876788116807,1.0,0.9999614030704774,0.9999614030704774,0.850854944107528,0.379722932993051,1.0,0.9999998371229615,0.9999998371229615
gRNA_5626,IRS1,-0.09965978226120986,-0.49970063543526666,0.02981836256674331,-0.18984735170991107,-0.09965978226120986,1251.6281711610616,-0.4200842901449416,-0.07967368632722473,-0.17022391145607674,-0.22332729597608103,-0.17022391145607674,32135,3.1834448420725066,32.28255795861211,0.5663606659405632,89.1177843472849,Irs1,IRS1,Y608H,Y612H,targeting guide,Missense,0.8566032793755727,0.38363962077995645,1.0,0.9999614030704774,0.9999614030704774,0.8486240140029659,0.389221384653536,1.0,0.9999998371229615,0.9999998371229615
gRNA_5627,IRS1,-0.4852079303400943,-0.5052725661542634,-0.45316886841417164,-0.48121645496950977,-0.4852079303400943,2344.9543481776,-0.6720614136038071,0.08429733626063382,-0.10968315030343646,-0.23248240921553656,-0.10968315030343646,53446,18.394267110728585,54.52045054821689,0.4621487108483328,68.60569546832316,Irs1,IRS1,Y608H,Y612H,targeting guide,Missense,0.9169120171203765,0.27810887407453827,1.0,0.9999614030704774,0.9999614030704774,0.8293731642859388,0.36948751345135067,1.0,0.9999998371229615,0.9999998371229615
gRNA_5628,IRS1,-0.007520473720876677,0.20385673393206677,0.17168364955852347,0.12267330325657118,0.17168364955852347,696.173170701228,0.1431955136572327,-0.20644889796656063,0.14251462012401264,0.02642041193822824,0.14251462012401264,24555,3.58786397882305,55.71166768478925,0.0,84.61820403176542,Irs1,IRS1,Y608H,Y612H,targeting guide,Missense,0.7179920539015099,0.573221853879083,1.0,0.9999614030704774,0.9999614030704774,0.6718397780480434,0.6092793512942707,1.0,0.9999998371229615,0.9999998371229615
gRNA_5740,JAK1,-0.32305828557035215,-0.5431396433006586,-0.4105678664289438,-0.42558859843331814,-0.4105678664289438,1117.5078369184007,-0.7244590945726752,-0.5826011736959951,-0.5411900119926691,-0.6160834267537798,-0.5826011736959951,28356,7.702073635209479,74.7072929891381,0.3808717731696995,71.11722386796446,Jak1,JAK1,Y651H,Y652H,targeting guide,Missense,0.9119916773962078,0.28866901797769057,1.0,0.9999614030704774,0.9999614030704774,0.9680977389959543,0.14346916304508464,1.0,0.9999998371229615,0.9999998371229615
gRNA_5741,JAK1,0.12995997226885686,0.027490728640199837,0.18135410705895327,0.11293493598933664,0.12995997226885686,1103.3867172263356,-0.04868261103875431,0.07744047371230882,-0.03333505687523638,-0.0015257314005606242,-0.03333505687523638,39249,10.611735330836456,75.91276210858875,0.1936355066371117,69.8056001426788,Jak1,JAK1,Y651H,Y652H,targeting guide,Missense,0.7222265186243313,0.5782148227222594,1.0,0.9999614030704774,0.9999614030704774,0.7374556564295065,0.5618654193339025,1.0,0.9999998371229615,0.9999998371229615
gRNA_5742,JAK1,0.6684843976486696,0.6240287505383111,0.5893565179199246,0.6272898887023017,0.6240287505383111,979.2585153219305,0.41972331803390384,0.4769738566108146,0.4918213019329084,0.4628394921925423,0.4769738566108146,52387,8.425754481073549,75.16368564720256,0.7215530570561399,70.39341821444252,Jak1,JAK1,Y651H,Y652H,targeting guide,Missense,0.08933232918810531,0.9830093187318395,1.0,0.9999614030704774,0.9999614030704774,0.0433871810629535,0.993213643986494,0.35710987490277113,0.9999998371229615,0.35710987490277113
gRNA_5769,JAK2,0.47865093580825174,0.5213575195127704,0.07368895567708054,0.3578991369993676,0.47865093580825174,322.9978278938017,1.1579017233300684,0.6853636546640367,0.9509211627825979,0.9313955135922343,0.9509211627825979,13733,43.77047986601617,60.36554285298187,0.0,23.075802810747835,Jak2,JAK2,M661T,M661T,targeting guide,Missense,0.3427515518957145,0.8237766874872692,1.0,0.9999614030704774,0.9999614030704774,7.400301140647451e-06,0.9999703704666193,0.0007918322220492773,0.9999998371229615,0.0007918322220492773
gRNA_5772,JAK2,-0.17030928840741452,-0.07752309917391804,-0.1961967872509491,-0.1480097249440939,-0.17030928840741452,1828.7153029543806,0.24264871320402306,0.17241374433694034,0.15973565594175465,0.191599371160906,0.17241374433694034,57987,1.1226654250090538,15.6879990342663,0.3242105989273457,80.31800231086278,Jak2,JAK2,M8V,M8V,targeting guide,Missense,0.8808004871669556,0.3498331762656611,1.0,0.9999614030704774,0.9999614030704774,0.46460371904020803,0.8037322565577121,1.0,0.9999998371229615,0.9999998371229615
gRNA_5773,JAK2,0.18588838002909905,0.0963897887601394,-0.026958758762098457,0.08510647000904666,0.0963897887601394,986.9094705819494,0.29126507493328463,0.004277487283851976,-0.24937015481613198,0.015390802467001538,0.004277487283851976,36515,0.3395864713131589,4.674791181706149,0.0958510201287142,65.17321648637547,Jak2,JAK2,M8V,M8V,targeting guide,Missense,0.7665831318902692,0.5150500107211866,1.0,0.9999614030704774,0.9999614030704774,0.6401489760909056,0.5841600987678293,1.0,0.9999998371229615,0.9999998371229615
gRNA_5776,JAK2,0.4375951514588102,0.40410558016598846,0.37217058165654227,0.40462377109378034,0.40410558016598846,472.90599552439295,0.5988436358188484,-0.10901259621032733,0.09342220255421899,0.19441774738758,0.09342220255421899,19595,0.2806838479203878,60.42357744322532,0.0255167134473079,87.87445776983924,Jak2,JAK2,R683G,R683G,targeting guide,Missense,0.3959585533967479,0.8493728145328904,1.0,0.9999614030704774,0.9999614030704774,0.25576332510930094,0.7753462188291483,1.0,0.9999998371229615,0.9999998371229615
gRNA_5777,JAK2,0.3796256111359959,0.27805426225003643,0.35996249868573676,0.33921412402392304,0.35996249868573676,818.0783911775304,0.30212861306263644,-0.10224010589732277,-0.05120287833360786,0.049561876277235274,-0.05120287833360786,34349,46.79903345075548,64.34248449736528,0.5152988442167167,22.673149145535533,Jak2,JAK2,R683G,R683G,targeting guide,Missense,0.5406334723974329,0.7545956376424957,1.0,0.9999614030704774,0.9999614030704774,0.5968945933210978,0.6566843760915286,1.0,0.9999998371229615,0.9999998371229615
gRNA_5792,JAK3,0.417697279014033,0.31067516963031594,0.27830531652713353,0.33555925505716083,0.31067516963031594,487.7483978262106,0.4683556673088213,0.3858198057420041,0.08131154032906308,0.3118290044599628,0.3858198057420041,21297,5.503122505517209,36.268018969807954,0.0046954970183593,86.34079917359252,Jak3,JAK3,V670A,V674A,targeting guide,Missense,0.5009204624246881,0.7760689640573807,1.0,0.9999614030704774,0.9999614030704774,0.1790737037212428,0.9087997313495088,0.8440919074085013,0.9999998371229615,0.8440919074085013
gRNA_5854,KDM5C,1.1419041092093678,1.0836319798725764,0.6636340342822595,0.9630567077880681,1.0836319798725764,212.8470916675212,0.21797474490783975,0.3348033511796018,0.3555878837371403,0.30278865994152726,0.3348033511796018,11740,32.7427597955707,58.77342419080068,0.0,30.868824531516186,Kdm5c,KDM5C,W501R,W501R,targeting guide,Missense,0.01007008546766311,0.9981114966578779,0.5971932097534918,0.9999614030704774,0.5971932097534918,0.2801876156292269,0.9114958953616568,1.0,0.9999998371229615,0.9999998371229615
gRNA_5860,KDM5C,0.09841403793608226,0.02386599369151157,-0.09694945223982397,0.008443526462589954,0.02386599369151157,1002.7207094644472,-0.1562269315338485,0.09573685764423,0.32758903805444767,0.08903298805494304,0.09573685764423,32860,2.0267802799756542,4.643944004869142,0.8125380401704199,20.15216068167985,Kdm5c,KDM5C,I227T,I227T,targeting guide,Missense,0.8135338091362381,0.46085106796825037,1.0,0.9999614030704774,0.9999614030704774,0.5596761004709616,0.6809702134274522,1.0,0.9999998371229615,0.9999998371229615
gRNA_5861,KDM5C,0.3421304351015033,0.403989343807241,0.05143211514856458,0.2658506313524363,0.3421304351015033,759.4210675173848,0.07409866059282112,0.1629458154284457,0.03534292021576014,0.09079579874567566,0.07409866059282112,29895,2.7395885599598597,8.683726375648101,0.3913697942799799,43.144338518146846,Kdm5c,KDM5C,I227T,I227T,targeting guide,Missense,0.5855461663075316,0.6950623767918247,1.0,0.9999614030704774,0.9999614030704774,0.6585569103950728,0.6424194149656044,1.0,0.9999998371229615,0.9999998371229615
gRNA_5864,KDM5C,0.4119692645603359,0.33424011984130125,0.4303801919127298,0.3921965254381223,0.4119692645603359,930.9937392233106,-0.06832096799166805,0.21279662300171706,0.2069075972215866,0.11712775074387853,0.2069075972215866,36616,6.472580292768189,92.38584225475202,0.0,89.14955210836793,Kdm5c,KDM5C,D337G,D337G,targeting guide,Missense,0.4144226093491909,0.8379364860833061,1.0,0.9999614030704774,0.9999614030704774,0.5202499516410128,0.743942178425246,1.0,0.9999998371229615,0.9999998371229615
gRNA_5865,KDM5C,0.3973953834297773,0.6338673081507231,0.5416644575335151,0.5243090497046717,0.5416644575335151,424.62801693105393,0.07878910065393159,-0.17371502218191023,-0.0855653672359793,-0.06016376292131931,-0.0855653672359793,19621,17.114316293766883,55.39473013607869,1.4627185158758471,57.377299831812856,Kdm5c,KDM5C,D337G,D337G,targeting guide,Missense,0.1892017053491858,0.9361266792964792,1.0,0.9999614030704774,0.9999614030704774,0.7610869968513353,0.5272747874856487,1.0,0.9999998371229615,0.9999998371229615
gRNA_5912,KDM6A,0.3245878746225513,0.14104739076353892,0.4564662999968928,0.30736718846099437,0.3245878746225513,416.21196614503305,-0.22755596041379533,-0.008583337669622963,-0.2642260880515566,-0.16678846204499165,-0.22755596041379533,15490,3.5377663008392517,37.6952872821175,1.1491284699806326,54.82892188508716,Kdm6a,KDM6A,R484G,R484G,targeting guide,Missense,0.46431448368829,0.7845575034717264,1.0,0.9999614030704774,0.9999614030704774,0.8421141838403171,0.41129612602823096,1.0,0.9999998371229615,0.9999998371229615
gRNA_6000,KDR,-0.3235575193719699,-0.21026332777203338,-0.35707774863176006,-0.29696619859192114,-0.3235575193719699,1168.8408342539333,0.06270008513400845,0.03877624540848034,0.03084317537261353,0.04410650197170077,0.03877624540848034,29047,7.122938685578545,71.11233518091369,0.0,87.60285055255275,Kdr,KDR,V1261A,V1263A,targeting guide,Missense,0.9047678546886585,0.3039755107053006,1.0,0.9999614030704774,0.9999614030704774,0.7432891242152198,0.5572304297766566,1.0,0.9999998371229615,0.9999998371229615
gRNA_6063,KEAP1,-0.15832114282293727,0.3770328691659551,0.24573408618423964,0.15481527084241917,0.24573408618423964,809.2797926285086,0.10752094457632623,0.2934780888119935,0.2362633176681094,0.21242078368547637,0.2362633176681094,29751,15.34066081812376,76.38398709287083,0.2386474404221706,78.68643070821149,Keap1,KEAP1,M161V,M161V,targeting guide,Missense,0.6642562507189349,0.5971585449907206,1.0,0.9999614030704774,0.9999614030704774,0.41199315299087685,0.8310221879335562,1.0,0.9999998371229615,0.9999998371229615
gRNA_6064,KEAP1,-0.8305652692819414,-0.9433832473677529,-0.8691665997592944,-0.8810383721363296,-0.8691665997592944,1664.7769820658143,-0.7251967490214568,-0.5969137566683553,-0.5277968505124594,-0.6166357854007573,-0.5969137566683553,29818,46.42833188007244,89.15755583875512,0.3085384666979677,48.94694479844389,Keap1,KEAP1,M161V,M161V,targeting guide,Missense,0.9708481843882418,0.13378111993846747,1.0,0.9999614030704774,0.9999614030704774,0.9680977389959543,0.14346916304508464,1.0,0.9999998371229615,0.9999998371229615
gRNA_6080,KEAP1,-0.16887342211842168,-0.27423751032214716,0.40428568662537817,-0.012941748605063566,-0.16887342211842168,1164.1135924686068,-0.059931268715115525,-0.18061848927730534,0.06750489524643603,-0.05768162091532828,-0.059931268715115525,35832,1.4679615985711096,61.16320607278411,0.1283768698370171,67.84717570886359,Keap1,KEAP1,Y33H,Y33H,targeting guide,Missense,0.7502962774410379,0.46761166465852566,1.0,0.9999614030704774,0.9999614030704774,0.769534303215596,0.5159574339493347,1.0,0.9999998371229615,0.9999998371229615
gRNA_6081,KEAP1,0.6331603962664283,0.6639104481362035,1.0166366172709216,0.7712358205578512,0.6639104481362035,368.83980149341545,0.7379978674628729,0.37688705587221527,0.5868375615135948,0.5672408282828943,0.5868375615135948,19413,12.414361510328131,81.73904084891568,1.1847730901972906,67.33632102199557,Keap1,KEAP1,Y33H,Y33H,targeting guide,Missense,0.03948454094838818,0.9930973639939835,0.7288141578134111,0.9999614030704774,0.7288141578134111,0.015804701843148552,0.9954447762051396,0.20877816015023395,0.9999998371229615,0.20877816015023395
gRNA_6086,KEAP1,-0.8724298858636329,-0.8259403324342172,-0.5385994269402061,-0.7456565484126854,-0.8259403324342172,1073.5081249165157,-0.5989818227662134,-1.0755104014478136,-1.0711940011967984,-0.9152287418036084,-1.0711940011967984,16037,47.22828459188128,81.80457691588202,0.0,42.28346947683482,Keap1,KEAP1,H311R,H311R,targeting guide,Missense,0.9551736076918653,0.17563508784738002,1.0,0.9999614030704774,0.9999614030704774,0.9916266119426351,0.04201540952405654,1.0,0.7530491617132735,0.7530491617132735
gRNA_6087,KEAP1,0.19172819913773703,0.060450627506888274,0.3977869019786653,0.2166552428744302,0.19172819913773703,842.1157000911752,0.2330318512511473,0.05576913871943629,0.06716423447277281,0.11865507481445214,0.06716423447277281,32455,2.3016484362964102,72.62363272223078,0.2742258511785549,94.72500385148668,Keap1,KEAP1,H311R,H311R,targeting guide,Missense,0.6270699440842011,0.6597631739975753,1.0,0.9999614030704774,0.9999614030704774,0.5813831756400418,0.6944022014722696,1.0,0.9999998371229615,0.9999998371229615
gRNA_6103,KIT,-0.23463463538172633,-0.3429570558412016,-0.5628240292853077,-0.3801385735027452,-0.3429570558412016,816.055264607965,-0.3942080726424054,-0.9160676021960891,-1.0491141327461626,-0.7864632691948857,-0.9160676021960891,21376,56.40437874251497,70.4809131736527,1.375374251497006,20.26571856287425,Kit,KIT,W560R,W557R,targeting guide,Missense,0.9098574892102402,0.292984755218634,1.0,0.9999614030704774,0.9999614030704774,0.9832973115959837,0.06749149706851813,1.0,0.9999998371229615,0.9999998371229615
gRNA_6104,KIT,0.6407184626358262,0.5753162940437397,0.4268569991179536,0.5476305852658399,0.5753162940437397,585.043045549452,0.26668535576838726,-0.14177937174808547,-0.032952900827734374,0.030651027730855804,-0.032952900827734374,28647,13.551157189234477,32.80622752818794,0.3804935944426991,42.31856738925542,Kit,KIT,W560R,W557R,targeting guide,Missense,0.15552360762930462,0.9574021036622424,1.0,0.9999614030704774,0.9999614030704774,0.6096297956932109,0.6381550830705984,1.0,0.9999998371229615,0.9999998371229615
gRNA_6105,KIT,-0.5747578964846022,-0.5358865699104125,-0.5263183961664026,-0.5456542875204725,-0.5358865699104125,1545.9292751295932,-0.33199906696180936,-0.7231199219231066,-0.4335532287637324,-0.4962240725495495,-0.4335532287637324,33851,43.69442557088417,65.46630823313934,0.3722194322176597,29.24876665386547,Kit,KIT,W560R,W557R,targeting guide,Missense,0.9193107526520296,0.2728626312893226,1.0,0.9999614030704774,0.9999614030704774,0.9437487127336635,0.2038884758761153,1.0,0.9999998371229615,0.9999998371229615
gRNA_6109,KIT,-1.0338431268783308,-1.1224422546915107,-0.9760077402776032,-1.0440977072824815,-1.0338431268783308,1132.5380415691825,-1.1887598129982275,-1.1775744098399998,-1.1470110034251357,-1.171115075421121,-1.1775744098399998,17189,31.11873872825645,82.9949386235383,0.0,54.92466112048403,Kit,KIT,I800V,I798V,targeting guide,Missense,0.9938880001215874,0.04028658466550222,1.0,0.9999614030704774,0.9999614030704774,0.9998729197718296,0.0013838210605419707,1.0,0.047764146283222855,0.047764146283222855
gRNA_6110,KIT,0.02546971145797811,0.22167360660400237,0.031041544338116976,0.09272828746669914,0.031041544338116976,656.4199458573241,0.4348661769257264,0.4260133254602332,0.29409369386055345,0.3849910654155044,0.4260133254602332,22786,55.47265865004828,75.01097164925832,0.0,23.110681997717897,Kit,KIT,I800V,I798V,targeting guide,Missense,0.7424790503445479,0.550263758326663,1.0,0.9999614030704774,0.9999614030704774,0.13161033419212056,0.9659889614733166,0.6971438494335099,0.9999998371229615,0.6971438494335099
gRNA_6111,KIT,0.6061503575999054,0.676750772055933,0.5573011225995997,0.6134007507518127,0.6061503575999054,447.19833494810996,0.6244427869492615,0.39605373287792006,0.37220612566824507,0.46423421516514224,0.39605373287792006,20580,53.79494655004859,84.63070942662779,1.020408163265306,32.84256559766764,Kit,KIT,I800V,I798V,targeting guide,Missense,0.0978461005977295,0.9800128689345182,1.0,0.9999614030704774,0.9999614030704774,0.06747800966047354,0.9844251130616605,0.46582409855718293,0.9999998371229615,0.46582409855718293
gRNA_6112,KIT,-0.22308958448675822,-0.2253175617529482,0.27574685367631474,-0.057553430854463905,-0.22308958448675822,416.67794213319803,-0.3400638380657785,-0.24728887784136822,-0.3317671666569891,-0.30637329418804526,-0.3317671666569891,10351,1.0143947444691337,2.2509902424886485,0.0,42.507970244420825,Kit,KIT,K645E,K642E,targeting guide,Missense,0.8109219784353789,0.4274642820709621,1.0,0.9999614030704774,0.9999614030704774,0.9021427595944064,0.30883876685640843,1.0,0.9999998371229615,0.9999998371229615
gRNA_6113,KIT,-1.061864440223809,-1.2304224488420858,-1.071129841210133,-1.1211389100920093,-1.071129841210133,1441.0814765576079,-1.0086829322061441,-1.1148947607500979,-0.8792648028671621,-1.0009474986078013,-1.0086829322061441,18468,1.1695906432748535,76.18583495776478,0.3682044617717132,87.63266190166775,Kit,KIT,K645E,K642E,targeting guide,Missense,0.9970891867681945,0.019904242283435812,1.0,0.9707746615900259,0.9707746615900259,0.9958632964945411,0.02962421120203485,1.0,0.5776137369878764,0.5776137369878764
gRNA_6117,KIT,0.5176905865921912,0.49820142780202514,0.19189202378547657,0.40259467939323107,0.49820142780202514,784.4141880334469,0.3279955374759686,-0.0674852487099584,-0.020426560678730214,0.08002790936242667,-0.020426560678730214,35759,15.073128443189129,40.115775049637854,0.1286389440420593,36.10839229284935,Kit,KIT,V657A,V654A,targeting guide,Missense,0.28401260215792484,0.8814151891486439,1.0,0.9999614030704774,0.9999614030704774,0.5801306760290916,0.6638531437429374,1.0,0.9999998371229615,0.9999998371229615
gRNA_6125,KIT,-0.3817301329835548,-0.10750051042211513,-0.3535750740245995,-0.28093523914342317,-0.3535750740245995,419.5730112796837,-0.39921904602080227,-0.1875269205500888,-0.3047001366710378,-0.29714870108064295,-0.3047001366710378,9516,15.06935687263556,80.13871374527112,8.60655737704918,68.89449348465742,Kit,KIT,L579P,L576P,targeting guide,Missense,0.8964068122959263,0.31860813086120554,1.0,0.9999614030704774,0.9999614030704774,0.8908163357121566,0.3255733876106437,1.0,0.9999998371229615,0.9999998371229615
gRNA_6134,KLF4,0.2741085506498988,0.19381240213498846,0.3964377695519478,0.28811957411227834,0.2741085506498988,822.5414484125415,-0.03971242173756829,0.15700130503710752,0.27783074109733336,0.1317065414656242,0.15700130503710752,30401,13.98638202690701,68.25104437354035,0.4703792638400052,71.08976678398737,Klf4,KLF4,K413E,K409E,targeting guide,Missense,0.5745562599597003,0.7232720462437192,1.0,0.9999614030704774,0.9999614030704774,0.524782457535452,0.7333333061085092,1.0,0.9999998371229615,0.9999998371229615
gRNA_6135,KLF4,0.2494952574779078,0.4263541438250592,0.41443166527313285,0.36342702219203327,0.41443166527313285,497.184575980234,0.15986467716186914,0.0453501061747443,0.16189058790300428,0.12236845707987258,0.15986467716186914,19789,31.18399110617009,69.33650007579969,1.500833796553641,47.278791247662845,Klf4,KLF4,K413E,K409E,targeting guide,Missense,0.4269828888959445,0.8254547466526,1.0,0.9999614030704774,0.9999614030704774,0.6146985088553822,0.6821165855627247,1.0,0.9999998371229615,0.9999998371229615
gRNA_6257,KMT2B,0.04810842827453311,-0.12068819726950318,-0.1757780734857288,-0.08278594749356628,-0.12068819726950318,1353.082052553838,0.2113561727713538,0.33427144528772396,0.3688500282889194,0.30482588211599904,0.33427144528772396,40742,2.663099504197143,8.774728781110403,1.4481370575818564,36.19851750036817,Kmt2b,KMT2B,N1162S,N1156S,targeting guide,Missense,0.8480552173843194,0.4031545396330114,1.0,0.9999614030704774,0.9999614030704774,0.26054215601004255,0.9184895913362657,1.0,0.9999998371229615,0.9999998371229615
gRNA_6265,KMT2B,-0.05020772650062785,-0.11157030548003415,-0.21599756328197348,-0.1259251984208785,-0.11157030548003415,108.32360478168401,0.03813226986964959,-0.2349351223238528,-0.6100306130891651,-0.26894448851445607,-0.2349351223238528,2139,0.5610098176718092,1.402524544179523,0.0,71.43525011687704,Kmt2b,KMT2B,H1279R,H1273R,targeting guide,Missense,0.8716107832183017,0.3666936524387941,1.0,0.9999614030704774,0.9999614030704774,0.8809501076321525,0.3153876684669674,1.0,0.9999998371229615,0.9999998371229615
gRNA_6266,KMT2B,0.1519758074646811,0.37441058516844344,0.5293911623597827,0.3519258516643024,0.37441058516844344,944.528027961258,0.44731851679372925,0.7207081403836069,0.5927180660376365,0.5869149077383242,0.5927180660376365,34491,50.58131106665507,95.01029254008292,0.0057986141312226,47.45585804992607,Kmt2b,KMT2B,H1279R,H1273R,targeting guide,Missense,0.40209309278378097,0.8155718957616629,1.0,0.9999614030704774,0.9999614030704774,0.015470223310474691,0.9979096476283985,0.20764522960131684,0.9999998371229615,0.20764522960131684
gRNA_6383,KMT2C,0.190401953313055,0.3292434429043617,0.2777855763796522,0.26581032419902295,0.2777855763796522,738.1769864779068,-0.21138141746466113,-0.017544307463229186,-0.2366257576529653,-0.1551838275269519,-0.21138141746466113,27766,0.4537924079809839,24.537203774400343,0.0036015270474681,78.5312972700425,Kmt2c,KMT2C,K1707E,K1717E,targeting guide,Missense,0.6029990549468098,0.7027477502017907,1.0,0.9999614030704774,0.9999614030704774,0.8387522129677627,0.4171510476802575,1.0,0.9999998371229615,0.9999998371229615
gRNA_6384,KMT2C,-0.11968960939071495,-0.2509874807419334,-0.31943704790518174,-0.23003804601261002,-0.2509874807419334,1406.4756424624613,-0.361006846151121,-0.21542890972988837,-0.16667166002264036,-0.24770247196788323,-0.21542890972988837,36203,2.3451095213103885,3.0826174626412177,0.1740187277297461,9.336242852802254,Kmt2c,KMT2C,K1707E,K1717E,targeting guide,Missense,0.8909916195178702,0.3301250240103994,1.0,0.9999614030704774,0.9999614030704774,0.866302567828777,0.37278060303848487,1.0,0.9999998371229615,0.9999998371229615
gRNA_6472,KMT2D,-0.9663076604711277,-0.8316974934383805,-0.9503945951306677,-0.9161332496800586,-0.9503945951306677,649.5715058349921,-0.8676614316087188,-1.0668600172190934,-1.4177802328662628,-1.117433893898025,-1.0668600172190934,8695,1.2880966072455435,74.00805060379528,0.2875215641173088,92.53594019551468,Kmt2d,KMT2D,K4845R,K4794R,targeting guide,Missense,0.9756239186498609,0.11668259980215057,1.0,0.9999614030704774,0.9999614030704774,0.9980631708729365,0.004571763203984537,1.0,0.13588296189620708,0.13588296189620708
gRNA_6473,KMT2D,0.36336637648704717,0.6825709210894435,0.10081413771760016,0.3822504784313636,0.36336637648704717,115.21063462378595,0.13385067745591078,-0.18290740717404796,-0.0060523382338868465,-0.018369689317341342,-0.0060523382338868465,1963,0.0,17.52419765664799,7.437595517065716,16.658176260825268,Kmt2d,KMT2D,K4845R,K4794R,targeting guide,Missense,0.33487579379957005,0.7873585602965022,1.0,0.9999614030704774,0.9999614030704774,0.7380434459291805,0.5451853785149126,1.0,0.9999998371229615,0.9999998371229615
gRNA_6479,KMT2D,0.1409790420543095,0.32136580768132966,0.512641190504469,0.3249953467467027,0.32136580768132966,807.8128943156008,0.3585460266286771,0.3650712141264282,0.32041890580399573,0.34801204885303366,0.3585460266286771,32489,19.440425990335196,97.54993997968543,0.0061559296992828,79.04213733879159,Kmt2d,KMT2D,Non-coding,,targeting guide,Intron,0.42068319466297655,0.800256326930601,1.0,0.9999614030704774,0.9999614030704774,0.2301609243044342,0.9358601150221681,0.9669053464460524,0.9999998371229615,0.9669053464460524
gRNA_6480,KMT2D,0.2576411386955269,0.033660901172586244,0.7304286311751648,0.3405768903477593,0.2576411386955269,102.48417767932186,0.3827628753899647,0.4477717186600898,0.672046135984098,0.5008602433447175,0.4477717186600898,3320,12.530120481927712,96.6265060240964,0.0,85.63253012048193,Kmt2d,KMT2D,Non-coding,,targeting guide,Intron,0.30247401134602786,0.7751233381855802,1.0,0.9999614030704774,0.9999614030704774,0.03290871376534964,0.9927960847244924,0.2959018800749925,0.9999998371229615,0.2959018800749925
gRNA_6487,KMT2D,-1.2334820542754996,-1.387788742357877,-0.9227734714049682,-1.181348089346115,-1.2334820542754996,776.6009773996631,-1.0663979058532838,-1.5754173045497013,-1.6227334426291038,-1.4215162176773628,-1.5754173045497013,7456,27.078862660944207,50.16094420600859,0.9656652360515022,29.211373390557934,Kmt2d,KMT2D,Q4641R,Q4590R,targeting guide,Missense,0.9978338836733159,0.006419642072026146,1.0,0.45793446780453173,0.45793446780453173,0.9998969069884039,2.0066559869151243e-07,1.0,1.651632235383987e-05,1.651632235383987e-05
gRNA_6488,KMT2D,-0.051919526784872085,0.2814877715228685,0.5527226885640684,0.2607636444340216,0.2814877715228685,93.68527981118618,0.27267661646142977,-0.12165188818869135,-0.18855415609594925,-0.012509809274403613,-0.12165188818869135,3050,22.62295081967213,57.47540983606557,0.7540983606557378,54.98360655737705,Kmt2d,KMT2D,Q4641R,Q4590R,targeting guide,Missense,0.4950000765494217,0.6969852557552788,1.0,0.9999614030704774,0.9999614030704774,0.6294191954630817,0.6068426874087238,1.0,0.9999998371229615,0.9999998371229615
gRNA_6525,KMT2D,0.07706235747420194,0.22567504245369002,0.21539654681432022,0.17271131558073738,0.21539654681432022,484.96374996854735,0.06965735762151497,0.021008692855689164,-0.09702792288698227,-0.002120624136592711,0.021008692855689164,17391,55.45397044448278,62.53234431602554,0.0,11.551952159162786,Kmt2d,KMT2D,Y5563C,Y5512C,targeting guide,Missense,0.6886513504860243,0.6132066013172308,1.0,0.9999614030704774,0.9999614030704774,0.737913780384982,0.5623750060045034,1.0,0.9999998371229615,0.9999998371229615
gRNA_6526,KMT2D,-0.15384856388230142,-0.2229134087247087,-0.0961753297175812,-0.15764576744153044,-0.15384856388230142,1781.3822794372013,0.026819019282023324,-0.040932214003319936,0.0037079861909927684,-0.0034684028434346145,0.0037079861909927684,53331,17.055746188895764,22.414730644465696,0.0900039376722731,27.64620952166657,Kmt2d,KMT2D,Y5563C,Y5512C,targeting guide,Missense,0.8808004871669556,0.34983317626566096,1.0,0.9999614030704774,0.9999614030704774,0.7640842161798728,0.5315716477523666,1.0,0.9999998371229615,0.9999998371229615
gRNA_6527,KMT2D,-0.7041876329424194,-0.5577709671092465,-0.9614120902743353,-0.7411235634420003,-0.7041876329424194,2477.195906838913,-0.4500388044473089,-0.5918465822197627,-0.35579660995711027,-0.46589399887472727,-0.4500388044473089,53089,30.82559475597581,52.71148448831208,0.0094181468854188,33.10855356100134,Kmt2d,KMT2D,Y5563C,Y5512C,targeting guide,Missense,0.9500482854686974,0.18680852677646673,1.0,0.9999614030704774,0.9999614030704774,0.9385905034376205,0.22164423724879165,1.0,0.9999998371229615,0.9999998371229615
gRNA_6604,KMT2D,0.5051691896807098,0.9444968399898781,0.7852074324222343,0.7449578206976074,0.7852074324222343,302.36165726915243,0.5812138176058546,0.3941612632831008,0.4218057515707081,0.4657269441532212,0.4218057515707081,16955,52.49189029784724,96.05426127985844,0.0,44.7773518136243,Kmt2d,KMT2D,H5350R,H5299R,targeting guide,Missense,0.03723180146454355,0.9916248634871885,0.7288141578134111,0.9999614030704774,0.7288141578134111,0.0541115888535288,0.9892886171904905,0.3993062074019022,0.9999998371229615,0.3993062074019022
gRNA_6629,KMT2D,-0.3359251177152074,0.15316130897889424,-0.41468009767437325,-0.19914796880356214,-0.3359251177152074,505.6936597021062,-0.22015321798441762,-0.6563109153351951,-0.5026682829926687,-0.4597108054374272,-0.5026682829926687,15864,0.510590015128593,35.52067574382249,0.0,89.70625315179022,Kmt2d,KMT2D,M3726V,M3728V,targeting guide,Missense,0.8358649470271213,0.39188998137250086,1.0,0.9999614030704774,0.9999614030704774,0.9303224734282534,0.2306552333845679,1.0,0.9999998371229615,0.9999998371229615
gRNA_6712,KRAS,-0.1664937345348684,-0.10173334313974271,-0.2375894101146631,-0.16860549592975807,-0.1664937345348684,1000.6601168913562,-0.1289798552221189,-0.21769043798998486,-0.20619758665159438,-0.18428929328789936,-0.20619758665159438,28779,10.208832829493728,69.99895757323048,0.2362834010910733,75.80179992355536,Kras,KRAS,Q61R,Q61R,targeting guide,Missense,0.8836164171573729,0.3450873889405366,1.0,0.9999614030704774,0.9999614030704774,0.8326711657397617,0.4304268192950428,1.0,0.9999998371229615,0.9999998371229615
gRNA_6717,KRAS,0.4984015212632995,0.4194956256203963,0.11240141523314134,0.34343285403894575,0.4194956256203963,517.6935811571658,-0.36531251953544197,-0.3025256419850875,-0.5117383389181948,-0.3931921668129081,-0.36531251953544197,21288,13.420706501315294,30.557121382938742,0.0,38.1858323938369,Kras,KRAS,K117R,K117R,targeting guide,Missense,0.3747677678246995,0.8175937479459975,1.0,0.9999614030704774,0.9999614030704774,0.9177169334184243,0.2722538892791203,1.0,0.9999998371229615,0.9999998371229615
gRNA_6743,LATS1,0.87630940024161,0.8850458599059046,0.8602012386571536,0.8738521662682227,0.87630940024161,716.8945078637793,1.107076473770409,1.0841175181359959,0.8388989237326674,1.010030971879691,1.0841175181359959,46454,60.62556507512809,93.93593662547896,0.7405175011839669,34.74835320962673,Lats1,LATS1,H748R,H749R,targeting guide,Missense,0.01607420121117013,0.9982574738604921,0.6275695707251967,0.9999614030704774,0.6275695707251967,2.8904124284939063e-08,0.9999998371229615,1.0309137661628266e-05,0.9999998371229615,1.0309137661628266e-05
gRNA_6744,LATS1,0.4705131962289923,0.5151126210250545,0.34503504839808763,0.4435536218840448,0.4705131962289923,422.01394055054743,0.6067674707501765,0.7442827833490673,0.6744170902485718,0.6751557814492718,0.6744170902485718,20033,71.17755703089902,94.9483352468427,1.1830479708481003,23.65596765337194,Lats1,LATS1,H748R,H749R,targeting guide,Missense,0.28826525185317425,0.8953476305058423,1.0,0.9999614030704774,0.9999614030704774,0.004917385492675096,0.9995034334702381,0.11782526626146715,0.9999998371229615,0.11782526626146715
gRNA_6745,LATS1,-0.11123208765595549,-0.3019482182609796,-0.4061532322838979,-0.2731111794002777,-0.3019482182609796,1468.2934196551926,-0.27430439008371477,-0.06528375176203406,-0.3608722788763244,-0.23348680690735776,-0.27430439008371477,40057,56.09007164790174,89.41009062086526,0.2895873380432883,36.44806151234491,Lats1,LATS1,H748R,H749R,targeting guide,Missense,0.8937127913895626,0.324328741799547,1.0,0.9999614030704774,0.9999614030704774,0.8583558578391361,0.3794668536487567,1.0,0.9999998371229615,0.9999998371229615
gRNA_6759,LATS1,-0.25537059429535686,0.05654521447535592,0.3481087500078299,0.049761123395943,0.05654521447535592,833.4440596580687,-0.14133353646688548,-0.28715122767776796,-0.4041463128102861,-0.27754369231831316,-0.28715122767776796,28495,2.491665204421828,9.268292682926829,0.0,69.84734163888402,Lats1,LATS1,K651R,K652R,targeting guide,Missense,0.7526028876578961,0.5037614718799512,1.0,0.9999614030704774,0.9999614030704774,0.8786276354327649,0.34344608888405453,1.0,0.9999998371229615,0.9999998371229615
gRNA_6781,LCK,0.8483209428619956,1.032390600374155,0.9402926050235532,0.9403347160865678,0.9402926050235532,313.3703758582778,0.8352219016384573,0.7650226333505892,0.6872853064934705,0.7625099471608389,0.7650226333505892,19247,42.54169480958072,62.47726918480802,1.3040993401569076,23.25557229698135,Lck,LCK,T497A,T486A,targeting guide,Missense,0.013133076727616707,0.998626525940873,0.5971932097534918,0.9999614030704774,0.5971932097534918,0.0009730027052055649,0.9999032024212037,0.04164451578279818,0.9999998371229615,0.04164451578279818
gRNA_6782,LCK,0.6686822158652621,1.1234576892249508,1.0168974054799695,0.9363457701900608,1.0168974054799695,128.7870358181898,0.7110707170625291,0.26958450501218467,0.5887611105122914,0.5231387775290017,0.5887611105122914,6023,26.830483147932927,73.28573800431678,0.1826332392495434,49.7592561846256,Lck,LCK,T497A,T486A,targeting guide,Missense,0.012537835730293276,0.9979209352741036,0.5971932097534918,0.9999614030704774,0.5971932097534918,0.03181539656607475,0.9868310746585346,0.29525910410035927,0.9999998371229615,0.29525910410035927
gRNA_6797,LYN,-1.2451691217535639,-1.2434023291749603,-0.8144389375625488,-1.1010034628303578,-1.2434023291749603,1046.7810271302467,-1.208505987832687,-1.0914553164770353,-1.2889636337829227,-1.1963083126975482,-1.208505987832687,12829,62.33533400888612,76.91168446488425,0.0467690388962506,17.444851508301504,Lyn,LYN,V303A,V303A,targeting guide,Missense,0.9953265148707394,0.012243134489434974,1.0,0.727786327983079,0.727786327983079,0.99975110760965,0.0013801266576771835,1.0,0.047764146283222855,0.047764146283222855
gRNA_6829,MAP2K1,-0.7306202787571922,-0.6441440730747945,-0.7528672769966727,-0.7092105429428864,-0.7306202787571922,2426.7719944620967,-0.656654271721,-0.9800549226508389,-0.820466935892749,-0.819058710088196,-0.820466935892749,50830,19.114696045642336,79.56915207554593,0.0019673421207948,72.23293330710212,Map2k1,MAP2K1,Y130H,Y130H,targeting guide,Missense,0.9394103092531298,0.22503654826896094,1.0,0.9999614030704774,0.9999614030704774,0.9858920086323859,0.07292342770878198,1.0,0.9999998371229615,0.9999998371229615
gRNA_6830,MAP2K1,-0.20305175275390816,0.08970005148057998,0.23142653788887804,0.03935827887184996,0.08970005148057998,1125.2653618994493,-0.014805877289777421,0.2609897972047248,0.36847672007544063,0.204886879996796,0.2609897972047248,30917,24.58517967461267,69.96474431542518,1.3520069864475854,67.4839085292881,Map2k1,MAP2K1,Y130H,Y130H,targeting guide,Missense,0.7704079479720658,0.4937804941552112,1.0,0.9999614030704774,0.9999614030704774,0.3684224384099329,0.8170654168517879,1.0,0.9999998371229615,0.9999998371229615
gRNA_6831,MAP2K1,-0.8744392777123278,-0.64982607626741,-0.6965006938285456,-0.7402553492694278,-0.6965006938285456,1427.2027795212007,-0.5512554490625385,-0.7145926362266922,-0.6709493308139741,-0.6455991387010683,-0.6709493308139741,25897,57.92562845117195,87.59315750859173,3.8112522686025407,29.096034289686063,Map2k1,MAP2K1,Y130C,Y130C,targeting guide,Missense,0.9520550507037777,0.18560589894573096,1.0,0.9999614030704774,0.9999614030704774,0.9718552123457534,0.1316501526762998,1.0,0.9999998371229615,0.9999998371229615
gRNA_6832,MAP2K1,-0.31861777100265587,-0.25336457645444976,-0.27220508559724305,-0.2813958110181162,-0.27220508559724305,934.9635772081007,-0.3288632185782191,-0.6333128410053815,-0.6660385169775542,-0.5427381921870517,-0.6333128410053815,23820,45.08816120906801,55.0335852225021,0.0125944584382871,20.331654072208227,Map2k1,MAP2K1,Y130C,Y130C,targeting guide,Missense,0.9043715488125728,0.3049979111060548,1.0,0.9999614030704774,0.9999614030704774,0.95469409038544,0.17549576126087443,1.0,0.9999998371229615,0.9999998371229615
gRNA_6833,MAP2K1,0.688461403334242,0.7326876788764048,0.597132920101122,0.6727606674372563,0.688461403334242,470.0236848071666,0.9980103280286471,0.5618021137743349,0.7161249255746971,0.7586457891258931,0.7161249255746971,25651,9.738411757826206,95.3374137460528,0.3352695801333281,85.96545943627929,Map2k1,MAP2K1,N122D,N122D,targeting guide,Missense,0.051794804109491534,0.9914723472162732,0.8003159227289642,0.9999614030704774,0.8003159227289642,0.0023797353936938982,0.9995676209551414,0.07957240222663972,0.9999998371229615,0.07957240222663972
gRNA_6834,MAP2K1,-1.0330333236424911,-0.92516252168376,-0.8041534588389548,-0.9207831013884019,-0.92516252168376,535.2086180284396,-1.1677461720767701,-1.08826057519277,-1.133955303826966,-1.129987350365502,-1.133955303826966,9235,4.78613968597726,94.6291283161884,0.0,93.3297238765566,Map2k1,MAP2K1,N122D,N122D,targeting guide,Missense,0.9790584986966774,0.09608780847607691,1.0,0.9999614030704774,0.9999614030704774,0.9988056795006245,0.011370795553216864,1.0,0.25347398420712597,0.25347398420712597
gRNA_6835,MAP2K1,-0.6648482559288539,-0.3193309623796294,-0.4193449103359468,-0.46784137621481,-0.4193449103359468,884.6002704951992,-0.2851083538134278,-0.9138846842907307,-0.5008503799884128,-0.5666144726975237,-0.5008503799884128,18506,35.92888792823949,77.34788717172809,0.0,56.95450124284016,Map2k1,MAP2K1,N122D,N122D,targeting guide,Missense,0.9191742993028087,0.2714370216039871,1.0,0.9999614030704774,0.9999614030704774,0.9510256213008882,0.16352863340413198,1.0,0.9999998371229615,0.9999998371229615
gRNA_6837,MAP2K1,-0.9369938600516193,-0.8205099277881798,-0.48289007300579717,-0.7467979536151987,-0.8205099277881798,133.38165336633105,-2.333130064413707,-1.53645865040005,-1.898868406148358,-1.9228190403207048,-1.898868406148358,654,17.889908256880734,31.49847094801223,0.1529051987767584,44.342507645259936,Map2k1,MAP2K1,F53L,F53L,targeting guide,Missense,0.9569713282568143,0.16885791551519327,1.0,0.9999614030704774,0.9999614030704774,1.0,4.1025318572854354e-10,1.0,5.4871363591192696e-08,5.4871363591192696e-08
gRNA_6841,MAP2K1,0.575586000520039,0.66984090936082,0.6895509372345539,0.6449926157051377,0.66984090936082,221.62267069855008,0.6404443322322815,0.4061961718428405,-0.022315495972123747,0.3414416693676661,0.4061961718428405,10090,0.2477700693756194,49.365708622398415,0.0,94.37066402378592,Map2k1,MAP2K1,K57E,K57E,targeting guide,Missense,0.07587409747628104,0.9856438789341363,1.0,0.9999614030704774,0.9999614030704774,0.13548319623183822,0.8932949519800762,0.7141232510742211,0.9999998371229615,0.7141232510742211
gRNA_6842,MAP2K1,-0.12600499958116396,0.0453517162778897,-0.1453230372777783,-0.07532544019368419,-0.12600499958116396,1001.0843565387572,-0.2471433008488027,-0.5678954336244408,-0.5352145660047438,-0.4500844334926624,-0.5352145660047438,32323,0.3495962627231383,39.67144138848498,1.1477894997370293,93.26176406892924,Map2k1,MAP2K1,K57E,K57E,targeting guide,Missense,0.8486742429121729,0.4025152499878936,1.0,0.9999614030704774,0.9999614030704774,0.9418241951372983,0.20792619260443015,1.0,0.9999998371229615,0.9999998371229615
gRNA_6848,MAP2K2,-0.21270372467590257,-0.43640166818399384,-0.18398545979369185,-0.27769695088452945,-0.21270372467590257,1122.174473039813,0.030542913446462292,-0.20784057697829134,-0.09312118254833791,-0.09013961536005566,-0.09312118254833791,28548,63.17080005604596,90.42314698052402,0.0,31.879641305870816,Map2k2,MAP2K2,Y134C,Y134C,targeting guide,Missense,0.9000167538295982,0.3134622162018085,1.0,0.9999614030704774,0.9999614030704774,0.7950952431902719,0.48467766414327573,1.0,0.9999998371229615,0.9999998371229615
gRNA_6849,MAP2K2,-0.15363840576532417,-0.23951320345578095,0.045758756817392936,-0.11579761746790407,-0.15363840576532417,1524.4748701038804,-0.239626563437371,-0.04492246906877785,-0.20001812649899522,-0.161522386335048,-0.20001812649899522,45320,42.27934686672551,58.14872021182701,0.8097969991173873,24.988967343336277,Map2k2,MAP2K2,Y134C,Y134C,targeting guide,Missense,0.8632440607922395,0.3741381912371778,1.0,0.9999614030704774,0.9999614030704774,0.8387522129677627,0.4171510476802575,1.0,0.9999998371229615,0.9999998371229615
gRNA_6888,MAP2K4,0.9958220740135955,0.8244926933150424,0.4311841323595823,0.7504996332294067,0.8244926933150424,332.37024808732497,0.7329001315502702,0.3048236400341668,0.39485454803693637,0.47752610654045774,0.39485454803693637,17439,8.177074373530592,9.128963816732613,0.5791616491771318,10.522392339010263,Map2k4,MAP2K4,Y187H,Y189H,targeting guide,Missense,0.04403155237087326,0.9843536333438728,0.7460377353130265,0.9999614030704774,0.7460377353130265,0.06412930929690731,0.9754297174376241,0.45143658518217655,0.9999998371229615,0.45143658518217655
gRNA_6889,MAP2K4,0.47214518530709926,0.4543140205786928,0.28795201823671546,0.4048037413741692,0.4543140205786928,299.5986563902436,0.6207332832615946,0.3204545920727352,0.25306878060631444,0.3980855519802147,0.3204545920727352,11329,0.4589990290405155,0.8915173448671552,0.4060376026127637,14.599699885250242,Map2k4,MAP2K4,Y187H,Y189H,targeting guide,Missense,0.34287995628244067,0.8654151629695633,1.0,0.9999614030704774,0.9999614030704774,0.12576816085955603,0.9506514090848007,0.6831062544148475,0.9999998371229615,0.6831062544148475
gRNA_6890,MAP2K4,0.6834407923654569,0.5434421347911291,0.36337495320450663,0.5300859601203642,0.5434421347911291,282.19273317370045,0.8044212316905515,0.09611656488923874,0.01780624214132806,0.3061146795737061,0.09611656488923874,11898,4.799125903513195,5.2613884686501935,0.0,7.875273155152127,Map2k4,MAP2K4,Y187H,Y189H,targeting guide,Missense,0.1752518886799564,0.9313728565167791,1.0,0.9999614030704774,0.9999614030704774,0.06747919184706855,0.802713200670422,0.46582409855718293,0.9999998371229615,0.46582409855718293
gRNA_6894,MAP2K4,0.516644053571075,0.5663537857871073,0.2207136124177641,0.43457048392531544,0.516644053571075,447.9634304741118,0.5051672540777288,0.44294802318933685,0.28944516149877153,0.41252014625527905,0.44294802318933685,20922,0.6070165376159067,2.619252461523755,0.0,13.861007551859286,Map2k4,MAP2K4,F364S,F366S,targeting guide,Missense,0.2811589525265107,0.8849741484048976,1.0,0.9999614030704774,0.9999614030704774,0.07503415879783674,0.9785835798524481,0.49559598712151426,0.9999998371229615,0.49559598712151426
gRNA_6895,MAP2K4,0.9237889838288867,1.0064295741604918,0.7507567594961508,0.8936584391618432,0.9237889838288867,540.4311326945959,0.7393139188111824,0.2423811509355827,0.4651541488882708,0.4822830728783452,0.4651541488882708,33854,0.203816388019141,25.88172741773498,0.2747090447214509,84.77580197317894,Map2k4,MAP2K4,F364S,F366S,targeting guide,Missense,0.016979223103342444,0.9980316068984132,0.6275695707251967,0.9999614030704774,0.6275695707251967,0.03265087217337206,0.983159618561266,0.2959018800749925,0.9999998371229615,0.2959018800749925
gRNA_6912,MAP3K1,0.2335815335422979,0.0385763123107017,-0.03410786325448915,0.07934999419950349,0.0385763123107017,1133.042716048312,-0.012922816463627104,0.1326357424386553,0.06032829176861795,0.06001373924788206,0.06032829176861795,39687,0.1033083881371733,84.44074885982815,0.2872477133570186,95.30828734850203,Map3k1,MAP3K1,Y1330C,Y1349C,targeting guide,Missense,0.7525784184179208,0.5276721703386305,1.0,0.9999614030704774,0.9999614030704774,0.6972186436998354,0.6034161136165277,1.0,0.9999998371229615,0.9999998371229615
gRNA_6913,MAP3K1,-0.09931160239072047,-0.22167659972323997,-0.1255488622388849,-0.14884568811761512,-0.1255488622388849,1647.5043678501984,0.240709755640721,0.5286791259606349,0.3799865912352281,0.3831251576121946,0.3799865912352281,47229,0.014821402104639,0.70507527154926,0.5632132799762857,47.09606385906964,Map3k1,MAP3K1,N1286D,N1305D,targeting guide,Missense,0.8749659660015694,0.36077006888292135,1.0,0.9999614030704774,0.9999614030704774,0.11311930848534288,0.9648589384463028,0.6420426941863765,0.9999998371229615,0.6420426941863765
gRNA_6914,MAP3K1,-0.5029073446947884,-0.6459978569793627,-0.22931096795720726,-0.4594053898771195,-0.5029073446947884,1470.0509839087113,-0.01207201182031029,0.38830631492934725,0.30454350230510024,0.2269259351380457,0.30454350230510024,37121,1.5220495137523236,23.199806039707983,0.0,83.47566067724469,Map3k1,MAP3K1,N1286D,N1305D,targeting guide,Missense,0.9173843269349021,0.27567800146070276,1.0,0.9999614030704774,0.9999614030704774,0.34100016730313376,0.8258845296086739,1.0,0.9999998371229615,0.9999998371229615
gRNA_6915,MAP3K1,0.03345963813696357,-0.16469334058783502,0.05541777788933088,-0.025271974853846857,0.03345963813696357,1409.1784429744976,0.1596881752045784,0.3201527082736831,0.3244002911104006,0.26808039152955404,0.3201527082736831,47524,0.0,1.1068091911455264,0.0084167999326656,79.81651376146789,Map3k1,MAP3K1,N1286D,N1305D,targeting guide,Missense,0.8231676889820531,0.44111674840008575,1.0,0.9999614030704774,0.9999614030704774,0.3643516190234361,0.8639752694632985,1.0,0.9999998371229615,0.9999998371229615
gRNA_6992,MAX,-0.7134734572340553,-0.526793680970118,-0.48569682337889586,-0.5753213205276897,-0.526793680970118,1246.4043698175938,-0.6301759518869783,-0.4205544120411466,-0.4299472789661876,-0.4935592142981042,-0.4299472789661876,28793,26.3119508213802,69.21473969367554,0.4619178272496787,58.58715660056264,Max,MAX,H28R,H28R,targeting guide,Missense,0.9262201743686791,0.2563814197306333,1.0,0.9999614030704774,0.9999614030704774,0.9470984891790482,0.20117238600563989,1.0,0.9999998371229615,0.9999998371229615
gRNA_7029,MED12,0.39536731221204297,0.5623686338125412,0.40444275985750905,0.45405956862736446,0.40444275985750905,650.1775624741365,0.6240376825010301,0.39366403104624087,0.3242336139907664,0.4473117758460125,0.39366403104624087,29018,14.59783582603901,18.643600523812808,0.031015231925012,52.65352539802881,Med12,MED12,L36P,L36P,targeting guide,Missense,0.33510054877339795,0.8756824086578985,1.0,0.9999614030704774,0.9999614030704774,0.08373650412651676,0.9753813594310982,0.5236496850948421,0.9999998371229615,0.5236496850948421
gRNA_7143,MET,0.20776414538030752,-0.15446679357514503,-0.1415423580896928,-0.029415002094843434,-0.1415423580896928,325.20999256489716,0.2165422100525754,-0.07850046217999554,0.13850668653866477,0.09218281147041489,0.13850668653866477,10952,3.9627465303140976,21.575967859751643,0.1552227903579255,44.21110299488678,Met,MET,M1209T,M1211T,targeting guide,Missense,0.8104753097677857,0.4383903656341557,1.0,0.9999614030704774,0.9999614030704774,0.5788450074382787,0.702156193626615,1.0,0.9999998371229615,0.9999998371229615
gRNA_7144,MET,0.3894434050090267,0.5004390523922047,0.13538695208327675,0.3417564698281694,0.3894434050090267,669.0760374886606,0.12950101896791233,-0.2785433346430083,-0.2322608297590264,-0.1271010484780408,-0.2322608297590264,29188,50.54131835000685,77.47361929560094,1.1888447307112513,30.24873235576264,Met,MET,Non-coding,,targeting guide,Intron,0.41006026551288777,0.8057636159849884,1.0,0.9999614030704774,0.9999614030704774,0.7912037113784939,0.4593230590808489,1.0,0.9999998371229615,0.9999998371229615
gRNA_7148,MET,-0.13036369230727934,-0.3856843153794814,-0.371781361060085,-0.29594312291561525,-0.371781361060085,1254.7796656846124,-0.5482681323399166,0.03183863401481341,-0.0008717034758545767,-0.17243373393365255,-0.0008717034758545767,36264,42.129936024707696,70.91606000441209,0.0027575557026251,35.048532980366204,Met,MET,Y1228H,Y1230H,targeting guide,Missense,0.9023541047586021,0.3080955991137003,1.0,0.9999614030704774,0.9999614030704774,0.8442974991880012,0.3677943275902233,1.0,0.9999998371229615,0.9999998371229615
gRNA_7150,MET,0.18366000237985236,-0.2603344331145482,0.10484251771906115,0.009389362328121778,0.10484251771906115,1005.5691756684259,-0.14705007164645809,-0.06177270266416526,-0.020898342957225896,-0.07657370575594975,-0.06177270266416526,32894,54.59658296345838,86.65106098376604,0.2948866054599623,35.49887517480392,Met,MET,M1248T,M1250T,targeting guide,Missense,0.7839520371311473,0.47964019806125335,1.0,0.9999614030704774,0.9999614030704774,0.7844101609758973,0.5034268138933471,1.0,0.9999998371229615,0.9999998371229615
gRNA_7152,MET,0.33187275163130037,0.31378066220787365,-0.05169666920560079,0.19798558154452442,0.31378066220787365,865.833103592149,0.00035160760376163784,-0.36171105828189476,-0.20495981636056212,-0.18877308901289844,-0.20495981636056212,30763,0.0195039495497838,0.0552611903910541,0.1820368624646491,30.354646815980235,Met,MET,I278T,I279T,targeting guide,Missense,0.6565535479791689,0.6229378234934566,1.0,0.9999614030704774,0.9999614030704774,0.8486071268204848,0.39689245357209507,1.0,0.9999998371229615,0.9999998371229615
gRNA_7170,MGA,-0.3290806198111349,-0.28606101547362495,-0.4792538976831207,-0.3647985109892935,-0.3290806198111349,1093.6292053361105,-0.981156539825495,-0.6265808380695111,-0.564395342599749,-0.7240442401649183,-0.6265808380695111,26109,70.35121988586312,93.53479643034969,0.1378834884522578,24.34026580872496,Mga,MGA,Non-coding,,targeting guide,Intron,0.9094701174259121,0.29397882814202475,1.0,0.9999614030704774,0.9999614030704774,0.9793021282296676,0.09327200571578902,1.0,0.9999998371229615,0.9999998371229615
gRNA_7171,MGA,-0.278367335595995,-0.29513758206168733,-0.4468495423804074,-0.34011815334602985,-0.29513758206168733,978.1566123529423,-0.45189175132394577,-0.46032581280528784,-0.576427196906365,-0.49621492034519954,-0.46032581280528784,23940,31.027568922305765,82.91144527986634,0.0,57.276524644945695,Mga,MGA,Non-coding,,targeting guide,Intron,0.9069519236917105,0.2995361388595276,1.0,0.9999614030704774,0.9999614030704774,0.9453696939804381,0.2068551137694834,1.0,0.9999998371229615,0.9999998371229615
gRNA_7188,MGA,0.5667929111260734,0.4680060291524373,0.22589568850925743,0.420231542929256,0.4680060291524373,539.3923458313388,0.39980405106026695,-0.08732761672236962,0.14349493562566573,0.15199045665452102,0.14349493562566573,24226,3.054569470816478,9.543465698010404,1.7130355816065386,54.47453149508792,Mga,MGA,Non-coding,,targeting guide,Intron,0.3083769609723905,0.8742142431346552,1.0,0.9999614030704774,0.9999614030704774,0.41647553294325507,0.7667840958563679,1.0,0.9999998371229615,0.9999998371229615
gRNA_7203,MGA,-0.43845527854342087,-0.5421362494876891,-0.6362301488354465,-0.5389405589555188,-0.5421362494876891,1561.6261420834335,-0.5904024051894001,-0.578253937663698,-0.5900439398879596,-0.5862334275803526,-0.5900439398879596,35054,17.83819250299538,55.99931534204371,0.0399383807839333,57.434244308780734,Mga,MGA,D1428G,D1435G,targeting guide,Missense,0.9218369234495579,0.2665713077745018,1.0,0.9999614030704774,0.9999614030704774,0.965595678010553,0.15235715715778772,1.0,0.9999998371229615,0.9999998371229615
gRNA_7204,MGA,-0.052865960865421995,-0.2082691153708573,-0.46095019653012886,-0.24069509092213606,-0.2082691153708573,1016.3569838451966,-0.49455113936425726,-0.5378203347222166,-0.35543004581092286,-0.4626005066324656,-0.49455113936425726,24899,0.1646652476003052,42.50371500863488,0.0,80.58556568536889,Mga,MGA,D1428G,D1435G,targeting guide,Missense,0.8913747737764341,0.32759874203889056,1.0,0.9999614030704774,0.9999614030704774,0.9404570108390506,0.21826531720237913,1.0,0.9999998371229615,0.9999998371229615
gRNA_7205,MGA,0.2052394218791652,0.176164509807422,0.1702654833699429,0.18388980501884333,0.176164509807422,1337.6882139195693,0.4812294899509536,0.2850343253592579,0.3745452826001629,0.38026969930345816,0.3745452826001629,51891,0.0289067468347112,42.45052128500125,0.0115626987338844,79.10234915495944,Mga,MGA,D1428G,D1435G,targeting guide,Missense,0.6526684560322376,0.657856348284451,1.0,0.9999614030704774,0.9999614030704774,0.12372366341172711,0.9656124965459756,0.6823934012914845,0.9999998371229615,0.6823934012914845
gRNA_7214,MITF,0.5045831138689143,0.2824763323970064,0.059925753468359294,0.28232839991142666,0.2824763323970064,726.1164593589327,0.3232284222201877,0.04859444157264384,0.21680036596006064,0.19620774325096405,0.21680036596006064,32148,10.069055617767823,20.32474804031355,0.1182033096926714,18.71345029239766,Mitf,MITF,V226A,V226A,targeting guide,Missense,0.4731009072785547,0.7361469366478486,1.0,0.9999614030704774,0.9999614030704774,0.46786583683558247,0.7746200458016281,1.0,0.9999998371229615,0.9999998371229615
gRNA_7264,MLH1,0.5084808440632577,0.6615149583777091,0.1925042283226902,0.4541666769212189,0.5084808440632577,964.2116366438931,0.09871966084155681,0.22553183882731523,0.27222540131530015,0.19882563366139072,0.22553183882731523,48685,4.202526445517099,15.466776214439763,0.770257779603574,75.14634897812468,Mlh1,MLH1,N287S,N287S,targeting guide,Missense,0.22013676799221488,0.9007870367264476,1.0,0.9999614030704774,0.9999614030704774,0.4294749843692308,0.8213335603203241,1.0,0.9999998371229615,0.9999998371229615
gRNA_7308,MSH3,0.2187042501636913,0.09123391190556178,-0.0708794631842978,0.07968623296165175,0.09123391190556178,697.1469520078293,0.2946300464387801,-0.14243297582449996,-0.03379881075891318,0.03946608661845565,-0.03379881075891318,20980,21.49189704480457,86.39180171591993,0.0,66.3346043851287,Msh3,MSH3,K341R,K383R,targeting guide,Missense,0.7621196242017131,0.5192134618803261,1.0,0.9999614030704774,0.9999614030704774,0.6138015153303464,0.6316332571651928,1.0,0.9999998371229615,0.9999998371229615
gRNA_7309,MSH3,-0.03164452166303609,0.15623145563351415,0.2435220125763257,0.12270298218226793,0.15623145563351415,667.5713880175814,0.12805901142260379,0.05682981282573971,0.1958725090850487,0.12692044444446407,0.12805901142260379,20765,6.62653503491452,11.052251384541297,1.0980014447387432,18.79123525162533,Msh3,MSH3,K341R,K383R,targeting guide,Missense,0.7078866282563054,0.5790970850916293,1.0,0.9999614030704774,0.9999614030704774,0.5784493807895681,0.7097939525970123,1.0,0.9999998371229615,0.9999998371229615
gRNA_7310,MSH3,0.7082765125156261,0.3994495400273619,0.3483655173672895,0.48536385663675913,0.3994495400273619,726.2669280573026,0.07543978677348433,-0.02534164608095076,-0.1945929607934167,-0.04816494003362771,-0.02534164608095076,33435,0.6191117092866756,2.859279198444744,0.1315986241962015,33.799910273665326,Msh3,MSH3,K341R,K383R,targeting guide,Missense,0.23660092779169048,0.8854875362943746,1.0,0.9999614030704774,0.9999614030704774,0.7691037682840047,0.5137104132192989,1.0,0.9999998371229615,0.9999998371229615
gRNA_7384,MTOR,-0.4221862438643192,-0.21333447429492514,-0.2094368856813675,-0.2816525346135373,-0.21333447429492514,992.6601692546499,0.1658677670690806,0.3301504978259441,0.42393508776507505,0.30665111755336655,0.3301504978259441,23147,55.082732103512335,70.09115652136346,0.6955544995031754,21.877565127230312,Mtor,MTOR,W1449R,W1449R,targeting guide,Missense,0.9025629643825183,0.3084646334401286,1.0,0.9999614030704774,0.9999614030704774,0.24054900550999622,0.9078176700769343,0.9726976185864373,0.9999998371229615,0.9726976185864373
gRNA_7392,MTOR,-0.1839291505969599,-0.1644328881449452,-0.09692234332859702,-0.14842812735683403,-0.1644328881449452,1130.874945391307,0.39190312645424563,0.27794244302985355,0.5962419783199555,0.4220291826013516,0.39190312645424563,35475,47.32064834390416,70.90063424947147,1.6603241719520787,34.957011980267794,Mtor,MTOR,K1981E,K1981E,targeting guide,Missense,0.878048294877153,0.3553128082513548,1.0,0.9999614030704774,0.9999614030704774,0.08971479440102503,0.9717016949718855,0.5485418857662674,0.9999998371229615,0.5485418857662674
gRNA_7393,MTOR,-0.344474890910389,-0.5756084685214702,-0.11309942849859604,-0.34439426264348505,-0.344474890910389,1790.7761573439398,-0.34060521890372764,-0.1944065168533656,0.019775076297987065,-0.1717455531530354,-0.1944065168533656,44261,60.77133367976322,72.55597478592892,1.1002914529721426,16.391405526309843,Mtor,MTOR,Y1974H,Y1974H,targeting guide,Missense,0.8990389307068338,0.31278440469015795,1.0,0.9999614030704774,0.9999614030704774,0.8451837652102666,0.4010639989922212,1.0,0.9999998371229615,0.9999998371229615
gRNA_7428,MTOR,0.007372853093114028,0.020028564328010163,0.11533371720065301,0.04757837820725907,0.020028564328010163,659.129795650636,0.13462625042356535,-0.17987721877514418,-0.47390900987031725,-0.17305332607396537,-0.17987721877514418,21730,1.0354348826507134,2.121491026231017,0.0782328578002761,47.60699493787391,Mtor,MTOR,F1888L,F1888L,targeting guide,Missense,0.8071582165865379,0.46922526299596845,1.0,0.9999614030704774,0.9999614030704774,0.8080209248146396,0.4153210694259806,1.0,0.9999998371229615,0.9999998371229615
gRNA_7429,MTOR,-0.706454408918863,-0.7352413016099489,-0.7823005929008252,-0.7413321011432124,-0.7352413016099489,1034.9629226669304,0.6487683354599998,0.520000551703427,0.34089503085407136,0.5032213060058327,0.520000551703427,18780,1.134185303514377,23.07774227902023,0.0053248136315228,92.89669861554846,Mtor,MTOR,F1888L,F1888L,targeting guide,Missense,0.9455156968862293,0.20927695732456209,1.0,0.9999614030704774,0.9999614030704774,0.04334815233640477,0.987798659605677,0.35710987490277113,0.9999998371229615,0.35710987490277113
gRNA_7430,MTOR,-0.5889616826763524,-0.7686499278695877,-0.9090684458999245,-0.7555600188152883,-0.7686499278695877,540.1176768055094,-0.6048892145590159,-0.8484958114315805,-0.885447901942818,-0.7796109759778047,-0.8484958114315805,9264,5.47279792746114,24.74093264248705,0.0107944732297063,65.55483592400691,Mtor,MTOR,F1888L,F1888L,targeting guide,Missense,0.9519218911488542,0.18228238567042432,1.0,0.9999614030704774,0.9999614030704774,0.9836082522699613,0.08434038970329254,1.0,0.9999998371229615,0.9999998371229615
gRNA_7467,MTOR,-0.17652801243516214,-0.36056129199718406,-0.16065911222278773,-0.2325828055517113,-0.17652801243516214,1030.781131856834,-0.7133803478126017,-0.8128025621030834,-0.7371330898451764,-0.7544386665869539,-0.7371330898451764,25753,24.552479322797343,84.5843202733662,0.1397895390828253,66.93977400691182,Mtor,MTOR,T410A,T410A,targeting guide,Missense,0.8974440773958521,0.3185203029683934,1.0,0.9999614030704774,0.9999614030704774,0.9797154470974949,0.10359642792627133,1.0,0.9999998371229615,0.9999998371229615
gRNA_7468,MTOR,0.08465232035283574,-0.14201391470616626,0.043567682737985086,-0.0045979705384484775,0.043567682737985086,1053.1446218412632,0.35368336095861436,0.3115814399781706,0.0028312372319263595,0.22269867938957044,0.3115814399781706,32427,0.0678446973201344,28.13704628858667,0.0832639467110741,93.8662225922842,Mtor,MTOR,T410A,T410A,targeting guide,Missense,0.8200734234504591,0.4471881245044317,1.0,0.9999614030704774,0.9999614030704774,0.39375384014468856,0.8077972633238644,1.0,0.9999998371229615,0.9999998371229615
gRNA_7473,MTOR,0.25488372830455225,0.1373528523791701,0.037107842899660425,0.1431148078611276,0.1373528523791701,694.2984858038504,-0.40001026012632734,-0.06445560075059822,-0.3276761244177232,-0.2640473284315496,-0.3276761244177232,24556,0.545691480697182,71.1720149861541,0.0610848672422218,95.41456263235054,Mtor,MTOR,K2507R,K2507R,targeting guide,Missense,0.698556440797474,0.6020742406687425,1.0,0.9999614030704774,0.9999614030704774,0.8772572848027371,0.3387904402841675,1.0,0.9999998371229615,0.9999998371229615
gRNA_7478,MTOR,0.088681818646614,0.08750478442385758,-0.005492253452153026,0.05689811653943951,0.08750478442385758,736.0308047328158,0.09934573589190773,0.012229117276248976,0.22094370299103872,0.11083951871973181,0.09934573589190773,25131,4.830687199076837,51.90800206915761,0.0039791492578886,86.84891170267797,Mtor,MTOR,M2175T,M2175T,targeting guide,Missense,0.8055604348719186,0.4730608478065975,1.0,0.9999614030704774,0.9999614030704774,0.5955011604780769,0.6871768428577412,1.0,0.9999998371229615,0.9999998371229615
gRNA_7479,MTOR,0.37119682710237295,0.5358093369601371,0.2610818083641528,0.38936265747555426,0.37119682710237295,887.2669197074346,0.2817901464472281,0.35850700143145214,0.30419793430758424,0.31483169406208816,0.30419793430758424,40858,47.01160115522052,88.2446522100935,0.0024475011013754,43.85432473444613,Mtor,MTOR,M2175T,M2175T,targeting guide,Missense,0.39989979021807914,0.8219139706814838,1.0,0.9999614030704774,0.9999614030704774,0.26676710021389793,0.920172495682059,1.0,0.9999998371229615,0.9999998371229615
gRNA_7481,MYC,0.23982978113992454,0.521884246460171,0.6546527159241338,0.47212224784140977,0.521884246460171,313.5130994294098,0.8461214294002654,0.734387148878987,1.263358141472145,0.9479555732504658,0.8461214294002654,12897,84.22113669845702,89.02070248895092,0.3023959060246569,7.280762968132123,Myc,MYC,T73A,T73A,targeting guide,Missense,0.2129342235557501,0.9106588958607774,1.0,0.9999614030704774,0.9999614030704774,7.400301140647451e-06,0.9999703704666193,0.0007918322220492773,0.9999998371229615,0.0007918322220492773
gRNA_7482,MYC,-0.7821441512150826,-0.7325329795648761,-0.8720985814150742,-0.7955919040650109,-0.7821441512150826,1818.6547627445832,-0.7131381793688969,-0.8143115129823745,-0.8910119025949638,-0.8061538649820784,-0.8143115129823745,33028,1.0930119898268136,72.3567881797263,0.272496063945743,92.57296839045658,Myc,MYC,H374R,H374R,targeting guide,Missense,0.9574835102569924,0.1722171292740195,1.0,0.9999614030704774,0.9999614030704774,0.985338393638072,0.08009482994060889,1.0,0.9999998371229615,0.9999998371229615
gRNA_7509,MYD88,0.24649329003828402,0.3037508616237906,0.17369258684644046,0.24131224616950506,0.24649329003828402,993.093992750465,0.02231608478928775,-0.17472095811953592,-0.24134616574390041,-0.13125034635804952,-0.17472095811953592,40926,29.28944924986561,39.652054928407374,0.3836192151688413,23.811269119874893,Myd88,MYD88,I165V,I178V,targeting guide,Missense,0.6085501863166061,0.698299515006811,1.0,0.9999614030704774,0.9999614030704774,0.8317323013573388,0.4273758431201905,1.0,0.9999998371229615,0.9999998371229615
gRNA_7510,MYD88,0.5101190240245859,0.6240655310442083,0.4709809113978365,0.5350551554888768,0.5101190240245859,583.1940646949475,0.43451479851009694,0.49920967296923874,0.47566038279594974,0.46979495142509514,0.47566038279594974,27096,35.02731030410393,92.07632122822557,0.2767936226749335,60.09743135518158,Myd88,MYD88,L252P,L265P,targeting guide,Missense,0.15123718551441168,0.9632772779816564,1.0,0.9999614030704774,0.9999614030704774,0.0433871810629535,0.993213643986494,0.35710987490277113,0.9999998371229615,0.35710987490277113
gRNA_7511,MYD88,0.03572046081474999,0.1743729525960876,-0.06429917769469713,0.04859807857204682,0.03572046081474999,930.5393637423465,-0.17385342019629915,-0.5774868903479691,-0.5421203868732231,-0.4311535658058305,-0.5421203868732231,30620,8.736120182887001,71.40104506858262,0.0751143043762246,87.05747877204442,Myd88,MYD88,M219T,M232T,targeting guide,Missense,0.7665831318902692,0.5150500107211866,1.0,0.9999614030704774,0.9999614030704774,0.9317468821930903,0.2205557774246934,1.0,0.9999998371229615,0.9999998371229615
gRNA_7512,MYD88,-1.2232175748643233,-1.1208645257062306,-0.9784746171860265,-1.1075189059188602,-1.1208645257062306,1978.7143211426255,-0.7776141413039938,-0.9854718255515462,-1.2379454114042203,-1.0003437927532535,-0.9854718255515462,24438,34.23766265651854,93.0354366151076,0.1268516245191914,62.19412390539324,Myd88,MYD88,M219T,M232T,targeting guide,Missense,0.9967769045562205,0.01995985285512203,1.0,0.9707746615900259,0.9707746615900259,0.9964233561615771,0.010988965824281363,1.0,0.25347398420712597,0.25347398420712597
gRNA_7513,MYD88,-0.9768113945781066,-0.9703866707586093,-1.1378668344527392,-1.028354966596485,-0.9768113945781066,1517.1415847702328,-0.6195763799961097,-1.0217337157356223,-0.921075246942016,-0.854128447557916,-0.921075246942016,21413,34.254891888105355,79.0360995656844,0.4670060243777144,53.62163171904918,Myd88,MYD88,M219T,M232T,targeting guide,Missense,0.9909465193958297,0.052316534924092904,1.0,0.9999614030704774,0.9999614030704774,0.9880293262258247,0.06147033669021804,1.0,0.9672538273313722,0.9672538273313722
gRNA_7514,MYD88,0.18776524211827123,0.31973121426797585,0.5766934057051336,0.3613966206971269,0.31973121426797585,711.0287754977647,0.5304354659888622,0.5488366224816857,0.6504516715439352,0.5765745866714943,0.5488366224816857,31395,45.230132186653925,95.3495779582736,0.4395604395604395,51.73435260391782,Myd88,MYD88,M219T,M232T,targeting guide,Missense,0.39684121767217534,0.81125407546289,1.0,0.9999614030704774,0.9999614030704774,0.01774409891764857,0.9979652492500746,0.22022749494882732,0.9999998371229615,0.22022749494882732
gRNA_7557,NCOA3,-1.725279634340879,-1.7019751793271267,-1.6463848309573472,-1.6912132148751173,-1.7019751793271267,3532.7647552367534,-1.840010304284843,-1.6613876031292372,-1.6431299414528904,-1.7148426162889903,-1.6613876031292372,36438,77.6579395136945,93.9678357758384,1.3090729458257864,16.142488610790934,Ncoa3,NCOA3,M1396V,M1417V,targeting guide,Missense,0.9999989278503503,1.691571151110745e-06,1.0,0.00036199622633769946,0.00036199622633769946,1.0,4.1025318572854354e-10,1.0,5.4871363591192696e-08,5.4871363591192696e-08
gRNA_7558,NCOA3,-0.7970675856458007,-0.7326050714479124,-0.7505670962326401,-0.760079917775451,-0.7505670962326401,1061.2051751418837,-0.47971148698898947,-1.0866121049061246,-0.8240617461581838,-0.7967951126844325,-0.8240617461581838,20012,67.5444733160104,97.18169098540876,0.0,30.05196881870877,Ncoa3,NCOA3,M1396V,M1417V,targeting guide,Missense,0.9455156968862293,0.2092769573245622,1.0,0.9999614030704774,0.9999614030704774,0.982555760635461,0.07401205504181878,1.0,0.9999998371229615,0.9999998371229615
gRNA_7602,NCOR1,0.41385894259552425,0.3656200245272937,0.06712675084236033,0.28220190598839273,0.3656200245272937,585.5719247413411,0.3488290191239963,0.04674469497619983,0.19851481651851785,0.19802951020623796,0.19851481651851785,24546,0.0896276379043428,4.220646948586328,0.1914772264320052,68.93180151552187,Ncor1,NCOR1,N1405S,N1393S,targeting guide,Missense,0.5528144397823569,0.7150047688096697,1.0,0.9999614030704774,0.9999614030704774,0.4416582643767245,0.7845074097359502,1.0,0.9999998371229615,0.9999998371229615
gRNA_7627,NEGR1,0.21900437748161092,0.2873098650648703,0.6573519542710194,0.3878887322725002,0.2873098650648703,983.7745640983765,0.21519816966420302,0.5287799475345086,0.37069759324942475,0.3715585701493788,0.37069759324942475,42632,7.492024770125727,64.40467254644399,0.0351848376806155,83.4279414524301,Negr1,NEGR1,T111A,T117A,targeting guide,Missense,0.34227583056369215,0.8161787338310886,1.0,0.9999614030704774,0.9999614030704774,0.12981371733007538,0.9539611599000042,0.6963689948144275,0.9999998371229615,0.6963689948144275
gRNA_7664,NF1,-0.9542319935866883,-0.9440002756164148,-0.8175535293444851,-0.9052619328491961,-0.9440002756164148,776.1256531684264,-0.18377252944745098,-0.6172801897125846,-0.6740266370190457,-0.49169311872636046,-0.6172801897125846,11606,10.38256074444253,37.13596415647079,0.2154058245734965,35.54196105462692,Nf1,NF1,Y2692C,Y2690C,targeting guide,Missense,0.973582571486736,0.12343105180198097,1.0,0.9999614030704774,0.9999614030704774,0.9380315318657748,0.20531472667218684,1.0,0.9999998371229615,0.9999998371229615
gRNA_7667,NF1,0.40263771288355443,0.4922783225192189,0.20424066839414007,0.3663855679323045,0.40263771288355443,874.4404282596703,0.6558430246711449,0.2751015486397371,0.3993833131569531,0.4434426288226117,0.3993833131569531,37879,26.373452308667076,30.33871010322342,0.0,11.94329311755854,Nf1,NF1,D2608G,D2606G,targeting guide,Missense,0.3831282177174877,0.8312089376180036,1.0,0.9999614030704774,0.9999614030704774,0.07228084313245636,0.9745176321844543,0.4920478798153578,0.9999998371229615,0.4920478798153578
gRNA_7683,NF1,0.35031961050431726,0.241828209409994,0.3403736508282585,0.31084049024752325,0.3403736508282585,805.7408820247541,0.16052874765940928,0.38869345678348793,0.1977814153022775,0.24900120658172487,0.1977814153022775,31550,2.640253565768621,62.1553090332805,0.2820919175911252,91.25198098256736,Nf1,NF1,T2224A,T2222A,targeting guide,Missense,0.5682212193655432,0.7338878582069247,1.0,0.9999614030704774,0.9999614030704774,0.32518300837444547,0.8693770599800429,1.0,0.9999998371229615,0.9999998371229615
gRNA_7684,NF1,0.19952583580370797,-0.387398731076748,0.13492645990367003,-0.017648811789789998,0.13492645990367003,1187.6285900674106,-0.14955957988763302,0.023285316454675537,-0.13706012806158394,-0.08777813049818046,-0.13706012806158394,35689,1.6307545742385607,6.54263218358598,0.0672476113088066,54.29684216425229,Nf1,NF1,T2224A,T2222A,targeting guide,Missense,0.7615242727372936,0.5022217549518231,1.0,0.9999614030704774,0.9999614030704774,0.7897276186467419,0.49594679302424205,1.0,0.9999998371229615,0.9999998371229615
gRNA_7765,NF1,0.34622975200746947,0.6268488688522142,0.37762998913759316,0.45023620333242564,0.37762998913759316,533.3990975443239,1.1379518686998793,0.3831395982456608,0.5842932014723264,0.7017948894726223,0.5842932014723264,25099,20.359376867604286,28.87366030519144,0.0,17.060440655006175,Nf1,NF1,Non-coding,,targeting guide,Intron,0.30341364805863225,0.8668801803019848,1.0,0.9999614030704774,0.9999614030704774,0.00014500289755128628,0.9968106534257573,0.008619616687770906,0.9999998371229615,0.008619616687770906
gRNA_7787,NF2,-0.1390699552745314,-0.0829929396101706,-0.3910830452283955,-0.20438198003769914,-0.1390699552745314,1271.2038006054263,0.10394638432028723,0.0982375425356834,0.00979482797302841,0.07065958494299969,0.0982375425356834,37861,0.6391801590026677,0.6946462058582711,0.0343361242439449,11.756160693061462,Nf2,NF2,Y177C,Y177C,targeting guide,Missense,0.8833051870398895,0.34401389645712493,1.0,0.9999614030704774,0.9999614030704774,0.6736176750831084,0.6301506912705106,1.0,0.9999998371229615,0.9999998371229615
gRNA_7812,NFE2,0.3443233244925672,0.9874118367009792,0.799760940551642,0.7104987005817295,0.799760940551642,167.9384679574168,0.21148655147137707,-0.1760793439918747,0.0077806497993417175,0.014395952426281366,0.0077806497993417175,8440,34.300947867298575,68.87440758293839,0.0,40.746445497630326,Nfe2,NFE2,Q286R,Q263R,targeting guide,Missense,0.05684934292054677,0.9630931254465549,0.8567436186617611,0.9999614030704774,0.8567436186617611,0.6709780682012074,0.5904561987136696,1.0,0.9999998371229615,0.9999998371229615
gRNA_7813,NFE2,-1.0352922546082017,-0.7757973723261546,-0.8267410483052281,-0.8792768917465281,-0.8267410483052281,1311.0823274611294,-0.944114866897803,-1.2730921457015567,-1.1480189268452825,-1.1217419798148809,-1.1480189268452825,21788,44.868735083532215,75.13310078942537,0.9179364787956672,33.22930053240316,Nfe2,NFE2,Q286R,Q263R,targeting guide,Missense,0.9730680789577432,0.11391504490374289,1.0,0.9999614030704774,0.9999614030704774,0.998789679149911,0.005293364551002381,1.0,0.1381439041359158,0.1381439041359158
gRNA_7814,NFE2,0.5207496561803018,0.4118181202205785,0.39335761168511946,0.44197512936199995,0.4118181202205785,480.05793295140757,0.8210989409757965,0.5321959876946419,0.5443626172541929,0.6325525153082104,0.5443626172541929,20962,68.54784848773971,75.1407308462933,0.6344814426104379,8.124224787711096,Nfe2,NFE2,Q286R,Q263R,targeting guide,Missense,0.3297763183370656,0.8787826282134593,1.0,0.9999614030704774,0.9999614030704774,0.004111023846810691,0.999015867132084,0.11575777673914314,0.9999998371229615,0.11575777673914314
gRNA_7815,NFE2L2,-0.08989507428280266,-0.1494640595653732,-0.1193860031405809,-0.11958171232958559,-0.1193860031405809,1051.8112972351453,0.11238465359221234,0.3607029164259078,0.3296389896753886,0.26757551989783623,0.3296389896753886,32108,40.82160209293634,57.68032888999626,0.601096299987542,31.00784851127445,Nfe2l2,NFE2L2,I28T,I28T,targeting guide,Missense,0.868783928503413,0.37235730485017193,1.0,0.9999614030704774,0.9999614030704774,0.32669509761423116,0.8716299937392271,1.0,0.9999998371229615,0.9999998371229615
gRNA_7816,NFE2L2,0.03590980301167161,-0.16880457612684968,-0.5795190138429955,-0.2374712623193912,-0.16880457612684968,984.7814329457723,0.016123385577207085,-0.035270937130681364,-0.1061024098410027,-0.041749987131492326,-0.035270937130681364,30435,65.7433875472318,80.77542303269263,0.0,20.358140298997863,Nfe2l2,NFE2L2,I28T,I28T,targeting guide,Missense,0.8691056403673149,0.3613327763216065,1.0,0.9999614030704774,0.9999614030704774,0.7640842161798728,0.5315716477523666,1.0,0.9999998371229615,0.9999998371229615
gRNA_7822,NFE2L2,-0.3805099117922794,-0.34428037365928393,-0.2582262814876297,-0.327672188979731,-0.34428037365928393,807.6310773238575,-1.1285427795546235,-1.0651426302295803,-1.3835624133586681,-1.192415941047624,-1.1285427795546235,19990,25.25262631315658,32.856428214107055,0.0,18.764382191095542,Nfe2l2,NFE2L2,D29G,D29G,targeting guide,Missense,0.9095029143881462,0.29414929017138214,1.0,0.9999614030704774,0.9999614030704774,0.9994295964869839,0.0023603797912272557,1.0,0.07892519926916136,0.07892519926916136
gRNA_7823,NFE2L2,-0.2832203095683425,-0.17763260741851342,-0.1318232769359387,-0.19755873130759824,-0.17763260741851342,752.216417980867,-0.17619435599458308,-0.1422187167145533,-0.28407172920083545,-0.20082826730332393,-0.17619435599458308,22478,0.3158644007473974,34.260165495150815,0.7651926327965121,92.28579055076077,Nfe2l2,NFE2L2,D29G,D29G,targeting guide,Missense,0.8921633988750288,0.32917067495418806,1.0,0.9999614030704774,0.9999614030704774,0.8503184703788496,0.4025488822053818,1.0,0.9999998371229615,0.9999998371229615
gRNA_7826,NFE2L2,-0.3860354680061203,-0.2620245863489203,-0.3830493341364328,-0.34370312949715776,-0.3830493341364328,1477.929720217589,-0.21330442047422987,-0.41871188104898427,-0.40417821602632736,-0.34539817251651384,-0.40417821602632736,37557,24.131320393002635,66.0808903799558,0.3780919668770136,50.025294885107975,Nfe2l2,NFE2L2,Q26R,Q26R,targeting guide,Missense,0.9095029143881462,0.29414929017138214,1.0,0.9999614030704774,0.9999614030704774,0.9106919710733347,0.28479392317248453,1.0,0.9999998371229615,0.9999998371229615
gRNA_7827,NFE2L2,0.20507713799570887,0.16975304292772486,0.1942145421792671,0.18968157436756694,0.1942145421792671,1068.137112259151,0.6358430129645325,0.4505547708270824,0.42950430546931023,0.5053006964203084,0.4505547708270824,37729,13.48034668292295,91.95578997588062,1.0363380953643089,78.2740067322219,Nfe2l2,NFE2L2,Q26R,Q26R,targeting guide,Missense,0.6526684560322376,0.657856348284451,1.0,0.9999614030704774,0.9999614030704774,0.03890343589642694,0.9936696190741378,0.3330134112734146,0.9999998371229615,0.3330134112734146
gRNA_7828,NFE2L2,0.0866652908682738,0.10322123948967533,0.08575098072866548,0.09187917036220487,0.0866652908682738,746.2231696938521,0.19304626002521363,0.05471586894856604,-0.04185355978334133,0.06863618973014611,0.05471586894856604,26191,31.037379252414954,78.11843763124737,0.2405406437325798,56.37814516436944,Nfe2l2,NFE2L2,Q26R,Q26R,targeting guide,Missense,0.7833834336784845,0.5059676089326899,1.0,0.9999614030704774,0.9999614030704774,0.6364773047375989,0.6462534040089527,1.0,0.9999998371229615,0.9999998371229615
gRNA_7829,NFE2L2,0.284716117871446,0.19470210235334787,0.16197647225578188,0.2137982308268586,0.19470210235334787,659.129795650636,-0.14463615796674198,-0.39424249334113093,-0.04870814891826185,-0.1958622667420449,-0.14463615796674198,23785,0.0294303132226192,17.485810384696236,0.0,94.5427790624343,Nfe2l2,NFE2L2,D27G,D27G,targeting guide,Missense,0.6383310451890312,0.6714222438749476,1.0,0.9999614030704774,0.9999614030704774,0.8454568124817645,0.39383560450461436,1.0,0.9999998371229615,0.9999998371229615
gRNA_7839,NKX2-1,-0.21814884570123957,0.08998775590958767,-0.07078022826656359,-0.06631377268607185,-0.07078022826656359,837.3884583058486,-0.16640121691531207,-0.6099435370475809,-0.7793817789355582,-0.5185755109661504,-0.6099435370475809,26750,18.145794392523364,34.74766355140187,0.6766355140186916,23.20747663551402,Nkx2-1,NKX2-1,Y174C,Y174C,targeting guide,Missense,0.8479594867548748,0.40240513036081244,1.0,0.9999614030704774,0.9999614030704774,0.939174436413355,0.19075614826218273,1.0,0.9999998371229615,0.9999998371229615
gRNA_7843,NKX2-1,-1.2909136602300237,-1.5184809606621286,-1.3256682669390603,-1.3783542959437376,-1.3256682669390603,927.751503202282,-1.005464327302745,-1.376891052998194,-0.9608365433685593,-1.1143973078898328,-1.005464327302745,10217,0.0,86.70842713125182,0.0391504355485954,98.355681706959,Nkx2-1,NKX2-1,N152S,N152S,targeting guide,Missense,0.9999486629186417,0.0008566018362953241,1.0,0.07638033040299974,0.07638033040299974,0.998103799056714,0.004742440912964861,1.0,0.13714626423979465,0.13714626423979465
gRNA_7873,NKX3-1,-0.5444001436176862,-0.4800623183203527,-0.3507433655199116,-0.4584019424859835,-0.4800623183203527,1698.8979708496452,-0.41259876203556023,0.11856243331246932,-0.035693890626874517,-0.10991007311665514,-0.035693890626874517,40682,47.46816774003245,87.71692640479819,0.0319551644461924,41.80718745391082,Nkx3-1,NKX3-1,Y178C,Y177C,targeting guide,Missense,0.9169120171203765,0.27810887407453827,1.0,0.9999614030704774,0.9999614030704774,0.781067669740476,0.4633105009765721,1.0,0.9999998371229615,0.9999998371229615
gRNA_7885,NOTCH1,-0.4022028773351164,-0.5777212759756101,-0.7116782731809883,-0.5638674754972383,-0.5777212759756101,1969.0174149163145,-0.40838082470101716,-0.45204402747636596,-0.5723064051798834,-0.47757708578575553,-0.45204402747636596,45010,11.77293934681182,26.654076871806264,0.4221284159075761,57.205065540990894,Notch1,NOTCH1,L1668P,L1678P,targeting guide,Missense,0.9239132926118929,0.26137618699919446,1.0,0.9999614030704774,0.9999614030704774,0.9453696939804381,0.2068551137694834,1.0,0.9999998371229615,0.9999998371229615
gRNA_7886,NOTCH1,0.4494148651856724,0.5459163645174332,0.25967787784904567,0.4183363691840504,0.4494148651856724,687.4383301127062,0.13959574999174354,0.04749111151705757,0.08358714770529041,0.0902246697380305,0.08358714770529041,29549,47.730887678094014,84.395411012217,0.12859995262107,46.23168296727469,Notch1,NOTCH1,L1668P,L1678P,targeting guide,Missense,0.3133747269797129,0.8764506276956221,1.0,0.9999614030704774,0.9999614030704774,0.6690925379867627,0.6340367961565903,1.0,0.9999998371229615,0.9999998371229615
gRNA_7901,NOTCH1,-0.0647752383451086,-0.21039476523872744,-0.004271654006812037,-0.0931472191968827,-0.0647752383451086,1671.2236606301478,0.4447862550876015,0.29253251385129286,0.23100088792468632,0.3227732189545269,0.29253251385129286,50945,1.005005397978212,95.07508096967318,0.2767690646775934,96.2155265482383,Notch1,NOTCH1,F357S,F357S,targeting guide,Missense,0.8651800847842399,0.3773816781601216,1.0,0.9999614030704774,0.9999614030704774,0.18185054744095994,0.9386053082239985,0.8484140471791601,0.9999998371229615,0.8484140471791601
gRNA_7902,NOTCH1,0.5600771244823647,0.7935512482240008,0.8668004828201199,0.7401429518421617,0.7935512482240008,590.271198310465,0.9434405012079184,0.7192548177758198,0.965115636960283,0.8759369853146738,0.9434405012079184,33740,0.0326022525192649,36.11736810906935,0.0059276822762299,91.88796680497924,Notch1,NOTCH1,F357S,F357S,targeting guide,Missense,0.04099594548848079,0.991098901544752,0.7288141578134111,0.9999614030704774,0.7288141578134111,0.00040915270454494173,0.9999523601901464,0.021889669693154385,0.9999998371229615,0.021889669693154385
gRNA_7917,NOTCH1,0.016904180563063045,0.043862664173473065,-0.14201316441438372,-0.027082106559282535,0.016904180563063045,1443.445097450271,-0.07883705710624743,0.16307272873575776,0.34707154194549156,0.1437690711916673,0.16307272873575776,49487,13.140824863095355,58.06979610806879,3.0432234728312486,69.78600440519732,Notch1,NOTCH1,I471T,I471T,targeting guide,Missense,0.8351738799742776,0.4252929292719301,1.0,0.9999614030704774,0.9999614030704774,0.4924310550593106,0.747175778374385,1.0,0.9999998371229615,0.9999998371229615
gRNA_7918,NOTCH1,0.21222975237550804,0.4165355426955586,0.45586180242107244,0.36154236583071303,0.4165355426955586,1222.8404808017015,0.4787663110869784,0.6451966571326302,0.7439401923727796,0.6226343868641294,0.6451966571326302,55034,1.2628556892103064,87.49500308899952,0.0,93.90558563796924,Notch1,NOTCH1,I471T,I471T,targeting guide,Missense,0.3985384766388067,0.8347627310236162,1.0,0.9999614030704774,0.9999614030704774,0.008871264472750334,0.9987043235535056,0.15820421643071428,0.9999998371229615,0.15820421643071428
gRNA_7919,NOTCH1,0.0819578488617633,0.17378813188513162,0.2575026486495916,0.1710828764654955,0.17378813188513162,761.7525897406247,0.017135044714940727,0.1712343896164979,0.21420595988688917,0.13419179807277593,0.1712343896164979,26653,7.0160957490714,21.85870258507485,0.3526807488838029,46.76396653284808,Notch1,NOTCH1,I471T,I471T,targeting guide,Missense,0.6834684416473913,0.6177364643805907,1.0,0.9999614030704774,0.9999614030704774,0.5648536836847335,0.7157631994616568,1.0,0.9999998371229615,0.9999998371229615
gRNA_7935,NOTCH1,-0.11556843208798104,0.046301350188349244,-0.032606276063058943,-0.03395778598756358,-0.032606276063058943,1323.0216432522745,0.19941866758639445,0.25668186767760764,0.23019048185964083,0.22876367237454764,0.23019048185964083,39416,8.077937893241323,18.462045869697587,0.7281307083417901,26.781002638522427,Notch1,NOTCH1,N390S,N390S,targeting guide,Missense,0.8349474860510846,0.42713375030416767,1.0,0.9999614030704774,0.9999614030704774,0.3735937750323919,0.8674855952935703,1.0,0.9999998371229615,0.9999998371229615
gRNA_7956,NOTCH1,-0.044674327586499155,-0.11204029876480773,0.2410280207620082,0.028104464803567097,-0.044674327586499155,1446.172352326421,0.2929017193367796,0.2517927839011008,0.1121950758212684,0.2189631930197163,0.2517927839011008,47075,0.061603823685608,18.85077004779607,0.0,93.43175783324482,Notch1,NOTCH1,F1592S,F1592S,targeting guide,Missense,0.7797009997171498,0.4855424117977284,1.0,0.9999614030704774,0.9999614030704774,0.40177148214844643,0.8383917789149863,1.0,0.9999998371229615,0.9999998371229615
gRNA_8028,NOTCH2,-0.3713823946265768,-0.4617524953479682,-0.4187573740272646,-0.4172974213339365,-0.4187573740272646,3226.1607014935903,-0.09959349040925253,0.03625974175096147,0.1342766203790923,0.023647623906933746,0.03625974175096147,84717,0.3895322072311342,8.518951332082109,0.1510912803805611,72.9039035848767,Notch2,NOTCH2,K1514R,K1514R,targeting guide,Missense,0.9144829929956938,0.28343357087665433,1.0,0.9999614030704774,0.9999614030704774,0.7059329945278742,0.5926125078920521,1.0,0.9999998371229615,0.9999998371229615
gRNA_8198,NOTCH3,0.651295576727855,0.46225882554308495,0.7536589294223589,0.6224044438977662,0.651295576727855,669.4857706777418,0.312393374246494,0.5224829329774263,0.42763081849307966,0.4208357085723333,0.42763081849307966,29125,32.95793991416309,75.26866952789699,0.672961373390558,52.26437768240343,Notch3,NOTCH3,L1520P,L1519P,targeting guide,Missense,0.08260697099243558,0.9805648637240232,1.0,0.9999614030704774,0.9999614030704774,0.09069221159108001,0.9743603310259505,0.5513674227412251,0.9999998371229615,0.5513674227412251
gRNA_8216,NPM1,0.6816086312992257,0.5958855639417922,0.4886536218402258,0.5887159390270812,0.5958855639417922,1160.7802809533125,0.5387447694100135,0.25455425469366516,0.2392765354690917,0.34419185319092344,0.25455425469366516,61744,0.5555195646540554,83.88183467219487,0.3336356569059341,94.16299559471366,Npm1,NPM1,M65V,M65V,targeting guide,Missense,0.1079247780062665,0.9763067231697667,1.0,0.9999614030704774,0.9999614030704774,0.1526008585659429,0.9434703554896947,0.7647772208145993,0.9999998371229615,0.7647772208145993
gRNA_8217,NRAS,-0.43170688853798045,-0.5905075360905572,-0.42484705323952526,-0.48235382595602094,-0.43170688853798045,3172.7236304088747,-0.429330489678026,0.02582194612679418,-0.06494794575451646,-0.1561521631019161,-0.06494794575451646,70617,1.4302505062520356,36.76876672755852,0.1090388999815908,83.91747029752042,Nras,NRAS,Q61R,Q61R,targeting guide,Missense,0.9144829929956938,0.28343357087665433,1.0,0.9999614030704774,0.9999614030704774,0.8266964877025019,0.4183177364748209,1.0,0.9999998371229615,0.9999998371229615
gRNA_8225,NRAS,0.34932539491198056,0.6235934199968236,0.6562909844378897,0.5430699331155646,0.6235934199968236,797.9865260944364,0.12090001264711939,0.017854131194432684,0.2447758216605818,0.12784332183404462,0.12090001264711939,39410,1.342298908906369,50.15478304998732,0.0583608221263638,81.92083227607206,Nras,NRAS,I36M,I36M,targeting guide,Missense,0.16180698407072072,0.9368673698483032,1.0,0.9999614030704774,0.9999614030704774,0.5504056215227515,0.7161964372508108,1.0,0.9999998371229615,0.9999998371229615
gRNA_8226,NSD1,-0.3689880287057812,-0.44794407191976554,-0.22758966259447425,-0.34817392107334033,-0.3689880287057812,2099.92564897151,0.061689185109892936,0.07746992397960539,0.15848260376747736,0.09921390428565857,0.07746992397960539,53779,15.442830844753528,47.215455847077855,0.7233306681046505,61.40686885215418,Nsd1,NSD1,T2030A,T2029A,targeting guide,Missense,0.9073437663842359,0.2985277038094205,1.0,0.9999614030704774,0.9999614030704774,0.6498381135522899,0.6534058398314391,1.0,0.9999998371229615,0.9999998371229615
gRNA_8227,NSD1,0.30304488518364386,0.1611708988227626,-0.05822693351323241,0.135329616831058,0.1611708988227626,524.6850425911955,0.298308823864416,0.09796342929019376,0.13730644391480687,0.17785956568980554,0.13730644391480687,18766,3.261217094745817,63.74293935841416,3.506341255462006,85.6282638814878,Nsd1,NSD1,T2030A,T2029A,targeting guide,Missense,0.6922413305909274,0.5920717766796908,1.0,0.9999614030704774,0.9999614030704774,0.49074708525207333,0.7772715565951424,1.0,0.9999998371229615,0.9999998371229615
gRNA_8228,NSD1,0.6539513289352906,0.42698171267013846,0.6087112925111459,0.5632147780388582,0.6087112925111459,987.7383240684514,0.3363294556956081,0.34253119961838996,0.5124182495576828,0.39709296829056023,0.34253119961838996,47853,7.746640753975717,92.20111591749732,0.0752303930788038,90.1740747706518,Nsd1,NSD1,T2030A,T2029A,targeting guide,Missense,0.13084775922155492,0.9647555279879022,1.0,0.9999614030704774,0.9999614030704774,0.12056406723199814,0.9640000328259722,0.671893499678323,0.9999998371229615,0.671893499678323
gRNA_8241,NSD1,0.6924914054962714,0.6982345554615729,0.15485376743255244,0.5151932427967989,0.6924914054962714,639.7533882808524,0.2844189978747266,-0.11543247668861224,0.14337095728897523,0.10411915949169652,0.14337095728897523,31194,74.39251138039367,90.69372315188818,0.0352631916394178,17.23087773289735,Nsd1,NSD1,Y1972C,Y1971C,targeting guide,Missense,0.12860484214275517,0.9298797589916543,1.0,0.9999614030704774,0.9999614030704774,0.5389238788527204,0.7187920917590324,1.0,0.9999998371229615,0.9999998371229615
gRNA_8302,NTRK2,-0.08271573565522003,-0.12507922893629322,-0.3158624772914163,-0.1745524806276432,-0.12507922893629322,1238.0857881804309,0.31919418166921454,0.17626911988197094,0.13484497267715348,0.21010275807611298,0.17626911988197094,35739,21.970396485631944,74.14589104339797,0.3357676487870393,65.06337614370855,Ntrk2,NTRK2,N125S,N125S,targeting guide,Missense,0.8740650418261705,0.36159920877497537,1.0,0.9999614030704774,0.9999614030704774,0.4604590297976795,0.8034996130610621,1.0,0.9999998371229615,0.9999998371229615
gRNA_8366,NTRK3,-0.06446691362811632,0.030806063524430598,-0.15588191094191756,-0.06318092034853443,-0.06446691362811632,786.3906848089518,0.15647400968682754,0.25743528483719474,-0.04422520455609437,0.1232280299893093,0.15647400968682754,24475,2.038815117466803,74.31664964249234,0.6905005107252298,89.0990806945863,Ntrk3,NTRK3,D527G,D527G,targeting guide,Missense,0.8449682361268334,0.40843397038600743,1.0,0.9999614030704774,0.9999614030704774,0.5329807595311047,0.7294597637988034,1.0,0.9999998371229615,0.9999998371229615
gRNA_8367,NTRK3,0.016986075137278792,-0.10178941460205748,-0.43622621993440075,-0.17367651979972645,-0.10178941460205748,925.0848539900466,0.03504210879974548,0.055072421441015096,0.10652620697765063,0.06554691240613707,0.055072421441015096,28315,0.1836482429807522,30.051209606215785,0.0,93.0672788274766,Ntrk3,NTRK3,D527G,D527G,targeting guide,Missense,0.8706609199441036,0.36540252627302333,1.0,0.9999614030704774,0.9999614030704774,0.704613075621398,0.598582429425863,1.0,0.9999998371229615,0.9999998371229615
gRNA_8409,NTRK3,0.3993462143580245,0.3644875626241966,0.4594283649645802,0.40775404731560044,0.3993462143580245,755.3889950296083,0.34128763574979365,0.23566894530470475,0.027199910941504674,0.20138549733200103,0.23566894530470475,28950,3.2780656303972364,14.172711571675304,0.0967184801381692,77.83419689119171,Ntrk3,NTRK3,K771R,K746R,targeting guide,Missense,0.39575011115837494,0.8448050346837234,1.0,0.9999614030704774,0.9999614030704774,0.4250065269559389,0.7962766481061015,1.0,0.9999998371229615,0.9999998371229615
gRNA_8410,NTRK3,0.4614862202363959,0.40050907742378056,0.7159787300011728,0.5259913425537831,0.4614862202363959,355.6946415138616,0.7387032876696452,0.6585610531489061,0.4663590250054415,0.6212077886079976,0.6585610531489061,15999,1.0688168010500656,45.89036814800925,0.0125007812988311,94.02462653915867,Ntrk3,NTRK3,K771R,K746R,targeting guide,Missense,0.16745987048519748,0.9398109985470734,1.0,0.9999614030704774,0.9999614030704774,0.008422642410146283,0.998680127989319,0.15509450601413904,0.9999998371229615,0.15509450601413904
gRNA_8493,PAX5,-0.8478581051191196,-0.6899759399576821,-0.7877234667455595,-0.7751858372741204,-0.7877234667455595,2087.5014878690495,-0.9029151292542424,-0.5857838536552232,-0.6732279875416756,-0.7206423234837137,-0.6732279875416756,38505,7.884690299961044,35.429165043500845,0.0,62.30879106609532,Pax5,PAX5,D35G,D35G,targeting guide,Missense,0.9508950786081624,0.19417529236560324,1.0,0.9999614030704774,0.9999614030704774,0.9786744325284817,0.10240902883730738,1.0,0.9999998371229615,0.9999998371229615
gRNA_8494,PAX5,0.2066392791174398,0.2959553383055038,0.33836170046705544,0.28031877262999966,0.2959553383055038,1350.9608543168324,0.4157459742477434,0.6594101069214751,0.5889780543943187,0.554711378521179,0.5889780543943187,54976,4.531068102444704,70.27612048894063,0.227371944121071,87.76920838183935,Pax5,PAX5,D35G,D35G,targeting guide,Missense,0.5886655203907971,0.7158762153405864,1.0,0.9999614030704774,0.9999614030704774,0.02292729110262739,0.9959703273072286,0.25032858652868684,0.9999998371229615,0.25032858652868684
gRNA_8513,PAX5,0.707257898732063,0.7676391208441803,0.8953283051908707,0.7900751082557047,0.7676391208441803,464.8454422237721,0.2789815109053554,0.32786728505469453,0.3761034096043008,0.3276507351881169,0.32786728505469453,26431,0.3972607922515229,41.746434111460026,0.1702546252506526,86.3569293632477,Pax5,PAX5,F27S,F27S,targeting guide,Missense,0.023905477108927323,0.9969902857975259,0.6472210215200873,0.9999614030704774,0.6472210215200873,0.23108047405770943,0.9333734214931737,0.9669053464460524,0.9999998371229615,0.9669053464460524
gRNA_8569,PDGFRA,0.1959531165903425,0.44918740367985605,0.5561398240002826,0.4004267814234937,0.44918740367985605,1302.0196615650918,0.5083070455333101,0.5635466360018699,0.5658661404145964,0.5459066073165921,0.5635466360018699,54796,2.9655449302868826,78.1224906927513,0.1076720928534929,95.16205562449814,Pdgfra,PDGFRA,S1087G,S1087G,targeting guide,Missense,0.3231442308852132,0.8653019470507264,1.0,0.9999614030704774,0.9999614030704774,0.0175748134404595,0.9980201935498126,0.22022749494882732,0.9999998371229615,0.22022749494882732
gRNA_8650,PDGFRB,-0.18658343247693537,-0.07868455488058897,0.14414198593653835,-0.040375333806995324,-0.07868455488058897,1172.1135401053134,-0.2671774462758469,0.11142256999696297,-0.02579775088602399,-0.06051754238830263,-0.02579775088602399,34229,18.25937070904789,62.18119138742002,0.0,62.10815390458383,Pdgfrb,PDGFRB,V536A,V532A,targeting guide,Missense,0.8089101299367715,0.4489850859682809,1.0,0.9999614030704774,0.9999614030704774,0.7590171063604504,0.5126624393103809,1.0,0.9999998371229615,0.9999998371229615
gRNA_8651,PDGFRB,0.17587650795072596,0.1934581295361831,0.47220598085084353,0.28051353944591756,0.1934581295361831,630.5024713860648,0.10034678839999528,0.24923868679351838,0.46928794669053203,0.2729578072946819,0.24923868679351838,26245,44.04267479519909,82.88435892550962,0.0,45.48294913316822,Pdgfrb,PDGFRB,V536A,V532A,targeting guide,Missense,0.48348906454943397,0.7625022914725471,1.0,0.9999614030704774,0.9999614030704774,0.2350406574208466,0.8878351767330487,0.9672827055396379,0.9999998371229615,0.9672827055396379
gRNA_8652,PDGFRB,-0.03865927034110552,-0.028157380298844382,-0.2185194776085321,-0.09511204274949399,-0.03865927034110552,777.0858227109786,-0.2003199920166021,-0.27800187959125927,-0.41132649816170846,-0.2965494565898566,-0.27800187959125927,25636,7.891246684350133,20.41270088937432,0.0663129973474801,41.56654704322047,Pdgfrb,PDGFRB,V536A,V532A,targeting guide,Missense,0.8686928077040157,0.37164699539307594,1.0,0.9999614030704774,0.9999614030704774,0.8938504492178693,0.32067200138476365,1.0,0.9999998371229615,0.9999998371229615
gRNA_8668,PDGFRB,0.2599475765822913,0.3394864839578184,0.15884924550005178,0.25276110201338714,0.2599475765822913,1176.2953309154097,0.04900931111804809,0.39744417650475283,0.3233981844874902,0.2566172240367637,0.3233981844874902,44065,11.378645183252017,91.93691138091457,0.2382843526608419,80.04538749574492,Pdgfrb,PDGFRB,S892P,S888P,targeting guide,Missense,0.6029990549468098,0.7027477502017907,1.0,0.9999614030704774,0.9999614030704774,0.32333509540696237,0.8401411958963376,1.0,0.9999998371229615,0.9999998371229615
gRNA_8672,PDGFRB,-0.3196023418956531,-0.34211636329472933,-0.07432757236937007,-0.24534875918658416,-0.3196023418956531,1882.472526846491,-0.31761516519847427,0.10885650820371992,-0.10567522138645391,-0.10481129279373609,-0.10567522138645391,50633,25.46363043864673,80.79315861197243,0.1086248099065826,63.122864534987066,Pdgfrb,PDGFRB,Y566C,Y562C,targeting guide,Missense,0.8909924026502813,0.328865350959891,1.0,0.9999614030704774,0.9999614030704774,0.7719260417288664,0.4921932210515606,1.0,0.9999998371229615,0.9999998371229615
gRNA_8673,PDGFRB,-0.09525828672865953,-0.06257183906857558,-0.0600715279303734,-0.0726338845758695,-0.06257183906857558,646.3594056475266,-0.26435901186975697,-0.25920436465745633,-0.11796011934763014,-0.21384116529161448,-0.25920436465745633,19468,31.38483665502363,92.69056913910006,0.4571604684610643,62.43579206903637,Pdgfrb,PDGFRB,Y566C,Y562C,targeting guide,Missense,0.8532390121621727,0.40033378276856346,1.0,0.9999614030704774,0.9999614030704774,0.8526118003348213,0.39417727644752426,1.0,0.9999998371229615,0.9999998371229615
gRNA_8695,PHF6,-0.31025182103405313,-0.12950431869212345,-0.6443986696165562,-0.3613849364475776,-0.31025182103405313,817.8871172960299,0.2642246557582184,-0.08929721028859723,-0.04131648739087793,0.044536986026247755,-0.04131648739087793,24132,0.2071937676114702,13.152660367976132,0.0,87.72169733134427,Phf6,PHF6,K323E,K323E,targeting guide,Missense,0.9048068285653713,0.3004339116832794,1.0,0.9999614030704774,0.9999614030704774,0.5968945933210978,0.6566843760915286,1.0,0.9999998371229615,0.9999998371229615
gRNA_8696,PHF6,0.28843584384280613,0.2824835196056266,0.22513070613024458,0.2653500231928924,0.2824835196056266,907.9771154827536,0.12179503691862636,0.05693762761966584,0.14963993480405144,0.10945753311411455,0.12179503691862636,33859,20.369768746861983,33.223072152160434,1.7661478484302546,32.481762603739035,Phf6,PHF6,K323E,K323E,targeting guide,Missense,0.6194885734706159,0.6894871860921155,1.0,0.9999614030704774,0.9999614030704774,0.6335606750199412,0.6702794908021825,1.0,0.9999998371229615,0.9999998371229615
gRNA_8699,PHF6,0.4967137021454847,0.2657352404498412,0.28105463889406945,0.3478345271631318,0.28105463889406945,616.0565736903055,0.5826928923040273,0.3212663674447362,0.4462343858870352,0.4500645485452663,0.4462343858870352,26226,0.087699229771982,66.99839853580416,0.415618088919393,94.55502173415694,Phf6,PHF6,H302R,H302R,targeting guide,Missense,0.42210035971065824,0.8012724250734903,1.0,0.9999614030704774,0.9999614030704774,0.06366563472839916,0.9804431770777883,0.45143658518217655,0.9999998371229615,0.45143658518217655
gRNA_8775,PIK3CA,0.6102965664201198,0.5087769628671193,0.2801620020642405,0.46641184378382655,0.5087769628671193,1176.052908259752,0.24378613181195083,0.1117164215346898,-0.03785227148765908,0.10588342728632717,0.1117164215346898,49631,19.296407487255948,75.27754830650198,1.4446616026273902,63.909653240917976,Pik3ca,PIK3CA,Q546R,Q546R,targeting guide,Missense,0.2222982583006272,0.9082870512985171,1.0,0.9999614030704774,0.9999614030704774,0.5541579971142128,0.7109869346637475,1.0,0.9999998371229615,0.9999998371229615
gRNA_8782,PIK3CA,0.3185927417465054,0.6066862344554856,0.3142535400865911,0.4131775054295274,0.3185927417465054,694.5154637282238,0.1785963983642509,-0.07548097704300812,-0.10743302887249487,-0.001439202517084029,-0.07548097704300812,31538,0.0063415562178958,0.7578159680385567,0.0539032278521149,11.142114274843047,Pik3ca,PIK3CA,N345D,N345D,targeting guide,Missense,0.32253332663573836,0.8490968043683134,1.0,0.9999614030704774,0.9999614030704774,0.6747713346569377,0.6139653858630623,1.0,0.9999998371229615,0.9999998371229615
gRNA_8783,PIK3CA,0.13342712730507209,0.15826436638967628,0.06308628560771824,0.11825925976748886,0.13342712730507209,1772.280028022899,0.15307060409160328,0.0833494171407605,0.03614172546356586,0.09085391556530988,0.0833494171407605,63388,44.00201930964852,49.88325866094529,0.0425948128983403,22.55158705117688,Pik3ca,PIK3CA,E542G,E542G,targeting guide,Missense,0.7128966500595284,0.5887807356644201,1.0,0.9999614030704774,0.9999614030704774,0.6585569103950728,0.6424194149656044,1.0,0.9999998371229615,0.9999998371229615
gRNA_8784,PIK3CA,0.45658984144236153,0.14897842670955397,0.3633835951635984,0.32298395443850464,0.3633835951635984,1512.0200332612528,-0.31593579508917713,-0.09095777022116111,-0.014801478111636698,-0.14056501447399164,-0.09095777022116111,62888,4.387164482890218,5.07250985879659,0.405482763007251,19.69215112581097,Pik3ca,PIK3CA,E542G,E542G,targeting guide,Missense,0.4590682932378829,0.7889100273865545,1.0,0.9999614030704774,0.9999614030704774,0.8131480232738829,0.4528634496157685,1.0,0.9999998371229615,0.9999998371229615
gRNA_8789,PIK3CA,0.12722329569435029,0.22207297697003336,0.05383762836292416,0.13437796700910262,0.12722329569435029,806.8569901295026,0.34612225555946824,0.08838450763091615,0.1915880891811123,0.2086982841238322,0.1915880891811123,30859,0.4180303963187401,12.096957127580286,0.4277520334424317,71.66790887585469,Pik3ca,PIK3CA,K111E,K111E,targeting guide,Missense,0.721716380076749,0.5777352689201891,1.0,0.9999614030704774,0.9999614030704774,0.4266771918629163,0.8113461484050493,1.0,0.9999998371229615,0.9999998371229615
gRNA_8790,PIK3CA,0.13324837590119595,0.19617368972797194,0.2765651781079667,0.20199574791237818,0.19617368972797194,740.5406073705699,0.07962590445250757,0.09470688666910983,-0.003628165078558291,0.05690154201435304,0.07962590445250757,27285,14.70404984423676,63.51475169507055,0.7586586036283672,63.6540223566062,Pik3ca,PIK3CA,C604R,C604R,targeting guide,Missense,0.653382792616338,0.6555454608125262,1.0,0.9999614030704774,0.9999614030704774,0.6957066724492842,0.6087268872473606,1.0,0.9999998371229615,0.9999998371229615
gRNA_8791,PIK3CA,-0.17670931173740703,-0.215378146746353,0.09303500472710204,-0.09968415125221934,-0.17670931173740703,1399.74037150328,-0.4335750498751748,-0.3527834659074934,-0.3916688414693498,-0.3926757857506727,-0.3916688414693498,39643,35.88779860252756,62.0185152485937,0.5953131700426305,36.42509396362536,Pik3ca,PIK3CA,C604R,C604R,targeting guide,Missense,0.8607182018004295,0.3793541853302323,1.0,0.9999614030704774,0.9999614030704774,0.9261504189029595,0.2564059785093785,1.0,0.9999998371229615,0.9999998371229615
gRNA_8793,PIK3CA,-0.12204937557454516,-0.12397509580942566,-0.11841099369207926,-0.12147848835868336,-0.12204937557454516,1263.7493039439498,-0.20016458049004202,-0.060059333817163094,0.23224453667193395,-0.009326459211757046,-0.060059333817163094,37395,9.838213664928466,50.43187591924054,0.002674154298703,70.96938093327985,Pik3ca,PIK3CA,D725G,D725G,targeting guide,Missense,0.8622721156949926,0.3848390645671823,1.0,0.9999614030704774,0.9999614030704774,0.6522609527628702,0.5952187195219703,1.0,0.9999998371229615,0.9999998371229615
gRNA_8794,PIK3CA,-0.140197975209104,-0.07184666406613631,0.31004606868926654,0.032667143138008746,-0.07184666406613631,1593.8077496220026,-0.14387606102703468,0.08960486835791272,-0.005861367772343391,-0.020044186813821783,-0.005861367772343391,51059,9.731878806870483,81.82298909105153,0.207602969114162,84.55512250533697,Pik3ca,PIK3CA,D725G,D725G,targeting guide,Missense,0.7722842585271172,0.48344251788886583,1.0,0.9999614030704774,0.9999614030704774,0.748846487366887,0.5433830140827127,1.0,0.9999998371229615,0.9999998371229615
gRNA_8795,PIK3CA,-0.21821810734682273,-0.25562005503816704,-0.17287578699927525,-0.2155713164614217,-0.21821810734682273,1710.7160753129615,-0.2818221015737274,-0.19522046212108723,-0.19069989657132458,-0.22258082008871308,-0.19522046212108723,46673,35.221648490562,95.55845992329613,0.3042444239710325,60.11398453067084,Pik3ca,PIK3CA,D725G,D725G,targeting guide,Missense,0.897360279874998,0.31911397981794537,1.0,0.9999614030704774,0.9999614030704774,0.8632564479923206,0.3821082231206659,1.0,0.9999998371229615,0.9999998371229615
gRNA_8803,PIK3CA,-0.07013738277137072,-0.30540370265324346,-0.34669772012056466,-0.24074626851505962,-0.30540370265324346,1682.5950472566603,-0.0713226872268614,0.014236392509656002,-0.15136966462571824,-0.06948531978097455,-0.0713226872268614,43283,2.1347873298985744,96.43508998914125,0.1016565395189797,93.9907122888894,Pik3ca,PIK3CA,C378R,C378R,targeting guide,Missense,0.8909924026502813,0.328865350959891,1.0,0.9999614030704774,0.9999614030704774,0.7806509827530027,0.5082242284171461,1.0,0.9999998371229615,0.9999998371229615
gRNA_8804,PIK3CA,0.806520611544245,0.6639694060471482,0.6362614207029945,0.7022504794314625,0.6639694060471482,601.2375675164923,0.43685913905493223,-0.011625877660777308,0.3972012447305208,0.2741448353748919,0.3972012447305208,34185,4.522451367558871,80.81614743308468,0.8219979523182682,89.86397542781923,Pik3ca,PIK3CA,C378R,C378R,targeting guide,Missense,0.047292173891487176,0.9921345853766939,0.7667064555135042,0.9999614030704774,0.7667064555135042,0.20694228147287674,0.8777201089492603,0.9135761494433415,0.9999998371229615,0.9135761494433415
gRNA_8808,PIK3CA,0.09387042892790277,0.06613338300446607,0.41273633307968943,0.19091338167068608,0.09387042892790277,676.132361475157,-0.31777471687718717,-0.3396659491519979,-0.2740442464313182,-0.31049497082016775,-0.31777471687718717,7491,3.9247096515818978,11.17340808970765,1.05459885195568,55.53330663462822,Pik3ca,PIK3CA,I13T,I13T,targeting guide,Missense,0.64495201475066,0.6216798652160371,1.0,0.9999614030704774,0.9999614030704774,0.8997623260920293,0.31384993886755735,1.0,0.9999998371229615,0.9999998371229615
gRNA_8813,PIK3CA,0.24832895730947688,0.3043503131430204,-0.3089717881438799,0.08123582743620582,0.24832895730947688,534.4813500614663,0.21868263642272065,0.2921022113108507,0.1942852195297779,0.23502335575444974,0.21868263642272065,19870,0.2717664821338701,1.3940613990941118,0.171112229491696,30.201308505284345,Pik3ca,PIK3CA,V356A,V356A,targeting guide,Missense,0.6991903684240919,0.5629332167849828,1.0,0.9999614030704774,0.9999614030704774,0.37865045757320753,0.8638386015696893,1.0,0.9999998371229615,0.9999998371229615
gRNA_8814,PIK3CA,0.3579777715827997,0.592660322576428,0.12422255250060689,0.3582868822199448,0.3579777715827997,501.07381157074366,0.3643578922236515,0.2909784649939083,0.15259048942897876,0.26930894888217954,0.2909784649939083,21897,0.6895921815773851,7.918892999040965,0.0,46.42645111202448,Pik3ca,PIK3CA,V356A,V356A,targeting guide,Missense,0.39892587267133867,0.7848964165523427,1.0,0.9999614030704774,0.9999614030704774,0.33325433362744383,0.8745704171676933,1.0,0.9999998371229615,0.9999998371229615
gRNA_8824,PIK3CA,0.2459110675861824,0.19762832215099987,-0.11967345734441387,0.10795531079758947,0.19762832215099987,1023.6902691788442,0.1940148260763523,-0.14722120701385813,0.07348719677566759,0.04009360527938725,0.07348719677566759,39689,1.0431101816624255,2.035828567109274,0.2872332384287838,22.27317392728464,Pik3ca,PIK3CA,N1044S,N1044S,targeting guide,Missense,0.7114176609693348,0.5727481001885066,1.0,0.9999614030704774,0.9999614030704774,0.63520090604592,0.642010150708253,1.0,0.9999998371229615,0.9999998371229615
gRNA_8825,PIK3CA,-0.23717989448661042,-0.3057298845706339,-0.4104496196203014,-0.31778646622584855,-0.3057298845706339,3434.4017627036137,-0.3955346022211645,-0.1240493106252941,-0.29072244438528316,-0.27010211907724724,-0.29072244438528316,92601,4.062591116726601,14.346497338041706,0.0,54.284510966404255,Pik3ca,PIK3CA,N1044S,N1044S,targeting guide,Missense,0.9047678546886585,0.3039755107053006,1.0,0.9999614030704774,0.9999614030704774,0.871788306234327,0.35238786328485405,1.0,0.9999998371229615,0.9999998371229615
gRNA_8826,PIK3CA,-0.1340990172999725,-0.16721343450116552,-0.20326859736776992,-0.16819368305630267,-0.16721343450116552,1789.3671614369412,-0.22511801515896326,0.20291665141532517,0.06179373487874544,0.013197457045035782,0.06179373487874544,51727,32.95570978405862,78.52378835037794,0.0,57.17130318789027,Pik3ca,PIK3CA,N1044S,N1044S,targeting guide,Missense,0.8898469399800185,0.333933779183141,1.0,0.9999614030704774,0.9999614030704774,0.6726018067826289,0.5886941964570811,1.0,0.9999998371229615,0.9999998371229615
gRNA_8827,PIK3CA,-0.1986166595300662,-0.3185447555087277,-0.5251217849048948,-0.34742773331456284,-0.3185447555087277,1864.5938559917306,-0.24020371035071592,-0.01668099743508958,-0.03285767002272243,-0.09658079260284265,-0.03285767002272243,51764,2.3607140097364967,64.5545166524998,0.2298894984931612,88.37802333668186,Pik3ca,PIK3CA,N1044S,N1044S,targeting guide,Missense,0.9073106448170912,0.29835530228755874,1.0,0.9999614030704774,0.9999614030704774,0.8094015801087396,0.46036589709900966,1.0,0.9999998371229615,0.9999998371229615
gRNA_8831,PIK3CA,0.15158307394474632,-0.2063822815878439,0.19977981180899185,0.04832686805529809,0.15158307394474632,59.63597329181118,-0.385764436257309,-0.5595777370754552,-0.4632427083060275,-0.46952829387959727,-0.4632427083060275,1931,9.994821336095288,15.06991196271362,0.0,50.80269290523045,Pik3ca,PIK3CA,L1036S,L1036S,targeting guide,Missense,0.7454603853919632,0.5260201937834517,1.0,0.9999614030704774,0.9999614030704774,0.9453696939804381,0.2068551137694834,1.0,0.9999998371229615,0.9999998371229615
gRNA_8833,PIK3CA,0.1052875340079086,0.32731620065387235,0.5354270029555985,0.3226769125391265,0.32731620065387235,797.5099314501457,0.4743927457846197,0.6586496437099065,0.5182752078316397,0.550439199108722,0.5182752078316397,32254,54.63198362993737,80.1481986730328,3.2523097910336705,32.318472127488064,Pik3ca,PIK3CA,W11R,W11R,targeting guide,Missense,0.4516264973306231,0.758132818628782,1.0,0.9999614030704774,0.9999614030704774,0.0197312216688875,0.9974430615608841,0.2345823020634403,0.9999998371229615,0.2345823020634403
gRNA_8834,PIK3CA,0.36350838168906136,0.47030086443362223,0.7888472803998954,0.5408855088408596,0.47030086443362223,1007.6308077445009,0.5058774198988047,0.569461707169524,0.508868506629294,0.5280692112325409,0.508868506629294,46000,7.056521739130435,90.57608695652172,0.1847826086956521,87.8586956521739,Pik3ca,PIK3CA,W11R,W11R,targeting guide,Missense,0.16042531544573962,0.9286135206063417,1.0,0.9999614030704774,0.9999614030704774,0.020980458383753342,0.9975221306941063,0.2418888156987308,0.9999998371229615,0.2418888156987308
gRNA_8835,PIK3CA,0.15683539155904463,0.10778027358312511,0.5409576822006663,0.2685244491142787,0.15683539155904463,1190.6892657083865,0.028643725798983305,0.40811100075186874,0.2761806769440736,0.2376451344983085,0.2761806769440736,47420,3.979333614508646,39.940953184310416,0.7423028258118937,88.395191902151,Pik3ca,PIK3CA,W11R,W11R,targeting guide,Missense,0.4829770885919995,0.7273082006597563,1.0,0.9999614030704774,0.9999614030704774,0.3216724760861315,0.8353725869450709,1.0,0.9999998371229615,0.9999998371229615
gRNA_8840,PIK3CA,-0.016718798752907712,-0.2168113134974498,-0.0009658954020882325,-0.07816533588414859,-0.016718798752907712,1574.6563598250386,0.2921824767333638,0.2766069293986237,0.28117017105767395,0.2833198590632205,0.28117017105767395,49505,0.4302595697404303,1.506918493081507,0.2524997475002525,14.271285728714272,Pik3ca,PIK3CA,M1004V,M1004V,targeting guide,Missense,0.8616352880419322,0.38317672324872165,1.0,0.9999614030704774,0.9999614030704774,0.3078256876333291,0.9030032150531851,1.0,0.9999998371229615,0.9999998371229615
gRNA_8841,PIK3CA,0.4724566941802358,0.3266674530431843,0.24623770112048385,0.348453949447968,0.3266674530431843,823.8166076225448,0.41191152556482985,0.07764774904097221,0.24456116166795427,0.2447068120912521,0.24456116166795427,36431,0.7356372320276687,2.113584584557108,0.1784194779171584,20.57862809146057,Pik3ca,PIK3CA,M1004V,M1004V,targeting guide,Missense,0.43982413023698386,0.8053221688116344,1.0,0.9999614030704774,0.9999614030704774,0.30922962527696,0.8596749953207605,1.0,0.9999998371229615,0.9999998371229615
gRNA_8852,PIK3CA,0.07400186629450407,-0.10524993486652091,-0.21603187283547456,-0.08242664713583046,-0.10524993486652091,1193.6127785234626,0.1581500178516496,0.33337816761269623,0.04111353716868103,0.17754724087767562,0.1581500178516496,38095,8.956555978474865,26.43916524478278,0.0026250164063525,41.06313164457278,Pik3ca,PIK3CA,H1047R,H1047R,targeting guide,Missense,0.8510271972070218,0.3971770368882073,1.0,0.9999614030704774,0.9999614030704774,0.48888179903778295,0.7523054931033567,1.0,0.9999998371229615,0.9999998371229615
gRNA_8854,PIK3CA,0.4352770498573173,0.3921190358329952,-0.0221960734987426,0.2684000040638566,0.3921190358329952,675.2683073347157,0.11168805034555228,-0.01260097880426437,-0.061449498414126606,0.012545857709053766,-0.01260097880426437,29449,2.62487690583721,9.327990763693164,0.0,40.96573737648138,Pik3ca,PIK3CA,D350G,D350G,targeting guide,Missense,0.5266514257016419,0.7039338587173407,1.0,0.9999614030704774,0.9999614030704774,0.7158999244649511,0.5822989320160605,1.0,0.9999998371229615,0.9999998371229615
gRNA_8855,PIK3CA,0.19275021773582304,0.08068051436835758,0.06579013569661728,0.11307362260026597,0.08068051436835758,1220.598071236867,-0.1587475776622714,-0.04825006374641435,0.13596064029881585,-0.023679000369956637,-0.04825006374641435,40727,12.856336091536328,24.676504530164262,0.0196429886807277,41.91813784467306,Pik3ca,PIK3CA,D350G,D350G,targeting guide,Missense,0.7426999209109735,0.5520757494787232,1.0,0.9999614030704774,0.9999614030704774,0.7305321332248836,0.5575238574400532,1.0,0.9999998371229615,0.9999998371229615
gRNA_8857,PIK3CA,0.6903817676472188,0.7435564974707995,0.5011643073603589,0.6450341908261258,0.6903817676472188,429.89199764710685,0.7207869489873024,0.5235885651144112,0.23989814616403035,0.494757886755248,0.5235885651144112,23443,3.3101565499296166,83.5771872200657,0.4308322313697053,91.16154075843536,Pik3ca,PIK3CA,*1069Wext*18,*1069Wext*4,targeting guide,Non_Stop,0.06388301363777293,0.9870686878250942,0.8877249947067147,0.9999614030704774,0.8877249947067147,0.039498815578657934,0.9831630762579467,0.33542644975526975,0.9999998371229615,0.33542644975526975
gRNA_8858,PIK3CA,0.27547661075209745,0.16683370161613814,0.03704142148460912,0.15978391128428157,0.16683370161613814,964.4029105253936,0.5052084899853195,0.2616913098930302,0.26395160240798565,0.3436171340954452,0.26395160240798565,35901,47.00426171972926,59.0484944709061,0.9080527004818808,16.500933121640067,Pik3ca,PIK3CA,Y1021H,Y1021H,targeting guide,Missense,0.6834684416473913,0.6177364643805907,1.0,0.9999614030704774,0.9999614030704774,0.1435813443969068,0.9498192954206041,0.7350815239458866,0.9999998371229615,0.7350815239458866
gRNA_8861,PIK3CA,0.21824957241378407,0.04796215074077956,0.22312369384258818,0.16311180566571729,0.21824957241378407,945.145328745727,0.06069006101329532,0.0389791324238455,0.04560986281815734,0.048426352085099385,0.04560986281815734,32894,22.52082446646805,39.87353316714295,0.0,26.466832857056,Pik3ca,PIK3CA,Y1021C,Y1021C,targeting guide,Missense,0.6886513504860243,0.6132066013172308,1.0,0.9999614030704774,0.9999614030704774,0.7478813686557317,0.5518996278030603,1.0,0.9999998371229615,0.9999998371229615
gRNA_8862,PIK3CA,1.0778421071600455,1.302742501651523,0.6357373503986457,1.0054406530700712,1.0778421071600455,185.63514856993663,0.7668079557778619,0.4692453290810037,0.6984428035127923,0.6448320294572193,0.6984428035127923,12871,4.832569341931474,8.251107140082356,1.0644083598787972,11.724030766840183,Pik3ca,PIK3CA,V344A,V344A,targeting guide,Missense,0.01007008546766311,0.9981114966578779,0.5971932097534918,0.9999614030704774,0.5971932097534918,0.007371820747557534,0.9988322981316597,0.14085443214083146,0.9999998371229615,0.14085443214083146
gRNA_8867,PIK3CA,0.22005938528806365,0.4383556130690758,0.31288800029584746,0.3237676662176623,0.31288800029584746,423.1615838395503,0.5195468206312799,0.04084180993229829,0.07055072836396162,0.21031311964251323,0.07055072836396162,18302,15.99278767347831,34.96885586274724,0.5299967216697629,38.42749426292208,Pik3ca,PIK3CA,Q958R,Q958R,targeting guide,Missense,0.4768086300793021,0.782916026323819,1.0,0.9999614030704774,0.9999614030704774,0.29505278965347453,0.7705743267656533,1.0,0.9999998371229615,0.9999998371229615
gRNA_8868,PIK3CA,0.03719404901382038,-0.14707395404220416,-0.03055021874580419,-0.04681004125806266,-0.03055021874580419,424.0578304093525,-0.38712100681199235,-0.01670096449162632,0.009609152607232226,-0.1314042728987955,-0.01670096449162632,12943,0.2240593370934095,80.89314687475856,0.9116897164490458,88.88202116974426,Pik3ca,PIK3CA,Q958R,Q958R,targeting guide,Missense,0.8419906693011194,0.41422149648991613,1.0,0.9999614030704774,0.9999614030704774,0.8302395845267247,0.41403024175047426,1.0,0.9999998371229615,0.9999998371229615
gRNA_8869,PIK3CA,0.6718881218033157,0.5084191057581737,0.2342640109905794,0.47152374618402293,0.5084191057581737,491.38260157471956,0.17150109053231438,0.031155761370046314,0.3529356994150721,0.18519751710581092,0.17150109053231438,20866,0.0095849707658391,0.0095849707658391,0.263586696060577,16.337582670372853,Pik3ca,PIK3CA,F83S,F83S,targeting guide,Missense,0.20400278535824945,0.9127999113094063,1.0,0.9999614030704774,0.9999614030704774,0.4719347182072756,0.7587500767713331,1.0,0.9999998371229615,0.9999998371229615
gRNA_8891,PIK3CB,0.23092482996559413,0.09619394822980701,0.26166930619681816,0.19626269479740643,0.23092482996559413,1787.9276911399609,-0.28262079967444526,0.2839283106043252,0.17810186915095813,0.0598031266936127,0.17810186915095813,66985,0.3209673807568858,24.40844965290737,1.1957901022617003,93.23132044487572,Pik3cb,PIK3CB,N547S,N553S,targeting guide,Missense,0.6690851429320459,0.6311901881863267,1.0,0.9999614030704774,0.9999614030704774,0.5482387785807314,0.6738859819544147,1.0,0.9999998371229615,0.9999998371229615
gRNA_8893,PIK3CB,0.3075082631843949,0.07495504200354425,0.0753196700259268,0.15259432507128864,0.0753196700259268,970.587432693909,0.08968542480649429,0.08625562494519871,-0.037527504052953575,0.046137848566246475,0.08625562494519871,36044,0.160914437909222,75.96271224059483,0.3856397736100322,93.00577072466984,Pik3cb,PIK3CB,E1045G,E1051G,targeting guide,Missense,0.7129357715523783,0.5779473283651801,1.0,0.9999614030704774,0.9999614030704774,0.7009770908689128,0.6035872997711449,1.0,0.9999998371229615,0.9999998371229615
gRNA_8895,PIK3CB,-0.04109274164677395,0.17364835864530762,0.02140227387950854,0.0513192969593474,0.02140227387950854,685.6531072187018,0.08142652775138488,-0.037143704943360306,0.05040056992699349,0.03156113091167269,0.05040056992699349,21478,35.366421454511595,64.20988918893752,2.8401154669894777,48.44957631064345,Pik3cb,PIK3CB,C545R,C551R,targeting guide,Missense,0.7789510711451462,0.497160765404706,1.0,0.9999614030704774,0.9999614030704774,0.7295758282517437,0.5719165806248641,1.0,0.9999998371229615,0.9999998371229615
gRNA_8896,PIK3CB,0.26843436598399184,0.15018709501673871,0.29468299086034944,0.23776815062036002,0.26843436598399184,639.3387338466084,0.24100934970954085,0.28936659959532024,0.09886438816751345,0.20974677915745818,0.24100934970954085,26608,7.602976548406494,83.72669873722188,0.0,88.54479855682501,Pik3cb,PIK3CB,C545R,C551R,targeting guide,Missense,0.6192744142887414,0.6883937740446391,1.0,0.9999614030704774,0.9999614030704774,0.41199315299087685,0.8310221879335562,1.0,0.9999998371229615,0.9999998371229615
gRNA_8897,PIK3CB,-0.8990095555534767,-0.10818731523818827,-0.7036966450954214,-0.5702978386290288,-0.7036966450954214,96.5295521972396,-0.03567067577727721,0.4858751509227993,-0.31281206168861037,0.045797471152303905,-0.03567067577727721,1623,12.939001848428836,46.3339494762785,0.0,81.94701170671595,Pik3cb,PIK3CB,C545R,C551R,targeting guide,Missense,0.935628420672388,0.21205344962297346,1.0,0.9999614030704774,0.9999614030704774,0.38806884257903695,0.6502103845623475,1.0,0.9999998371229615,0.9999998371229615
gRNA_8935,PIK3CD,0.16149454326142018,0.1740790910887569,0.2049294082480607,0.18016768086607926,0.1740790910887569,990.0973686069574,0.29560434730606383,-0.13301293961238428,0.07480881506111844,0.07913340758493266,0.07480881506111844,34370,1.2860052371254,4.902531277276695,0.1716613325574629,64.91125981961012,Pik3cd,PIK3CD,I945T,I942T,targeting guide,Missense,0.6526684560322376,0.657856348284451,1.0,0.9999614030704774,0.9999614030704774,0.5758306626318737,0.6803635102471042,1.0,0.9999998371229615,0.9999998371229615
gRNA_8936,PIK3CD,0.2601304753905184,0.17799241863092186,0.13633481371687076,0.191485902579437,0.17799241863092186,498.6027970241164,0.2458729178849604,0.2933811210554728,0.2598079414373162,0.2663539934592498,0.2598079414373162,15717,4.790990647070052,5.840809314754724,0.0,45.33944136921805,Pik3cd,PIK3CD,I945T,I942T,targeting guide,Missense,0.653382792616338,0.6555454608125262,1.0,0.9999614030704774,0.9999614030704774,0.31366835693045375,0.9001027690681485,1.0,0.9999998371229615,0.9999998371229615
gRNA_8997,PIK3CG,0.46043512019481186,0.5443579617020736,0.6641996227952132,0.5563309015640329,0.5443579617020736,1210.763669898005,0.5998619124417518,0.3014431906421507,0.47450630012241635,0.45860380106877296,0.47450630012241635,58642,25.92169434876028,91.70901401725725,0.8799154189829815,69.40077077862283,Pik3cg,PIK3CG,L44P,L44P,targeting guide,Missense,0.14450147075361297,0.9648081824095253,1.0,0.9999614030704774,0.9999614030704774,0.059983774040600533,0.9813856181696006,0.4336664744827201,0.9999998371229615,0.4336664744827201
gRNA_8998,PIK3CG,0.46108892707623583,0.5628823491855255,0.6764533442364369,0.5668082068327328,0.5628823491855255,463.96667855965154,0.2029974202088229,0.28289177077351235,0.13445593113486803,0.2067817073724011,0.2029974202088229,23251,39.47357102920305,97.67751924648402,0.1634338308029762,58.71145327082706,Pik3cg,PIK3CG,L44P,L44P,targeting guide,Missense,0.13810327474002324,0.9661753878474352,1.0,0.9999614030704774,0.9999614030704774,0.4328481047313617,0.822735740085123,1.0,0.9999998371229615,0.9999998371229615
gRNA_8999,PIK3CG,-0.22397302392260424,0.050884599601434564,0.09976576338220793,-0.024440886979653912,0.050884599601434564,471.20903693478857,-1.1134716728046021,-1.0730745630737581,-1.1960039551139146,-1.1275167303307583,-1.1134716728046021,13314,2.493615742827099,94.74988733663812,0.0,93.64578639026588,Pik3cg,PIK3CG,L44P,L44P,targeting guide,Missense,0.82627981228137,0.4347866751193318,1.0,0.9999614030704774,0.9999614030704774,0.9992014868774299,0.004874110158733487,1.0,0.1372446807853903,0.1372446807853903
gRNA_9000,PIK3CG,0.2751941258805854,0.6866829869378981,0.4495482519047728,0.4704751215744188,0.4495482519047728,638.4084584880845,0.3906515235011074,0.4583361046190536,0.3304237584761875,0.3931371288654495,0.3906515235011074,30728,22.292371778182765,76.97214267117938,1.3017443374121322,73.8414475397032,Pik3cg,PIK3CG,L44P,L44P,targeting guide,Missense,0.21512410484809588,0.9024431325656832,1.0,0.9999614030704774,0.9999614030704774,0.11876235400911159,0.9703507123870113,0.6688195725776285,0.9999998371229615,0.6688195725776285
gRNA_9037,PIK3R1,-0.19166786682120565,-0.28082270329434794,-0.22855818310050724,-0.23368291773868696,-0.22855818310050724,613.3293188141556,-0.2843585864355621,-0.0075627030080010265,-0.20234106017782091,-0.16475411654046135,-0.20234106017782091,16798,55.38159304679129,63.04321943088463,0.261935944755328,10.798904631503753,Pik3r1,PIK3R1,Non-coding,,targeting guide,Intron,0.8999338070699994,0.3140488316279934,1.0,0.9999614030704774,0.9999614030704774,0.8387522129677627,0.4171510476802575,1.0,0.9999998371229615,0.9999998371229615
gRNA_9041,PIK3R1,0.34818657360549843,0.26553410070568373,0.1626759569717728,0.2587988770943183,0.26553410070568373,817.2673778862538,0.3881571933662212,0.3668285772604265,0.3416925325862585,0.36555943440430205,0.3668285772604265,35066,16.352021901557066,78.36936063423259,0.7813836764957508,76.01665430901728,Pik3r1,PIK3R1,D560G,D560G,targeting guide,Missense,0.6029990549468098,0.7027477502017907,1.0,0.9999614030704774,0.9999614030704774,0.1755670076316611,0.9564423170782682,0.8386459739548097,0.9999998371229615,0.8386459739548097
gRNA_9055,PIK3R1,0.36396198759029463,0.4388212399700593,0.4382270101946973,0.4136700792516837,0.4382270101946973,951.7285013251245,0.11668937081721162,-0.16156982122712676,0.18490094797435214,0.046673499188145666,0.11668937081721162,40270,16.640178793146262,34.929227712937674,0.0223491432828408,48.50757387633474,Pik3r1,PIK3R1,K567E,K567E,targeting guide,Missense,0.34991495079167734,0.8722420540496433,1.0,0.9999614030704774,0.9999614030704774,0.6303382784563181,0.6492046593092657,1.0,0.9999998371229615,0.9999998371229615
gRNA_9056,PIK3R1,0.9258950541089782,1.0420502668842173,0.8676755886767048,0.9452069698899668,0.9258950541089782,269.75993087616956,-0.6269200027531099,-0.7031210457349928,-0.8863163544830159,-0.7387858009903728,-0.7031210457349928,16548,53.952139231327045,92.11989364273629,0.0,41.787527193618565,Pik3r1,PIK3R1,L570P,L570P,targeting guide,Missense,0.012003513981089026,0.9987922892800126,0.5971932097534918,0.9999614030704774,0.5971932097534918,0.9796726148666333,0.09917176300973223,1.0,0.9999998371229615,0.9999998371229615
gRNA_9063,PIK3R1,0.04197311470451512,-0.4105643424536323,0.20852060288442184,-0.053356874954898464,0.04197311470451512,2424.711401889006,-0.34539643671585774,0.052397727344852416,0.0701335200923845,-0.07428839642620694,0.052397727344852416,77874,0.3210314097131263,7.626422169145029,0.0,90.47692426226982,Pik3r1,PIK3R1,N564D,N564D,targeting guide,Missense,0.7860758023831896,0.47209748423335707,1.0,0.9999614030704774,0.9999614030704774,0.7786849331749729,0.48537818274404876,1.0,0.9999998371229615,0.9999998371229615
gRNA_9064,PIK3R1,0.23088705869366336,-0.10108634586743095,0.18873979271754698,0.10618016851459312,0.18873979271754698,1102.6594492593624,-0.5112275211502175,-0.11665290699359053,-0.010089261533108596,-0.2126565632256389,-0.11665290699359053,38330,0.3391599269501695,3.201147925906601,0.3417688494651709,54.26297938951213,Pik3r1,PIK3R1,N564D,N564D,targeting guide,Missense,0.7114176609693348,0.5727481001885066,1.0,0.9999614030704774,0.9999614030704774,0.8398074487761598,0.3944759383415377,1.0,0.9999998371229615,0.9999998371229615
gRNA_9084,PIK3R2,-0.8849565122292197,-0.731373227349703,-0.777102888725245,-0.7978108761013892,-0.777102888725245,2203.2583059456338,-0.3884143791485538,-0.8351754127532947,-1.0450514113929905,-0.7562137344316131,-0.8351754127532947,35441,54.679608363195165,62.54338195874835,0.0,16.04074377133828,Pik3r2,PIK3R2,K558E,K564E,targeting guide,Missense,0.9574835102569924,0.17221712927401944,1.0,0.9999614030704774,0.9999614030704774,0.9814793764291138,0.07439133807491648,1.0,0.9999998371229615,0.9999998371229615
gRNA_9085,PIK3R2,0.25233193370472035,0.338057183610303,0.3434394397900795,0.31127618570170096,0.338057183610303,1052.5385652021187,0.3756413543807988,0.4250042920794107,0.024588503403735893,0.27507804995464846,0.3756413543807988,43696,8.279934090076894,20.85316733797144,0.1830831197363603,49.43701940681069,Pik3r2,PIK3R2,K558E,K564E,targeting guide,Missense,0.5682212193655432,0.7338878582069247,1.0,0.9999614030704774,0.9999614030704774,0.23285335836521742,0.8731213852739559,0.9669053464460524,0.9999998371229615,0.9669053464460524
gRNA_9105,PIK3R2,-0.6782724833577781,-0.6952105017726473,-0.48313419340678676,-0.6188723928457374,-0.6782724833577781,2321.9848015540265,-0.8211160118400977,-0.6293748126828094,-0.6513000698592657,-0.7005969647940576,-0.6513000698592657,47405,1.5947684843370953,66.81573673663117,0.010547410610695,90.72460710895474,Pik3r2,PIK3R2,N555D,N561D,targeting guide,Missense,0.9328514061387202,0.24070492947682529,1.0,0.9999614030704774,0.9999614030704774,0.9756470734208628,0.11701232616752033,1.0,0.9999998371229615,0.9999998371229615
gRNA_9114,PIK3R3,-0.7748896012212809,-0.8365851701302072,-0.6459288837180295,-0.7524678850231726,-0.7748896012212809,1049.8113103259689,-0.7782465070532708,-0.6785027418908525,-0.8252612528671915,-0.7606701672704382,-0.7782465070532708,19038,31.400357180376087,93.0664985817838,0.0052526525895577,65.61613614875512,Pik3r3,PIK3R3,D11G,D11G,targeting guide,Missense,0.9492001599046795,0.19824945251432974,1.0,0.9999614030704774,0.9999614030704774,0.9809544616096681,0.09866603462312776,1.0,0.9999998371229615,0.9999998371229615
gRNA_9115,PIK3R3,-0.5293060041476878,-0.6062560107089014,-0.41759626155306745,-0.5177194254698856,-0.5293060041476878,616.5394780365302,-0.08317246033304244,-0.4376631633250648,-0.62131048965879,-0.38071537110563236,-0.4376631633250648,11255,0.0,73.4517992003554,0.0,99.10262105730786,Pik3r3,PIK3R3,D11G,D11G,targeting guide,Missense,0.9196101679349766,0.27191799263788974,1.0,0.9999614030704774,0.9999614030704774,0.9015498796842424,0.27675761442301505,1.0,0.9999998371229615,0.9999998371229615
gRNA_9116,PIK3R3,0.0010201788813029666,0.3947882909772629,0.23135770352513213,0.2090553911278993,0.23135770352513213,196.5657922219879,0.2319369201134895,0.45543753185566166,-0.01708542777930515,0.22342967472994868,0.2319369201134895,5925,16.48945147679325,53.89029535864979,0.050632911392405,72.18565400843882,Pik3r3,PIK3R3,D11G,D11G,targeting guide,Missense,0.6389047579287612,0.6376533037671421,1.0,0.9999614030704774,0.9999614030704774,0.27042669938717817,0.8372369837405216,1.0,0.9999998371229615,0.9999998371229615
gRNA_9286,PMS2,0.31856655391381206,0.17615661347665204,-0.006532168468155377,0.16273033297410291,0.17615661347665204,1607.0831523669888,0.20844188254110596,0.231176327832059,0.2997589170222535,0.24645904246513947,0.231176327832059,63342,32.52344416027281,64.55748160777999,0.4783555934451075,60.7006409649206,Pms2,PMS2,I193V,I193V,targeting guide,Missense,0.6823743863115748,0.6038076076799361,1.0,0.9999614030704774,0.9999614030704774,0.35663626064063625,0.8767980333651043,1.0,0.9999998371229615,0.9999998371229615
gRNA_9392,POLE,0.4679503773334715,0.39661664094670357,0.4945873125245683,0.4530514436015811,0.4679503773334715,1060.2311251571314,0.6529627519961869,0.4923348792344064,0.2278217959186693,0.45770647571642087,0.4923348792344064,46890,6.952441885263383,90.32416293452762,0.2964384730219663,84.49989336745574,Pole,POLE,V1445A,V1446A,targeting guide,Missense,0.27035242646935315,0.9105224948739374,1.0,0.9999614030704774,0.9999614030704774,0.052762208804710574,0.9780002258686812,0.3993062074019022,0.9999998371229615,0.3993062074019022
gRNA_9410,POT1,0.07813924124189024,-0.1937318506097831,-0.27991484433704616,-0.13183581790164633,-0.1937318506097831,965.8118601405517,-0.3791523704117477,-0.24548193093363854,-0.2334601854316953,-0.2860314955923605,-0.24548193093363854,30927,4.562356516959292,10.366346558023732,0.0840689365279529,53.68124939373363,Pot1b,POT1,N617S,N611S,targeting guide,Missense,0.8661125302318938,0.3684557310651121,1.0,0.9999614030704774,0.9999614030704774,0.8992658633980277,0.31139833065011624,1.0,0.9999998371229615,0.9999998371229615
gRNA_9411,POT1,0.2247497219538384,0.3818406658058641,0.07809925075171457,0.2282298795038057,0.2247497219538384,925.5090936374477,-0.2669687652259949,-0.224066441015496,-0.35684822151240964,-0.28262780925130015,-0.2669687652259949,37113,16.00786786301296,20.62080672540619,0.266752889822973,31.35289521192035,Pot1b,POT1,I461V,I455V,targeting guide,Missense,0.6347620774291429,0.6562876389742955,1.0,0.9999614030704774,0.9999614030704774,0.8848720065494156,0.34151087836453153,1.0,0.9999998371229615,0.9999998371229615
gRNA_9513,PRDM1,-0.05562975035324238,0.17887093419614702,-0.2605556342206616,-0.04577148345925231,-0.05562975035324238,1375.8091765217537,0.18583985852382934,0.14786963739999626,0.13475183470259064,0.15615377687547208,0.14786963739999626,46510,62.169425929907554,68.23048806708235,0.0021500752526338,8.664803268114383,Prdm1,PRDM1,L597P,L566P,targeting guide,Missense,0.8100425379582438,0.44129536026010296,1.0,0.9999614030704774,0.9999614030704774,0.5364029923904119,0.7574915193497618,1.0,0.9999998371229615,0.9999998371229615
gRNA_9611,PRKD1,-0.1669316892164813,-0.04087418111744087,0.2616398007401112,0.017944643468729666,-0.04087418111744087,836.7583057460253,0.10793523885058973,0.5122059376125705,0.4197383204325003,0.3466264989652202,0.4197383204325003,29676,72.74902277935031,95.54522172799568,0.7413398032079795,23.11969268095431,Prkd1,PRKD1,M413T,M407T,targeting guide,Missense,0.7905269031191486,0.46534109074198915,1.0,0.9999614030704774,0.9999614030704774,0.12452091067236401,0.9336851091350077,0.6831062544148475,0.9999998371229615,0.6831062544148475
gRNA_9612,PRKD1,0.28977037465695377,0.23798040068795567,0.34169983655108865,0.2898168706319994,0.28977037465695377,1123.447191982016,0.2873071253403059,0.07823529934399256,0.23791702939960407,0.20115315136130082,0.23791702939960407,49200,43.66666666666666,53.71544715447154,0.0121951219512195,27.80894308943089,Prkd1,PRKD1,M413T,M407T,targeting guide,Missense,0.5889077157101401,0.7162680509870671,1.0,0.9999614030704774,0.9999614030704774,0.4255499117656668,0.8162096814858975,1.0,0.9999998371229615,0.9999998371229615
gRNA_9624,PRKD1,0.7248779028646561,0.7870528451835491,0.19178061388270398,0.5679037873103031,0.7248779028646561,244.7668103601075,0.4222459303352724,-0.1891646802897769,-0.06366333098989473,0.056472639685200256,-0.06366333098989473,10921,0.5860269206116656,60.205109422214086,3.241461404633275,88.810548484571,Prkd1,PRKD1,L692S,L686S,targeting guide,Missense,0.09867542983820367,0.9376171950802648,1.0,0.9999614030704774,0.9999614030704774,0.4539471511377532,0.6652572215475774,1.0,0.9999998371229615,0.9999998371229615
gRNA_9625,PRKD1,0.2856891939027539,0.3031978313525204,0.04951631505837884,0.21280111343788435,0.2856891939027539,493.1040665082239,0.23681344883403707,-0.15539096484072001,-0.007828802669376583,0.02453122710798016,-0.007828802669376583,17893,3.900966858548036,4.912535628458056,0.0,13.396300229139888,Prkd1,PRKD1,L692S,L686S,targeting guide,Missense,0.653422028034772,0.6444400309694702,1.0,0.9999614030704774,0.9999614030704774,0.6334142454310194,0.6185127233660714,1.0,0.9999998371229615,0.9999998371229615
gRNA_9703,PTPN1,-0.4868720041529481,-0.6327030367066031,-0.32799953918200875,-0.48252486001385336,-0.4868720041529481,820.1158440902327,-0.7354708986420198,-0.6231627741782644,-0.5512784228473012,-0.6366373652225285,-0.6231627741782644,17262,53.04715560190013,88.58185610010428,0.8863399374348279,41.23508284092225,Ptpn1,PTPN1,K279E,K279E,targeting guide,Missense,0.9194397561016313,0.271562179381827,1.0,0.9999614030704774,0.9999614030704774,0.9694258147521904,0.13949456454096618,1.0,0.9999998371229615,0.9999998371229615
gRNA_9705,PTPN11,0.003442884043144567,-0.08382187305998941,0.06332867909501384,-0.005683436640610333,0.003442884043144567,1245.830548173092,-0.09612362474272203,0.09677976264720307,0.25108667113340516,0.0839142696792954,0.09677976264720307,38441,4.313103197107256,64.70175073489243,1.1185973309747406,78.05468119976067,Ptpn11,PTPN11,F285S,F285S,targeting guide,Missense,0.8279808466321504,0.43894154058935897,1.0,0.9999614030704774,0.9999614030704774,0.559199580059206,0.7061861469351175,1.0,0.9999998371229615,0.9999998371229615
gRNA_9706,PTPN11,-0.03036871417108804,-0.14873879903699125,-0.08185137571057079,-0.0869862963062167,-0.08185137571057079,1614.1106470333407,-0.43838430389298766,-0.01006532185804524,-0.1296687871400308,-0.19270613763035457,-0.1296687871400308,50888,0.1650683854739821,15.300267253576482,0.0216160980977833,91.72103442854898,Ptpn11,PTPN11,F285S,F285S,targeting guide,Missense,0.8658435942544027,0.3773633120077545,1.0,0.9999614030704774,0.9999614030704774,0.8342896889648701,0.40894921602104517,1.0,0.9999998371229615,0.9999998371229615
gRNA_9730,PTPN11,0.6727298217556628,0.6828605982963114,0.5238590244082241,0.6264831481533993,0.6727298217556628,245.81657283697777,0.1423999930022985,0.13555004356713715,0.2539350110027104,0.17729501585738197,0.1423999930022985,12761,0.0156727529190502,34.26847425750333,0.2977823054619544,90.72173027192228,Ptpn11,PTPN11,N308D,N308D,targeting guide,Missense,0.08083215058996199,0.9837514890966217,1.0,0.9999614030704774,0.9999614030704774,0.4884162947744206,0.7832472191751383,1.0,0.9999998371229615,0.9999998371229615
gRNA_9744,PTPN11,-0.37985390759033766,-0.4806136344439098,-0.2814270922692473,-0.3806315447678316,-0.37985390759033766,1587.6865775666438,-0.2809025336526154,-0.3467274410737428,-0.284166990556284,-0.30393232176088075,-0.284166990556284,35237,1.4132871697363567,81.40307063597922,0.0737860771348298,93.9750830093368,Ptpn11,PTPN11,D61G,D61G,targeting guide,Missense,0.9119916773962078,0.2886690179776906,1.0,0.9999614030704774,0.9999614030704774,0.8936882345568973,0.3258454430362315,1.0,0.9999998371229615,0.9999998371229615
gRNA_9745,PTPN11,-0.5494582175522303,-0.278598252778328,-0.367948926249491,-0.39866846552668317,-0.367948926249491,1193.8040524049632,-0.5157303956108283,-0.7499616150989704,-0.7840120713177468,-0.6832346940091819,-0.7499616150989704,27752,4.219515710579418,90.98803689824156,0.3675410781204958,89.31608532718363,Ptpn11,PTPN11,D61G,D61G,targeting guide,Missense,0.9119916773962078,0.28866901797769057,1.0,0.9999614030704774,0.9999614030704774,0.9715796034207113,0.12716174433737154,1.0,0.9999998371229615,0.9999998371229615
gRNA_9838,PTPRD,0.533531380948199,0.5089487053239123,0.4067122943543143,0.4830641268754752,0.5089487053239123,322.93406993330154,0.4158329789299913,-0.023262566391665195,-0.1573410214969863,0.07840979701377994,-0.023262566391665195,14277,10.30328500385235,79.00119072634307,0.0,81.22854941514323,Ptprd,PTPRD,T456A,T456A,targeting guide,Missense,0.23552800909359567,0.9275124295121502,1.0,0.9999614030704774,0.9999614030704774,0.4647472307710302,0.6743630829173771,1.0,0.9999998371229615,0.9999998371229615
gRNA_9875,PTPRD,0.5404758156001968,0.4636669792150957,0.180206368029416,0.3947830542815695,0.4636669792150957,306.612032045261,0.4163287368571776,-0.0778032709426024,0.10010400637905298,0.14620982409787606,0.10010400637905298,12417,32.68100185229927,37.77885157445438,0.0,13.288233872916164,Ptprd,PTPRD,Y1140C,Y1140C,targeting guide,Missense,0.31143959380398817,0.8705373958687893,1.0,0.9999614030704774,0.9999614030704774,0.4071055762477482,0.7581484612207146,1.0,0.9999998371229615,0.9999998371229615
gRNA_9876,PTPRD,0.8102278699826886,0.8869122674316343,0.8067496776797612,0.8346299383646948,0.8102278699826886,227.99846674856587,0.6058889596167802,0.27197645284689953,0.25538879982264906,0.377751404095443,0.27197645284689953,12745,76.82228324833268,92.78932914868577,0.0706159278148293,16.602589250686545,Ptprd,PTPRD,Y1140C,Y1140C,targeting guide,Missense,0.01756856633233479,0.998049945228844,0.6275695707251967,0.9999614030704774,0.6275695707251967,0.12576816085955603,0.9506514090848007,0.6831062544148475,0.9999998371229615,0.6831062544148475
gRNA_9881,PTPRD,0.6630995202080452,1.2394901888607752,0.7354439324355903,0.8793445471681368,0.7354439324355903,67.83846997216837,0.3441164295423354,0.40441651991909294,0.44453130293955634,0.3976880841336616,0.40441651991909294,2580,0.0387596899224806,0.1162790697674418,0.0,61.93798449612403,Ptprd,PTPRD,K1148E,K1148E,targeting guide,Missense,0.018679397872581497,0.9965316387474982,0.6275695707251967,0.9999614030704774,0.6275695707251967,0.11340754130955623,0.9726017600765999,0.6420426941863765,0.9999998371229615,0.6420426941863765
gRNA_10049,PTPRT,-0.23898695879413834,-0.11957131440439983,-0.0770940790694439,-0.14521745075599402,-0.11957131440439983,1693.5389468052033,-0.13479737278613382,0.02734931667938726,0.032427411766748696,-0.02500688144666596,0.02734931667938726,54478,2.213737655567385,71.68031131833034,0.4442160138037372,94.44729982745328,Ptprt,PTPRT,Q894R,Q900R,targeting guide,Missense,0.8740650418261705,0.36159920877497537,1.0,0.9999614030704774,0.9999614030704774,0.7694985068945076,0.5238906103537253,1.0,0.9999998371229615,0.9999998371229615
gRNA_10106,PTPRT,-0.004318646747137202,0.1701299235258809,0.28494471467207216,0.15025199715027196,0.1701299235258809,1115.7643087527692,0.24604849196641518,0.5059919806900618,0.2960762262921546,0.34937223298287723,0.2960762262921546,40548,3.783170563283023,91.23261319917135,0.0024662128834961,95.17362138699814,Ptprt,PTPRT,N470S,N466S,targeting guide,Missense,0.703668706016708,0.5864039801371375,1.0,0.9999614030704774,0.9999614030704774,0.14669767010230028,0.9476577790568735,0.7439170948315701,0.9999998371229615,0.7439170948315701
gRNA_10107,PTPRT,-0.5290925566428449,-0.33928031156383265,-0.4713513905301217,-0.4465747529122664,-0.4713513905301217,1152.8076838033612,-0.3048360939052336,-0.4349846409945142,-0.5962951020370746,-0.4453719456456075,-0.4349846409945142,28642,23.35381607429649,66.20696878709587,0.0349137630053767,61.32602471894421,Ptprt,PTPRT,N470S,N466S,targeting guide,Missense,0.9169120171203765,0.27810887407453827,1.0,0.9999614030704774,0.9999614030704774,0.9316460539003473,0.23476450346731878,1.0,0.9999998371229615,0.9999998371229615
gRNA_10117,PTPRT,0.286066230446574,0.343200711260629,0.3212627398123932,0.31684322717319874,0.3212627398123932,1383.2289530509331,0.37249380558241224,0.23836331949305295,0.2702347631327888,0.293697296069418,0.2702347631327888,54462,4.493041019426389,36.04898828541001,0.2185009731555947,83.79787741911791,Ptprt,PTPRT,F668L,F664L,targeting guide,Missense,0.5682212193655432,0.7338878582069247,1.0,0.9999614030704774,0.9999614030704774,0.25626700996200685,0.9218639732993603,1.0,0.9999998371229615,0.9999998371229615
gRNA_10118,PTPRT,-0.26811863088032406,-0.4626125820774924,-0.38294571219487455,-0.37122564171756367,-0.38294571219487455,1903.5632978887168,-0.8960193214287411,-0.2579952317408234,-0.373380867198686,-0.5091318067894168,-0.373380867198686,44855,0.4637164195741835,2.173670716753985,0.0245234644967116,89.33675175565712,Ptprt,PTPRT,F668L,F664L,targeting guide,Missense,0.9119916773962078,0.28866901797769057,1.0,0.9999614030704774,0.9999614030704774,0.9476121831075185,0.17080299034357005,1.0,0.9999998371229615,0.9999998371229615
gRNA_10150,PTPRT,5.930441079394582e-05,0.10834457691329756,0.054014860792027664,0.05413958070537306,0.054014860792027664,2202.894671962147,-0.13700693175948983,-0.13645217395690848,-0.053568837271225626,-0.10900931432920798,-0.13645217395690848,79377,33.0486160978621,80.7803267949154,0.1914912380160499,55.7680436398453,Ptprt,PTPRT,Y360H,Y356H,targeting guide,Missense,0.7988989641619187,0.48185351346748495,1.0,0.9999614030704774,0.9999614030704774,0.7861874667022866,0.5018246754654088,1.0,0.9999998371229615,0.9999998371229615
gRNA_10274,RAD21,0.0626386506949021,0.021961235917615268,0.27112270579753855,0.11857419747001864,0.0626386506949021,831.2762890010632,-0.2630629364823955,-0.07815609843690155,-0.12489755169959428,-0.15537219553963044,-0.12489755169959428,24686,49.07639957870858,62.06351778335899,0.2876124118933809,16.20351616300737,Rad21,RAD21,L324P,L324P,targeting guide,Missense,0.7411720654994367,0.5464189144723397,1.0,0.9999614030704774,0.9999614030704774,0.8135844184315209,0.45494187795788055,1.0,0.9999998371229615,0.9999998371229615
gRNA_10275,RAD21,-0.16271747053332436,-0.4755104640362979,-0.4363483017401414,-0.35819207876992126,-0.4363483017401414,632.8615159245708,-0.7684761518734828,-0.4449474400575537,-0.26131793135631814,-0.49158050776245155,-0.4449474400575537,16157,60.83431330073652,77.12446617565142,0.0,19.273379959150837,Rad21,RAD21,L324P,L324P,targeting guide,Missense,0.907391027151076,0.2977910246961837,1.0,0.9999614030704774,0.9999614030704774,0.9410369676614757,0.20076597566377763,1.0,0.9999998371229615,0.9999998371229615
gRNA_10306,RAD51C,-0.19801903475022978,0.05451419967242424,-0.21308548232502209,-0.11886343913427588,-0.19801903475022978,1446.2855759855895,0.1486933517824012,0.13121505134239186,0.1509034170460253,0.14360394005693944,0.1486933517824012,49095,0.0957327630104898,0.5825440472553213,0.0,47.26550565230675,Rad51c,RAD51C,L120P,L111P,targeting guide,Missense,0.8636049335008469,0.3736171004686282,1.0,0.9999614030704774,0.9999614030704774,0.5714725180496125,0.7317899464229081,1.0,0.9999998371229615,0.9999998371229615
gRNA_10307,RAD51C,0.12918206945817004,0.07338109434882652,0.25184260051625806,0.15146858810775155,0.12918206945817004,862.7727214881414,0.11941440525248523,0.2157755041773767,0.05327854180416668,0.1294894837446762,0.11941440525248523,30708,0.1595675394034128,9.691285658460336,0.006512960791976,58.8576266770874,Rad51c,RAD51C,L120P,L111P,targeting guide,Missense,0.7079194121982839,0.5914345498510842,1.0,0.9999614030704774,0.9999614030704774,0.5780133677791417,0.7082115092298411,1.0,0.9999998371229615,0.9999998371229615
gRNA_10336,RAF1,-0.16279233333015553,-0.19287286734434234,-0.3296392798002166,-0.22843482682490482,-0.19287286734434234,1450.960199775662,-0.42460396489151403,-0.31493793775690526,-0.35401557332117767,-0.36451915865653234,-0.35401557332117767,37017,0.7672150633492719,1.49931112731988,0.078342383229327,35.11359645568252,Raf1,RAF1,K9E,K9E,targeting guide,Missense,0.897360279874998,0.3191139798179453,1.0,0.9999614030704774,0.9999614030704774,0.9105407891582404,0.28952325683736035,1.0,0.9999998371229615,0.9999998371229615
gRNA_10337,RAF1,0.30770379938775433,0.3429603255080456,0.22730891525425775,0.29265768005001924,0.30770379938775433,1067.1807428516488,0.6710980930196696,0.6080086587370754,0.684294707354441,0.6544671530370619,0.6710980930196696,39284,35.0448019549944,54.009265858873846,0.0,46.32420323795948,Raf1,RAF1,K9E,K9E,targeting guide,Missense,0.5784536460054204,0.7250208678290107,1.0,0.9999614030704774,0.9999614030704774,0.007358980681652782,0.9993000084352452,0.14085443214083146,0.9999998371229615,0.14085443214083146
gRNA_10342,RAF1,0.8230929809656015,1.171881018870693,0.8428869674235981,0.9459536557532976,0.8428869674235981,246.16948549111098,0.7526997040372657,0.4332638800552977,0.8296414713329959,0.6718683518085197,0.7526997040372657,14904,79.07944176060117,95.30998389694042,0.5636070853462157,16.27750939345142,Raf1,RAF1,R391G,R391G,targeting guide,Missense,0.010008260149746278,0.9988138681220258,0.5971932097534918,0.9999614030704774,0.5971932097534918,0.002660473787291453,0.9987433137162235,0.08626384704248045,0.9999998371229615,0.08626384704248045
gRNA_10343,RAF1,0.09102506724033094,0.2262308792274163,0.19164837047122577,0.16963477231299098,0.19164837047122577,723.8740497940984,0.38682147541907774,0.27597671918306615,0.35362492312908106,0.3388077059104084,0.35362492312908106,26801,32.058505279653744,64.45281892466699,0.7014663631954031,51.662251408529535,Raf1,RAF1,S259P,S259P,targeting guide,Missense,0.6884033233703479,0.613288693433482,1.0,0.9999614030704774,0.9999614030704774,0.2061526089598912,0.9433190481412672,0.9135761494433415,0.9999998371229615,0.9135761494433415
gRNA_10363,RARA,-0.5331283833316816,-0.14976495022376196,-0.4654933123684339,-0.38279554864129245,-0.4654933123684339,499.45127631891864,-0.5914704490880326,-0.9572214364742775,-1.1142943994849563,-0.8876620950157554,-0.9572214364742775,14280,66.3795518207283,90.91036414565826,0.0,29.754901960784316,Rara,RARA,T253A,T253A,targeting guide,Missense,0.9099042095250145,0.2922585852886449,1.0,0.9999614030704774,0.9999614030704774,0.9895796170342961,0.05068220039531686,1.0,0.8216659761058945,0.8216659761058945
gRNA_10378,RARA,0.026295393524721634,-0.15028423974076419,-0.04443857152542334,-0.056142472580488635,-0.04443857152542334,1736.534088140514,-0.04411413234400778,0.02119375868027839,-0.14918598568402036,-0.05736878644924992,-0.04411413234400778,58039,18.534089146952912,32.08704491807233,0.0,38.5999069591137,Rara,RARA,I61T,I61T,targeting guide,Missense,0.8449682361268334,0.40843397038600743,1.0,0.9999614030704774,0.9999614030704774,0.7806509827530027,0.5082242284171461,1.0,0.9999998371229615,0.9999998371229615
gRNA_10379,RARA,-0.6857959788650502,-1.1568110959590674,-0.7378415182427258,-0.8601495310222811,-0.7378415182427258,846.4506836001009,-1.1445269978948263,-0.7577537305850135,-0.5716747814244845,-0.8246518366347747,-0.7577537305850135,15286,66.99594400104671,92.71882768546382,0.0,29.190108596101005,Rara,RARA,I61T,I61T,targeting guide,Missense,0.9731670573723215,0.07964410301302347,1.0,0.9999614030704774,0.9999614030704774,0.9873206927662539,0.05063107048217975,1.0,0.8216659761058945,0.8216659761058945
gRNA_10380,RARA,-0.10037561700552687,0.021088537054969166,-0.07731519055480283,-0.052200756835120175,-0.07731519055480283,977.3653515437262,0.16142293902052846,-0.03823751087441806,0.07488128789647064,0.06602223868086034,0.07488128789647064,32188,45.00745619485523,61.954765751211625,0.0031067478563439,31.98086243320492,Rara,RARA,I61T,I61T,targeting guide,Missense,0.8431546675220079,0.4164250675960263,1.0,0.9999614030704774,0.9999614030704774,0.6624876239717514,0.6372076114457847,1.0,0.9999998371229615,0.9999998371229615
gRNA_10397,RASA1,0.35587967482829114,0.2430649965838886,0.4611131350815423,0.35335260216457404,0.35587967482829114,858.6610463398179,-0.4293114388065516,-0.07080373829565702,0.19646627104352737,-0.10121630201956043,-0.07080373829565702,34686,22.82765380845298,39.01862422879548,0.0,41.371158392434985,Rasa1,RASA1,R179G,R188G,targeting guide,Missense,0.4347442398914907,0.8095719096484787,1.0,0.9999614030704774,0.9999614030704774,0.7155803025013276,0.5068377344001733,1.0,0.9999998371229615,0.9999998371229615
gRNA_10406,RASA1,0.6010001122849458,0.876177383501081,0.5963742611365594,0.6911839189741954,0.6010001122849458,437.5071249520859,0.32459316802731253,0.24176474832625067,0.2181092904632012,0.2614890689389215,0.24176474832625067,21372,16.74153097510762,19.9606962380685,0.1310125397716638,28.32678270634475,Rasa1,RASA1,N948D,N957D,targeting guide,Missense,0.052357116440212605,0.9899358130573076,0.8003159227289642,0.9999614030704774,0.8003159227289642,0.333623803957354,0.888074649945183,1.0,0.9999998371229615,0.9999998371229615
gRNA_10436,RB1,0.48982865351607136,0.6773178055159446,0.6243367208242023,0.5971610599520728,0.6243367208242023,361.63515195689763,0.0510174925096393,-0.08542889831609922,0.022837411042556897,-0.0038579982546343406,0.022837411042556897,17841,13.805279973095676,19.60652429796536,0.0,26.809035367972644,Rb1,RB1,Non-coding,,targeting guide,Intron,0.1008471580283174,0.9788267065536749,1.0,0.9999614030704774,0.9999614030704774,0.751736213156885,0.5469170849153115,1.0,0.9999998371229615,0.9999998371229615
gRNA_10437,RB1,0.2859368561157212,0.2963227923127696,0.14027219579946765,0.24084394807598616,0.2859368561157212,1016.3018903725225,0.39776326848992627,0.1207729489790748,0.19019564932941038,0.23624395559947045,0.19019564932941038,41245,4.795732816098921,84.76178930779488,0.0,86.21651109225361,Rb1,RB1,Non-coding,,targeting guide,Intron,0.6192744142887414,0.6883937740446391,1.0,0.9999614030704774,0.9999614030704774,0.33867695354791943,0.8523480384627101,1.0,0.9999998371229615,0.9999998371229615
gRNA_10447,RB1,0.3118187754820046,0.30265556046563,0.4466412432841185,0.353705193077251,0.3118187754820046,1344.1453232643362,0.43056189062042344,0.18604289069340388,0.017061859225856728,0.211222213513228,0.18604289069340388,54318,1.0677860009573257,1.2610920873375309,0.0699583931661696,10.469825840421224,Rb1,RB1,D694G,D701G,targeting guide,Missense,0.45449193551671785,0.8040692662888689,1.0,0.9999614030704774,0.9999614030704774,0.34381750106743547,0.80997477952726,1.0,0.9999998371229615,0.9999998371229615
gRNA_10448,RB1,0.7616093028511289,0.45546855431830235,0.5779832049644198,0.5983536873779504,0.5779832049644198,790.7262261229625,0.18085482564668567,0.41948526775730083,0.44935644458146307,0.3498988459951498,0.41948526775730083,34182,7.679480428295594,39.31308876016617,0.3627640278509156,69.5131940787549,Rb1,RB1,D694G,D701G,targeting guide,Missense,0.10850314195073599,0.9713109077233317,1.0,0.9999614030704774,0.9999614030704774,0.1313651406427243,0.9526092547517543,0.6971438494335099,0.9999998371229615,0.6971438494335099
gRNA_10456,RB1,0.1254447767015694,-0.05865844275163743,0.038558954096465356,0.03511509601546577,0.038558954096465356,763.7525766498013,0.13626079636906716,-0.13371045470264387,-0.2747387762915803,-0.09072947820838566,-0.13371045470264387,25645,0.5264184051472022,25.96607525833496,0.4094365373367128,81.89900565412361,Rb1,RB1,D597G,D604G,targeting guide,Missense,0.7991232980105226,0.4798629223417191,1.0,0.9999614030704774,0.9999614030704774,0.7623729996015219,0.5052084307871307,1.0,0.9999998371229615,0.9999998371229615
gRNA_10466,RB1,0.4378972242062693,0.14259475690910978,0.32689730262786754,0.30246309458108217,0.32689730262786754,1027.3266090137106,-0.06569381463192356,0.20747606136161037,0.5340293606776626,0.22527053580244982,0.20747606136161037,35569,78.68649666844725,83.64305996794961,0.0506058646574264,6.024909331159155,Rb1,RB1,Non-coding,,targeting guide,Intron,0.4805258938499204,0.777820748543767,1.0,0.9999614030704774,0.9999614030704774,0.24090174665925784,0.8341919329636467,0.9726976185864373,0.9999998371229615,0.9726976185864373
gRNA_10467,RB1,0.1985492358450631,0.14782729449446316,0.22613092989124223,0.19083582007692282,0.1985492358450631,555.0768041143776,0.32486878216990694,-0.19230288802862094,-0.18266934408627977,-0.016701149981664592,-0.18266934408627977,20870,19.808337326305704,23.368471490177285,0.4456157163392429,15.313847628174411,Rb1,RB1,Non-coding,,targeting guide,Intron,0.648446473535035,0.6616400645674672,1.0,0.9999614030704774,0.9999614030704774,0.6400352014666619,0.5700987747452944,1.0,0.9999998371229615,0.9999998371229615
gRNA_10468,RB1,0.5561826186383543,0.4320894368450433,0.09915538912521141,0.36247581486953634,0.4320894368450433,302.0214588892496,0.022156828228073577,-0.3070846253791438,-0.13476937396227875,-0.13989905703778302,-0.13476937396227875,13247,19.75541632067638,21.582245036612065,4.265116630180418,7.722503208273572,Rb1,RB1,Non-coding,,targeting guide,Intron,0.3693319277626113,0.8110684074333204,1.0,0.9999614030704774,0.9999614030704774,0.8145637081391173,0.45324509504976274,1.0,0.9999998371229615,0.9999998371229615
gRNA_10504,RBM10,-0.5449577607139937,-0.3167566201680079,-0.48343716453515184,-0.4483838484723845,-0.48343716453515184,1413.0210541652211,-0.618541639565606,-0.6969991336420542,-0.8249232298495854,-0.7134880010190819,-0.6969991336420542,35849,37.437585427766464,93.50888448771236,0.0027894780886496,57.67245948283076,Rbm10,RBM10,M655V,M655V,targeting guide,Missense,0.9144509731346522,0.2832679244653629,1.0,0.9999614030704774,0.9999614030704774,0.9766229486725535,0.11348887922465418,1.0,0.9999998371229615,0.9999998371229615
gRNA_10546,RBM10,-0.33653732291565636,0.006721397645272843,0.08020562929965111,-0.08320343199024413,0.006721397645272843,1231.2040624218946,-0.2570139621776774,-0.6923155579060207,-0.7308432063926549,-0.5600575754921177,-0.6923155579060207,36677,72.97488889494778,94.30433241541022,0.1417782261362707,22.80175586880061,Rbm10,RBM10,H777R,H777R,targeting guide,Missense,0.8499686244868798,0.3963034995943958,1.0,0.9999614030704774,0.9999614030704774,0.9532982430120921,0.17070479238549016,1.0,0.9999998371229615,0.9999998371229615
gRNA_10547,RBM10,1.2314510135982935,1.2820962778094247,1.4936418375012306,1.3357297096363163,1.2820962778094247,244.95808424160796,0.8173760045898147,0.8496010880151585,1.0621177751564523,0.9096982892538085,0.8496010880151585,18527,12.225400766448969,98.09467263993092,0.0269876396610352,86.20391860527879,Rbm10,RBM10,H777R,H777R,targeting guide,Missense,1.7404718776159704e-05,0.9999443109305214,0.00931152454524544,0.9999614030704774,0.00931152454524544,1.8903053140666233e-06,0.9999987066624314,0.0003371044476752145,0.9999998371229615,0.0003371044476752145
gRNA_10548,RBM10,0.9834932956544615,1.1195668756381227,1.2306865377844156,1.1112489030256667,1.1195668756381227,303.806681783254,1.2631562785391057,0.8038372343415439,1.0401571236894704,1.0357168788567066,1.0401571236894704,19238,49.64653290362824,98.98638112069862,2.609418858509201,46.20022871400353,Rbm10,RBM10,H777R,H777R,targeting guide,Missense,0.005135077055629153,0.9995407498896607,0.4974147457164885,0.9999614030704774,0.4974147457164885,2.8904124284939063e-08,0.9999998371229615,1.0309137661628266e-05,0.9999998371229615,1.0309137661628266e-05
gRNA_10571,RECQL,-0.004983479266699442,0.1287358057594706,0.23278197957993704,0.11884476869090273,0.1287358057594706,1187.7498013952393,0.008638405789605966,0.227328761248728,0.16182646538556844,0.13259787747463414,0.16182646538556844,42106,3.9139315061986415,4.619294162352159,0.7552367833562913,28.924618819170668,Recql,RECQL,E205G,E205G,targeting guide,Missense,0.7280153626530435,0.5605328438398218,1.0,0.9999614030704774,0.9999614030704774,0.5601332958922645,0.7153958644782155,1.0,0.9999998371229615,0.9999998371229615
gRNA_10572,RECQL,0.6089864718912321,0.481048091970154,0.35811663201942373,0.4827170652936033,0.481048091970154,395.0277173943346,0.29762996133571146,0.09306791263790479,-0.1094920260856098,0.09373528262933546,0.09306791263790479,16973,0.9544570788900018,1.9737229717787077,0.0,57.685736169209925,Recql,RECQL,E205G,E205G,targeting guide,Missense,0.23016812424078592,0.9146009236020335,1.0,0.9999614030704774,0.9999614030704774,0.560520515404423,0.6985396956476351,1.0,0.9999998371229615,0.9999998371229615
gRNA_10573,RECQL,-0.09740216515987314,-0.19018332289160256,0.028786982402604838,-0.08626616854962361,-0.09740216515987314,2076.289440044877,-0.060930826085924844,0.4124153591066558,0.1589344905103241,0.1701396745103517,0.1589344905103241,64939,36.31869908683534,77.57587890173856,0.2771832026979165,54.47881858359384,Recql,RECQL,E205G,E205G,targeting guide,Missense,0.8479594867548748,0.40240513036081227,1.0,0.9999614030704774,0.9999614030704774,0.3964970156774832,0.777931598718851,1.0,0.9999998371229615,0.9999998371229615
gRNA_10574,RECQL,-0.12292206775545417,-0.060089348533363486,-0.24330661678644921,-0.14210601102508894,-0.12292206775545417,847.8126324991327,-0.47433961976885125,0.0788738746966979,0.03615194141234538,-0.11977126788660265,0.03615194141234538,24503,68.45284250908053,89.18907888829939,0.5876831408398971,24.201118230420764,Recql,RECQL,L500P,L500P,targeting guide,Missense,0.8740650418261705,0.36159920877497537,1.0,0.9999614030704774,0.9999614030704774,0.8038035398121313,0.4341583344481279,1.0,0.9999998371229615,0.9999998371229615
gRNA_10595,RET,0.17773977147500739,0.02729083166443429,0.10988751670940257,0.10497270661628143,0.10988751670940257,943.5695814839515,0.05936750712870593,0.12827191855453624,0.23137784569955785,0.13967242379426667,0.12827191855453624,33253,9.148046792770575,91.871410098337,0.5262683066189516,86.58166180494993,Ret,RET,K809E,K808E,targeting guide,Missense,0.7317367255780789,0.5666181928113645,1.0,0.9999614030704774,0.9999614030704774,0.5503563454248195,0.7254522442829701,1.0,0.9999998371229615,0.9999998371229615
gRNA_10596,RET,0.7207566851540146,0.7723561141789514,0.8823783165310751,0.7918303719546804,0.7723561141789514,360.997572351896,0.9984556638227398,0.7891712883459022,0.82028918984305,0.8693053806705641,0.82028918984305,19681,11.828667242518163,88.99446166353336,0.0,85.24973324526192,Ret,RET,K809E,K808E,targeting guide,Missense,0.023905477108927323,0.9969902857975259,0.6472210215200873,0.9999614030704774,0.6472210215200873,0.00011022105140035869,0.9999956673926786,0.006937442646963753,0.9999998371229615,0.006937442646963753
gRNA_10597,RET,0.1799382676909457,0.3708502615417161,0.36076808743364575,0.30385220555543585,0.36076808743364575,644.8775595111211,0.04905029324057263,0.3280268904872843,0.13606119103498537,0.17104612492094742,0.13606119103498537,26626,22.380380079621425,73.17283857883272,0.0,68.50071358822204,Ret,RET,K809E,K808E,targeting guide,Missense,0.5704954776798192,0.7295119041876205,1.0,0.9999614030704774,0.9999614030704774,0.5165341527870186,0.7376217053088652,1.0,0.9999998371229615,0.9999998371229615
gRNA_10598,RET,-0.28147050017941005,-0.10657623955128623,0.06296640000655143,-0.10836011324138162,-0.10657623955128623,1299.1959611117247,0.2928530141933552,0.3615965979549255,0.2872942317081989,0.3139146146188265,0.2928530141933552,38952,0.8138221400698296,86.00071883343603,0.0,97.1785787636065,Ret,RET,K809E,K808E,targeting guide,Missense,0.8536108354487452,0.3917962207047496,1.0,0.9999614030704774,0.9999614030704774,0.26676710021389793,0.920172495682059,1.0,0.9999998371229615,0.9999998371229615
gRNA_10617,RHEB,-0.04224503781397787,-0.12331584559508997,-0.006592354495470062,-0.057384412634845956,-0.04224503781397787,1489.7478246809053,0.18788836044127183,0.27842926249903666,0.2743878517747977,0.2469018249050354,0.2743878517747977,49083,60.06967789254936,78.84603630584928,0.1691013181753356,26.18421856854716,Rheb,RHEB,Y35C,Y35C,targeting guide,Missense,0.852649894957044,0.4010997905500269,1.0,0.9999614030704774,0.9999614030704774,0.34886131549789745,0.8795304987593431,1.0,0.9999998371229615,0.9999998371229615
gRNA_10618,RHEB,-0.14878503436427198,-0.016620193637463265,-0.28755228159809915,-0.15098583653327813,-0.14878503436427198,1178.5658998454253,0.5570338349163309,0.3072965294418702,0.6480157784260767,0.5041153809280926,0.5570338349163309,37384,65.04654397603252,87.56687352878237,0.3236678793066552,26.270597046864967,Rheb,RHEB,Y35C,Y35C,targeting guide,Missense,0.8798200498236565,0.35034817994862066,1.0,0.9999614030704774,0.9999614030704774,0.04450709366405135,0.9846180907311805,0.3607771986404163,0.9999998371229615,0.3607771986404163
gRNA_10622,RHOA,0.483213593570022,0.3115631996027439,0.1937206566565254,0.3294991499430971,0.3115631996027439,709.498584445761,0.3809444820330164,0.1298555384592917,0.013078467702626185,0.17462616273164477,0.1298555384592917,29024,2.5461686879823597,4.365352811466373,0.0,46.875,Rhoa,RHOA,L57S,L57S,targeting guide,Missense,0.4569956831505845,0.7883537808193742,1.0,0.9999614030704774,0.9999614030704774,0.43947106735662367,0.7569920057596443,1.0,0.9999998371229615,0.9999998371229615
gRNA_10623,RHOA,-0.7292896277542618,-0.5879483952808178,-0.8801974417970859,-0.7324784882773884,-0.7292896277542618,1523.1415454977628,-0.5380922193625746,-0.35600946112728654,-0.6481036302180962,-0.5140684369026525,-0.5380922193625746,28123,22.91718522206024,76.16186039896171,0.8960637200867616,64.91839419692067,Rhoa,RHOA,L57S,L57S,targeting guide,Missense,0.9481142250744482,0.19419328607523975,1.0,0.9999614030704774,0.9999614030704774,0.9499287557719933,0.19063650400430332,1.0,0.9999998371229615,0.9999998371229615
gRNA_10632,RHOA,0.34871810299899886,0.373758560664488,0.5056210593219707,0.4093659076618192,0.373758560664488,423.2454068496916,0.3839753706126415,0.23275082997353042,0.36704875973935014,0.327924986775174,0.36704875973935014,17280,17.98611111111111,25.93171296296296,0.7349537037037037,33.07291666666667,Rhoa,RHOA,D59G,D59G,targeting guide,Missense,0.37421620928499566,0.8452026450717713,1.0,0.9999614030704774,0.9999614030704774,0.2017325794601109,0.942792130400762,0.9069489916904145,0.9999998371229615,0.9069489916904145
gRNA_10633,RHOA,0.6344917554334777,0.7888180300002713,0.5850697284788658,0.6694598379708716,0.6344917554334777,290.07621265862207,0.6813457186627079,0.4816627351322354,0.4583394133266867,0.5404492890405433,0.4816627351322354,13351,1.2208823309115422,59.958055576361325,2.19459216538087,93.31136244476068,Rhoa,RHOA,D59G,D59G,targeting guide,Missense,0.06274847691823728,0.9880024512994965,0.8877249947067147,0.9999614030704774,0.8877249947067147,0.021417656279322114,0.9967788534297103,0.2418888156987308,0.9999998371229615,0.2418888156987308
gRNA_10634,RHOA,0.6023120256081342,0.7324408247832799,0.3405080411975863,0.5584202971963335,0.6023120256081342,481.56387565769523,0.9772879923834078,0.7037663913852299,0.3787511461158069,0.6866018432948149,0.7037663913852299,24812,63.36450104788006,78.13557955827825,0.0,19.147992906658068,Rhoa,RHOA,Y34C,Y34C,targeting guide,Missense,0.12410754234822366,0.9455832691866457,1.0,0.9999614030704774,0.9999614030704774,0.0049495059153042845,0.9969881273978884,0.11782526626146715,0.9999998371229615,0.11782526626146715
gRNA_10635,RHOA,0.39921171700713004,0.5687574564619355,0.15660426110826609,0.37485781152577724,0.39921171700713004,787.1557803349538,0.24086538977377164,-0.13491444264058358,-0.08743790655599785,0.006171013525730069,-0.08743790655599785,33189,50.68546807677242,87.00774352948267,0.0030130464913073,39.29012624664799,Rhoa,RHOA,Y42C,Y42C,targeting guide,Missense,0.3881902471537193,0.827643407905884,1.0,0.9999614030704774,0.9999614030704774,0.6222016298083293,0.635930980659984,1.0,0.9999998371229615,0.9999998371229615
gRNA_10636,RHOA,0.4601979173053256,0.17827239184012408,0.39909900101400164,0.34585643671981714,0.39909900101400164,1110.416974240411,-0.13939018069532946,0.22741111704810515,0.163635389273451,0.0838854418754089,0.163635389273451,42176,18.133535660091045,48.55605083459788,0.0853566009104704,55.93228376327769,Rhoa,RHOA,Y42C,Y42C,targeting guide,Missense,0.4223828540497465,0.8154073987679746,1.0,0.9999614030704774,0.9999614030704774,0.5726107775446818,0.696871688569163,1.0,0.9999998371229615,0.9999998371229615
gRNA_10637,RHOA,0.280097295704673,0.3422998562125219,0.3202682779418526,0.31422180995301585,0.3202682779418526,1242.3555045821518,0.3271643335767068,0.06784478751369045,0.10643659428480014,0.16714857179173248,0.10643659428480014,50114,59.16709901424751,86.05579279243325,0.0399090074629844,31.15297122560562,Rhoa,RHOA,Y42C,Y42C,targeting guide,Missense,0.5682212193655432,0.7338878582069247,1.0,0.9999614030704774,0.9999614030704774,0.5096892548430172,0.7492665489441357,1.0,0.9999998371229615,0.9999998371229615
gRNA_10656,RICTOR,0.20987396075973794,0.2523970102234814,0.5235631218822434,0.3286113642884876,0.2523970102234814,386.1819667494585,-0.2009681281146712,0.21212579498360237,0.01903931972476981,0.010065662197900322,0.01903931972476981,14181,70.24892461744588,84.83886890910372,0.0705168887948663,23.31993512446231,Rictor,RICTOR,C1554R,C1555R,targeting guide,Missense,0.4302346595584955,0.7927287214648717,1.0,0.9999614030704774,0.9999614030704774,0.6709972077880642,0.5886006614698605,1.0,0.9999998371229615,0.9999998371229615
gRNA_10657,RICTOR,-0.7983009974894142,-0.5430205772209138,-0.5941026797774338,-0.6451414181625873,-0.5941026797774338,394.60347774693355,-0.4389623060923351,-0.9951365265571568,-0.8179433954109232,-0.7506807426868051,-0.8179433954109232,6133,61.37290070112507,89.40159791293006,1.059840208706995,29.26789499429317,Rictor,RICTOR,C1554R,C1555R,targeting guide,Missense,0.9309651155475204,0.24367155028186868,1.0,0.9999614030704774,0.9999614030704774,0.9787468856690806,0.08889660514444357,1.0,0.9999998371229615,0.9999998371229615
gRNA_10664,RICTOR,-0.15795060315086404,-0.042013835120228805,-0.21961887988123469,-0.13986110605077584,-0.15795060315086404,973.3875681298571,-0.3971981559374923,-0.13243275609769062,-0.4696665193354897,-0.3330991437902242,-0.3971981559374923,30297,44.60177575337492,89.03851866521437,0.91098128527577,50.031356239891736,Rictor,RICTOR,M1365T,M1366T,targeting guide,Missense,0.8808004871669556,0.3498331762656611,1.0,0.9999614030704774,0.9999614030704774,0.8962473461536301,0.30307358991447125,1.0,0.9999998371229615,0.9999998371229615
gRNA_10665,RICTOR,-0.42797383899902325,-0.5283020862678733,-0.42124467770891877,-0.4591735343252718,-0.42797383899902325,1291.4460923528502,-0.1138604997369384,-0.03935238829497633,0.10470816602565852,-0.01616824066875207,-0.03935238829497633,28960,73.03522099447514,92.35842541436465,0.9426795580110496,21.14986187845304,Rictor,RICTOR,M1365T,M1366T,targeting guide,Missense,0.9144829929956938,0.28343357087665433,1.0,0.9999614030704774,0.9999614030704774,0.7256263437143395,0.5715683881647784,1.0,0.9999998371229615,0.9999998371229615
gRNA_10679,RIT1,-0.5473749181643501,-0.4479029101099834,-0.46611138124448276,-0.4871297365062721,-0.46611138124448276,943.7453313233424,-0.5671567132194186,-0.21080556655054208,-0.37617860704996736,-0.384713628939976,-0.37617860704996736,21453,2.638325642101338,77.18267841327553,0.4521512142823847,79.67650212091549,Rit1,RIT1,M90V,M90V,targeting guide,Missense,0.9169120171203765,0.27810887407453827,1.0,0.9999614030704774,0.9999614030704774,0.9242889281105461,0.24693335447181092,1.0,0.9999998371229615,0.9999998371229615
gRNA_10680,RIT1,-0.3610520359563893,-0.42108944951856,-0.46390331688636516,-0.41534826745377146,-0.42108944951856,2251.8674069050894,-0.24616407174301233,0.024967958655509125,-0.2016055765713969,-0.1409338965529667,-0.2016055765713969,60151,2.6682848165450284,73.9339329354458,0.4438828947149673,79.14082891390002,Rit1,RIT1,M90V,M90V,targeting guide,Missense,0.9144829929956938,0.28343357087665433,1.0,0.9999614030704774,0.9999614030704774,0.8352619255178687,0.42145905457587235,1.0,0.9999998371229615,0.9999998371229615
gRNA_10681,RIT1,0.17288290828857075,0.12155614209893145,0.3787243621003263,0.2243878041626095,0.17288290828857075,1307.2641706345196,0.24265522774370632,0.31407557343451703,0.11794133709069331,0.22489071275630557,0.24265522774370632,49517,0.3453359452309308,14.948401559060526,0.0,93.01048124886402,Rit1,RIT1,F82L,F82L,targeting guide,Missense,0.628290537694226,0.6669558590802385,1.0,0.9999614030704774,0.9999614030704774,0.40177148214844643,0.8383917789149863,1.0,0.9999998371229615,0.9999998371229615
gRNA_10684,RIT1,-0.2438531578114796,-0.17768294486622815,0.0365953890598374,-0.1283135712059568,-0.17768294486622815,372.48241041816215,-0.24839530365159823,-0.24100971244774566,-0.09191833198397123,-0.19377444936110502,-0.24100971244774566,7824,53.97494887525562,93.02147239263805,0.2684049079754601,39.19989775051125,Rit1,RIT1,V121A,V121A,targeting guide,Missense,0.8632440607922395,0.3741381912371778,1.0,0.9999614030704774,0.9999614030704774,0.8487043624194215,0.39913775320325556,1.0,0.9999998371229615,0.9999998371229615
gRNA_10690,RNF43,0.5096603282988974,0.4801686096814808,0.7714460383761261,0.5870916587855014,0.5096603282988974,437.12457718908496,1.0313382763424288,0.5816443200297127,0.6364423279542721,0.7498083081088046,0.6364423279542721,18491,53.842409820994,83.70017846519929,0.3893786166243037,38.44032231896598,Rnf43,RNF43,Non-coding,,targeting guide,Intron,0.1032031785100102,0.9723427375224246,1.0,0.9999614030704774,0.9999614030704774,6.154315050142555e-05,0.9995149511915378,0.004390078069101689,0.9999998371229615,0.004390078069101689
gRNA_10770,ROS1,0.5202808524472775,0.4913816927103384,0.10259633833564556,0.3714196278310871,0.4913816927103384,429.08810051425115,0.7351872278794418,0.33319767814491613,0.5762221416037769,0.5482023492093783,0.5762221416037769,17285,0.5264680358692508,0.5496094879953718,0.0,6.300260341336419,Ros1,ROS1,K308E,K298E,targeting guide,Missense,0.31325455887191844,0.8358494352173742,1.0,0.9999614030704774,0.9999614030704774,0.028846351291574583,0.9902714866283406,0.28385719586414865,0.9999998371229615,0.28385719586414865
gRNA_10909,RTEL1,-0.30544691908936333,-0.04075024134610658,-0.12551313331610478,-0.15723676458385824,-0.12551313331610478,1019.6810622790308,-0.05317222741679876,-0.43404158684428507,-0.2349216818428604,-0.24071183203464808,-0.2349216818428604,27270,29.123579024569125,82.92262559589292,2.236890355702237,58.005133846718,Rtel1,RTEL1,T44A,T44A,targeting guide,Missense,0.877396639074558,0.35573375236327814,1.0,0.9999614030704774,0.9999614030704774,0.8680599507830536,0.3569811862575675,1.0,0.9999998371229615,0.9999998371229615
gRNA_10910,RTEL1,0.010775418460004274,0.10543108194052447,0.16847866364243363,0.09489505468098747,0.10543108194052447,757.6314045944426,0.17602738534934115,0.30771690214481023,0.40003062830828734,0.2945916386008129,0.30771690214481023,27966,0.8438818565400843,51.516126725309306,0.0071515411571193,87.32031752842737,Rtel1,RTEL1,T44A,T44A,targeting guide,Missense,0.7558964446035721,0.531894609694777,1.0,0.9999614030704774,0.9999614030704774,0.27677948189234813,0.8993015516847653,1.0,0.9999998371229615,0.9999998371229615
gRNA_10929,RUNX1,0.7703259838250684,1.1320751996734213,1.2262577180176484,1.0428863005053792,1.1320751996734213,230.6045511944528,0.3688622833263221,0.397735496832398,0.045211920415032754,0.27060323352458426,0.3688622833263221,12728,48.64864864864865,76.63419233186674,1.7834695160276557,29.368321810182277,Runx1,RUNX1,W93R,W79R,targeting guide,Missense,0.005578483129530712,0.9993552996826592,0.4974147457164885,0.9999614030704774,0.4974147457164885,0.27469028545984525,0.8593160758077969,1.0,0.9999998371229615,0.9999998371229615
gRNA_10930,RUNX1,-0.7766693535554678,-1.0046203379290424,-1.2584037199542597,-1.0132311371462566,-1.0046203379290424,916.4182440502814,-1.3525362777593364,-1.8240026451583549,-1.9006580710553758,-1.6923989979910223,-1.8240026451583549,15114,44.74659256318645,76.4919941775837,0.0,38.63967182744476,Runx1,RUNX1,W93R,W79R,targeting guide,Missense,0.9884797617771878,0.03658920235431475,1.0,0.9999614030704774,0.9999614030704774,0.9999999348265343,2.19275903050791e-08,1.0,1.95521013553622e-06,1.95521013553622e-06
gRNA_10932,RUNX1,0.3397668641379646,0.6920426662614572,0.32751942314925786,0.4531096511828932,0.3397668641379646,735.4480743693254,0.754454824458711,0.7120731230823868,0.55232562656561,0.6729511913689027,0.7120731230823868,31143,0.2279806055935523,41.74613877917992,0.0,97.23533378287256,Runx1,RUNX1,N96D,N82D,targeting guide,Missense,0.2713225724054982,0.8629084429167209,1.0,0.9999614030704774,0.9999614030704774,0.005486392984535086,0.9993875719737612,0.12303558114340546,0.9999998371229615,0.12303558114340546
gRNA_10955,RUNX1,-0.31266315109506765,0.5920910701331674,0.4997339659958526,0.25972062834465076,0.4997339659958526,109.82700031919461,-1.2296803648942973,-0.4242539476048884,-0.4737314641609651,-0.7092219255533836,-0.4737314641609651,1574,33.92630241423126,61.88055908513341,4.5743329097839895,30.62261753494282,Runx1,RUNX1,D185G,D171G,targeting guide,Missense,0.3106481050120594,0.7702765427376543,1.0,0.9999614030704774,0.9999614030704774,0.976220434036148,0.031806214805268816,1.0,0.6077258900292434,0.6077258900292434
gRNA_10969,RUNX1,-0.38998422200598204,-0.23104997861929594,-0.3585851726508821,-0.3265397910920534,-0.3585851726508821,1701.0797747505653,-0.13171607884883074,-0.6553583345275353,-0.5320311140450276,-0.4397018424737979,-0.5320311140450276,44710,85.16662938939834,93.01051218966674,0.0492059941847461,10.076045627376423,Runx1,RUNX1,R149G,R135G,targeting guide,Missense,0.9073437663842359,0.2985277038094205,1.0,0.9999614030704774,0.9999614030704774,0.9222224486201729,0.23226233566611829,1.0,0.9999998371229615,0.9999998371229615
gRNA_10970,RUNX1,0.03817059929342299,0.2910395550589591,0.5544750031552981,0.29456171916922674,0.2910395550589591,511.3299864461493,0.2968625002556502,0.12567893336197677,0.3048249724950508,0.24245546870422593,0.2968625002556502,18354,20.284406668846028,24.37070938215103,0.1089680723548,25.33507682249101,Runx1,RUNX1,R149G,R135G,targeting guide,Missense,0.4731009072785547,0.7361469366478486,1.0,0.9999614030704774,0.9999614030704774,0.39001354529419,0.8465175894660723,1.0,0.9999998371229615,0.9999998371229615
gRNA_10971,RUNX1,-0.5018528885659512,-0.34602084262618377,-0.498124822164193,-0.4486661844521093,-0.498124822164193,643.827885130598,0.1920027586198866,-0.043389477654242815,-0.05755964625859114,0.030351211569017555,-0.043389477654242815,13210,84.41332323996971,97.31264193792582,0.1741105223315669,13.36109008327025,Runx1,RUNX1,R149G,R135G,targeting guide,Missense,0.9169120171203765,0.27810887407453827,1.0,0.9999614030704774,0.9999614030704774,0.6490968881574075,0.6300811723196558,1.0,0.9999998371229615,0.9999998371229615
gRNA_11017,SDHA,-0.131174824910689,-0.27337527080931906,0.01906725738110877,-0.12849427944629976,-0.131174824910689,1298.6221394672232,0.0693024214743051,0.06034297570392476,0.050991771542741586,0.060212389573657155,0.06034297570392476,38136,34.31403398363751,82.15334591986574,0.0052443885043003,50.81288021816657,Sdha,SDHA,H548R,H548R,targeting guide,Missense,0.871071561851828,0.364761331859458,1.0,0.9999614030704774,0.9999614030704774,0.7167159987398719,0.588788225641472,1.0,0.9999998371229615,0.9999998371229615
gRNA_11018,SDHA,0.21130743528839324,0.06444222050252515,0.3527464583258201,0.2094987047055795,0.21130743528839324,1232.9010210114986,-0.03915656812036316,-0.3203278010639569,0.13299443950150483,-0.07549664322760509,-0.03915656812036316,46868,1.627976444482376,2.368353674148673,0.8001194845096867,12.720832977724674,Sdha,SDHA,H548R,H548R,targeting guide,Missense,0.6575597092410708,0.6398364408692834,1.0,0.9999614030704774,0.9999614030704774,0.7640516658296329,0.4945971321944652,1.0,0.9999998371229615,0.9999998371229615
gRNA_11069,SETBP1,0.7540429652855063,0.7767313123878635,0.7791083216937531,0.7699608664557077,0.7767313123878635,226.4833660482707,0.37917409058904167,0.23846037553642258,0.18367415479575339,0.2671028736404059,0.23846037553642258,10711,31.490990570441603,73.74661562879284,0.5414993931472318,51.8999159742321,Setbp1,SETBP1,I862T,I871T,targeting guide,Missense,0.026143068620023923,0.9967631762327261,0.6822703274006243,0.9999614030704774,0.6822703274006243,0.2885387904917541,0.8994560667125775,1.0,0.9999998371229615,0.9999998371229615
gRNA_11070,SETBP1,0.5473623208143211,1.028948457427648,0.8377550717015723,0.8046886166478471,0.8377550717015723,139.39302700321718,0.8628339934828066,0.37079684790995826,0.4535148004250659,0.5623818806059436,0.4535148004250659,7399,43.343695093931615,93.85052034058656,0.0675766995539937,52.642248952561154,Setbp1,SETBP1,I862T,I871T,targeting guide,Missense,0.034507232275635034,0.9921356476018774,0.7288141578134111,0.9999614030704774,0.7288141578134111,0.01129858219802275,0.9928648979090164,0.17839918651577077,0.9999998371229615,0.17839918651577077
gRNA_11071,SETBP1,-0.08594730750785519,-0.12434128451066137,-0.506931351021133,-0.23907331434654985,-0.12434128451066137,774.7229780374229,0.08055738489908394,-0.3535046178225703,-0.1947706296475338,-0.15590595419034006,-0.1947706296475338,20145,40.3524447753785,94.83246463142218,1.6033755274261603,56.19756763464879,Setbp1,SETBP1,I862T,I871T,targeting guide,Missense,0.879753864134018,0.3490984994378682,1.0,0.9999614030704774,0.9999614030704774,0.8208927491248041,0.4271001158782185,1.0,0.9999998371229615,0.9999998371229615
gRNA_11098,SETD2,-0.4630661915687108,-0.34549904786646896,-0.7212202579424444,-0.5099284991258747,-0.4630661915687108,678.5759736031843,-1.0332676430314134,-0.7248954633406056,-0.7964933856852275,-0.8515521640190822,-0.7964933856852275,14816,12.297516198704104,77.05858531317494,0.5602051835853131,80.4805615550756,Setd2,SETD2,Y1640C,Y1666C,targeting guide,Missense,0.9239132926118929,0.26137618699919446,1.0,0.9999614030704774,0.9999614030704774,0.9880610696655551,0.06432970411951547,1.0,0.9975765711287182,0.9975765711287182
gRNA_11099,SETD2,0.2828706293880078,0.4888081511697669,0.05608256656724932,0.2759204490416747,0.2828706293880078,408.8444601219586,-1.5211376225820359,-1.3799889616351273,-1.4098796578831,-1.4370020807000878,-1.4098796578831,15071,26.813084732267267,84.7189967487227,0.0,62.683299051157846,Setd2,SETD2,Y1640C,Y1666C,targeting guide,Missense,0.4922895416958821,0.7297826534888361,1.0,0.9999614030704774,0.9999614030704774,0.9999994814676322,1.100149263720766e-06,1.0,7.357248201132623e-05,7.357248201132623e-05
gRNA_11111,SETD2,-0.5514910127233006,-0.7514663748473056,-0.7881507529088566,-0.6970360468264877,-0.7514663748473056,1566.7170178522467,-0.5470500614545004,-0.7672010608007367,-0.7325381428215979,-0.682263088358945,-0.7325381428215979,32745,50.17865322950069,75.01603298213467,0.0671858298976943,29.23805161093297,Setd2,SETD2,L1306P,L1331P,targeting guide,Missense,0.9394831654445898,0.22326959308604577,1.0,0.9999614030704774,0.9999614030704774,0.975571547598229,0.11787303780252571,1.0,0.9999998371229615,0.9999998371229615
gRNA_11112,SETD2,0.03635733784594023,-0.09649398919277065,-0.16789580409234378,-0.07601081847972473,-0.09649398919277065,938.7817340347106,-0.11550147343920794,-0.11206795889616658,0.0722429710386818,-0.05177548709889757,-0.11206795889616658,29174,4.90848015356139,71.1523959690135,0.3667649276753273,88.12641393021184,Setd2,SETD2,T2289A,T2316A,targeting guide,Missense,0.8449682361268334,0.40843397038600743,1.0,0.9999614030704774,0.9999614030704774,0.7463647756785688,0.5499136823592401,1.0,0.9999998371229615,0.9999998371229615
gRNA_11113,SETD2,0.17168079861394908,0.2234255233721487,-0.05108169349145036,0.11467487616488246,0.17168079861394908,1152.9989576848616,0.2568838240878045,0.4021256692175514,0.36371408885811274,0.3409078607211562,0.36371408885811274,39453,0.3497832864420956,5.862672040149039,0.2205155501482777,67.91878944566953,Setd2,SETD2,T2289A,T2316A,targeting guide,Missense,0.717625125151701,0.5703064345479392,1.0,0.9999614030704774,0.9999614030704774,0.2004897386438434,0.944414452421263,0.9069489916904145,0.9999998371229615,0.9069489916904145
gRNA_11114,SETD2,0.24421605404331292,0.20839711697220611,0.11244092940573583,0.18835136680708495,0.20839711697220611,781.9948814880483,0.4970912359620186,0.08928041183256301,0.06453065473160441,0.21696743417539532,0.08928041183256301,26180,12.345301757066462,28.025210084033613,0.0,38.40718105423988,Setd2,SETD2,T2289A,T2316A,targeting guide,Missense,0.6677553776335219,0.6372466140090751,1.0,0.9999614030704774,0.9999614030704774,0.28026604234745356,0.7968527383567099,1.0,0.9999998371229615,0.9999998371229615
gRNA_11122,SETD6,0.0729529348313854,-0.6905390635923339,-0.13392856016727975,-0.25050489630940936,-0.13392856016727975,1403.0211196193382,-0.7868741499541414,0.12143203424291074,0.2072825999936431,-0.15271983857252922,0.12143203424291074,37697,57.04167440379872,89.2272594636178,0.4403533437674085,35.31580762394885,Setd6,SETD6,Y262H,Y262H,targeting guide,Missense,0.8747957753100157,0.34603374376023566,1.0,0.9999614030704774,0.9999614030704774,0.6913777970497469,0.44499305618799057,1.0,0.9999998371229615,0.9999998371229615
gRNA_11132,SF3B1,0.32160124149914115,0.059234290908930474,-0.01117648494338135,0.12321968248823008,0.059234290908930474,877.5008103636779,0.18767941531303917,0.11573856295089943,0.10926278613655206,0.13756025480016354,0.11573856295089943,32286,3.4070494951372114,11.286625782072726,0.0,46.277024097131886,Sf3b1,SF3B1,K666R,K666R,targeting guide,Missense,0.7274174984742955,0.5515508664176558,1.0,0.9999614030704774,0.9999614030704774,0.5633261488827153,0.7334238081995037,1.0,0.9999998371229615,0.9999998371229615
gRNA_11133,SF3B1,0.24535345143916143,0.16517718587304847,0.14671716487680944,0.1857492673963398,0.16517718587304847,897.872910892462,0.2235576122660756,0.2330697287008298,0.21318839000666362,0.223271910324523,0.2235576122660756,34928,0.7272102611085662,48.80325240494732,0.7644296839212094,87.95808520384792,Sf3b1,SF3B1,K741E,K741E,targeting guide,Missense,0.6435254248668825,0.6661389301902572,1.0,0.9999614030704774,0.9999614030704774,0.38494988058304597,0.8618800275885152,1.0,0.9999998371229615,0.9999998371229615
gRNA_11136,SF3B1,0.5701697639167994,0.5704662735854859,0.3262978058740913,0.4889779477921255,0.5701697639167994,436.10444982108237,0.20714345467799342,-0.11344399673586432,-0.06236707953551033,0.01044412613553959,-0.06236707953551033,20985,25.327614963068857,37.32189659280438,0.4050512270669525,25.67071717893733,Sf3b1,SF3B1,D894G,D894G,targeting guide,Missense,0.2624480382505645,0.9053452234239792,1.0,0.9999614030704774,0.9999614030704774,0.647104433558463,0.6276008779923479,1.0,0.9999998371229615,0.9999998371229615
gRNA_11141,SF3B1,0.016938866815590942,0.09928291328784276,-0.10806233015788731,0.0027198166485154635,0.016938866815590942,936.731955668325,0.20941060469511402,0.1720589867166705,0.29627610321423153,0.22591523154200535,0.20941060469511402,33702,9.518722924455522,11.494866773485253,0.364963503649635,11.287163966530176,Sf3b1,SF3B1,Y623C,Y623C,targeting guide,Missense,0.8280428642925286,0.4384187678811682,1.0,0.9999614030704774,0.9999614030704774,0.41397058528184105,0.8380061291715218,1.0,0.9999998371229615,0.9999998371229615
gRNA_11142,SF3B1,-0.3051552358107553,-0.23828076313805835,-0.5379854946701512,-0.36047383120632165,-0.3051552358107553,1892.4724613923738,-0.2582070830628178,-0.2744021094972254,-0.20304172200849716,-0.24521697152284674,-0.2582070830628178,49270,10.891008727420337,14.319058250456669,0.1156890602800893,16.07874974629592,Sf3b1,SF3B1,Q901R,Q901R,targeting guide,Missense,0.9073106448170912,0.29835530228755874,1.0,0.9999614030704774,0.9999614030704774,0.8758827466502731,0.3598052582179033,1.0,0.9999998371229615,0.9999998371229615
gRNA_11143,SF3B1,0.234950208472068,0.2484672053124754,-0.32080540443971534,0.05420400311494269,0.234950208472068,938.9635510264538,0.21049109296385052,0.18566735797573997,0.16762546606755188,0.18792797233571412,0.18566735797573997,34188,42.643617643617645,56.739206739206736,0.9330759330759332,25.01170001170001,Sf3b1,SF3B1,Q901R,Q901R,targeting guide,Missense,0.7148146252639376,0.5501936945981762,1.0,0.9999614030704774,0.9999614030704774,0.46998077791058257,0.8064073463994685,1.0,0.9999998371229615,0.9999998371229615
gRNA_11144,SF3B1,0.2595214978699626,0.32337726191687394,0.0027353143226246913,0.19521135803648704,0.2595214978699626,1026.7581958945484,-0.6104373428935155,-0.2740240533621217,0.058934515826875214,-0.2751756268095873,-0.2740240533621217,39432,39.75451410022317,69.44106309596268,0.3043213633597078,40.06644349766687,Sf3b1,SF3B1,Q901R,Q901R,targeting guide,Missense,0.6679911856785028,0.6171921178970041,1.0,0.9999614030704774,0.9999614030704774,0.8739096277330888,0.32288569876678297,1.0,0.9999998371229615,0.9999998371229615
gRNA_11157,SF3B1,0.061081638372261715,0.11705598442769048,0.0455386475738027,0.07455875679125164,0.061081638372261715,330.84005703532114,-0.48771793822107534,-0.4750933653616136,-0.5026251686462442,-0.4884788240763111,-0.48771793822107534,10211,1.4592106551757908,3.4962295563607872,0.0,53.48153951620801,Sf3b1,SF3B1,K700E,K700E,targeting guide,Missense,0.775879185962888,0.5156699302959968,1.0,0.9999614030704774,0.9999614030704774,0.9447244438185596,0.2116526176635708,1.0,0.9999998371229615,0.9999998371229615
gRNA_11158,SF3B1,0.38748672002215573,0.4441566480420059,0.26913636672345914,0.3669265782625402,0.38748672002215573,566.6807529254065,0.3046701556024349,0.14633712370724744,0.3212789346609768,0.2574287379902197,0.3046701556024349,22086,4.731504120257177,62.05741193516254,0.2580820429231187,86.0952639681246,Sf3b1,SF3B1,K700E,K700E,targeting guide,Missense,0.44347695586409586,0.8111641149603822,1.0,0.9999614030704774,0.9999614030704774,0.3815491600258209,0.8543005961574204,1.0,0.9999998371229615,0.9999998371229615
gRNA_11159,SF3B1,0.5311973467392752,0.49104404087155823,0.2929742101434167,0.4384051992514167,0.49104404087155823,988.6309355154539,-0.04794820030316387,-0.2794679216764797,-0.20619262314803133,-0.17786958170922498,-0.20619262314803133,43038,4.235791626004925,18.96231237511037,0.3183233421627399,64.73581486128538,Sf3b1,SF3B1,K666E,K666E,targeting guide,Missense,0.2721564206687183,0.8953791028623704,1.0,0.9999614030704774,0.9999614030704774,0.8387522129677627,0.4171510476802575,1.0,0.9999998371229615,0.9999998371229615
gRNA_11169,SF3B1,-0.20802339650817617,-0.10811654431021187,-0.39255001727578975,-0.23622998603139259,-0.20802339650817617,1324.1749642231425,0.1049769658037301,0.045971405733406856,0.012938863786876283,0.05462907844133775,0.045971405733406856,40124,1.9614195992423489,26.492872096500847,0.0,72.5251719669026,Sf3b1,SF3B1,N626D,N626D,targeting guide,Missense,0.8914093016120214,0.32904030485521807,1.0,0.9999614030704774,0.9999614030704774,0.7172272328196139,0.5827043835128021,1.0,0.9999998371229615,0.9999998371229615
gRNA_11182,SH2B3,-0.004334529705847699,0.2643408110518344,0.2023287370456209,0.15411167279720253,0.2023287370456209,523.3398992155282,0.45316140840342767,0.2555373321405556,0.3920304367306993,0.3669097257582275,0.3920304367306993,14193,6.573663073346016,17.75523145212429,0.556612414570563,34.67202141900937,Sh2b3,SH2B3,F403L,F431L,targeting guide,Missense,0.703668706016708,0.5864039801371375,1.0,0.9999614030704774,0.9999614030704774,0.1296428877839179,0.9638965440038285,0.6963689948144275,0.9999998371229615,0.6963689948144275
gRNA_11195,SHQ1,0.06327609917309926,-0.09087669950052257,-0.09586159155809466,-0.04115406396183933,-0.09087669950052257,942.6604965252349,-0.3130058440781994,-0.04017473416070698,0.06337181635012352,-0.0966029206295943,-0.04017473416070698,28907,49.26142456844363,72.77130106894523,0.0242155879198809,32.37624104888089,Shq1,SHQ1,Y388C,Y386C,targeting guide,Missense,0.8317818653217027,0.43261053305294883,1.0,0.9999614030704774,0.9999614030704774,0.7931651152445239,0.4796027973647198,1.0,0.9999998371229615,0.9999998371229615
gRNA_11208,SMAD2,-0.9463633629747973,-0.7607945717647601,-0.8953505864292997,-0.8675028403896189,-0.8953505864292997,1790.1094950408808,-1.4292304162424718,-0.9583255476800112,-0.9928927121696126,-1.126816225364032,-0.9928927121696126,33237,1.2666606492764088,72.37416132623281,0.0,81.577759725607,Smad2,SMAD2,H166R,H166R,targeting guide,Missense,0.9707655911447279,0.13055859867388464,1.0,0.9999614030704774,0.9999614030704774,0.9978624348140555,0.00503744300576194,1.0,0.1381439041359158,0.1381439041359158
gRNA_11209,SMAD2,0.5497828469937014,0.31576670929002376,0.29889122408943286,0.38814692679105267,0.31576670929002376,849.2602265316395,0.3617608056457395,0.38537912071084984,0.3823241771888193,0.37648803451513624,0.3823241771888193,35200,13.244318181818182,69.17045454545455,0.9460227272727272,57.77556818181818,Smad2,SMAD2,H166R,H166R,targeting guide,Missense,0.40119542512078216,0.82159863749509,1.0,0.9999614030704774,0.9999614030704774,0.14912433871461905,0.9659756731493048,0.7526558604935962,0.9999998371229615,0.7526558604935962
gRNA_11218,SMAD2,-0.23434985671081243,-0.3530317491508242,-0.3155284588846493,-0.3009700215820953,-0.3155284588846493,1542.2323296308123,-0.44742287191491775,-0.7678560570822741,-0.7503955912780853,-0.6552248400917591,-0.7503955912780853,40345,66.02552980542818,87.09381583839385,0.5403395711984137,25.16792663279217,Smad2,SMAD2,Y406C,Y406C,targeting guide,Missense,0.9047678546886584,0.3039755107053007,1.0,0.9999614030704774,0.9999614030704774,0.9689811989574971,0.13300457847499372,1.0,0.9999998371229615,0.9999998371229615
gRNA_11219,SMAD2,0.08253989166454365,-0.0010540115209296652,-0.10483926620077845,-0.0077844620190548235,-0.0010540115209296652,459.82241112714127,0.16959835903196668,0.22959675020992176,-0.05765023366543291,0.1138482918588185,0.16959835903196668,14216,10.51631963984243,46.98227349465391,0.0,80.73297692740574,Smad2,SMAD2,Y406C,Y406C,targeting guide,Missense,0.8311673226919232,0.4334153721774753,1.0,0.9999614030704774,0.9999614030704774,0.5539000201096251,0.7188043119482239,1.0,0.9999998371229615,0.9999998371229615
gRNA_11223,SMAD2,-0.2588008737520898,-0.41090084365142854,-0.49636928969241717,-0.38869033569864514,-0.41090084365142854,2638.1645501956714,-0.4268323063664676,-0.6847293350231679,-0.4966529317267734,-0.5360715243721362,-0.4966529317267734,63706,15.21363764794525,64.55906821963394,0.1632499293630113,74.55812639311839,Smad2,SMAD2,Y279C,Y279C,targeting guide,Missense,0.9119916773962078,0.2886690179776908,1.0,0.9999614030704774,0.9999614030704774,0.95203169550388,0.1876465610890373,1.0,0.9999998371229615,0.9999998371229615
gRNA_11224,SMAD2,-0.2702699545572541,-0.4323908847969866,-0.27982495050336254,-0.32749526328586775,-0.27982495050336254,1073.5081249165157,-0.7363990015395601,-0.5985988770145612,-0.4901733730313227,-0.608390417195148,-0.5985988770145612,25990,54.409388226240864,79.45363601385148,1.2120046171604464,29.792227779915358,Smad2,SMAD2,Y279C,Y279C,targeting guide,Missense,0.9069519236917105,0.2995361388595276,1.0,0.9999614030704774,0.9999614030704774,0.963384230903143,0.15612008294502122,1.0,0.9999998371229615,0.9999998371229615
gRNA_11284,SMAD4,0.35663358641906395,0.5550111810204115,0.3962456673049401,0.4359634782481385,0.3962456673049401,249.6761733186197,0.24969675260714075,0.022760998078208246,-0.11791729263130382,0.05151348601801506,0.022760998078208246,11421,48.92741441204798,95.51703003239646,0.1576044129235618,47.22003327204273,Smad4,SMAD4,L532P,L533P,targeting guide,Missense,0.36097991685107883,0.8558200722464022,1.0,0.9999614030704774,0.9999614030704774,0.6060784911003771,0.6517619143071438,1.0,0.9999998371229615,0.9999998371229615
gRNA_11285,SMAD4,0.1393754335076209,0.1870395950875217,-0.44797493819541373,-0.040519969866757044,0.1393754335076209,403.75493299801434,0.7660069479783117,-0.20734382504112583,-0.40503653692260483,0.051208862004860356,-0.20734382504112583,13623,63.08448946634368,96.8655949497174,0.990971151728694,32.84885854804375,Smad4,SMAD4,L532P,L533P,targeting guide,Missense,0.7518821359311445,0.5119499190666281,1.0,0.9999614030704774,0.9999614030704774,0.19487177764053168,0.5690987722494107,0.8872885194696549,0.9999998371229615,0.8872885194696549
gRNA_11298,SMAD4,0.09182276366453279,0.24923347916975727,0.2662596931548497,0.20243864532971326,0.24923347916975727,1323.1428545801034,0.6575603673130419,0.3508413426913499,0.33700253014683884,0.4484680800504102,0.3508413426913499,49698,37.07795082297075,77.23449635800233,0.6680349309831382,45.93343796531048,Smad4,SMAD4,W523R,W524R,targeting guide,Missense,0.6690851429320459,0.6311901881863267,1.0,0.9999614030704774,0.9999614030704774,0.0811752261983214,0.971390495187503,0.5177191352670343,0.9999998371229615,0.5177191352670343
gRNA_11305,SMAD4,-0.1756730617913947,0.07675156821832907,0.24077750819425417,0.04728533820706285,0.07675156821832907,662.5727255176445,-0.10688765273273657,0.25368090176274927,0.004516541805688847,0.05043659694523384,0.004516541805688847,23977,1.055177878800517,98.3484172331818,0.0250239813154272,98.45685448554865,Smad4,SMAD4,D492G,D493G,targeting guide,Missense,0.767086448425537,0.5005814998255655,1.0,0.9999614030704774,0.9999614030704774,0.6054955811419249,0.6527740758546601,1.0,0.9999998371229615,0.9999998371229615
gRNA_11306,SMAD4,-0.5333924595541951,-0.508443855407807,-0.34976908092861364,-0.4638684652968719,-0.508443855407807,997.620807945976,0.36785022011820573,0.0891813494804742,0.016841004465527158,0.15795752468806903,0.0891813494804742,21610,0.0046274872744099,14.493290143452104,0.0,96.26561776955114,Smad4,SMAD4,D492G,D493G,targeting guide,Missense,0.9169120171203765,0.27810887407453827,1.0,0.9999614030704774,0.9999614030704774,0.47699926505997436,0.7352688861793228,1.0,0.9999998371229615,0.9999998371229615
gRNA_11312,SMAD4,-0.19182099774506664,-0.3798346708998269,-0.07643414580200805,-0.2160299381489672,-0.19182099774506664,1223.1435091212736,-0.13678365953683888,-0.3771483054569903,-0.4363476625072132,-0.31675987583368076,-0.3771483054569903,30656,76.4026617954071,96.18997912317327,0.0,20.279879958246347,Smad4,SMAD4,C522R,C523R,targeting guide,Missense,0.8886662727944773,0.33362522081706264,1.0,0.9999614030704774,0.9999614030704774,0.8938291671737963,0.3090419588841312,1.0,0.9999998371229615,0.9999998371229615
gRNA_11315,SMAD4,0.8694663780619994,0.9188085902604948,0.6776876185760777,0.8219875289661905,0.8694663780619994,53.17272637932189,0.22199720407947154,-0.25224863572152867,-0.40578291617432655,-0.14534478260546121,-0.25224863572152867,2865,20.76788830715532,26.771378708551484,0.0,18.32460732984293,Smad4,SMAD4,K506E,K507E,targeting guide,Missense,0.024178765579017072,0.996576065341096,0.6472210215200873,0.9999614030704774,0.6472210215200873,0.7436557022067398,0.44929513734664284,1.0,0.9999998371229615,0.9999998371229615
gRNA_11319,SMAD4,0.4453080077562126,0.5878875909757375,0.4801405514214011,0.5044453833844504,0.4801405514214011,701.9751451067424,-0.09348092955729216,0.11984456029527531,0.1979639980879254,0.07477587627530284,0.11984456029527531,32753,68.84865508503037,82.8687448478002,0.0030531554361432,15.94052453210393,Smad4,SMAD4,L109P,L109P,targeting guide,Missense,0.2056862955680007,0.9444273360716193,1.0,0.9999614030704774,0.9999614030704774,0.5967309447239186,0.688244163531432,1.0,0.9999998371229615,0.9999998371229615
gRNA_11322,SMAD4,-0.09512675349791348,-0.10446746005492195,-0.017559664455498804,-0.07238462600277808,-0.09512675349791348,1076.6685831003467,-0.021141570796738316,0.1635951501762179,-0.05452423111845592,0.029309782753674556,-0.021141570796738316,30540,22.141453831041257,43.63130320890635,0.0,33.66404715127702,Smad4,SMAD4,C362R,C363R,targeting guide,Missense,0.852649894957044,0.4010997905500269,1.0,0.9999614030704774,0.9999614030704774,0.6936132005829969,0.6004801389307621,1.0,0.9999998371229615,0.9999998371229615
gRNA_11323,SMAD4,0.0024128718690056192,0.0019097882364507118,0.21958886417194187,0.07463717475913274,0.0024128718690056192,1129.9204355605902,0.3230660459844059,0.4674890553332328,0.477001056217139,0.4225187191782593,0.4674890553332328,36840,69.55211726384366,87.75515743756786,0.2117263843648208,19.82899022801303,Smad4,SMAD4,Y352C,Y353C,targeting guide,Missense,0.7775703779638188,0.4968208242286799,1.0,0.9999614030704774,0.9999614030704774,0.08417546339842323,0.977739346404413,0.5236496850948421,0.9999998371229615,0.5236496850948421
gRNA_11324,SMAD4,0.6262023204279423,0.6315825721633288,0.5074591661271601,0.5884146862394771,0.6262023204279423,377.0278352117453,0.576279403691082,0.29681300101050145,0.49728280394469576,0.4567917362154264,0.49728280394469576,18520,58.871490280777536,90.4157667386609,0.0,32.85637149028078,Smad4,SMAD4,Y352C,Y353C,targeting guide,Missense,0.10255629186471009,0.9789792994878318,1.0,0.9999614030704774,0.9999614030704774,0.05220363400442747,0.983183675351852,0.3989849170338386,0.9999998371229615,0.3989849170338386
gRNA_11325,SMAD4,0.3813727668689249,0.13507309532957973,0.02813057742680334,0.18152547987510267,0.13507309532957973,533.5903714258244,-0.052412749162520963,-0.23557556312075414,-0.11124078082700053,-0.13307636437009188,-0.11124078082700053,18843,47.62511277397442,55.63339171044951,0.4617099188027384,11.940773762139786,Smad4,SMAD4,Y352C,Y353C,targeting guide,Missense,0.6543930722272309,0.635970909376224,1.0,0.9999614030704774,0.9999614030704774,0.8135844184315209,0.45494187795788055,1.0,0.9999998371229615,0.9999998371229615
gRNA_11326,SMAD4,0.4424578245363407,0.2689910399593879,0.4616485314343725,0.3910324653100337,0.4424578245363407,553.1704317229752,0.16021519100757173,0.436245206667914,0.11629655287289468,0.23758565018279346,0.16021519100757173,23235,25.74994620185065,83.61523563589412,0.0817731870023671,62.98687325156015,Smad4,SMAD4,Y352C,Y353C,targeting guide,Missense,0.35003271147937254,0.8621668679019914,1.0,0.9999614030704774,0.9999614030704774,0.30866425155514526,0.843191468981685,1.0,0.9999998371229615,0.9999998371229615
gRNA_11336,SMAD4,0.43373070732609154,0.5788440479870088,0.7562786193319191,0.5896177915483398,0.5788440479870088,371.9975651068466,0.16353588325413157,0.17140342295228275,0.41029203939648573,0.24841044853430003,0.17140342295228275,15361,38.48056767137556,44.34607121932166,0.1627498209751969,18.48837966278237,Smad4,SMAD4,D354G,D355G,targeting guide,Missense,0.11378455713476616,0.9681266838563021,1.0,0.9999614030704774,0.9999614030704774,0.3398106782863121,0.8485279875103551,1.0,0.9999998371229615,0.9999998371229615
gRNA_11337,SMAD4,0.3504412543465996,0.5928574962037121,0.9194187669608178,0.6209058391703765,0.5928574962037121,233.10543439506293,-0.1861472104069194,-0.22177044495454362,-0.027478347662419148,-0.14513200100796073,-0.1861472104069194,6552,38.35470085470086,51.388888888888886,0.7936507936507936,26.75518925518925,Smad4,SMAD4,D354G,D355G,targeting guide,Missense,0.1121151875737555,0.9448052808138007,1.0,0.9999614030704774,0.9999614030704774,0.8250396093656447,0.4417133066034681,1.0,0.9999998371229615,0.9999998371229615
gRNA_11449,SMARCA4,-0.28513216044406997,-0.23840602816701356,-0.33242748613664985,-0.28532189158257776,-0.28513216044406997,561.8989058878947,-0.12770450002130557,-0.28692206477666055,-0.317627633393787,-0.2440847327305844,-0.28692206477666055,14016,8.033675799086758,55.80764840182648,0.0,60.15268264840182,Smarca4,SMARCA4,F1102L,F1102L,targeting guide,Missense,0.9047678546886585,0.3039755107053006,1.0,0.9999614030704774,0.9999614030704774,0.8594741577923305,0.38043155150492003,1.0,0.9999998371229615,0.9999998371229615
gRNA_11450,SMARCA4,-0.02102083684544925,-0.22957678820340405,-0.09692293503245927,-0.11584018669377087,-0.09692293503245927,597.9859115309843,-0.4933528007073714,-0.47786822920494004,-0.3738667944209357,-0.44836260811108236,-0.47786822920494004,16178,0.0061812337742613,22.876746198541227,0.2287056496476696,83.86079861540364,Smarca4,SMARCA4,F1102L,F1102L,targeting guide,Missense,0.8686928077040157,0.37164699539307594,1.0,0.9999614030704774,0.9999614030704774,0.9411091422815819,0.22069440420774675,1.0,0.9999998371229615,0.9999998371229615
gRNA_11454,SMARCA4,0.0047590954668169086,0.2587347792308663,0.4634657822078469,0.2423198856351767,0.2587347792308663,864.3733079876671,0.2589022834945778,0.21550703972217006,-0.008532224874096014,0.1552923661142173,0.21550703972217006,33472,4.591897705544933,44.0368068833652,2.351218929254302,76.75967973231359,Smarca4,SMARCA4,M781V,M781V,targeting guide,Missense,0.5302818990978027,0.6910649058662606,1.0,0.9999614030704774,0.9999614030704774,0.4782126995082663,0.7663548296378215,1.0,0.9999998371229615,0.9999998371229615
gRNA_11499,SMARCA4,0.476170237263243,0.4677000962894044,0.35370494658286034,0.4325250933785026,0.4677000962894044,915.9333987389658,0.27983514761057093,0.024032693136474874,0.09578774949693812,0.13321853008132797,0.09578774949693812,39099,8.24061996470498,31.09286682523849,0.0946315762551471,51.77881787257986,Smarca4,SMARCA4,H1181R,H1181R,targeting guide,Missense,0.31600138736861316,0.8849562193263849,1.0,0.9999614030704774,0.9999614030704774,0.5524264984274831,0.7099926446643299,1.0,0.9999998371229615,0.9999998371229615
gRNA_11500,SMARCA4,-0.13062528511817634,0.12179856150383253,-0.18366396643444174,-0.06416356334959518,-0.13062528511817634,663.3378210436464,-0.16019505465724906,-0.2606608636149152,-0.08859677986542493,-0.16981756604586307,-0.16019505465724906,20805,49.209324681566926,85.73900504686374,0.4902667627974044,41.51405912040375,Smarca4,SMARCA4,H1181R,H1181R,targeting guide,Missense,0.8453099043519596,0.4027628472451807,1.0,0.9999614030704774,0.9999614030704774,0.8284358570280468,0.4338274909087837,1.0,0.9999998371229615,0.9999998371229615
gRNA_11532,SMARCA4,-0.37813303745302745,-0.15373270450294862,-0.2068541171224694,-0.24623995302614846,-0.2068541171224694,309.6724141492686,-1.4285734549163918,-1.3914047203176723,-1.0872355350850196,-1.3024045701063611,-1.3914047203176723,6326,17.230477394878278,93.15523237432816,0.0,78.50142269996839,Smarca4,SMARCA4,D1183G,D1183G,targeting guide,Missense,0.9000167538295982,0.3134622162018085,1.0,0.9999614030704774,0.9999614030704774,0.999837404428908,0.00040631768887656105,1.0,0.016102219522145196,0.016102219522145196
gRNA_11533,SMARCA4,-0.1469645278772548,-0.07764041414480205,0.010145436131853074,-0.07148650196340127,-0.07764041414480205,834.4793864379554,-0.14734204006275572,-0.20858103213992232,0.011528803681621763,-0.11479808950701875,-0.14734204006275572,18956,1.904410213125132,4.589575859886052,0.0738552437223042,47.124920869381725,Smarca4,SMARCA4,D1183G,D1183G,targeting guide,Missense,0.8564880506062904,0.3933731690010719,1.0,0.9999614030704774,0.9999614030704774,0.8147739291374748,0.45787228307618066,1.0,0.9999998371229615,0.9999998371229615
gRNA_11581,SMC1A,-0.38753013749450443,-0.31178896544223106,-0.36444285345760785,-0.3545873187981144,-0.36444285345760785,520.6475054442923,-0.6345467594345509,-0.5203491641751371,-0.20283827189873163,-0.45257806516947324,-0.5203491641751371,9944,49.8390989541432,76.20675784392598,0.0,34.95575221238938,Smc1a,SMC1A,L225P,L225P,targeting guide,Missense,0.9095029143881462,0.29414929017138214,1.0,0.9999614030704774,0.9999614030704774,0.9303224734282534,0.23065523338456778,1.0,0.9999998371229615,0.9999998371229615
gRNA_11582,SMC1A,-0.12961714411528052,-0.2983935359206064,-0.1311082126933426,-0.1863729642430765,-0.1311082126933426,568.1780991978961,-0.5409565414087745,-0.4102929989271289,-0.46992595531189485,-0.4737251652159327,-0.46992595531189485,12099,27.72956442681213,63.70774444168939,0.0,54.549962806843546,Smc1a,SMC1A,L225P,L225P,targeting guide,Missense,0.8895413912503679,0.33415654062508765,1.0,0.9999614030704774,0.9999614030704774,0.9454190272735082,0.20800182239151904,1.0,0.9999998371229615,0.9999998371229615
gRNA_11589,SMC3,0.23125595499764878,0.07516471421768792,-0.3072404095511688,-0.0002732467786106992,0.07516471421768792,1056.3567220287284,0.026497419017836782,-0.296957244611561,-0.10889113871789605,-0.12645032143720672,-0.10889113871789605,34526,9.138040896715518,9.836065573770492,0.0,4.130220703238139,Smc3,SMC3,Non-coding,,targeting guide,Intron,0.7733056037316242,0.4876422526877334,1.0,0.9999614030704774,0.9999614030704774,0.8099502579166679,0.45948312056616536,1.0,0.9999998371229615,0.9999998371229615
gRNA_11590,SMG1,0.29546804754464967,0.26427539264874494,0.08742663666272271,0.2157233589520391,0.26427539264874494,471.63327658218964,-0.1974635749745979,-0.35528879353878257,-0.03591610609442491,-0.19622282486926845,-0.1974635749745979,17804,0.6178386879352954,30.397663446416534,0.5223545270725679,90.9739384407998,Smg1,SMG1,T1496A,T1498A,targeting guide,Missense,0.6590583098325511,0.6398269875682032,1.0,0.9999614030704774,0.9999614030704774,0.8486071268204848,0.3968924535720951,1.0,0.9999998371229615,0.9999998371229615
gRNA_11607,SMO,-0.35642871930556724,-0.3386615338738429,-0.197255269690438,-0.2974485076232827,-0.3386615338738429,1327.3246453901997,-0.13302703494349605,-0.44164828394959105,-0.2184861422533528,-0.26438715371548,-0.2184861422533528,31476,67.93747617232177,90.73897572753845,0.0,24.444020841275893,Smo,SMO,I160V,I156V,targeting guide,Missense,0.9073437663842359,0.2985277038094205,1.0,0.9999614030704774,0.9999614030704774,0.8665331014606836,0.36354083279383964,1.0,0.9999998371229615,0.9999998371229615
gRNA_11608,SMO,-0.19936297543344456,0.2407056083821856,0.06319469805508408,0.034845777001275044,0.06319469805508408,777.9343020057809,-0.23725137618204994,-0.5402037922308898,-0.3476653386770429,-0.3750401690299942,-0.3476653386770429,25853,42.63335009476656,82.24964220786755,0.1817970835106177,44.954163926817,Smo,SMO,I160V,I156V,targeting guide,Missense,0.7704079479720658,0.4937804941552112,1.0,0.9999614030704774,0.9999614030704774,0.9220842596388977,0.25768245369836057,1.0,0.9999998371229615,0.9999998371229615
gRNA_11609,SMO,0.18241364786946462,0.15506716666372838,0.3572630891706233,0.23158130123460544,0.18241364786946462,1340.2942574678905,0.13943268148836027,0.08797362431637494,0.3616804693506184,0.1963622583851179,0.13943268148836027,51255,72.41634962442689,88.72305140961856,0.5775046336942737,18.173836698858647,Smo,SMO,I160V,I156V,targeting guide,Missense,0.6112416255183206,0.6937634984582435,1.0,0.9999614030704774,0.9999614030704774,0.44768260474384947,0.7848770265514903,1.0,0.9999998371229615,0.9999998371229615
gRNA_11670,SOCS1,-0.8733092668941823,-0.8193931654355454,-0.7676846349415944,-0.8201290224237741,-0.8193931654355454,697.5711916552303,-1.5255322424651863,-1.6176662460056426,-1.5749804104621243,-1.5727262996443176,-1.5749804104621243,9102,2.5269171610635026,42.86969896725994,0.0,88.70577894968139,Socs1,SOCS1,F102S,F101S,targeting guide,Missense,0.9607223604953353,0.1638783579719511,1.0,0.9999614030704774,0.9999614030704774,1.0,4.1025318572854354e-10,1.0,5.4871363591192696e-08,5.4871363591192696e-08
gRNA_11671,SOCS1,-2.5073172461930526,-2.3505474684296397,-2.2007682169954608,-2.3528776438727177,-2.3505474684296397,3598.582506247838,-2.6522984300811587,-3.017417662840074,-2.9004843305604533,-2.8567334744938955,-2.9004843305604533,18939,3.627435450657374,17.371561328475632,0.4329690057553197,47.478747557949205,Socs1,SOCS1,F102S,F101S,targeting guide,Missense,1.0,4.1025318572854354e-10,1.0,1.0974272718238539e-07,1.0974272718238539e-07,1.0,4.1025318572854354e-10,1.0,5.4871363591192696e-08,5.4871363591192696e-08
gRNA_11689,SOS1,0.00869481174088446,-0.024931682216929547,-0.08958465122020652,-0.03527384056541721,-0.024931682216929547,962.6814455918894,-0.05389276166878507,-0.2510496518032636,-0.04104521904115815,-0.11532921083773562,-0.05389276166878507,32344,10.252287905021024,84.76378926539698,0.31535988127628,78.80905268365076,Sos1,SOS1,I663V,I663V,targeting guide,Missense,0.8495929424319413,0.40636166952277686,1.0,0.9999614030704774,0.9999614030704774,0.8094015801087396,0.46036589709900966,1.0,0.9999998371229615,0.9999998371229615
gRNA_11701,SOS1,0.4437472125215668,0.38037565187491496,0.41107938718722054,0.41173408386123406,0.41107938718722054,657.4083307171317,0.3286105707987852,0.0751358785619281,0.03798998922610275,0.14724547952893868,0.0751358785619281,29330,59.00102284350495,85.99727241732015,0.0,30.88305489260143,Sos1,SOS1,I1124V,I1138V,targeting guide,Missense,0.38097838569190373,0.859275495564596,1.0,0.9999614030704774,0.9999614030704774,0.5377601219775054,0.7097532085816289,1.0,0.9999998371229615,0.9999998371229615
gRNA_11702,SOS1,0.4723219164440418,0.6019294495975633,0.37061044851530867,0.4816206048523046,0.4723219164440418,1119.022978516262,0.6469937886779842,0.5081645472337832,0.47740525856015087,0.5441878648239727,0.5081645472337832,53231,37.02729612443877,62.01085833442919,0.0375720914504705,44.87610602844208,Sos1,SOS1,I1124V,I1138V,targeting guide,Missense,0.23016812424078592,0.9146009236020335,1.0,0.9999614030704774,0.9999614030704774,0.022104372045749457,0.9971858390836031,0.24383173287579296,0.9999998371229615,0.24383173287579296
gRNA_11703,SOS1,0.3538575500095234,0.30813063590532885,0.2561649248905388,0.30605103693513036,0.30813063590532885,1152.5985163248627,0.4656588997763745,0.31600974592143094,0.2680920068215929,0.3499202175064661,0.31600974592143094,50041,21.83209767990248,30.92664015507284,0.0019983613436981,23.940368897504047,Sos1,SOS1,I1124V,I1138V,targeting guide,Missense,0.5736699612212377,0.729480208773678,1.0,0.9999614030704774,0.9999614030704774,0.17192201364844203,0.9450264416478749,0.8323826000173438,0.9999998371229615,0.8323826000173438
gRNA_11748,SOX2,0.31764429395939,0.15368668597098992,0.30009821589218855,0.25714306527418945,0.30009821589218855,1176.9619932184687,-0.025152425934537915,0.05190568910464367,0.08660314649291935,0.03778546988767503,0.05190568910464367,48413,19.868630326565174,51.882758763142135,2.086216512093859,48.24530601284779,Sox2,SOX2,N210D,N208D,targeting guide,Missense,0.5931604035726534,0.711403887291584,1.0,0.9999614030704774,0.9999614030704774,0.7249266645092785,0.5775518017545458,1.0,0.9999998371229615,0.9999998371229615
gRNA_11796,SOX9,-0.020305683980652956,-0.010599089988736599,0.2236131156306633,0.06423611388709125,-0.010599089988736599,206.51907120540196,0.01226024865060301,0.08213399504673471,0.21566729148476657,0.10335384506070144,0.08213399504673471,6315,39.98416468725257,76.78543151227237,0.0,42.64449722882027,Sox9,SOX9,M109T,M109T,targeting guide,Missense,0.7816239821115749,0.49002492239636675,1.0,0.9999614030704774,0.9999614030704774,0.6117120588228051,0.6708572919102165,1.0,0.9999998371229615,0.9999998371229615
gRNA_11797,SOX9,-0.13200379222086964,-0.48212380686612494,-0.23477134323255322,-0.2829663141065159,-0.23477134323255322,773.7525111956843,0.16863280091111976,0.32764312592074885,0.5090730396913337,0.33511632217440074,0.32764312592074885,19367,60.5307998141168,97.26338617235504,0.0,37.62069499664378,Sox9,SOX9,M109T,M109T,targeting guide,Missense,0.9000925822952421,0.31245196403578784,1.0,0.9999614030704774,0.9999614030704774,0.17435113937133342,0.9193706839141534,0.8386459739548097,0.9999998371229615,0.8386459739548097
gRNA_11798,SOX9,-0.4369837886590363,-0.30679566852995677,-0.11785290952223476,-0.2872107889037426,-0.30679566852995677,569.9962691153295,-0.1653434037201219,-0.574636949865681,-0.45707952022729,-0.3990199579376976,-0.45707952022729,10237,79.07590114291297,99.68740842043567,0.6642571065741917,18.882485103057537,Sox9,SOX9,M109T,M109T,targeting guide,Missense,0.8937127913895627,0.324328741799547,1.0,0.9999614030704774,0.9999614030704774,0.9164661200082007,0.25833467041188796,1.0,0.9999998371229615,0.9999998371229615
gRNA_11967,STAG2,-0.05655254866265686,0.06167157191964736,-0.13586550071922665,-0.043582159154078724,-0.05655254866265686,737.8071189078312,-0.4237698973779498,-0.0928863339127876,-0.1366257838091612,-0.21776067169996619,-0.1366257838091612,18363,30.060447639274628,36.916625823667154,0.1742634645755051,26.27021728475739,Stag2,STAG2,Q615R,Q615R,targeting guide,Missense,0.8419906693011194,0.41422149648991613,1.0,0.9999614030704774,0.9999614030704774,0.8387275557550753,0.4031463494527337,1.0,0.9999998371229615,0.9999998371229615
gRNA_11968,STAG2,0.08963686236029857,0.24796657375987094,0.19108203281244762,0.1762284896442057,0.19108203281244762,736.0557882409013,0.1298612048183316,0.25176268401320173,0.18550700216460764,0.189043630332047,0.18550700216460764,27066,28.20143353284564,56.34005763688761,0.1367028744550358,50.077588117933935,Stag2,STAG2,Q615R,Q615R,targeting guide,Missense,0.6834684416473912,0.6177364643805907,1.0,0.9999614030704774,0.9999614030704774,0.4515399325133239,0.8117608457069982,1.0,0.9999998371229615,0.9999998371229615
gRNA_11992,STAT3,0.08808477871220848,0.3328223580336264,0.41014534953826803,0.2770174954280343,0.3328223580336264,909.3797906137571,0.2908551747876485,0.1114267494166096,0.3139164854890456,0.23873280323110124,0.2908551747876485,36489,37.9566444681959,77.62339335142097,2.5925621420154017,39.80651703253035,Stat3,STAT3,E100G,E100G,targeting guide,Missense,0.572088922422266,0.7030191010156348,1.0,0.9999614030704774,0.9999614030704774,0.39480121056135054,0.8418461887914365,1.0,0.9999998371229615,0.9999998371229615
gRNA_11993,STAT3,-0.3457436169249554,0.10546076055560945,-0.0594900099847201,-0.09992428878468869,-0.0594900099847201,677.5107168995501,-0.03303289607825879,-0.4978463294123783,-0.19147235303692361,-0.2407838595091869,-0.19147235303692361,19306,19.32559825960841,90.04454573707655,0.0,73.75945301978659,Stat3,STAT3,E100G,E100G,targeting guide,Missense,0.85078802736782,0.3940263063830533,1.0,0.9999614030704774,0.9999614030704774,0.8637769386841958,0.3600858062018329,1.0,0.9999998371229615,0.9999998371229615
gRNA_11994,STAT3,0.2847052149735058,0.37764497928790847,0.29882977746682454,0.32039332390941294,0.29882977746682454,714.0253996412722,0.4227877805516235,0.27103526056367233,0.1620685821391224,0.28529720775147277,0.27103526056367233,27587,30.96748468481531,49.98731286475514,0.1703701018595715,45.36557073984123,Stat3,STAT3,E100G,E100G,targeting guide,Missense,0.5570896129959368,0.7411946892821946,1.0,0.9999614030704774,0.9999614030704774,0.2552783601595911,0.8999361726577799,1.0,0.9999998371229615,0.9999998371229615
gRNA_12001,STAT3,-0.15384402575432302,-0.20585921055194215,-0.23404217118962964,-0.19791513583196493,-0.20585921055194215,1757.041875463361,-0.48678768154171037,-0.43937537656029685,-0.5039247806827394,-0.47669594626158224,-0.48678768154171037,50495,47.676007525497575,89.50589167244281,0.8535498564214279,42.96861075353996,Stat3,STAT3,Y657C,Y657C,targeting guide,Missense,0.8950881201895061,0.3237694391532671,1.0,0.9999614030704774,0.9999614030704774,0.9411091422815819,0.22069440420774675,1.0,0.9999998371229615,0.9999998371229615
gRNA_12002,STAT3,0.3868097378730395,0.27752868234644346,0.3310952862261134,0.3318112354818655,0.3310952862261134,869.0246148691875,0.08596065356022313,0.1510223529279363,0.11247518464897675,0.11648606371237874,0.11247518464897675,37802,36.02719432834242,78.19427543516217,0.0052907253584466,45.5875350510555,Stat3,STAT3,Y657C,Y657C,targeting guide,Missense,0.5463312165328762,0.7501207727784465,1.0,0.9999614030704774,0.9999614030704774,0.6152576352338135,0.6911600851335975,1.0,0.9999998371229615,0.9999998371229615
gRNA_12006,STAT3,-0.921060460562837,-1.18646833134104,-1.1467472766481122,-1.0847586895173296,-1.1467472766481122,1369.8698214581384,-1.2400022594701388,-0.9312069370336111,-0.7990425519640737,-0.9900839161559412,-0.9312069370336111,19568,44.91005723630417,73.79394930498773,0.0051103843008994,42.92211774325429,Stat3,STAT3,Y674C,Y674C,targeting guide,Missense,0.995612049647296,0.024571721134074874,1.0,0.9999614030704774,0.9999614030704774,0.9957995508844898,0.01251618146374902,1.0,0.26784628332422905,0.26784628332422905
gRNA_12007,STAT3,-0.1662382837831252,-0.36199713649055176,-0.33958804285858846,-0.28927448771075515,-0.33958804285858846,1643.625605359674,-0.022840282879744354,-0.026608050889811462,-0.020673271182034596,-0.023373868317196806,-0.022840282879744354,44277,60.55740000451701,81.08724620005871,0.7701515459493643,27.91742891343135,Stat3,STAT3,Y674C,Y674C,targeting guide,Missense,0.9048491427432371,0.30340315390591466,1.0,0.9999614030704774,0.9999614030704774,0.767897099491191,0.5266697773660167,1.0,0.9999998371229615,0.9999998371229615
gRNA_12024,STAT3,-1.2278261575281588,-0.8500569490811157,-0.8143175057918322,-0.9640668708003689,-0.8500569490811157,1131.6289566104658,-1.4263043998849212,-1.6533881897698481,-1.6352644228934585,-1.5716523375160758,-1.6352644228934585,16023,61.13711539661736,95.25057729513824,0.0249641140860013,34.73132372214941,Stat3,STAT3,H410R,H410R,targeting guide,Missense,0.9815027299784307,0.05762596656065409,1.0,0.9999614030704774,0.9999614030704774,0.9999999348265343,2.19275903050791e-08,1.0,1.95521013553622e-06,1.95521013553622e-06
gRNA_12025,STAT3,-0.23417985906993902,-0.2789657423816849,-0.15873719929451438,-0.22396093358204608,-0.23417985906993902,1024.4629093165427,0.19876764964355373,0.26097533048895033,0.24595113713030656,0.23523137242093686,0.24595113713030656,26652,47.478613237280506,78.92841062584421,0.3639501725949272,39.220321176647154,Stat3,STAT3,H410R,H410R,targeting guide,Missense,0.897360279874998,0.31911397981794537,1.0,0.9999614030704774,0.9999614030704774,0.3505981635775949,0.8794396484727942,1.0,0.9999998371229615,0.9999998371229615
gRNA_12026,STAT3,0.249154804664681,0.6137479262381288,0.30753567896935996,0.3901461366240566,0.30753567896935996,355.8331775513832,0.6792134368576702,0.39891204000442276,0.28069782611524496,0.452941100992446,0.39891204000442276,13395,55.14744307577454,92.89287047405747,0.0746547219111608,41.13475177304964,Stat3,STAT3,H410R,H410R,targeting guide,Missense,0.3374030226193701,0.8334599691981144,1.0,0.9999614030704774,0.9999614030704774,0.06412930929690733,0.9754297174376241,0.45143658518217655,0.9999998371229615,0.45143658518217655
gRNA_12062,STAT6,0.4116740392128824,0.4172094393860221,0.7511787655418367,0.5266874147135804,0.4172094393860221,407.92343128001244,-0.3620621735938612,-0.24370585140030462,-0.38975212594432546,-0.3318400503128304,-0.3620621735938612,18412,6.110145557245275,71.43710623506408,0.0,89.85987399522051,Stat6,STAT6,Q286R,Q286R,targeting guide,Missense,0.17698097565019275,0.9303198241424102,1.0,0.9999614030704774,0.9999614030704774,0.9105407891582404,0.28952325683736035,1.0,0.9999998371229615,0.9999998371229615
gRNA_12063,STAT6,0.38199014143612525,-0.1098002422335231,-0.21493022674612838,0.019086557485491262,-0.1098002422335231,568.7841558370405,0.4400045993459192,0.06437776033280374,0.3984878752530218,0.3009567449772483,0.3984878752530218,19659,11.145022635942825,85.89450124624854,0.0,79.07828475507401,Stat6,STAT6,Q286R,Q286R,targeting guide,Missense,0.7546789020324368,0.4832590647905769,1.0,0.9999614030704774,0.9999614030704774,0.1789993663359727,0.9030403717392088,0.8440919074085013,0.9999998371229615,0.8440919074085013
gRNA_12064,STAT6,0.27904202755867635,0.33973702671855216,0.36161286101562634,0.3267973050976183,0.33973702671855216,861.6888361596388,-0.2784378357107686,-0.23909158914326584,-0.08753057289520286,-0.2016866659164124,-0.23909158914326584,31609,0.0094909677623461,44.38925622449303,0.003163655920782,90.06612040874434,Stat6,STAT6,Q286R,Q286R,targeting guide,Missense,0.5624329308070339,0.7384020924613226,1.0,0.9999614030704774,0.9999614030704774,0.8487043624194215,0.39913775320325556,1.0,0.9999998371229615,0.9999998371229615
gRNA_12065,STAT6,-0.2000826719409405,0.3004379649049969,0.13844781950763388,0.07960103749056342,0.13844781950763388,641.3291355426279,-0.33184823632488286,0.11954221328439985,0.150234838621721,-0.02069039480625401,0.11954221328439985,21794,0.775442782417179,16.34394787556208,0.0045884188308708,93.06689914655408,Stat6,STAT6,D419G,D419G,targeting guide,Missense,0.7311329748368708,0.536955464405835,1.0,0.9999614030704774,0.9999614030704774,0.7011226186733026,0.5573655342889212,1.0,0.9999998371229615,0.9999998371229615
gRNA_12079,STK11,0.17470548607402747,0.29575196473714604,0.2891634717822017,0.25320697419779176,0.2891634717822017,846.3869256396007,-0.5938548312128378,-0.4018099727797781,-0.3357732498097578,-0.44381268460079126,-0.4018099727797781,32542,0.3441706102882428,68.69583922315776,0.0092188556327207,89.29998156228874,Stk11,STK11,Non-coding,,targeting guide,Intron,0.6141179998344495,0.6936744127766639,1.0,0.9999614030704774,0.9999614030704774,0.9385905034376205,0.22164423724879165,1.0,0.9999998371229615,0.9999998371229615
gRNA_12080,STK11,0.29665021391999186,0.7176675880902843,0.5952908753938102,0.5365362258013621,0.5952908753938102,462.6915193496484,0.41868039748420455,0.22151743287800563,0.34637367047105777,0.3288571669444227,0.34637367047105777,19578,21.360711002145266,84.24762488507508,0.740627234651139,65.70129737460415,Stk11,STK11,Non-coding,,targeting guide,Intron,0.14740670630077357,0.9346359569571607,1.0,0.9999614030704774,0.9999614030704774,0.2151032172649107,0.9334568413867718,0.9318825666633492,0.9999998371229615,0.9318825666633492
gRNA_12081,STK11,0.15719558447003246,0.13849016363773214,0.289193736336308,0.19495982814802418,0.15719558447003246,1687.6859230254736,0.18969523202708313,-0.0861587073712967,-0.18679118409048812,-0.027751553144900562,-0.0861587073712967,57153,0.0244956520217661,78.58205168582577,0.0297447203121445,95.270589470369,Stk11,STK11,Non-coding,,targeting guide,Intron,0.653382792616338,0.6555454608125262,1.0,0.9999614030704774,0.9999614030704774,0.6838724333015442,0.5830911246696917,1.0,0.9999998371229615,0.9999998371229615
gRNA_12151,SUZ12,-0.4090163298062369,-0.06137371647318509,-0.08210541839825015,-0.1841651548925574,-0.08210541839825015,980.5390364717613,-0.260832017944514,-0.2578709383467044,-0.20318979017421454,-0.24063091548847768,-0.2578709383467044,29111,35.873037683349935,60.11816838995568,0.0034351276149908,32.503177493043864,Suz12,SUZ12,E612G,E610G,targeting guide,Missense,0.8740658686059969,0.3602541473343808,1.0,0.9999614030704774,0.9999614030704774,0.8758827466502731,0.3598052582179033,1.0,0.9999998371229615,0.9999998371229615
gRNA_12164,SYK,0.20681888260511144,0.06436040245503091,0.2163251790028908,0.16250148802101105,0.20681888260511144,724.2266733212975,0.6048116828097856,0.6134038166213822,0.6914615500187025,0.63655901648329,0.6134038166213822,27677,0.1589767677132637,81.53340318676156,0.0,99.71095133143044,Syk,SYK,N451S,N457S,targeting guide,Missense,0.6886513504860243,0.6132066013172308,1.0,0.9999614030704774,0.9999614030704774,0.01042374756693929,0.9989280239123199,0.17426608815734748,0.9999998371229615,0.17426608815734748
gRNA_12197,TBL1XR1,0.44503427785600297,0.35463363250000085,0.22068633354660347,0.34011808130086907,0.35463363250000085,559.7311352308892,0.011432579246180102,-0.11903504227564932,0.12960392344755886,0.007333820139363216,0.011432579246180102,25544,22.22439711869715,44.93031631694331,0.1331036642655809,57.38333855308488,Tbl1xr1,TBL1XR1,D370G,D370G,targeting guide,Missense,0.471812554039301,0.7871645582915011,1.0,0.9999614030704774,0.9999614030704774,0.714359645653634,0.5814136784114534,1.0,0.9999998371229615,0.9999998371229615
gRNA_12203,TBX3,-0.14264046869317032,-0.3995602759886549,-0.13064451740570057,-0.22428175402917527,-0.14264046869317032,1488.4933458366943,-0.07586499091976542,0.24039993196599577,-0.0033520713954365094,0.05372762321693128,-0.0033520713954365094,44879,56.27353550658437,66.9645045566969,0.1827135185721607,18.64791996256601,Tbx3,TBX3,Y284C,Y284C,targeting guide,Missense,0.8922767419792375,0.328308158470026,1.0,0.9999614030704774,0.9999614030704774,0.612784039493887,0.6493274447662489,1.0,0.9999998371229615,0.9999998371229615
gRNA_12243,TBX3,0.533492554620184,0.2511775850899936,0.06436929067377567,0.28301314346131773,0.2511775850899936,519.4511454106846,0.06592343938678244,-0.15771267844094392,0.16914277133377859,0.02578451075987237,0.06592343938678244,19906,0.0251180548578318,0.070330553601929,0.0050236109715663,22.85240630965538,Tbx3,TBX3,N297S,N297S,targeting guide,Missense,0.4731009072785547,0.7361469366478486,1.0,0.9999614030704774,0.9999614030704774,0.6925926287935755,0.5965610858416532,1.0,0.9999998371229615,0.9999998371229615
gRNA_12244,TBX3,0.6651905612444187,0.8245949133289389,0.415713256199998,0.6351662435911184,0.6651905612444187,625.0262119496431,-0.19718347406597672,-0.058334786363091785,0.00930554980305575,-0.08207090354200425,-0.058334786363091785,32720,0.5042787286063569,1.894865525672372,0.4187041564792176,40.47982885085575,Tbx3,TBX3,N297S,N297S,targeting guide,Missense,0.08635902422401175,0.9713083788736844,1.0,0.9999614030704774,0.9999614030704774,0.7987978825330545,0.4799977703617806,1.0,0.9999998371229615,0.9999998371229615
gRNA_12270,TCF3,-0.49370489781380994,-0.6734839409482154,-0.542606848054646,-0.5699318956055571,-0.542606848054646,1370.7183007529404,-0.5344293576661581,-0.6196386665507712,-0.5443171585576992,-0.5661283942582095,-0.5443171585576992,24017,37.50260232335429,71.08298288712163,0.0374734563017862,41.77041262439106,Tcf3,TCF3,Y187C,Y185C,targeting guide,Missense,0.9262201743686791,0.2563814197306333,1.0,0.9999614030704774,0.9999614030704774,0.9641838485349592,0.1566495677761327,1.0,0.9999998371229615,0.9999998371229615
gRNA_12271,TCF3,0.5881541431330028,0.624424063590597,0.6454592366018029,0.6193458144418008,0.624424063590597,855.4489461523525,0.718633325625333,0.6548008962460657,0.5406347314436359,0.6380229844383448,0.6548008962460657,45257,63.992310581788445,85.03656892856354,0.0,26.60582893254082,Tcf3,TCF3,Y187C,Y185C,targeting guide,Missense,0.09367067282580553,0.9820640982928074,1.0,0.9999614030704774,0.9999614030704774,0.009364044370917732,0.999032449744653,0.16425454880134385,0.9999998371229615,0.16425454880134385
gRNA_12272,TCF3,0.6761937925005885,1.0769036075093201,1.0957273408141632,0.9496082469413573,1.0769036075093201,666.6532349896546,0.8374494947652895,0.36937402927812524,0.4839667763334504,0.5635967667922884,0.4839667763334504,40131,50.6291894046996,86.51665794522937,0.0,37.7712989957888,Tcf3,TCF3,Y187C,Y185C,targeting guide,Missense,0.011563787584523842,0.9981378294617469,0.5971932097534918,0.9999614030704774,0.5971932097534918,0.010586257691801482,0.9933873043550453,0.17426608815734748,0.9999998371229615,0.17426608815734748
gRNA_12369,TET2,-0.06767976529960558,-0.13811015038558663,0.12250948839410654,-0.027760142430361897,-0.06767976529960558,951.6301347845723,-0.04517596679897903,-0.108264964534185,-0.03957766044341841,-0.06433953059219415,-0.04517596679897903,25983,0.981410922526267,75.74567986760574,0.0654273948350844,87.36096678597545,Tet2,TET2,I1795T,I1873T,targeting guide,Missense,0.8321321185577928,0.42672729090161277,1.0,0.9999614030704774,0.9999614030704774,0.767897099491191,0.5266697773660167,1.0,0.9999998371229615,0.9999998371229615
gRNA_12370,TET2,0.1438766281292874,0.03454514190919067,-0.06406313233405263,0.03811954590147514,0.03454514190919067,1651.2036610330981,0.2096679344778334,0.3507020026067138,0.19631296610211174,0.25222763439555296,0.2096679344778334,52679,0.5467074166176276,2.560792725754096,0.3265058182577497,63.77304049051804,Tet2,TET2,I1795T,I1873T,targeting guide,Missense,0.7716262615270418,0.5101753374206519,1.0,0.9999614030704774,0.9999614030704774,0.33852288479217857,0.8807329753661828,1.0,0.9999998371229615,0.9999998371229615
gRNA_12383,TET2,0.7149395449886229,0.8904054828580072,0.5978607371951312,0.734401921680587,0.7149395449886229,464.7955320461536,0.4684138868151411,-0.3596319005075611,0.24867690991027186,0.11915296540595062,0.24867690991027186,25821,55.044343751210256,90.62778358700282,0.0658378838929553,37.29522481700941,Tet2,TET2,Y1215C,Y1294C,targeting guide,Missense,0.038286322609642466,0.993594324781713,0.7288141578134111,0.9999614030704774,0.7288141578134111,0.2954020361746218,0.7513393422992571,1.0,0.9999998371229615,0.9999998371229615
gRNA_12386,TET2,0.43352884794696595,-0.0862326503432519,0.3667537264306725,0.2380166413447955,0.3667537264306725,754.3586987430627,-0.08548820748078573,0.06238070506430476,0.08729503051040277,0.021395842697973937,0.06238070506430476,23045,18.064656107615534,51.2909524842699,0.008678672163159,65.05966587112172,Tet2,TET2,S1820P,S1898P,targeting guide,Missense,0.5425075871731697,0.692030465154422,1.0,0.9999614030704774,0.9999614030704774,0.7202870138868567,0.5829724548887214,1.0,0.9999998371229615,0.9999998371229615
gRNA_12394,TGFBR1,0.3633525110023975,0.12215211496477944,0.07150522400027975,0.18566994998915223,0.12215211496477944,623.680369612548,0.5089542531310574,0.4045719609362696,0.40545521622067604,0.4396604767626677,0.40545521622067604,24270,0.0206015657189946,28.19530284301607,0.0,94.78780387309436,Tgfbr1,TGFBR1,T200A,T200A,targeting guide,Missense,0.6902205915739463,0.6015800866735534,1.0,0.9999614030704774,0.9999614030704774,0.07265753739329582,0.9852871589794612,0.4920478798153578,0.9999998371229615,0.4920478798153578
gRNA_12403,TGFBR1,-0.06141721553754853,-0.15338359522523476,-0.2739492825075912,-0.1629166977567915,-0.15338359522523476,1528.2783131887932,-0.19447621105493312,0.25103778532626625,-0.026745730175554525,0.009938614698592868,-0.026745730175554525,48023,8.597963475834495,14.253586822980656,0.7975345147117006,20.225725173354437,Tgfbr1,TGFBR1,D163G,D163G,targeting guide,Missense,0.8831883094878124,0.3449062635360797,1.0,0.9999614030704774,0.9999614030704774,0.6375538858779677,0.6021187766803346,1.0,0.9999998371229615,0.9999998371229615
gRNA_12483,TNFRSF14,-0.11839577499451591,0.1031786358967476,0.5344275401993475,0.17307013370052637,0.1031786358967476,1067.811192508558,0.17414818725121142,0.21847268573358875,0.09916267919542278,0.163927850726741,0.17414818725121142,36628,25.723490226056565,56.86906191984274,0.0245713661679589,46.46445342361035,Tnfrsf10b,TNFRSF14,M1T,M1T,targeting guide,Missense,0.5506845598222243,0.6277244038352403,1.0,0.9999614030704774,0.9999614030704774,0.5120870078508162,0.7720425299071845,1.0,0.9999998371229615,0.9999998371229615
gRNA_12498,TP53,0.2927363200309053,0.09060693353958323,-0.02301124990715361,0.1201106678877783,0.09060693353958323,1592.777453335457,0.2849131354487577,0.33062105352417076,0.20636675835827556,0.2739669824437347,0.2849131354487577,61132,4.30870902309756,9.721586076032192,0.0,68.45351043643264,Trp53,TP53,T250A,T253A,targeting guide,Missense,0.7477098563881583,0.5317729281556214,1.0,0.9999614030704774,0.9999614030704774,0.32119429211633116,0.8938513956712981,1.0,0.9999998371229615,0.9999998371229615
gRNA_12499,TP53,0.49554572745679865,0.5375034196772671,0.45160540087538703,0.4948848493364843,0.49554572745679865,83.7570275297592,0.69208651478928,0.11899447185127089,0.7880606833725619,0.5330472233377043,0.69208651478928,4280,74.1588785046729,88.9018691588785,0.0,15.58411214953271,Trp53,TP53,T250A,T253A,targeting guide,Missense,0.19767588317789941,0.9489386706808045,1.0,0.9999614030704774,0.9999614030704774,0.009805098924968862,0.9661618550850226,0.16921702983414003,0.9999998371229615,0.16921702983414003
gRNA_12500,TP53,-0.11914212512989152,-0.10324752984401162,-0.10329337018632327,-0.10856100838674214,-0.10329337018632327,2435.923449713178,0.2942876951549821,0.4545300759659528,0.34961637516293226,0.36614471542795574,0.34961637516293226,79504,64.07979472730932,72.78879050110686,0.0025155966995371,16.055795934795732,Trp53,TP53,T250A,T253A,targeting guide,Missense,0.8622721156949926,0.3848390645671823,1.0,0.9999614030704774,0.9999614030704774,0.15436497928197002,0.9545193996427458,0.7682350131707345,0.9999998371229615,0.7682350131707345
gRNA_12501,TP53,0.04668298534369613,0.037125412452415595,0.28134168142116617,0.12171669307242595,0.04668298534369613,1403.6315004109838,0.3022171608929511,0.28777621395226044,0.23353360005404206,0.2745089916330845,0.28777621395226044,49801,40.27027569727515,61.81201180699183,0.0863436477179173,40.09156442641714,Trp53,TP53,I251T,I254T,targeting guide,Missense,0.7285011948633058,0.5650797528403699,1.0,0.9999614030704774,0.9999614030704774,0.32370093126803,0.8948077196104984,1.0,0.9999998371229615,0.9999998371229615
gRNA_12502,TP53,-0.12886727727872627,-0.23314602570436882,-0.1659766967009827,-0.17599666656135926,-0.1659766967009827,1289.5673167715024,-0.050321157697680474,0.02124232815061416,-0.08814519025462571,-0.03907467326723067,-0.050321157697680474,40185,14.079880552444942,21.493094438223217,0.7390817469204928,54.736842105263165,Trp53,TP53,I251T,I254T,targeting guide,Missense,0.8868508075793214,0.3394149982019689,1.0,0.9999614030704774,0.9999614030704774,0.7640842161798728,0.5315716477523666,1.0,0.9999998371229615,0.9999998371229615
gRNA_12508,TP53,0.2697569861826107,0.44088095810597094,0.1384870245966136,0.28304165629506506,0.2697569861826107,789.5148248734595,0.8064315211632842,0.16048638092132564,0.4913829894823842,0.486100297188998,0.4913829894823842,34507,12.63511751238879,46.96438403802127,0.0028979627321992,69.22943170950822,Trp53,TP53,H190R,H193R,targeting guide,Missense,0.5087877410949297,0.7502893800198204,1.0,0.9999614030704774,0.9999614030704774,0.015524876979537706,0.9687273879914425,0.20764522960131684,0.9999998371229615,0.20764522960131684
gRNA_12509,TP53,0.0781096335599168,0.4376921850818063,0.08618547925453734,0.20066243263208683,0.08618547925453734,829.2672993413134,0.6579865484178791,0.3058832647190468,0.49668150449254056,0.48685043920982213,0.49668150449254056,32992,53.07044131910767,81.680407371484,0.2394519883608147,31.66222114451988,Trp53,TP53,H190R,H193R,targeting guide,Missense,0.5941197482213023,0.6453153147147566,1.0,0.9999614030704774,0.9999614030704774,0.04277628776628844,0.9846481821376187,0.35710987490277113,0.9999998371229615,0.35710987490277113
gRNA_12510,TP53,0.5746221073572801,0.745640297451126,0.4268195347010569,0.5823606465031543,0.5746221073572801,904.2791537737444,0.5326813302851487,0.3116800407303074,0.20232568157952757,0.34889568419832795,0.3116800407303074,47560,56.959629941127,73.6753574432296,0.0189234650967199,19.86543313708999,Trp53,TP53,H190R,H193R,targeting guide,Missense,0.11913372625598143,0.9645215725045125,1.0,0.9999614030704774,0.9999614030704774,0.16325132649473525,0.934217743682403,0.802448243127794,0.9999998371229615,0.802448243127794
gRNA_12521,TP53,0.31392006184788185,0.4303126898146588,0.4357748893728665,0.3933358803451357,0.4303126898146588,1360.5365492153142,0.6628969205609241,0.3616844057757884,0.4047804021843183,0.4764539095070102,0.4047804021843183,56370,36.05818697888948,76.54248713854888,0.9082845485187157,44.69043817633493,Trp53,TP53,I192T,I195T,targeting guide,Missense,0.3797210148283723,0.8548049146135707,1.0,0.9999614030704774,0.9999614030704774,0.0538492631039297,0.9836604435969055,0.3993062074019022,0.9999998371229615,0.3993062074019022
gRNA_12522,TP53,0.13033312088070861,-0.22787312223819217,0.41088320591196575,0.10444773485149406,0.13033312088070861,890.1759915753279,-0.1907426116215218,0.26636813554417677,0.14070704594039615,0.07211085662101703,0.14070704594039615,22762,0.1274053246639135,9.924435462613127,0.333889816360601,47.56611897021351,Trp53,TP53,I192T,I195T,targeting guide,Missense,0.6738517034397693,0.5700141966938785,1.0,0.9999614030704774,0.9999614030704774,0.5616853746687103,0.6811784411311375,1.0,0.9999998371229615,0.9999998371229615
gRNA_12523,TP53,0.4706468427546281,0.6731840992738387,0.49649634173382046,0.5467757612540957,0.49649634173382046,612.4589685645201,0.652438057308719,0.7914677092242259,0.659574823051199,0.701160196528048,0.659574823051199,28978,16.529781213334253,90.27883221754436,0.7108841189868176,77.36903858099248,Trp53,TP53,I192T,I195T,targeting guide,Missense,0.1381032747400232,0.9661753878474352,1.0,0.9999614030704774,0.9999614030704774,0.0022064906451100957,0.9996598919395672,0.07700745909529774,0.9999998371229615,0.07700745909529774
gRNA_12528,TP53,0.7427482988775247,0.9521130312825138,0.6545027915118966,0.7831213738906451,0.7427482988775247,298.1798664590559,0.6754014502606448,0.3971548090203753,0.38868115859443675,0.48707913929181895,0.3971548090203753,16856,14.718794494542005,64.27384907451352,0.4508780256288562,74.83981964878976,Trp53,TP53,Y217C,Y220C,targeting guide,Missense,0.029302026620428384,0.9954898693648373,0.696737077419075,0.9999614030704774,0.696737077419075,0.04592828878369635,0.9881073755844073,0.36949826314703077,0.9999998371229615,0.36949826314703077
gRNA_12529,TP53,0.5588137050984311,0.6884020672881922,0.49517204308581736,0.5807959384908136,0.5588137050984311,409.00731660851517,0.9983711905160185,0.416554403891618,0.43216769720978976,0.6156977638724754,0.43216769720978976,21958,19.956280171236,91.44275434921212,1.3070407140905365,74.72447399581019,Trp53,TP53,Y217C,Y220C,targeting guide,Missense,0.11327626206075689,0.9740494312540611,1.0,0.9999614030704774,0.9999614030704774,0.01121760473067247,0.9940179009480412,0.17839918651577077,0.9999998371229615,0.17839918651577077
gRNA_12530,TP53,0.21009866620557635,0.4753617910397797,0.3022851403185533,0.3292485325213031,0.3022851403185533,763.0919244080063,0.241839157160936,0.4731996863139011,0.39452595223641623,0.3698549319037511,0.39452595223641623,26767,26.211379683939175,37.673254380393765,1.696118354690477,25.479134755482495,Trp53,TP53,L341P,L344P,targeting guide,Missense,0.45790190981719925,0.7882237777322185,1.0,0.9999614030704774,0.9999614030704774,0.11973322669952839,0.9662038010650311,0.6707568197303423,0.9999998371229615,0.6707568197303423
gRNA_12534,TP53,-0.13898000384885442,-0.7537816917987247,-0.175627692648468,-0.3561297960986824,-0.175627692648468,1872.2301696449501,-0.5434850774954345,0.22613171650528818,-0.06467830160642025,-0.12734388753218887,-0.06467830160642025,45569,0.1163071386249424,78.20887006517589,0.3796440562663214,96.6753714147776,Trp53,TP53,N236S,N239S,targeting guide,Missense,0.9077037218870961,0.292309893080505,1.0,0.9999614030704774,0.9999614030704774,0.7199720261068072,0.45728347956132176,1.0,0.9999998371229615,0.9999998371229615
gRNA_12535,TP53,0.1187468444320659,0.22887007779455704,0.263753425723601,0.203790115983408,0.22887007779455704,712.9650302894987,0.11278500115477129,0.05718871525537334,-0.07878476914172453,0.030396315756140036,0.05718871525537334,25729,0.0544133079404562,51.08632282638268,0.0,98.5930273232539,Trp53,TP53,N236S,N239S,targeting guide,Missense,0.6629095478417126,0.6418034444875913,1.0,0.9999614030704774,0.9999614030704774,0.7032816428481836,0.5981735963018708,1.0,0.9999998371229615,0.9999998371229615
gRNA_12536,TP53,0.423874777238318,0.5664847081025168,0.4562376781707597,0.48219905450386485,0.4562376781707597,467.1545765846595,0.2718326194018931,0.2706606869964952,0.3707446476336588,0.3044126513440157,0.2718326194018931,15017,0.0266364786575214,84.13131783978159,0.0932276753013251,98.47506159685688,Trp53,TP53,N236S,N239S,targeting guide,Missense,0.24707491243604143,0.927683029915731,1.0,0.9999614030704774,0.9999614030704774,0.2542114797540643,0.9244774316969168,1.0,0.9999998371229615,0.9999998371229615
gRNA_12537,TP53,0.2458666327717903,0.28797572885713735,0.6518251837591891,0.39522251512937223,0.28797572885713735,306.3616310875056,0.5919786504600237,0.16585181076275066,0.05478053612782353,0.2708703324501993,0.16585181076275066,10283,0.7099095594670816,25.060779928036563,0.5737625206651755,90.09044053291842,Trp53,TP53,N236S,N239S,targeting guide,Missense,0.33531712371404493,0.8244617337497354,1.0,0.9999614030704774,0.9999614030704774,0.22813423296741844,0.8233744211253432,0.9648364793483705,0.9999998371229615,0.9648364793483705
gRNA_12538,TP53,0.3497853339274802,0.23194246757648845,0.5882373986010847,0.3899884000350178,0.3497853339274802,411.81548629863516,-0.017955935480314027,0.20574488297612684,0.5768916273680684,0.2548935249546271,0.20574488297612684,14324,0.6702038536721586,40.31695057246579,0.0069812901424183,95.70650656241271,Trp53,TP53,N236S,N239S,targeting guide,Missense,0.37689525777587735,0.8261978631111921,1.0,0.9999614030704774,0.9999614030704774,0.20877363009706112,0.8390272062908861,0.9135761494433415,0.9999998371229615,0.9135761494433415
gRNA_12547,TP53,0.3650428599926087,0.5384387570407504,0.3794752060631741,0.42765227436551106,0.3794752060631741,528.3622186648114,0.36901865083794033,0.15728467951852013,0.22613172377161359,0.25081168470935805,0.22613172377161359,22285,30.159299977563386,50.5137985191833,0.7628449629795826,34.03185999551268,Trp53,TP53,S212G,S215G,targeting guide,Missense,0.36567065642962426,0.8522835049863116,1.0,0.9999614030704774,0.9999614030704774,0.34059224256309584,0.8684954564041024,1.0,0.9999998371229615,0.9999998371229615
gRNA_12548,TP53,0.32505343006324294,0.780970087932649,0.5610688528271426,0.5556974569410115,0.5610688528271426,565.0230459524024,0.6559953161278497,0.6960155563365678,0.45264645753039573,0.6015524433316044,0.6559953161278497,29946,26.70807453416149,93.7888198757764,0.5309557202965337,70.17297802711548,Trp53,TP53,H176R,H179R,targeting guide,Missense,0.14679389061646833,0.9342256069384138,1.0,0.9999614030704774,0.9999614030704774,0.012517407113228662,0.9983146251412093,0.18602257793270371,0.9999998371229615,0.18602257793270371
gRNA_12549,TP53,0.252592598125637,0.4261705225832526,0.3291691161441251,0.3359774122843382,0.3291691161441251,1425.5642388230383,0.48743501014776236,0.4946614914325949,0.5383872533471329,0.5068279183091634,0.4946614914325949,62846,32.99334882092735,75.89504503070998,0.1463895872450116,50.96903541991536,Trp53,TP53,H176R,H179R,targeting guide,Missense,0.4873091389433527,0.784621488675964,1.0,0.9999614030704774,0.9999614030704774,0.028916293784291777,0.9962769456298171,0.28385719586414865,0.9999998371229615,0.28385719586414865
gRNA_12556,TP53,-0.1919279174287012,-0.19420134711007575,0.06555774826402104,-0.1068571720915853,-0.1919279174287012,1217.8102106968026,0.06847811916531647,0.06564489945842877,0.27078721426637853,0.13497007763004126,0.06847811916531647,36434,0.0137234451336663,55.23412197398034,0.1921282318713289,97.10984245484988,Trp53,TP53,L249P,L252P,targeting guide,Missense,0.8636049335008469,0.3736171004686282,1.0,0.9999614030704774,0.9999614030704774,0.5499173951216034,0.7160456920657663,1.0,0.9999998371229615,0.9999998371229615
gRNA_12557,TP53,-0.035651646464830516,0.08264708457984395,0.32807782331850044,0.12502442047783796,0.08264708457984395,1030.0736098405566,0.3454288178227118,0.21173485768964048,0.3234791318327616,0.29354760244837125,0.3234791318327616,36489,0.0986598700978377,26.506618432952397,0.087697662309189,94.41475513168352,Trp53,TP53,K117R,K120R,targeting guide,Missense,0.7316048979202077,0.5444101494368201,1.0,0.9999614030704774,0.9999614030704774,0.30996396251647074,0.8988630614271982,1.0,0.9999998371229615,0.9999998371229615
gRNA_12558,TP53,-0.6473867986810262,-0.4043362981922622,-0.3074181006816675,-0.45304706585165205,-0.4043362981922622,1925.926787873146,-0.4370300006766412,-0.19009953569368707,-0.28838499798316297,-0.3051715114511638,-0.28838499798316297,45185,0.3651654310058648,81.58459665818303,0.420493526612814,96.77326546420272,Trp53,TP53,K117R,K120R,targeting guide,Missense,0.9170426719841283,0.2767888554791736,1.0,0.9999614030704774,0.9999614030704774,0.8908163357121566,0.3255733876106437,1.0,0.9999998371229615,0.9999998371229615
gRNA_12560,TP53,-0.029904395283229333,0.027106349536039482,0.08932261681394114,0.028841523688917098,0.027106349536039482,1165.6893397303825,-0.13436703612373296,0.2921312922500591,0.550600503276865,0.2361215864677304,0.2921312922500591,41758,0.9626897839934864,75.16643517409838,0.0,93.0001436850424,Trp53,TP53,V271A,V274A,targeting guide,Missense,0.809490742298593,0.46644395417116213,1.0,0.9999614030704774,0.9999614030704774,0.20881292090202572,0.8447040536494359,0.9135761494433415,0.9999998371229615,0.9135761494433415
gRNA_12561,TP53,-0.014107518218510905,0.026381953376409244,0.21451084313777166,0.07559509276522333,0.026381953376409244,1352.4976160898568,0.6527453010543691,0.5458588130875598,0.6391752421498871,0.6125931187639386,0.6391752421498871,42126,0.0,8.156482932155914,0.0,94.98884299482503,Trp53,TP53,V271A,V274A,targeting guide,Missense,0.7580016237404881,0.5262066525332569,1.0,0.9999614030704774,0.9999614030704774,0.01484479708344941,0.998403433074584,0.20764522960131684,0.9999998371229615,0.20764522960131684
gRNA_12562,TP53,0.11115201887019818,-0.010381434162502607,0.08007071030279218,0.06028043167016259,0.08007071030279218,2017.8655800313547,0.1338661366181836,0.3506674770867209,0.2841315433183025,0.25622171900773566,0.2841315433183025,72962,71.97582303116691,88.16233107645076,0.1466516816973218,18.900249444916533,Trp53,TP53,C239R,C242R,targeting guide,Missense,0.7951424949546243,0.48658377872226743,1.0,0.9999614030704774,0.9999614030704774,0.3490323685386621,0.8641562976254415,1.0,0.9999998371229615,0.9999998371229615
gRNA_12567,TP53,-0.4177486296158974,-0.20271631907903878,-0.34856797898132563,-0.32301097589208727,-0.34856797898132563,949.9937818588825,-0.2674098047176782,-0.6309331023390308,-0.5827208188830524,-0.4936879086465871,-0.5827208188830524,22401,23.79804473014597,55.58234007410383,0.4508727288960314,52.122673094951125,Trp53,TP53,Non-coding,,targeting guide,Intron,0.9073437663842359,0.2985277038094205,1.0,0.9999614030704774,0.9999614030704774,0.9453819587976803,0.1968759956062679,1.0,0.9999998371229615,0.9999998371229615
gRNA_12576,TP53,0.02427052448724949,-0.024710025221942246,0.18593255644137774,0.061831018568894995,0.02427052448724949,1540.2682912200594,0.38439587830142086,0.4309654050568396,0.3286593197088202,0.38134020102236016,0.38439587830142086,55213,42.50991614293736,88.29804575009508,0.0833137123503522,50.93909043160125,Trp53,TP53,I252T,I255T,targeting guide,Missense,0.7708146297041677,0.5091532013504019,1.0,0.9999614030704774,0.9999614030704774,0.14234155784490132,0.9653575688136428,0.7336684317157108,0.9999998371229615,0.7336684317157108
gRNA_12577,TP53,-0.06858960095176504,-0.21387256703095917,-0.048379467082498843,-0.11028054502174102,-0.06858960095176504,1137.6970471648237,0.0958350823898332,0.2836198276296718,0.17092877057346426,0.1834612268643231,0.17092877057346426,32847,34.08834901208634,89.82555484519135,0.0700216153682223,60.18205619995738,Trp53,TP53,I252T,I255T,targeting guide,Missense,0.8686928077040157,0.37164699539307594,1.0,0.9999614030704774,0.9999614030704774,0.48630671153032534,0.7802361064023402,1.0,0.9999998371229615,0.9999998371229615
gRNA_12578,TP53,0.7346789549077614,0.873190241191376,0.882238655696206,0.8300359505984477,0.873190241191376,121.99920145977227,0.2018997687752417,-0.3830636049557557,-0.40607196288877523,-0.19574526635642975,-0.3830636049557557,5796,35.97308488612836,42.16701173222913,0.0345065562456866,24.77570738440304,Trp53,TP53,M243T,M246T,targeting guide,Missense,0.018768435760005885,0.9978102041765392,0.6275695707251967,0.9999614030704774,0.6275695707251967,0.7807601093044657,0.3967854746020675,1.0,0.9999998371229615,0.9999998371229615
gRNA_12579,TP53,0.2451288246131471,0.8205282978689998,0.7655280455406056,0.6103950560075843,0.7655280455406056,183.63516166076002,0.9795300889894186,0.6028750260735404,0.40078566195487775,0.6610635923392789,0.6028750260735404,10139,69.19814577374494,92.75076437518491,1.4991616530229803,21.51099713975737,Trp53,TP53,M243T,M246T,targeting guide,Missense,0.07708931985053892,0.9502402790335268,1.0,0.9999614030704774,0.9999614030704774,0.006601109853739268,0.9967541935035406,0.1332676895000192,0.9999998371229615,0.1332676895000192
gRNA_12580,TP53,-0.5294854464379393,-0.3209630943994446,-0.3900523571536962,-0.41350029933036003,-0.3900523571536962,932.1151110041219,0.14933845428682102,-0.33192906997468236,-0.14158719668958844,-0.10805927079248327,-0.14158719668958844,23452,83.52805730854512,96.0088691796009,0.2814258911819887,13.022343510148389,Trp53,TP53,M243T,M246T,targeting guide,Missense,0.9119916773962078,0.28866901797769057,1.0,0.9999614030704774,0.9999614030704774,0.7660795221201564,0.48596550700001606,1.0,0.9999998371229615,0.9999998371229615
gRNA_12581,TP53,-0.4948430464223077,0.1647832108676609,-0.1057893088967081,-0.14528304815045165,-0.1057893088967081,95.97993615791286,0.8999340591324404,1.1793049281649846,0.9516846762083949,1.0103078878352731,0.9516846762083949,795,40.25157232704403,73.45911949685534,4.40251572327044,36.72955974842767,Trp53,TP53,C138R,C141R,targeting guide,Missense,0.8197818019901126,0.4215787726275668,1.0,0.9999614030704774,0.9999614030704774,1.8903053140666233e-06,0.9999987066624314,0.0003371044476752145,0.9999998371229615,0.0003371044476752145
gRNA_12582,TP53,-0.5202463971489291,0.13422158858689026,-0.011998788765839274,-0.13267453244262603,-0.011998788765839274,280.2162363981955,0.0022309221114945287,-0.46279925915231157,-0.2115150289379078,-0.22402778865957496,-0.2115150289379078,4728,16.137901861252114,38.47292724196277,0.0,50.867174280879865,Trp53,TP53,C138R,C141R,targeting guide,Missense,0.8264355369218762,0.4200741818008939,1.0,0.9999614030704774,0.9999614030704774,0.8585360622681482,0.3736964325498423,1.0,0.9999998371229615,0.9999998371229615
gRNA_12583,TP53,-0.21860281128185552,-0.5707098627526426,-0.44107261024466277,-0.41012842809305367,-0.44107261024466277,1025.3266221045342,0.0018549530439879117,-0.23236378415268702,-0.06744129410091582,-0.09931670840320499,-0.06744129410091582,23766,32.29403349322561,44.92973154927207,0.0,24.82117310443491,Trp53,TP53,L254P,L257P,targeting guide,Missense,0.9098574892102402,0.29298475521863404,1.0,0.9999614030704774,0.9999614030704774,0.8055031676579999,0.46784605906346344,1.0,0.9999998371229615,0.9999998371229615
gRNA_12584,TP53,-0.3252382164965731,-0.44354883036938747,-0.3588119525476316,-0.37586633313786405,-0.3588119525476316,992.9027188689643,-0.2724923624596249,-0.024085941910735383,-0.2971330832356881,-0.19790379586868279,-0.2724923624596249,25472,56.91347361809045,73.66912688442211,0.0196293969849246,22.216551507537687,Trp53,TP53,L254P,L257P,targeting guide,Missense,0.9095029143881462,0.29414929017138214,1.0,0.9999614030704774,0.9999614030704774,0.8487043624194215,0.39913775320325556,1.0,0.9999998371229615,0.9999998371229615
gRNA_12585,TP53,0.29356480722727396,0.2436992974352776,0.3470677993385361,0.2947773013336959,0.29356480722727396,640.238233592168,0.4386555655998629,0.25139015408739446,0.262648706074428,0.31756480858722846,0.262648706074428,27230,0.1615864854939405,12.486228424531769,0.1065001836210062,90.58024237972823,Trp53,TP53,E255G,E258G,targeting guide,Missense,0.5840627810224404,0.7206177553364783,1.0,0.9999614030704774,0.9999614030704774,0.18405566666264767,0.9411415835552317,0.8488774281423836,0.9999998371229615,0.8488774281423836
gRNA_12586,TP53,-0.04564151920991477,-0.0555395807052843,-0.0426066954397792,-0.04792926511832609,-0.04564151920991477,866.903416632182,-0.12009134946427451,-0.1645079395579373,-0.115349594455439,-0.13331629449255028,-0.12009134946427451,27334,12.800907294944023,30.58827833467476,0.058535157679081,54.09746103753567,Trp53,TP53,E255G,E258G,targeting guide,Missense,0.8532390121621727,0.40033378276856346,1.0,0.9999614030704774,0.9999614030704774,0.7964422498878101,0.48678393299437606,1.0,0.9999998371229615,0.9999998371229615
gRNA_12587,TP53,-0.03557671236596559,-0.03379365609406473,-0.1289889708761677,-0.06611977977873267,-0.03557671236596559,460.1182004384456,0.0715165068457885,-0.0036003121393582173,-0.6134853438866401,-0.18185638306006993,-0.0036003121393582173,14010,22.362598144182726,68.52248394004282,0.0,64.09707351891505,Trp53,TP53,E255G,E258G,targeting guide,Missense,0.8597621621473849,0.38888825926483006,1.0,0.9999614030704774,0.9999614030704774,0.819967728933339,0.39239361689429997,1.0,0.9999998371229615,0.9999998371229615
gRNA_12588,TP53,0.18246258505834856,0.2907748628551005,0.046199208232253576,0.17314555204856755,0.18246258505834856,926.0125250256012,-0.2358057682549437,0.39658411772221025,0.34654031773860483,0.16910622240195713,0.34654031773860483,32440,11.827990135635018,66.42108508014798,0.0,73.67447595561035,Trp53,TP53,Non-coding,,targeting guide,Intron,0.6834684416473913,0.6177364643805907,1.0,0.9999614030704774,0.9999614030704774,0.3403341405868294,0.7723779934082813,1.0,0.9999998371229615,0.9999998371229615
gRNA_12589,TP53,0.18637600274880176,0.6293362525849064,0.680669639943418,0.4987939650923754,0.6293362525849064,216.64720956336802,-0.03696918537106923,0.351337133404092,0.2685851760627243,0.1943177080319157,0.2685851760627243,7410,32.29419703103913,49.500674763832656,0.3238866396761133,47.28744939271255,Trp53,TP53,Non-coding,,targeting guide,Intron,0.16869425174677288,0.9185348943455621,1.0,0.9999614030704774,0.9999614030704774,0.39375384014468867,0.8077972633238643,1.0,0.9999998371229615,0.9999998371229615
gRNA_12590,TP53,0.23519072438739053,0.40627565847374775,0.17700048076979108,0.27282228787697643,0.23519072438739053,1055.0667303566186,0.6343778109516014,0.15873062903094154,0.12980783241097343,0.3076387574645055,0.15873062903094154,43969,12.179035229366145,15.45861857217585,0.0022743296413382,37.20348427301053,Trp53,TP53,V140A,V143A,targeting guide,Missense,0.5564059671951032,0.7346631211113763,1.0,0.9999614030704774,0.9999614030704774,0.2049663240998714,0.8647455178809258,0.9135761494433415,0.9999998371229615,0.9135761494433415
gRNA_12591,TP53,0.5118045542268914,0.5031761512972863,0.8290028456694314,0.614661183731203,0.5118045542268914,248.01846634561556,0.02476934514985078,0.1975336632247003,0.15172387574773777,0.12467562804076295,0.15172387574773777,9727,49.68643980672356,72.9104554333299,0.0,32.06538501079469,Trp53,TP53,D278G,D281G,targeting guide,Missense,0.08620731665365088,0.9783680992612073,1.0,0.9999614030704774,0.9999614030704774,0.5763831344923205,0.7077961156885789,1.0,0.9999998371229615,0.9999998371229615
gRNA_12592,TP53,-0.003365382741746246,0.11759473432832993,-0.06656100023319192,0.015889450451130587,-0.003365382741746246,514.7180151177776,-0.007616267748203517,-0.14373006084859868,-0.41632411691689336,-0.18922348183789853,-0.14373006084859868,16454,0.4315060167740367,13.899355779749603,0.0060775495320286,87.30399902759207,Trp53,TP53,D278G,D281G,targeting guide,Missense,0.8178818448253761,0.4518997217973175,1.0,0.9999614030704774,0.9999614030704774,0.8454568124817644,0.39383560450461436,1.0,0.9999998371229615,0.9999998371229615
gRNA_12595,TP53,-0.5420605545654975,-0.5894889730819897,-0.6518969388973597,-0.594482155514949,-0.5894889730819897,1304.7793384140273,-0.28734088806364944,-0.6508900214649809,-0.8322886460104061,-0.5901731851796788,-0.6508900214649809,27617,32.96882355071152,87.48958974544665,0.206394612014339,57.855668609914176,Trp53,TP53,C235R,C238R,targeting guide,Missense,0.9241717795922385,0.2614976630593399,1.0,0.9999614030704774,0.9999614030704774,0.9552533286237953,0.1616264695568994,1.0,0.9999998371229615,0.9999998371229615
gRNA_12596,TP53,-0.5105392715741476,-0.38388605002397286,-0.4496270315908884,-0.4480174510630029,-0.4496270315908884,1638.197037091066,-0.12456952393005166,0.2109734230720104,0.10105956833583132,0.062487822492596684,0.10105956833583132,44091,4.116486357760087,90.92558572044182,0.1542264861309564,89.63280488081467,Trp53,TP53,C235R,C238R,targeting guide,Missense,0.9144829929956938,0.28343357087665433,1.0,0.9999614030704774,0.9999614030704774,0.5999394787373507,0.6809288382449654,1.0,0.9999998371229615,0.9999998371229615
gRNA_12597,TP53,0.7092901567948515,1.2088201093864288,1.1503261324991212,1.0228121328934672,1.1503261324991212,394.9671117304202,0.90524239040685,0.7854259383593117,0.7945012945896839,0.8283898744519486,0.7945012945896839,23808,2.121135752688172,20.593918010752688,0.0042002688172043,94.27923387096774,Trp53,TP53,Non-coding,,targeting guide,Intron,0.006537352870273092,0.9990806401517138,0.5367727500444819,0.9999614030704774,0.5367727500444819,0.00011022105140035869,0.9999956673926786,0.006937442646963753,0.9999998371229615,0.006937442646963753
gRNA_12598,TP53,0.44054437926314105,0.7723981773425129,0.27964546374425486,0.4975293401166363,0.44054437926314105,677.5107168995501,0.7539250686931709,0.4505890898500962,0.36874085934701817,0.5244183392967617,0.4505890898500962,34493,32.18624068651611,83.55898298205433,0.6001217638361407,57.80013336039196,Trp53,TP53,Y123H,Y126H,targeting guide,Missense,0.18282717421362835,0.9062781775431477,1.0,0.9999614030704774,0.9999614030704774,0.02499458199380924,0.9919103642013383,0.25731929454635427,0.9999998371229615,0.25731929454635427
gRNA_12599,TP53,-0.3051442336995688,-0.27452323472343,-0.09813513126522622,-0.225934199896075,-0.27452323472343,744.8842525233488,-0.04843947000881576,0.20747244334261414,0.012232761283334555,0.05708857820571098,0.012232761283334555,18429,43.100548049270174,89.32660480764014,0.4937869661945846,48.326007922296384,Trp53,TP53,Y123H,Y126H,targeting guide,Missense,0.8882445403653167,0.3347209926789577,1.0,0.9999614030704774,0.9999614030704774,0.6425930775183699,0.6338073489935669,1.0,0.9999998371229615,0.9999998371229615
gRNA_12600,TP53,-0.014512290865136925,0.21089296755512119,0.10795480079520887,0.10144515916173104,0.10795480079520887,691.6924422555295,0.48465552780221244,0.26732338588825694,0.16849137360628857,0.3068234290989193,0.26732338588825694,24813,2.438238020392536,75.53298674082134,0.0,85.34236085922701,Trp53,TP53,Y123H,Y126H,targeting guide,Missense,0.7547990266924516,0.5305436381410777,1.0,0.9999614030704774,0.9999614030704774,0.2052441390092383,0.910393958551831,0.9135761494433415,0.9999998371229615,0.9135761494433415
gRNA_12601,TP53,0.6611392885822531,0.9154285023704398,0.8396810597269193,0.8054162835598708,0.8396810597269193,454.5942583661283,0.8008827987533002,0.7844516388026842,0.5108228391045119,0.6987190922201654,0.7844516388026842,27902,3.834850548347789,84.0513224858433,0.0071679449501827,88.55637588703318,Trp53,TP53,I248T,I251T,targeting guide,Missense,0.02777824212738273,0.9958702875019857,0.6926320670606634,0.9999614030704774,0.6926320670606634,0.0011965380021766892,0.9997204037469372,0.0492421408588099,0.9999998371229615,0.0492421408588099
gRNA_12602,TP53,0.28464095558386115,0.4244916503167709,0.2001388042069068,0.30309047003584627,0.28464095558386115,1036.1306160880717,0.7893962449718945,0.7097382695969221,0.6060761860397194,0.7017369002028454,0.7097382695969221,44561,2.596440833913063,27.777653104732835,0.2850025807320303,88.70985839635556,Trp53,TP53,L262P,L265P,targeting guide,Missense,0.5199447268849562,0.7543378930965821,1.0,0.9999614030704774,0.9999614030704774,0.0021279006696217012,0.9996594817962265,0.07700745909529774,0.9999998371229615,0.07700745909529774
gRNA_12604,TP53,-0.4675234516577121,-0.16211409823181122,-0.5371133475332444,-0.3889169658075892,-0.4675234516577121,892.1759784845045,-0.2145273808149796,-0.2679351278496591,-0.42189046292483257,-0.30145099052982377,-0.2679351278496591,23074,47.17864262806622,90.05374014041779,0.9924590448123428,46.888272514518505,Trp53,TP53,R277G,R280G,targeting guide,Missense,0.9099042095250145,0.2922585852886449,1.0,0.9999614030704774,0.9999614030704774,0.8938504492178693,0.32067200138476365,1.0,0.9999998371229615,0.9999998371229615
gRNA_12606,TP53,0.4275160353878706,0.42125488303592074,0.5474396360128859,0.4654035181455591,0.4275160353878706,758.1459083073817,0.09356964979915773,0.069932557701716,0.23545161023003894,0.13298460591030423,0.09356964979915773,31115,59.87144464084847,77.91740318174514,0.0,24.081632653061224,Trp53,TP53,Non-coding,,targeting guide,Intron,0.26845686547605985,0.9172293788084506,1.0,0.9999614030704774,0.9999614030704774,0.5489150832241816,0.7307955643147511,1.0,0.9999998371229615,0.9999998371229615
gRNA_12607,TP53,0.27013239974384895,0.35110464607749103,0.16366302320284537,0.2616333563413951,0.27013239974384895,739.0254657727088,0.7803228642551089,0.6449728371009198,0.5316500961367301,0.6523152658309196,0.6449728371009198,25771,24.79919289123433,82.59671724030888,0.0,62.45004074347135,Trp53,TP53,Non-coding,,targeting guide,Intron,0.6029990549468098,0.7027477502017907,1.0,0.9999614030704774,0.9999614030704774,0.005433975712929402,0.9991806086892203,0.12303558114340546,0.9999998371229615,0.12303558114340546
gRNA_12608,TP53,0.5564259646374505,0.7641446414525037,0.47450602100144346,0.5983588756971326,0.5564259646374505,784.9645590198561,1.0960823029657434,0.9397769244780282,0.7186676127110859,0.9181756133849525,0.9397769244780282,39040,9.30840163934426,56.86219262295082,0.0332991803278688,75.46618852459017,Trp53,TP53,Non-coding,,targeting guide,Intron,0.11043368833481301,0.9712265959434507,1.0,0.9999614030704774,0.9999614030704774,7.400301140647451e-06,0.9999703704666193,0.0007918322220492773,0.9999998371229615,0.0007918322220492773
gRNA_12609,TP53,-0.08680208923317335,-0.06710159157476042,-0.03696810591231124,-0.06362392890674834,-0.06710159157476042,747.5708643846452,0.006116325596083195,0.43166534408425694,0.10806802219545544,0.18194989729193187,0.10806802219545544,22811,54.37727412213405,90.99557231160404,0.1709701459822015,39.71768006663452,Trp53,TP53,I229T,I232T,targeting guide,Missense,0.8532390121621727,0.40033378276856346,1.0,0.9999614030704774,0.9999614030704774,0.39114924569376025,0.7618843907337991,1.0,0.9999998371229615,0.9999998371229615
gRNA_12610,TP53,-0.667247651864166,-0.7658120858768784,-0.542798411589476,-0.6586193831101734,-0.667247651864166,1559.7747456758714,-0.8318248720987467,-0.6796573737272389,-0.6599593546143705,-0.723813866813452,-0.6796573737272389,31586,49.15152282656873,71.3164060026594,1.1840688912809472,32.47641360096245,Trp53,TP53,I229T,I232T,targeting guide,Missense,0.935011747235851,0.23511294310769115,1.0,0.9999614030704774,0.9999614030704774,0.9776949796518521,0.11042827713772778,1.0,0.9999998371229615,0.9999998371229615
gRNA_12618,TP53,-0.1585431876551467,0.20468956837118527,-0.09783314806430614,-0.01722892244942252,-0.09783314806430614,627.1232994795565,0.7674671390475424,0.5264761095856569,0.3464741169190461,0.5468057885174152,0.5264761095856569,21377,23.69368947934696,45.98867942180848,0.0046779248725265,40.351779950414,Trp53,TP53,V214A,V217A,targeting guide,Missense,0.8040576673372898,0.4535340942721475,1.0,0.9999614030704774,0.9999614030704774,0.023465255241563916,0.9901971920371012,0.2510782310847339,0.9999998371229615,0.2510782310847339
gRNA_12624,TP53,-0.35195569355820006,-0.12473055633138665,-0.3671499942854715,-0.28127874805835273,-0.35195569355820006,903.5698433004196,0.12372641302823166,0.02696655188967871,-0.20409775405296923,-0.017801596378352953,0.02696655188967871,23902,14.25822106936658,50.987365074052384,0.3347000251025018,65.58865366914902,Trp53,TP53,Y217H,Y220H,targeting guide,Missense,0.8964068122959263,0.31860813086120554,1.0,0.9999614030704774,0.9999614030704774,0.7380623205421304,0.5433838679451195,1.0,0.9999998371229615,0.9999998371229615
gRNA_12625,TP53,-0.1175185124316661,-0.3342430790527473,-0.10088092502102351,-0.184214172168479,-0.1175185124316661,1896.0979873142062,0.13914061430472718,0.3943125192894878,0.4759684593863871,0.3364738643268674,0.3943125192894878,53828,5.393103960763915,89.33268930668054,0.8081295979787471,89.76183398974511,Trp53,TP53,Y217H,Y220H,targeting guide,Missense,0.8797897537079314,0.3506080969979863,1.0,0.9999614030704774,0.9999614030704774,0.15295544416291987,0.9332725152426483,0.7647772208145993,0.9999998371229615,0.7647772208145993
gRNA_12635,TP53,0.16290555356577965,0.3086285039414655,-0.0795464287544481,0.13066254291759902,0.16290555356577965,527.6608810993096,0.3739810465263067,0.07880834968510841,0.12195079411189459,0.19158006344110323,0.12195079411189459,18881,22.753032148720937,79.4608336422859,0.1853715375244955,68.93173031089455,Trp53,TP53,N236D,N239D,targeting guide,Missense,0.6922413305909274,0.5920717766796908,1.0,0.9999614030704774,0.9999614030704774,0.41855379797826886,0.7876395614470302,1.0,0.9999998371229615,0.9999998371229615
gRNA_12652,TP53BP1,0.05021639084829908,-0.24387953849784222,-0.18322882660798986,-0.1256306580858443,-0.18322882660798986,1137.7501286658244,-0.22274161248414834,0.0505977919049955,-0.15064483498081302,-0.10759621851998862,-0.15064483498081302,34434,72.28901666957077,86.95765812859383,0.4181913225300575,16.146831619910554,Trp53bp1,TP53BP1,S890G,S900G,targeting guide,Missense,0.8632440607922395,0.37413819123717795,1.0,0.9999614030704774,0.9999614030704774,0.8074006062842078,0.4669810570040407,1.0,0.9999998371229615,0.9999998371229615
gRNA_12653,TP53BP1,-0.12122254697720655,-0.22729642832404406,-0.12936702851434637,-0.15929533460519898,-0.12936702851434637,1169.3862852291634,-0.5415030065475626,-0.3499325731293438,-0.4055786132449436,-0.43233806430728333,-0.4055786132449436,32375,65.13976833976834,84.14517374517374,0.0,21.93976833976834,Trp53bp1,TP53BP1,S890G,S900G,targeting guide,Missense,0.8778325357524783,0.3559189218581849,1.0,0.9999614030704774,0.9999614030704774,0.9385905034376205,0.22164423724879165,1.0,0.9999998371229615,0.9999998371229615
gRNA_12654,TP53BP1,-0.07047392233985543,-0.1719472742407227,0.18536732576408907,-0.019017956938829694,-0.07047392233985543,800.29779199021,-0.5350671464761505,-0.11163216662288476,-0.10610838757635681,-0.2509359002251307,-0.11163216662288476,19993,36.402740959335766,49.57235032261291,0.0750262591907167,34.161956684839694,Trp53bp1,TP53BP1,S890G,S900G,targeting guide,Missense,0.8040576673372898,0.4535340942721475,1.0,0.9999614030704774,0.9999614030704774,0.8489682635475513,0.36774762831764346,1.0,0.9999998371229615,0.9999998371229615
gRNA_12655,TP53BP1,0.4012486436599495,0.2655649036372809,0.2990485420635782,0.3219540297869362,0.2990485420635782,592.4809704275875,0.5055106801769038,0.18543007905905276,0.04639211648702566,0.24577762524099409,0.18543007905905276,23508,53.31376552662923,58.37161817253701,0.2169474221541603,10.800578526459075,Trp53bp1,TP53BP1,S890G,S900G,targeting guide,Missense,0.5391742194082161,0.7529114624299497,1.0,0.9999614030704774,0.9999614030704774,0.24967007420013998,0.828299767648733,1.0,0.9999998371229615,0.9999998371229615
gRNA_12754,TRAF7,0.6000773864447169,0.2324110048014826,0.7293884478259588,0.5206256130240527,0.6000773864447169,137.78095264084197,-0.1437480641647941,-0.204763247758886,-0.6212409339547789,-0.323250748626153,-0.204763247758886,2847,0.0,8.359676852827539,40.077274323849664,21.00456621004566,Traf7,TRAF7,N519S,N520S,targeting guide,Missense,0.13087319815578247,0.9350415130497983,1.0,0.9999614030704774,0.9999614030704774,0.8886321486226956,0.3099566453992283,1.0,0.9999998371229615,0.9999998371229615
gRNA_12779,TRAF7,-0.12436585077119307,-0.1856327116035422,-0.14176007396641907,-0.15058621211371812,-0.14176007396641907,1643.4437883679307,0.04052503143420328,-0.12264572485574947,0.04919529961630024,-0.010975131268415315,0.04052503143420328,48076,66.65279973375489,84.02321324569432,2.6790914385556204,20.051584990431817,Traf7,TRAF7,Y562C,Y563C,targeting guide,Missense,0.8781662457728727,0.35573085143390015,1.0,0.9999614030704774,0.9999614030704774,0.7607332426304552,0.535502985917873,1.0,0.9999998371229615,0.9999998371229615
gRNA_12826,TSC1,0.6814370752946967,0.9762460461654927,0.6274946291836434,0.7617259168812777,0.6814370752946967,266.90734387920367,0.47013943407684505,0.36720289205707546,0.12994601469194061,0.32242944694195375,0.36720289205707546,14045,13.243147027411888,68.97828408686365,0.0,79.36632253470987,Tsc1,TSC1,T488A,T491A,targeting guide,Missense,0.037970020239394914,0.9934433907884137,0.7288141578134111,0.9999614030704774,0.7288141578134111,0.18316228495176262,0.920510452623394,0.8484140471791601,0.9999998371229615,0.8484140471791601
gRNA_12831,TSC1,-0.43348659038861753,-0.13050931027009244,-0.05758860106006983,-0.20719483390625992,-0.13050931027009244,794.8432822379102,-0.2564525955458545,-0.3158774515406423,-0.17540216968592606,-0.24924407225747425,-0.2564525955458545,19782,6.37953695278536,93.32726721261751,0.894752805580831,85.59801840056616,Tsc1,TSC1,S1035G,S1038G,targeting guide,Missense,0.8833051870398895,0.34401389645712493,1.0,0.9999614030704774,0.9999614030704774,0.8759634657252824,0.35867780284685813,1.0,0.9999998371229615,0.9999998371229615
gRNA_12832,TSC1,-0.9648202063066361,0.13917278177360665,0.5589618058149459,-0.08889520623936116,0.13917278177360665,132.18095299739855,-1.2217820556413912,-0.03611347373652602,-0.7117072399344972,-0.6565342564374715,-0.7117072399344972,1574,0.0635324015247776,72.49047013977128,0.5717916137229987,98.03049555273188,Tsc1,TSC1,S1035G,S1038G,targeting guide,Missense,0.585322848161286,0.47063315058174005,1.0,0.9999614030704774,0.9999614030704774,0.9567687364407125,0.0361444173981932,1.0,0.673132442288798,0.673132442288798
gRNA_12844,TSC2,0.3579491949809255,0.40926799703337763,0.28493183423375223,0.3507163420826851,0.3579491949809255,865.3867978686479,0.7798214628606995,0.6714224467966694,0.8333540280146099,0.7615326458906596,0.7798214628606995,41111,0.4232443871469923,82.4086011043273,0.5618934105227311,91.26267908832186,Tsc2,TSC2,I606T,I606T,targeting guide,Missense,0.5101147903548324,0.7739140286476202,1.0,0.9999614030704774,0.9999614030704774,0.0006825671333597642,0.9999324748527819,0.03175421011717164,0.9999998371229615,0.03175421011717164
gRNA_12845,TSC2,0.5770973590721651,0.614105378351667,0.8137117151784364,0.6683048175340894,0.614105378351667,822.4794649828959,0.35451894607408985,0.5234306450052477,0.5281085708961886,0.46868605399184204,0.5234306450052477,43432,0.0046048996131884,31.95339841591453,0.3845091177012341,90.7280346288451,Tsc2,TSC2,I606T,I606T,targeting guide,Missense,0.06312057259153955,0.9870889531108625,0.8877249947067147,0.9999614030704774,0.8877249947067147,0.05334923007673184,0.9874766737268749,0.3993062074019022,0.9999998371229615,0.3993062074019022
gRNA_12850,TSC2,0.2212891393929482,-0.036850847432547816,-0.04278767568636296,0.047216872091345806,-0.036850847432547816,2319.8636033170205,0.1616908676168762,0.341780346919208,0.27121712089481537,0.25822944514363316,0.27121712089481537,81161,42.76068555094196,64.49772674067594,0.1860499500991855,28.47303507842437,Tsc2,TSC2,M1V,M1V,targeting guide,Missense,0.7856621057953223,0.48327848443932253,1.0,0.9999614030704774,0.9999614030704774,0.3510148540769373,0.8696885693984263,1.0,0.9999998371229615,0.9999998371229615
gRNA_12890,TSC2,0.31170416995319045,0.08643122636512,0.008841966248396822,0.1356591208555691,0.08643122636512,1047.5432910176,0.30319187270739756,0.29667516813540534,0.13019092210445626,0.24335265431575304,0.29667516813540534,37556,41.61252529555863,89.11225902652039,0.1384598998828416,50.03994035573543,Tsc2,TSC2,V217A,V217A,targeting guide,Missense,0.7329986889677917,0.5473086267072542,1.0,0.9999614030704774,0.9999614030704774,0.39001354529419,0.8465175894660723,1.0,0.9999998371229615,0.9999998371229615
gRNA_12891,TSC2,0.4996117428549769,0.5778818991944548,0.13419006130047076,0.4038945677833008,0.4996117428549769,492.59400282422257,0.6646741589631449,0.4234168461806091,0.7250001648582125,0.6043637233339888,0.6646741589631449,23079,20.061527795831708,87.04883227176221,4.47159755621994,65.99939338792842,Tsc2,TSC2,V217A,V217A,targeting guide,Missense,0.278364046595696,0.8738749995244172,1.0,0.9999614030704774,0.9999614030704774,0.0135565888758036,0.9975220192032117,0.19602094725824123,0.9999998371229615,0.19602094725824123
gRNA_12894,TSHR,0.6129829407027443,0.3246230824805302,0.45997262591727944,0.46585954970018467,0.45997262591727944,628.0564951453651,-0.23525146415594952,0.0743814194172846,0.0915580227936999,-0.02310400731498834,0.0743814194172846,29162,59.666689527467256,89.2565667649681,2.2152115767094163,30.29284685549688,Tshr,TSHR,V420A,V420A,targeting guide,Missense,0.23335273240535231,0.9113833511433572,1.0,0.9999614030704774,0.9999614030704774,0.7443593447061374,0.532927076243789,1.0,0.9999998371229615,0.9999998371229615
gRNA_12922,U2AF1,-0.1411196208429462,-0.007460083942592653,0.07303482497848715,-0.02518162660235056,-0.007460083942592653,1391.3848321477653,0.22769758139434296,0.31345226928805725,0.22185294175134068,0.25433426414458027,0.22769758139434296,47940,4.791405924071757,55.62995410930329,0.047976637463496,86.06382978723404,U2af1,U2AF1,Q157R,Q157R,targeting guide,Missense,0.8382593204696049,0.4203833490704157,1.0,0.9999614030704774,0.9999614030704774,0.36033252627932644,0.8749573149261083,1.0,0.9999998371229615,0.9999998371229615
gRNA_12923,U2AF1,0.38818597247514647,0.44891035382246447,0.6853175323285414,0.5074712862087175,0.44891035382246447,1462.7351297946304,0.6893323574614605,0.8464023236494442,1.0617816564574287,0.8658387791894445,0.8464023236494442,68603,0.8090025217556083,64.27707243123479,0.1253589493170852,94.50315583866596,U2af1,U2AF1,Q157R,Q157R,targeting guide,Missense,0.19403390512289873,0.9263270362553404,1.0,0.9999614030704774,0.9999614030704774,7.400301140647451e-06,0.9999703704666193,0.0007918322220492773,0.9999998371229615,0.0007918322220492773
gRNA_12925,U2AF1,-0.03770940534605542,-0.11413431893056344,-0.16510313792707684,-0.10564895406789858,-0.11413431893056344,999.0234830769796,0.1327107440721258,-0.23267275291368145,-0.18701172733012128,-0.09565791205722564,-0.18701172733012128,30033,0.2497253021676156,0.3129890453834116,0.0665934139113641,15.689408317517398,U2af1,U2AF1,K23R,K23R,targeting guide,Missense,0.868783928503413,0.37235730485017193,1.0,0.9999614030704774,0.9999614030704774,0.77658791151657,0.48530713100911216,1.0,0.9999998371229615,0.9999998371229615
gRNA_12930,U2AF1,-0.35457135464258815,-0.3731758058853617,-0.4889283107440536,-0.4055584904240011,-0.3731758058853617,868.7821922135297,-0.2818481268377494,-0.1268895973816412,-0.40659232179104016,-0.2717766820034769,-0.2818481268377494,23011,0.0173829907435574,0.0478032245447829,0.0,18.68671504932424,U2af1,U2AF1,N170S,N170S,targeting guide,Missense,0.9144829929956938,0.28343357087665433,1.0,0.9999614030704774,0.9999614030704774,0.871788306234327,0.35238786328485405,1.0,0.9999998371229615,0.9999998371229615
gRNA_12954,UPF1,-0.05822818584859365,-0.06690516642967577,0.23255951906210784,0.03580872226127948,-0.05822818584859365,948.0095755218088,0.23928326709880465,0.03262495670283662,0.007149808055372166,0.09301934395233781,0.03262495670283662,28271,2.0303491210073927,88.76233596264723,0.0601322910402886,93.31470411375614,Upf1,UPF1,I511V,I516V,targeting guide,Missense,0.7762996084999415,0.4914397137861707,1.0,0.9999614030704774,0.9999614030704774,0.6089038602562309,0.6545518772398349,1.0,0.9999998371229615,0.9999998371229615
gRNA_12989,VHL,-0.10795255080872519,0.18434771683576587,-1.0042672831297663,-0.30929070570090855,-0.10795255080872519,118.4517431396501,-0.402877355794169,-1.528906436374046,-1.198255407610656,-1.0433463999262902,-1.198255407610656,1280,1.25,5.078125,0.703125,64.296875,Vhl,VHL,S31P,S65P,targeting guide,Missense,0.8623862230789568,0.28721514579206103,1.0,0.9999614030704774,0.9999614030704774,0.9956026066593454,5.0209315819052415e-05,1.0,0.002444031742917413,0.002444031742917413
gRNA_12990,VHL,0.47946021878882833,0.390479720622234,-0.04427007786003782,0.27522328718367484,0.390479720622234,284.90722606179304,0.45332649204975034,-0.39761409551980553,-0.19582770141990372,-0.046705101629986305,-0.19582770141990372,9988,25.15018021625951,45.36443732478975,0.6607929515418502,48.638366039247096,Vhl,VHL,S31P,S65P,targeting guide,Missense,0.4934624869980737,0.7177453842636679,1.0,0.9999614030704774,0.9999614030704774,0.4518964692795343,0.5438043294799766,1.0,0.9999998371229615,0.9999998371229615
gRNA_12991,VHL,0.15145833443156023,0.24022484828714497,-0.6022342672749655,-0.0701836948520868,0.15145833443156023,320.4221451156562,0.12373081045335295,-0.462772051045065,-0.08488202432298632,-0.14130775497156614,-0.08488202432298632,9740,13.726899383983572,18.95277207392197,0.0,42.50513347022588,Vhl,VHL,S31P,S65P,targeting guide,Missense,0.7450726629427111,0.5071248077197461,1.0,0.9999614030704774,0.9999614030704774,0.7752393248665529,0.4679907220559337,1.0,0.9999998371229615,0.9999998371229615
gRNA_12999,VHL,0.5792822012927612,0.9461902327794818,0.44665050254007715,0.6573743122041067,0.5792822012927612,387.8762490524304,0.8904291696616509,0.7146561957767278,0.7466022097172865,0.7838958583852217,0.7466022097172865,18025,14.529819694868236,42.9126213592233,0.1109570041608876,74.60748959778087,Vhl,VHL,R86G,R120G,targeting guide,Missense,0.07933744087922451,0.9749696635189933,1.0,0.9999614030704774,0.9999614030704774,0.0009730027052055649,0.9999032024212037,0.04164451578279818,0.9999998371229615,0.04164451578279818
gRNA_13002,VHL,-1.0204581391069978,-1.1963265112446573,-1.5187958321028932,-1.245193494151516,-1.1963265112446573,4011.125260513447,-1.2917719060583255,-1.3246879305140666,-1.3939697601536547,-1.3368098655753489,-1.3246879305140666,54987,60.54521977922054,72.29890701438522,0.7038027170058377,15.372724462145598,Vhl,VHL,L124P,L158P,targeting guide,Missense,0.9987332299459267,0.005908379189619095,1.0,0.45156898092088793,0.45156898092088793,0.9999956143355537,9.455514044301443e-05,1.0,0.00421558334475106,0.00421558334475106
gRNA_13003,VHL,-0.07227997460726744,-0.17620869792109983,-0.47813167684483865,-0.242206783124402,-0.17620869792109983,812.0213849300154,-0.1957203470492495,-0.26752976864061084,-0.18478737675892154,-0.2160124974829273,-0.1957203470492495,23295,24.37003648851685,34.8486799742434,1.0517278385919724,28.963296844816483,Vhl,VHL,L124P,L158P,targeting guide,Missense,0.8887171471203785,0.3328246175086263,1.0,0.9999614030704774,0.9999614030704774,0.8632564479923206,0.3821082231206659,1.0,0.9999998371229615,0.9999998371229615
gRNA_13004,VHL,-0.5041127742823364,-0.397615842298992,-1.0788877244167254,-0.6602054469993512,-0.5041127742823364,902.1759130303875,-0.8867836916989736,-1.1642749068935756,-0.7123817636784158,-0.921146787423655,-0.8867836916989736,19335,37.8432893716059,61.59813809154383,0.0413757434703904,37.92604085854668,Vhl,VHL,L124P,L158P,targeting guide,Missense,0.9537636747703253,0.14832449451074475,1.0,0.9999614030704774,0.9999614030704774,0.9925927541653917,0.03648755294649559,1.0,0.673132442288798,0.673132442288798
gRNA_13005,VHL,0.6704231402460075,1.0323544240085023,0.8724951191232012,0.8584242277925703,0.8724951191232012,200.82199337904603,0.6953689598652067,0.5487949775369478,0.44014916395218306,0.5614377004514458,0.5487949775369478,6073,26.31318952741643,92.96887864317472,0.0,72.46830232175202,Vhl,VHL,D87G,D121G,targeting guide,Missense,0.021898731654401413,0.9968694463632376,0.6472210215200873,0.9999614030704774,0.6472210215200873,0.017187521102288047,0.9976303903962304,0.22022749494882732,0.9999998371229615,0.22022749494882732
gRNA_13006,VHL,-0.33745375007432954,-0.1872321951750632,-0.6147711638172823,-0.3798190363555583,-0.33745375007432954,550.7842736544512,-0.6807532203200259,-1.5302228572033547,-1.1672404121499969,-1.1260721632244592,-1.1672404121499969,14058,46.78474889742496,93.29918907383696,0.106700810926163,47.99402475458813,Vhl,VHL,D87G,D121G,targeting guide,Missense,0.9102181249843193,0.29126209820831184,1.0,0.9999614030704774,0.9999614030704774,0.9974318277680015,0.00011000300418439676,1.0,0.004708128579092182,0.004708128579092182
gRNA_13007,VHL,0.4742928680460146,1.0641801445794623,0.5190982834499006,0.6858570986917925,0.5190982834499006,145.51419905857585,-0.5754598635728791,-1.2694911303540555,-0.8705779015881974,-0.9051762985050441,-0.8705779015881974,4026,28.76304023845008,97.36711376055638,1.1922503725782414,68.55439642324889,Vhl,VHL,N44S,N78S,targeting guide,Missense,0.07265168864475965,0.976281406427313,0.9966321391011901,0.9999614030704774,0.9966321391011901,0.9923171342711264,0.01681267601301334,1.0,0.35273653595929944,0.35273653595929944
gRNA_13008,VHL,-2.6085809187426445,-3.1701688915918433,-2.7084828198675335,-2.8290775434006736,-2.7084828198675335,0.4747564855296597,-2.4843754698153617,-2.5055896453514785,-2.92710292144467,-2.6390226788705036,-2.5055896453514785,0,0.0,0.0,0.0,0.0,Vhl,VHL,N44S,N78S,targeting guide,Missense,1.0,4.1025318572854354e-10,1.0,1.0974272718238539e-07,1.0974272718238539e-07,1.0,4.1025318572854354e-10,1.0,5.4871363591192696e-08,5.4871363591192696e-08
gRNA_13009,VHL,-0.1547752915290218,-0.1499336381145772,-0.3916648824685364,-0.23212460403737847,-0.1547752915290218,2568.5892480218918,-0.13621638120381577,-0.20540501973453953,-0.2003274729253218,-0.1806496246212257,-0.2003274729253218,74754,10.12253524894989,12.41271370093908,0.2688819327393852,18.734783422960643,Vhl,VHL,L84P,L118P,targeting guide,Missense,0.8974440773958521,0.3185203029683934,1.0,0.9999614030704774,0.9999614030704774,0.8371220693711526,0.4244307916336,1.0,0.9999998371229615,0.9999998371229615
gRNA_13010,VHL,-0.09126557842350276,-0.12262790922138156,-0.051595748185764276,-0.08849641194354953,-0.09126557842350276,1623.746947595737,-0.3007137578729999,0.03800900956132229,0.09428515089549114,-0.05613986580539549,0.03800900956132229,52101,21.924723133912977,26.31619354714881,0.7005623692443523,21.22224141571179,Vhl,VHL,L144P,L178P,targeting guide,Missense,0.8562713398362762,0.3951235201493907,1.0,0.9999614030704774,0.9999614030704774,0.7657644276911362,0.5081382255610796,1.0,0.9999998371229615,0.9999998371229615
gRNA_13011,VHL,-0.360361439139684,-0.18600430569239057,-0.13809985065106492,-0.22815519849437982,-0.18600430569239057,367.437126362412,0.35936143256569536,0.14476009016547153,0.1726838472125505,0.22560178998123911,0.1726838472125505,7970,54.26599749058971,93.6762860727729,0.13801756587202,40.200752823086574,Vhl,VHL,L135P,L169P,targeting guide,Missense,0.8948729673769736,0.3233867899374395,1.0,0.9999614030704774,0.9999614030704774,0.40649293636098033,0.8256696311582857,1.0,0.9999998371229615,0.9999998371229615
gRNA_13058,XIAP,0.19837961199453016,0.3380128967453736,0.26724211256721603,0.26787820710237326,0.26724211256721603,703.0352289885044,0.484521740264266,0.3713425049189512,0.39059725438176235,0.4154871665216599,0.39059725438176235,22802,4.521533198842207,10.113147969476362,0.0350846416980966,46.25032891851592,Xiap,XIAP,F288L,F289L,targeting guide,Missense,0.6029990549468098,0.7027477502017907,1.0,0.9999614030704774,0.9999614030704774,0.09314287226373705,0.9802320242895415,0.5599037827089811,0.9999998371229615,0.5599037827089811
gRNA_13059,XIAP,0.5251775054386718,0.5973085901707826,0.4719634319008105,0.531483175836755,0.5251775054386718,827.1957795290532,0.7217789155589246,0.18355425671454784,0.2681543117148887,0.391162494662787,0.2681543117148887,41661,0.6984949953193634,1.0369410239792611,0.0240032644439643,24.89618588127985,Xiap,XIAP,F288L,F289L,targeting guide,Missense,0.1572879008382042,0.9618168993853481,1.0,0.9999614030704774,0.9999614030704774,0.1077180588074905,0.9371027211638613,0.6196684028172841,0.9999998371229615,0.6196684028172841
gRNA_13260,controlsgRNA,0.6663847500630873,0.5788967906639115,0.4060236942179322,0.5504350783149771,0.5788967906639115,754.3841886378723,0.3484422945206126,0.08843106453729033,0.40793779757161996,0.28160371887650765,0.3484422945206126,36800,16.252717391304348,90.51358695652172,0.342391304347826,76.95652173913044,ST,,Non-coding,,safe-targeting control,,0.17333670925482983,0.9499374443092092,1.0,0.9999614030704774,0.9999614030704774,0.28993287989433353,0.8819070174014365,1.0,0.9999998371229615,0.9999998371229615
gRNA_13261,controlsgRNA,0.302655556134653,0.37391576033723384,0.394767632749232,0.3571129830737063,0.37391576033723384,288.60417156057406,0.17257042292312333,-0.3711947841391777,-0.19144172269787801,-0.1300220279713108,-0.19144172269787801,9881,0.0,0.4452990587997166,0.0,41.52413723307357,ST,,Non-coding,,safe-targeting control,,0.5203719030560823,0.7829838020055293,1.0,0.9999614030704774,0.9999614030704774,0.7870661532960374,0.46213588054937094,1.0,0.9999998371229615,0.9999998371229615
gRNA_13262,controlsgRNA,0.5984656007257712,1.0631864443634869,0.4136005339110414,0.6917508596667665,0.5984656007257712,181.5826715044507,0.2588929596020569,-0.31911226588042735,0.06210516354274006,0.0006286190881231978,0.06210516354274006,9999,2.5602560256025604,2.9502950295029504,0.0,15.951595159515952,ST,,Non-coding,,safe-targeting control,,0.08108825610496313,0.973059614764018,1.0,0.9999614030704774,0.9999614030704774,0.6474651468827615,0.5882881095778445,1.0,0.9999998371229615,0.9999998371229615
gRNA_13263,controlsgRNA,0.2261101874818562,0.4372099299857153,-0.019159755648865847,0.21472012060623522,0.2261101874818562,1049.0840423589955,0.24152661018477736,0.06379561312824983,0.230394588277887,0.1785722705303047,0.230394588277887,43511,14.564133207694606,23.59633196203259,0.0068948082094183,16.29702833766174,ST,,Non-coding,,safe-targeting control,,0.578099298590117,0.676364431503501,1.0,0.9999614030704774,0.9999614030704774,0.46361170436089516,0.799852619770619,1.0,0.9999998371229615,0.9999998371229615
gRNA_13264,controlsgRNA,0.20619665561985198,0.10862847463523811,0.12628622968242997,0.14703711997917335,0.12628622968242997,1305.6278177088298,-0.2339072860100931,-0.1378644259054004,-0.17036497990167881,-0.18071223060572414,-0.17036497990167881,50923,6.696384737741296,69.82110244879523,0.2827798833532981,79.07428863185594,ST,,Non-coding,,safe-targeting control,,0.7246832271116741,0.592513484478121,1.0,0.9999614030704774,0.9999614030704774,0.8428819737831899,0.42972125112368287,1.0,0.9999998371229615,0.9999998371229615
gRNA_13265,controlsgRNA,-0.1251501283557082,-0.10055864972336813,-0.23850668015616597,-0.15473848607841412,-0.1251501283557082,704.2066737242478,0.10950677160167298,-0.5220237650508117,-0.3171994710634287,-0.24323882150418916,-0.3171994710634287,20982,0.0,0.0142979696883042,0.0,37.598894290344106,ST,,Non-coding,,safe-targeting control,,0.8802424534943458,0.3666936524387941,1.0,0.9999614030704774,0.9999614030704774,0.8486592537936574,0.36337982453357004,1.0,0.9999998371229615,0.9999998371229615
gRNA_13266,controlsgRNA,0.4894753701426512,0.7946435495415325,0.4069309847918941,0.563683301492026,0.4894753701426512,682.528967154194,0.7379121826634638,0.22862357814830322,0.41303387155416055,0.4598565441219759,0.41303387155416055,31716,5.568167486442174,63.425400428805645,0.1040484298146046,82.17934165720771,ST,,Non-coding,,safe-targeting control,,0.13752137706859033,0.9545083873123297,1.0,0.9999614030704774,0.9999614030704774,0.057292417219006415,0.9741148945078426,0.4198827837283347,0.9999998371229615,0.4198827837283347
gRNA_13267,controlsgRNA,0.4563733343449506,0.1305248334466329,-0.14742345011769534,0.14649157255796272,0.1305248334466329,504.0066777537509,0.6434941957401876,0.3664411157744812,0.39358670713410854,0.4678406728829258,0.39358670713410854,18100,35.87292817679558,67.77348066298342,0.0,37.408839779005525,ST,,Non-coding,,safe-targeting control,,0.6026999380024791,0.623977184284709,1.0,0.9999614030704774,0.9999614030704774,0.07341779755100898,0.9841183810751856,0.4940694552174818,0.9999998371229615,0.4940694552174818
gRNA_13268,controlsgRNA,0.5951689391503288,0.7648295129982386,0.10296744555770608,0.48765529923542456,0.5951689391503288,260.57878456414676,0.4881108594945352,0.13682462593338535,0.18264335656125064,0.2691929473297237,0.18264335656125064,12109,1.560822528697663,9.769592864811298,0.5285324964902139,34.0490544223305,ST,,Non-coding,,safe-targeting control,,0.1689295521081044,0.8884973926794393,1.0,0.9999614030704774,0.9999614030704774,0.25137216412985286,0.8798714851607399,1.0,0.9999998371229615,0.9999998371229615
gRNA_13269,controlsgRNA,0.7275085541537472,1.0714228465363709,0.7065954790335156,0.8351756265745446,0.7275085541537472,524.6059165102739,0.7849014414669939,0.48819535676427384,0.41916410924073816,0.5640869691573352,0.48819535676427384,29506,0.955737816037416,23.117332068053955,0.0,77.87229715989969,ST,,Non-coding,,safe-targeting control,,0.024057366237586055,0.9975151463742368,0.6472210215200873,0.9999614030704774,0.6472210215200873,0.01271863445084831,0.9972492455063718,0.18642382003298208,0.9999998371229615,0.18642382003298208
gRNA_13270,controlsgRNA,0.35585157606121626,0.10804179285061728,0.018391242416309243,0.16076153710938093,0.10804179285061728,531.2525073076891,0.43866917132565325,0.34994410483722194,0.14626094160960426,0.3116247392574932,0.34994410483722194,19796,11.42655081834714,95.80723378460296,0.1313396645787027,86.29521115376843,ST,,Non-coding,,safe-targeting control,,0.7207147354167034,0.5773695978229891,1.0,0.9999614030704774,0.9999614030704774,0.20918332393796138,0.919811324818946,0.9135761494433415,0.9999998371229615,0.9135761494433415
gRNA_13271,controlsgRNA,0.025642170040271712,0.13174708223053547,-0.46021898030360325,-0.10094324267759869,0.025642170040271712,1188.113435378726,0.5389557511625417,0.43523353528506753,0.36578298565501505,0.44665742403420805,0.43523353528506753,39730,30.79536873898817,49.53687389881701,0.3574125346086081,24.349358167631515,ST,,Non-coding,,safe-targeting control,,0.8159419073092098,0.4542858821911887,1.0,0.9999614030704774,0.9999614030704774,0.07651784515126892,0.9853284459191105,0.49923228238937645,0.9999998371229615,0.49923228238937645
gRNA_13272,controlsgRNA,0.6811225142793269,0.5914633768513935,0.5708145424353601,0.6144668111886935,0.5914633768513935,385.03432346045565,0.7364022344941956,0.3241818412872804,0.23625909411466717,0.4322810566320477,0.3241818412872804,18352,21.08761987794246,72.9075850043592,0.2070619006102877,64.83761987794246,ST,,Non-coding,,safe-targeting control,,0.11036098837619199,0.9798584532939593,1.0,0.9999614030704774,0.9999614030704774,0.09476754296033457,0.957855977162819,0.5664875473047932,0.9999998371229615,0.5664875473047932
gRNA_13273,controlsgRNA,1.36344587417087,1.4825810215153556,1.121555725917188,1.3225275405344712,1.36344587417087,244.65784220961797,1.0246697036523122,0.4356041484923422,0.6545897493884192,0.7049545338443579,0.6545897493884192,17849,0.0112051095299456,0.0224102190598913,0.4594094907277719,8.762395652417503,ST,,Non-coding,,safe-targeting control,,0.001067625075675924,0.9999614030704774,0.28318642392573756,0.9999614030704774,0.28318642392573756,0.004955268207257964,0.9987974426039796,0.11782526626146715,0.9999998371229615,0.11782526626146715
gRNA_13274,controlsgRNA,0.5708135857365186,0.4866294239360295,0.29447540354830576,0.45063947107361796,0.4866294239360295,506.23820637125647,0.3710359513487289,0.05093723271528459,0.1764032747386059,0.19945881960087317,0.1764032747386059,23420,24.27839453458582,27.391118701964132,0.0,11.9000853970965,ST,,Non-coding,,safe-targeting control,,0.2987070575477238,0.8936365416484254,1.0,0.9999614030704774,0.9999614030704774,0.42971692981222753,0.7954122724193702,1.0,0.9999998371229615,0.9999998371229615
gRNA_13275,controlsgRNA,0.37202563528460514,0.3159039003820857,0.13912202193536738,0.2756838525340194,0.3159039003820857,1289.4461054436733,0.09667803413655005,0.12262066066149983,0.1529585484833356,0.12408574776046181,0.12262066066149983,50794,6.859077843839824,19.655864865929047,0.029531046974052,34.0748907351262,ST,,Non-coding,,safe-targeting control,,0.5905123837517052,0.722206966015803,1.0,0.9999614030704774,0.9999614030704774,0.604531393667634,0.7169977081949754,1.0,0.9999998371229615,0.9999998371229615
gRNA_13276,controlsgRNA,0.41814710281018025,0.4905890578157322,0.1526983113199416,0.35381149064861805,0.41814710281018025,579.8143866694692,0.01319007499122538,0.06677113530668749,0.22132177542922118,0.10042766190904469,0.06677113530668749,23485,26.220992122631465,88.10730253353204,0.3321268895039387,65.36086863955717,ST,,Non-coding,,safe-targeting control,,0.3689496377626945,0.8520565249457539,1.0,0.9999614030704774,0.9999614030704774,0.6208928220897532,0.6762533827859116,1.0,0.9999998371229615,0.9999998371229615
gRNA_13277,controlsgRNA,0.6296330676923884,0.45968216154195723,0.4158402000395158,0.5017184764246204,0.45968216154195723,457.3358506676351,0.6600729520885397,0.3324291893989297,0.18774282015885507,0.3934149872154415,0.3324291893989297,20405,0.2401372212692967,0.2499387405047782,0.0,6.900269541778976,ST,,Non-coding,,safe-targeting control,,0.20276800788075056,0.9442153552417596,1.0,0.9999614030704774,0.9999614030704774,0.11301118802241056,0.9477762166089531,0.6420426941863765,0.9999998371229615,0.6420426941863765
gRNA_13278,controlsgRNA,0.4876532393147075,0.0225073392331919,0.02329698368465949,0.17781918741085298,0.02329698368465949,364.56801813990484,-0.1739634790967715,-0.14200699561155078,-0.1551604458247896,-0.15704364017770397,-0.1551604458247896,13538,25.121879154971197,51.32220416605111,1.920520017727877,45.78224257645147,ST,,Non-coding,,safe-targeting control,,0.5783634037830683,0.6433190721445137,1.0,0.9999614030704774,0.9999614030704774,0.8301133664948899,0.45441977968514047,1.0,0.9999998371229615,0.9999998371229615
gRNA_13279,controlsgRNA,0.44702455718395445,0.6826355382630098,0.29272652414513706,0.47412887319736713,0.44702455718395445,490.7240607152389,0.38208202400165575,0.32187633862306464,0.43714128773021094,0.38036655011831044,0.38208202400165575,24199,17.323029877267658,78.30075622959627,0.97937931319476,71.06078763585272,ST,,Non-coding,,safe-targeting control,,0.23175037921554578,0.9056508929412104,1.0,0.9999614030704774,0.9999614030704774,0.14428381649068472,0.9659312038483262,0.7351603983096794,0.9999998371229615,0.7351603983096794
gRNA_13280,controlsgRNA,0.1283392092159691,0.009608778207854466,-0.3309591306909387,-0.06433704775570503,0.009608778207854466,1593.8077496220026,0.06977467991538563,0.20347283291619142,0.18042281430781001,0.15122344237979568,0.18042281430781001,50678,46.27057105647421,87.8704763408185,0.8307352302774379,42.06361734875094,ST,,Non-coding,,safe-targeting control,,0.8353790930375491,0.43008770316220934,1.0,0.9999614030704774,0.9999614030704774,0.5314639264139822,0.7647689633065566,1.0,0.9999998371229615,0.9999998371229615
gRNA_13281,controlsgRNA,0.863533850066625,0.5968478763088343,0.3974808685477646,0.6192875316410746,0.5968478763088343,177.50216203244057,0.5621155127498957,-0.23104612579261777,-0.470721078899996,-0.04655056398090601,-0.23104612579261777,8771,9.634021206247862,12.016873788621597,0.9577015163607342,8.984152320145936,ST,,Non-coding,,safe-targeting control,,0.10891817898652732,0.96093126170799,1.0,0.9999614030704774,0.9999614030704774,0.38124920447609434,0.5417273249042174,1.0,0.9999998371229615,0.9999998371229615
gRNA_13282,controlsgRNA,0.2294536611078101,0.42970595106384774,-0.12960063630463245,0.17651965862234179,0.2294536611078101,216.8470654858744,-0.10837001804459372,-0.3643000176473884,-0.13029100432072774,-0.20098701333756996,-0.13029100432072774,7462,6.834628785848299,16.64433127847762,0.0,33.00723666577325,ST,,Non-coding,,safe-targeting control,,0.6024431337149954,0.6507774495913614,1.0,0.9999614030704774,0.9999614030704774,0.8360588058063854,0.43354158895545303,1.0,0.9999998371229615,0.9999998371229615
gRNA_13283,controlsgRNA,1.3855002001789731,1.3914611052986894,0.9257749771103966,1.234245427529353,1.3855002001789731,118.37261705872848,0.7764874738862688,0.328518004311811,0.4701656045224816,0.5250570275735205,0.4701656045224816,9189,6.997497007291327,22.20045706823376,0.0,36.92458374142997,ST,,Non-coding,,safe-targeting control,,0.002148129581584543,0.9998810148313065,0.328356950327923,0.9999614030704774,0.328356950327923,0.030382659728119866,0.9887094053966279,0.2902629099025737,0.9999998371229615,0.2902629099025737
gRNA_13284,controlsgRNA,0.37181161662460716,0.40038845973861914,0.431320440189215,0.4011735055174805,0.40038845973861914,732.7075093341082,0.37384189003224166,0.19115411421478143,0.048662735519467426,0.20455291325549685,0.19115411421478143,30505,56.29241108015079,82.23897721684969,0.2065235207343058,28.2445500737584,ST,,Non-coding,,safe-targeting control,,0.42624859228823,0.842838702233492,1.0,0.9999614030704774,0.9999614030704774,0.40155079783193526,0.8081892458328168,1.0,0.9999998371229615,0.9999998371229615
gRNA_13285,controlsgRNA,0.4125384950662072,0.13917726605949443,-0.18825989517466094,0.12115195531701357,0.13917726605949443,911.3273682814682,0.35662219053706773,0.09253925356405009,0.17405922328489556,0.20774022246200444,0.17405922328489556,32774,1.1899676572893148,2.215170562030878,0.0274607920912918,18.758772197473608,ST,,Non-coding,,safe-targeting control,,0.6601219399572293,0.601835059628304,1.0,0.9999614030704774,0.9999614030704774,0.43888668340316717,0.8116563475378895,1.0,0.9999998371229615,0.9999998371229615
gRNA_13599,controlsgRNA,-0.9705540764921017,-1.0158897214205944,-1.2376493885383395,-1.0746977288170119,-1.0158897214205944,694.196673925723,-0.7646968217733061,-0.3154108855561079,-0.46788473557258164,-0.5159974809673319,-0.46788473557258164,0,0.0,0.0,0.0,0.0,NT,,Non-coding,,non-targeting control,,0.9950877562594543,0.03146965331201815,1.0,0.9999614030704774,0.9999614030704774,0.945234523731741,0.20840660703473565,1.0,0.9999998371229615,0.9999998371229615
gRNA_13600,controlsgRNA,-1.021529824948508,-1.0700937595672768,-1.5486139109632258,-1.2134124984930035,-1.0700937595672768,986.5389971992912,-1.035451977806798,-0.9593191967343933,-0.8333571889185977,-0.9427094544865963,-0.9593191967343933,0,0.0,0.0,0.0,0.0,NT,,Non-coding,,non-targeting control,,0.9980440626067895,0.010456119434666964,1.0,0.6581204585349206,0.6581204585349206,0.9936752556112766,0.04923281635273964,1.0,0.8216659761058945,0.8216659761058945
gRNA_13601,controlsgRNA,-0.8051691655776009,-0.8929074836240865,-1.1498363436975931,-0.9493043309664269,-0.8929074836240865,1925.4419425618305,-0.5215400158298151,-0.6594029524152448,-0.5414489380747747,-0.5741306354399449,-0.5414489380747747,0,0.0,0.0,0.0,0.0,NT,,Non-coding,,non-targeting control,,0.9845926011358364,0.07431205012231938,1.0,0.9999614030704774,0.9999614030704774,0.9653314597363739,0.16531263184292946,1.0,0.9999998371229615,0.9999998371229615
gRNA_13602,controlsgRNA,-0.9717824234285689,-0.773780076066509,-0.6288146627472783,-0.7914590540807853,-0.773780076066509,685.7806231397021,-0.8553057164185718,-0.22447254976821868,-0.5210715240451695,-0.5336165967439866,-0.5210715240451695,0,0.0,0.0,0.0,0.0,NT,,Non-coding,,non-targeting control,,0.9620015545753592,0.1657392989603476,1.0,0.9999614030704774,0.9999614030704774,0.9473130051693697,0.18840321777981042,1.0,0.9999998371229615,0.9999998371229615
gRNA_13603,controlsgRNA,-1.0060087512614213,-1.3872237044638522,-1.2163731267759517,-1.2032018608337418,-1.2163731267759517,998.9631583017517,-1.1105690780492214,-0.7880613711805247,-0.9650746951630242,-0.9545683814642567,-0.9650746951630242,0,0.0,0.0,0.0,0.0,NT,,Non-coding,,non-targeting control,,0.9987374151214121,0.009398701070949705,1.0,0.6285381341197614,0.6285381341197614,0.994242980698903,0.04489262265963322,1.0,0.7747597781581863,0.7747597781581863
gRNA_13604,controlsgRNA,-0.8196030858951601,-0.8712827202084847,-0.8620219959276549,-0.8509692673437667,-0.8620219959276549,1855.503006404564,-0.8717460463539515,-0.9718481932830528,-1.0136538822641747,-0.9524160406337264,-0.9718481932830528,0,0.0,0.0,0.0,0.0,NT,,Non-coding,,non-targeting control,,0.9693747343760165,0.15260956114142932,1.0,0.9999614030704774,0.9999614030704774,0.9949507572204146,0.042930840060289424,1.0,0.7530491617132735,0.7530491617132735
gRNA_13605,controlsgRNA,-0.9617117357568594,-0.8711737993217876,-0.8577455000259491,-0.8968770117015321,-0.8711737993217876,808.0553169712587,-1.1716664430934314,-1.4581005125402702,-1.299306471925758,-1.3096911425198199,-1.299306471925758,0,0.0,0.0,0.0,0.0,NT,,Non-coding,,non-targeting control,,0.9742489245233756,0.13378111993846747,1.0,0.9999614030704774,0.9999614030704774,0.9999881071184948,0.0004285713511125094,1.0,0.016377548060370895,0.016377548060370895
gRNA_13606,controlsgRNA,-1.2602054004907512,-1.1101050476682137,-0.6534499540797131,-1.0079201340795594,-1.1101050476682137,3237.756750119036,-1.1880212667130625,-0.7386500151371943,-1.168329099734239,-1.0316667938614985,-1.168329099734239,0,0.0,0.0,0.0,0.0,NT,,Non-coding,,non-targeting control,,0.9909066784164072,0.03155094579977285,1.0,0.9999614030704774,0.9999614030704774,0.997878125910893,0.01037532679628642,1.0,0.25347398420712597,0.25347398420712597
gRNA_13607,controlsgRNA,-1.1149114573662555,-1.140705928188879,-1.724880452568991,-1.3268326127080419,-1.140705928188879,1616.777296245576,-1.1761908692429661,-1.1361114274024704,-1.1236515217941039,-1.145317939479847,-1.1361114274024704,0,0.0,0.0,0.0,0.0,NT,,Non-coding,,non-targeting control,,0.9993402465196648,0.004140450645632174,1.0,0.34079093775587893,0.34079093775587893,0.9995838893785136,0.007162580948660365,1.0,0.18247527654920453,0.18247527654920453
gRNA_13608,controlsgRNA,-0.7336547458009218,-0.596069448321932,-1.1541140100797582,-0.8279460680675373,-0.7336547458009218,340.42201420742214,-0.3722438808917037,-0.6854488671610788,-0.627571364524069,-0.5617547041922838,-0.627571364524069,0,0.0,0.0,0.0,0.0,NT,,Non-coding,,non-targeting control,,0.9705684013222795,0.09918916516222605,1.0,0.9999614030704774,0.9999614030704774,0.9618964280569369,0.17227510742056049,1.0,0.9999998371229615,0.9999998371229615
